#{"t_start": 1583052201.0930479, "env_id": "FetchPush-v1"}
s,r,l,t
,-50.0,50,6.342578
,-50.0,50,8.196097
,-50.0,50,9.841542
,-50.0,50,11.45606
,-50.0,50,13.086901
,-50.0,50,14.688059
,-50.0,50,16.338774
,0.0,50,17.91897
,-50.0,50,19.507482
,-50.0,50,21.140046
,-50.0,50,22.737481
,-50.0,50,24.35682
,-50.0,50,25.973662
,-50.0,50,27.568343
,-50.0,50,29.214021
,-50.0,50,30.839331
,-50.0,50,32.439718
,-50.0,50,34.060455
,-50.0,50,35.678587
,-50.0,50,37.299096
,-50.0,50,38.931714
,-50.0,50,40.574246
,-50.0,50,42.16466
,-50.0,50,43.766021
,-50.0,50,45.387758
,-50.0,50,47.00422
,-50.0,50,48.628567
,-50.0,50,50.241443
,0.0,50,51.866939
,-50.0,50,53.478194
,0.0,50,55.088337
,-50.0,50,56.693408
,-50.0,50,58.287975
,-50.0,50,59.897114
,-50.0,50,61.539747
,-50.0,50,63.154591
,-50.0,50,64.764362
,-50.0,50,66.373462
,0.0,50,67.999278
,-50.0,50,69.603601
,-50.0,50,71.23385
,-50.0,50,72.833955
,-50.0,50,74.464093
,-50.0,50,76.047572
,-50.0,50,77.671702
,-50.0,50,79.270372
,-50.0,50,80.922476
,-50.0,50,82.544886
,0.0,50,84.15645
,-50.0,50,85.778104
,-50.0,50,87.442922
,-50.0,50,87.69758
,-50.0,50,87.971365
,-50.0,50,88.255764
,-50.0,50,88.534197
,-50.0,50,88.823718
,-50.0,50,89.107476
,-50.0,50,89.411398
,-50.0,50,89.674119
,-50.0,50,89.957122
,-50.0,50,90.40285
,-50.0,50,92.026774
,-50.0,50,93.638706
,-50.0,50,95.264339
,-50.0,50,96.889608
,-50.0,50,98.503328
,-50.0,50,100.107369
,-50.0,50,101.760047
,-50.0,50,103.396129
,-50.0,50,105.027732
,-50.0,50,106.614743
,-50.0,50,108.269612
,-50.0,50,109.864923
,-50.0,50,111.49269
,0.0,50,113.117641
,-50.0,50,114.730781
,-50.0,50,116.310738
,-50.0,50,117.972351
,-50.0,50,119.577151
,-50.0,50,121.232513
,-50.0,50,122.842286
,-50.0,50,124.473617
,-50.0,50,126.112284
,-50.0,50,127.721307
,-50.0,50,129.365878
,-50.0,50,130.953391
,-50.0,50,132.625749
,-50.0,50,134.243021
,-50.0,50,135.864493
,-50.0,50,137.512411
,-50.0,50,139.112502
,0.0,50,140.734699
,0.0,50,142.311124
,0.0,50,143.983472
,-50.0,50,145.585289
,0.0,50,147.230375
,-50.0,50,148.830455
,-50.0,50,150.436606
,-44.0,50,152.087396
,-50.0,50,153.711599
,-50.0,50,155.353997
,-50.0,50,156.949951
,-50.0,50,158.588278
,-50.0,50,160.205133
,-50.0,50,161.816354
,0.0,50,163.470083
,-50.0,50,165.106837
,-50.0,50,166.71675
,-50.0,50,168.33129
,-50.0,50,169.97094
,-50.0,50,171.589777
,-50.0,50,171.873768
,-50.0,50,172.16755
,-50.0,50,172.437258
,-50.0,50,172.73083
,-50.0,50,172.997575
,-50.0,50,173.253309
,-50.0,50,173.515755
,-50.0,50,173.806808
,-50.0,50,174.102798
,-50.0,50,174.513276
,-50.0,50,176.17727
,-50.0,50,177.812275
,0.0,50,179.460393
,-36.0,50,181.094339
,-50.0,50,182.681233
,-50.0,50,184.351964
,-50.0,50,185.976838
,-50.0,50,187.575109
,-50.0,50,189.216717
,-50.0,50,190.863826
,-50.0,50,192.455081
,-50.0,50,194.096902
,-50.0,50,195.740603
,-50.0,50,197.362746
,-50.0,50,198.959021
,-50.0,50,200.626843
,-50.0,50,202.210194
,-50.0,50,203.854522
,-50.0,50,205.462588
,-50.0,50,207.111206
,-50.0,50,208.730939
,-50.0,50,210.384977
,-50.0,50,212.006997
,-50.0,50,213.59948
,-50.0,50,215.259171
,0.0,50,216.885105
,-50.0,50,218.485586
,-50.0,50,220.153197
,-50.0,50,221.76878
,-50.0,50,223.405832
,0.0,50,225.031013
,-50.0,50,226.668085
,-50.0,50,228.313083
,-50.0,50,229.92306
,-50.0,50,231.540583
,-50.0,50,233.206773
,-50.0,50,234.81609
,-50.0,50,236.489286
,-50.0,50,238.07964
,-50.0,50,239.69554
,-50.0,50,241.356039
,-50.0,50,242.961774
,-50.0,50,244.582836
,-50.0,50,246.267352
,-50.0,50,247.877258
,-50.0,50,249.534092
,-50.0,50,251.161657
,-50.0,50,252.790912
,-50.0,50,254.397063
,-50.0,50,256.052109
,-50.0,50,256.310929
,-50.0,50,256.575496
,-50.0,50,256.824009
,-50.0,50,257.085223
,-50.0,50,257.358289
,-50.0,50,257.630869
,-50.0,50,257.933471
,-50.0,50,258.201263
,-50.0,50,258.456375
,-50.0,50,258.989233
,-50.0,50,260.646957
,-50.0,50,262.283891
,-50.0,50,263.920062
,-50.0,50,265.528269
,-50.0,50,267.170502
,-50.0,50,268.794689
,-50.0,50,270.391086
,0.0,50,272.056806
,-50.0,50,273.70985
,-50.0,50,275.327612
,-50.0,50,276.975936
,-50.0,50,278.631225
,-50.0,50,280.204693
,0.0,50,281.880649
,-50.0,50,283.505355
,-50.0,50,285.13832
,-50.0,50,286.729722
,-50.0,50,288.406326
,-50.0,50,290.000856
,-50.0,50,291.666144
,-50.0,50,293.285731
,-50.0,50,294.926059
,-50.0,50,296.526417
,-50.0,50,298.154042
,-50.0,50,299.817248
,-50.0,50,301.441597
,-50.0,50,303.076308
,-50.0,50,304.748687
,-50.0,50,306.372184
,-50.0,50,308.018682
,-50.0,50,309.619212
,-50.0,50,311.280024
,-50.0,50,312.909511
,-50.0,50,314.556728
,-50.0,50,316.164673
,-50.0,50,317.82796
,-50.0,50,319.450757
,-50.0,50,321.062216
,-50.0,50,322.73776
,-50.0,50,324.347216
,-50.0,50,325.985328
,-50.0,50,327.618011
,-50.0,50,329.260174
,-50.0,50,330.903866
,-50.0,50,332.579386
,-50.0,50,334.229353
,-50.0,50,335.84032
,-50.0,50,337.487304
,-50.0,50,339.088265
,-50.0,50,340.78198
,-50.0,50,341.091086
,-50.0,50,341.377924
,-50.0,50,341.660311
,-50.0,50,341.925899
,-50.0,50,342.183931
,0.0,50,342.455947
,-50.0,50,342.75763
,-50.0,50,343.048856
,-50.0,50,343.300155
,-50.0,50,343.648327
,-50.0,50,345.331942
,-50.0,50,346.952107
,-50.0,50,348.596407
,-50.0,50,350.22635
,-50.0,50,351.892519
,-50.0,50,353.531716
,-50.0,50,355.113871
,-50.0,50,356.766571
,-50.0,50,358.439597
,-50.0,50,360.069839
,-50.0,50,361.722602
,-50.0,50,363.348084
,-50.0,50,364.976128
,-50.0,50,366.612845
,-50.0,50,368.294344
,-50.0,50,369.92848
,-50.0,50,371.552997
,-50.0,50,373.209658
,-50.0,50,374.818738
,-50.0,50,376.470822
,-50.0,50,378.097881
,-50.0,50,379.710458
,-50.0,50,381.419596
,0.0,50,383.002817
,-50.0,50,384.669487
,-50.0,50,386.306958
,0.0,50,387.930628
,-50.0,50,389.60402
,-50.0,50,391.241409
,-50.0,50,392.864963
,-50.0,50,394.496445
,-50.0,50,396.101341
,-50.0,50,397.772966
,-50.0,50,399.416873
,-50.0,50,401.05306
,-50.0,50,402.70064
,-50.0,50,404.332457
,-50.0,50,405.946378
,0.0,50,407.614164
,-50.0,50,409.24932
,-50.0,50,410.904957
,-50.0,50,412.555041
,0.0,50,414.141071
,-50.0,50,415.782884
,-50.0,50,417.486509
,-50.0,50,419.154021
,-50.0,50,420.800365
,-50.0,50,422.455733
,-50.0,50,424.082318
,-50.0,50,425.786363
,-50.0,50,426.105534
,-50.0,50,426.380054
,-50.0,50,426.655826
,-50.0,50,426.921755
,-50.0,50,427.213687
,-50.0,50,427.468493
,0.0,50,427.738374
,-50.0,50,427.989161
,-50.0,50,428.261905
,-50.0,50,428.70091
,-50.0,50,430.370615
,-50.0,50,432.03385
,-50.0,50,433.675278
,-50.0,50,435.295228
,0.0,50,436.943062
,-50.0,50,438.594679
,-14.0,50,440.197837
,-50.0,50,441.843035
,-21.0,50,443.529179
,-50.0,50,445.158098
,-50.0,50,446.819194
,-50.0,50,448.474032
,-50.0,50,450.111774
,-50.0,50,451.76756
,-50.0,50,453.470418
,-50.0,50,455.102587
,-50.0,50,456.758302
,-50.0,50,458.403713
,-50.0,50,460.031952
,-50.0,50,461.687719
,-50.0,50,463.34629
,-50.0,50,465.048853
,-50.0,50,466.660533
,-50.0,50,468.336893
,-50.0,50,469.948793
,-50.0,50,471.606123
,-50.0,50,473.293747
,-50.0,50,474.975181
,-50.0,50,476.623601
,-50.0,50,478.252471
,-50.0,50,479.912402
,-50.0,50,481.562698
,-50.0,50,483.200186
,-30.0,50,484.89334
,-50.0,50,486.542985
,-50.0,50,488.204288
,-50.0,50,489.819569
,-50.0,50,491.464314
,-50.0,50,493.093729
,-50.0,50,494.74384
,-50.0,50,496.377701
,-50.0,50,498.007791
,-50.0,50,499.657985
,-50.0,50,501.370968
,-50.0,50,502.984229
,-50.0,50,504.650912
,-50.0,50,506.270104
,-50.0,50,507.950858
,-50.0,50,509.644148
,-50.0,50,511.316923
,-50.0,50,511.614267
,-50.0,50,511.873841
,-50.0,50,512.139669
,-50.0,50,512.406143
,-50.0,50,512.686639
,-50.0,50,512.967366
,-50.0,50,513.26209
,-50.0,50,513.54291
,-50.0,50,513.80392
,-50.0,50,514.127345
,-50.0,50,515.772476
,-50.0,50,517.403675
,-50.0,50,519.08744
,-50.0,50,520.768978
,0.0,50,522.395717
,-50.0,50,524.038034
,-50.0,50,525.707268
,-50.0,50,527.367916
,-50.0,50,529.064406
,0.0,50,530.691627
,-50.0,50,532.41766
,-50.0,50,534.051148
,-50.0,50,535.70377
,-48.0,50,537.353303
,-50.0,50,539.010515
,-47.0,50,540.658285
,-50.0,50,542.274362
,0.0,50,543.917487
,-50.0,50,545.59398
,-50.0,50,547.230623
,-50.0,50,548.892215
,-50.0,50,550.564989
,-18.0,50,552.173988
,-50.0,50,553.81219
,-31.0,50,555.506521
,-50.0,50,557.14161
,-50.0,50,558.811488
,-50.0,50,560.458687
,-50.0,50,562.109957
,-22.0,50,563.728106
,-50.0,50,565.389072
,-50.0,50,567.09023
,-50.0,50,568.729404
,-50.0,50,570.380462
,-50.0,50,572.044579
,-50.0,50,573.679371
,-50.0,50,575.342506
,-50.0,50,576.978549
,-17.0,50,578.661673
,-50.0,50,580.368055
,-50.0,50,582.015206
,-50.0,50,583.6803
,-50.0,50,585.339424
,-50.0,50,586.985334
,-50.0,50,588.660651
,-6.0,50,590.348899
,0.0,50,592.006292
,0.0,50,593.621438
,-50.0,50,595.312311
,-50.0,50,596.96052
,-50.0,50,597.250784
,-50.0,50,597.530963
,-50.0,50,597.792821
,-50.0,50,598.070356
,-50.0,50,598.343658
,-50.0,50,598.634925
,-50.0,50,598.905229
,-12.0,50,599.179046
,-50.0,50,599.447456
,-50.0,50,599.794404
,-50.0,50,601.451694
,-50.0,50,603.085646
,-50.0,50,604.753193
,-50.0,50,606.413659
,-50.0,50,608.09685
,-50.0,50,609.745544
,-50.0,50,611.416142
,0.0,50,613.022276
,-50.0,50,614.714268
,-50.0,50,616.393687
,-50.0,50,618.046885
,-48.0,50,619.665135
,-50.0,50,621.358168
,-50.0,50,623.019068
,-50.0,50,624.616832
,-50.0,50,626.324965
,-50.0,50,627.937405
,-33.0,50,629.630001
,-50.0,50,631.263392
,-50.0,50,632.926705
,0.0,50,634.578331
,-50.0,50,636.192935
,-50.0,50,637.870775
,-50.0,50,639.493985
,-50.0,50,641.152437
,-50.0,50,642.789402
,-50.0,50,644.452633
,-50.0,50,646.104116
,-50.0,50,647.759894
,-48.0,50,649.385389
,0.0,50,651.096531
,-50.0,50,652.718136
,-50.0,50,654.452769
,-44.0,50,656.086272
,-28.0,50,657.751127
,-50.0,50,659.392101
,-22.0,50,661.025576
,-46.0,50,662.695136
,-50.0,50,664.354763
,-13.0,50,666.00314
,-29.0,50,667.675649
,0.0,50,669.320862
,-18.0,50,670.958034
,-32.0,50,672.6062
,-50.0,50,674.269608
,-50.0,50,675.893481
,-50.0,50,677.583847
,-50.0,50,679.209506
,-14.0,50,680.874181
,-15.0,50,682.575429
,-15.0,50,682.865744
,0.0,50,683.151097
,-50.0,50,683.413284
,-43.0,50,683.696766
,-50.0,50,683.980235
,-50.0,50,684.258877
,-50.0,50,684.511616
,-50.0,50,684.803352
,-50.0,50,685.060218
,-39.0,50,685.366217
,-50.0,50,687.00907
,0.0,50,688.676018
,-50.0,50,690.346269
,-50.0,50,691.995373
,-50.0,50,693.673405
,-50.0,50,695.311497
,-15.0,50,696.94796
,-50.0,50,698.675719
,-50.0,50,700.286205
,-8.0,50,701.959973
,-18.0,50,703.649289
,0.0,50,705.280265
,-50.0,50,706.957245
,-50.0,50,708.593082
,-50.0,50,710.243746
,-46.0,50,711.911145
,0.0,50,713.558331
,-8.0,50,715.213622
,-50.0,50,716.866769
,-21.0,50,718.508205
,-50.0,50,720.153781
,-12.0,50,721.872057
,-50.0,50,723.504587
,-50.0,50,725.169158
,-29.0,50,726.834097
,-50.0,50,728.503125
,0.0,50,730.142407
,-50.0,50,731.803083
,-50.0,50,733.476469
,-50.0,50,735.096739
,-17.0,50,736.789298
,-50.0,50,738.447123
,-11.0,50,740.101671
,-37.0,50,741.762856
,-15.0,50,743.401116
,-9.0,50,745.07946
,-50.0,50,746.735229
,-50.0,50,748.387753
,-47.0,50,750.071498
,-30.0,50,751.7445
,-15.0,50,753.4001
,-50.0,50,755.072186
,-50.0,50,756.701498
,-50.0,50,758.369963
,-50.0,50,760.013379
,-50.0,50,761.676603
,-50.0,50,763.331936
,-24.0,50,764.967394
,-50.0,50,766.643684
,-49.0,50,768.346332
,-50.0,50,768.6012
,-3.0,50,768.87114
,-13.0,50,769.146085
,-50.0,50,769.402787
,0.0,50,769.680348
,-13.0,50,769.952256
,-9.0,50,770.228226
,-50.0,50,770.509856
,-25.0,50,770.764808
,-14.0,50,771.168474
,-50.0,50,772.841222
,-35.0,50,774.477953
,-50.0,50,776.207939
,-50.0,50,777.846856
,-18.0,50,779.497194
,-10.0,50,781.156713
,-50.0,50,782.807158
,-28.0,50,784.481102
,0.0,50,786.10999
,-50.0,50,787.753633
,0.0,50,789.437778
,-50.0,50,791.11537
,-9.0,50,792.800938
,0.0,50,794.454307
,0.0,50,796.086807
,-50.0,50,797.74369
,-27.0,50,799.402151
,-9.0,50,801.037406
,0.0,50,802.724468
,-50.0,50,804.395483
,-13.0,50,806.019377
,-49.0,50,807.703541
,-12.0,50,809.376066
,-50.0,50,811.043895
,0.0,50,812.684387
,-38.0,50,814.333802
,-47.0,50,815.981928
,-50.0,50,817.663552
,-21.0,50,819.326751
,-12.0,50,820.99664
,-11.0,50,822.648223
,-28.0,50,824.327635
,-49.0,50,825.975117
,-29.0,50,827.623329
,0.0,50,829.338713
,-50.0,50,830.966773
,-47.0,50,832.662223
,-12.0,50,834.344487
,-50.0,50,835.96405
,-50.0,50,837.632904
,0.0,50,839.322057
,-2.0,50,840.942305
,-50.0,50,842.659626
,-50.0,50,844.286134
,-28.0,50,845.939409
,-50.0,50,847.612423
,-15.0,50,849.257233
,-8.0,50,850.971297
,-50.0,50,852.607514
,-50.0,50,854.312597
,-8.0,50,854.573405
,-50.0,50,854.843986
,-46.0,50,855.122303
,-13.0,50,855.383982
,-9.0,50,855.643422
,-10.0,50,855.914763
,-15.0,50,856.165946
,-20.0,50,856.444689
,-50.0,50,856.723476
,-11.0,50,857.165588
,-5.0,50,858.81999
,-10.0,50,860.447131
,-33.0,50,862.138887
,-26.0,50,863.819701
,-11.0,50,865.445465
,-50.0,50,867.112404
,-23.0,50,868.80776
,-50.0,50,870.451802
,-17.0,50,872.14311
,-30.0,50,873.794886
,-14.0,50,875.472686
,-45.0,50,877.118628
,-11.0,50,878.781039
,-16.0,50,880.44436
,-23.0,50,882.12063
,-22.0,50,883.805904
,-46.0,50,885.462817
,-45.0,50,887.13852
,-17.0,50,888.78699
,-27.0,50,890.464424
,-11.0,50,892.157457
,-24.0,50,893.782964
,-43.0,50,895.491749
,-27.0,50,897.098082
,-9.0,50,898.760671
,-45.0,50,900.428984
,-50.0,50,902.143126
,-15.0,50,903.798555
,-19.0,50,905.469835
,-29.0,50,907.161767
,-49.0,50,908.812393
,-50.0,50,910.492629
,-50.0,50,912.146724
,-14.0,50,913.816921
,-27.0,50,915.485747
,-18.0,50,917.233429
,-27.0,50,918.879457
,-28.0,50,920.534464
,-17.0,50,922.228798
,-18.0,50,923.882524
,-26.0,50,925.546915
,-50.0,50,927.22181
,-40.0,50,928.917747
,-42.0,50,930.54686
,-15.0,50,932.22068
,-16.0,50,933.908174
,-19.0,50,935.567872
,-5.0,50,937.250216
,-16.0,50,938.928796
,-11.0,50,940.616627
,-9.0,50,940.882911
,-9.0,50,941.172794
,-28.0,50,941.458109
,-8.0,50,941.716058
,-10.0,50,942.003376
,-9.0,50,942.270863
,-7.0,50,942.54817
,-6.0,50,942.824825
,0.0,50,943.115683
,-33.0,50,943.47033
,-31.0,50,945.149967
,-20.0,50,946.802903
,-38.0,50,948.460686
,-19.0,50,950.178068
,-50.0,50,951.810276
,-34.0,50,953.496464
,-3.0,50,955.152017
,-3.0,50,956.860705
,-26.0,50,958.519661
,-22.0,50,960.15629
,-11.0,50,961.844413
,-11.0,50,963.512507
,-20.0,50,965.172159
,-17.0,50,966.82858
,-8.0,50,968.498743
,-16.0,50,970.17685
,-50.0,50,971.854983
,-16.0,50,973.472759
,-50.0,50,975.1623
,-50.0,50,976.852409
,0.0,50,978.482972
,-38.0,50,980.166781
,-33.0,50,981.856653
,-11.0,50,983.497271
,-19.0,50,985.162445
,-16.0,50,986.793351
,-48.0,50,988.464154
,0.0,50,990.141555
,-14.0,50,991.79949
,-19.0,50,993.466845
,-19.0,50,995.170494
,-15.0,50,996.819534
,-26.0,50,998.508628
,-16.0,50,1000.129798
,-20.0,50,1001.843384
,-23.0,50,1003.494728
,-9.0,50,1005.167528
,-23.0,50,1006.835605
,-50.0,50,1008.495801
,-18.0,50,1010.197575
,-37.0,50,1011.871
,-13.0,50,1013.559881
,-21.0,50,1015.1912
,-27.0,50,1016.851215
,-18.0,50,1018.580024
,-28.0,50,1020.201289
,-10.0,50,1021.883455
,-20.0,50,1023.5484
,-26.0,50,1025.242798
,0.0,50,1026.931021
,-12.0,50,1027.193551
,-25.0,50,1027.472016
,-6.0,50,1027.730068
,-7.0,50,1027.990045
,-12.0,50,1028.261668
,-5.0,50,1028.526322
,-13.0,50,1028.784949
,-8.0,50,1029.065597
,0.0,50,1029.373074
,-50.0,50,1029.751515
,-23.0,50,1031.434863
,-11.0,50,1033.138701
,-4.0,50,1034.780925
,-15.0,50,1036.448869
,-50.0,50,1038.116405
,-18.0,50,1039.791407
,-17.0,50,1041.433146
,-50.0,50,1043.126709
,-20.0,50,1044.77239
,-25.0,50,1046.470456
,-16.0,50,1048.113396
,-13.0,50,1049.801262
,-18.0,50,1051.42965
,-10.0,50,1053.145269
,-50.0,50,1054.797518
,-27.0,50,1056.492969
,-28.0,50,1058.163421
,-14.0,50,1059.855406
,-17.0,50,1061.520731
,-10.0,50,1063.178866
,0.0,50,1064.881423
,-10.0,50,1066.541649
,-25.0,50,1068.227027
,-50.0,50,1069.874274
,-46.0,50,1071.532506
,-13.0,50,1073.204301
,0.0,50,1074.905209
,-14.0,50,1076.571901
,-19.0,50,1078.269832
,-9.0,50,1079.90885
,-22.0,50,1081.599798
,-13.0,50,1083.235179
,-9.0,50,1084.918214
,-9.0,50,1086.595845
,-50.0,50,1088.240861
,-37.0,50,1089.943678
,0.0,50,1091.607658
,-16.0,50,1093.292171
,-36.0,50,1094.986983
,-14.0,50,1096.609963
,-10.0,50,1098.321063
,-21.0,50,1099.980384
,-23.0,50,1101.630527
,-25.0,50,1103.326935
,-19.0,50,1105.017814
,-42.0,50,1106.69349
,-13.0,50,1108.339107
,-11.0,50,1110.037673
,-14.0,50,1111.719681
,-9.0,50,1113.360886
,-19.0,50,1113.623072
,-33.0,50,1113.920898
,-9.0,50,1114.190628
,-50.0,50,1114.47233
,-14.0,50,1114.748591
,-16.0,50,1115.011291
,-9.0,50,1115.266294
,-50.0,50,1115.556554
,-9.0,50,1115.841258
,-27.0,50,1116.274998
,-19.0,50,1117.909133
,-14.0,50,1119.594708
,-20.0,50,1121.272379
,-29.0,50,1122.953615
,-8.0,50,1124.654171
,-17.0,50,1126.316124
,0.0,50,1127.995423
,-33.0,50,1129.695951
,0.0,50,1131.402013
,-15.0,50,1133.024638
,-39.0,50,1134.716408
,-20.0,50,1136.405216
,-17.0,50,1138.115305
,-5.0,50,1139.753163
,-16.0,50,1141.394563
,-39.0,50,1143.084753
,-6.0,50,1144.777801
,-50.0,50,1146.441453
,-22.0,50,1148.109637
,-20.0,50,1149.788059
,-12.0,50,1151.441987
,-34.0,50,1153.191533
,-24.0,50,1154.827076
,-47.0,50,1156.492474
,-17.0,50,1158.167664
,-13.0,50,1159.853016
,-17.0,50,1161.504107
,-26.0,50,1163.165129
,-17.0,50,1164.870964
,0.0,50,1166.563079
,-8.0,50,1168.248015
,-33.0,50,1169.90662
,-10.0,50,1171.60594
,-25.0,50,1173.272946
,-17.0,50,1174.89987
,-14.0,50,1176.624935
,-11.0,50,1178.311778
,-10.0,50,1180.001472
,-10.0,50,1181.709278
,-14.0,50,1183.357926
,-18.0,50,1185.05876
,-28.0,50,1186.720981
,-24.0,50,1188.393014
,-15.0,50,1190.083935
,-14.0,50,1191.784762
,-11.0,50,1193.488323
,0.0,50,1195.139995
,-33.0,50,1196.830556
,-50.0,50,1198.525569
,-9.0,50,1200.222914
,-11.0,50,1200.471405
,0.0,50,1200.741458
,-13.0,50,1201.027464
,-17.0,50,1201.316392
,-50.0,50,1201.602538
,-13.0,50,1201.866475
,-3.0,50,1202.122666
,-8.0,50,1202.411331
,0.0,50,1202.678658
,-46.0,50,1203.081198
,-24.0,50,1204.758103
,-50.0,50,1206.377111
,0.0,50,1208.091223
,-26.0,50,1209.782126
,-17.0,50,1211.463863
,-50.0,50,1213.100306
,-14.0,50,1214.814877
,0.0,50,1216.517465
,-26.0,50,1218.188257
,-7.0,50,1219.880944
,-11.0,50,1221.511569
,-17.0,50,1223.221885
,-18.0,50,1224.907414
,-17.0,50,1226.562535
,-17.0,50,1228.222151
,-14.0,50,1229.9375
,-29.0,50,1231.617404
,-18.0,50,1233.293383
,-8.0,50,1234.972515
,-26.0,50,1236.619856
,-11.0,50,1238.312796
,-27.0,50,1239.98436
,-20.0,50,1241.653859
,-37.0,50,1243.337208
,-29.0,50,1245.024261
,-5.0,50,1246.690631
,-11.0,50,1248.3585
,-35.0,50,1250.071299
,-26.0,50,1251.7209
,-42.0,50,1253.370674
,-6.0,50,1255.057006
,0.0,50,1256.74901
,-29.0,50,1258.39939
,-17.0,50,1260.086046
,-4.0,50,1261.724721
,-29.0,50,1263.432223
,-13.0,50,1265.097209
,-13.0,50,1266.760597
,-27.0,50,1268.442312
,-13.0,50,1270.117566
,-37.0,50,1271.80902
,-20.0,50,1273.458973
,0.0,50,1275.150796
,-23.0,50,1276.83811
,-14.0,50,1278.540749
,-12.0,50,1280.184311
,-7.0,50,1281.864023
,-17.0,50,1283.590564
,-38.0,50,1285.312815
,-4.0,50,1286.948328
,-11.0,50,1287.232416
,-11.0,50,1287.536115
,-10.0,50,1287.796813
,-9.0,50,1288.067929
,-5.0,50,1288.325792
,-10.0,50,1288.578963
,-4.0,50,1288.870514
,-10.0,50,1289.142596
,-7.0,50,1289.406736
,-31.0,50,1289.827939
,-22.0,50,1291.512143
,-47.0,50,1293.195745
,-16.0,50,1294.889695
,-43.0,50,1296.556192
,-23.0,50,1298.215415
,-13.0,50,1299.906401
,-27.0,50,1301.594684
,-13.0,50,1303.29619
,-26.0,50,1304.935962
,-8.0,50,1306.612372
,-14.0,50,1308.334292
,-16.0,50,1310.012769
,-11.0,50,1311.707927
,-34.0,50,1313.370949
,-42.0,50,1315.048243
,-14.0,50,1316.737865
,-11.0,50,1318.425895
,-26.0,50,1320.123316
,-15.0,50,1321.796848
,-21.0,50,1323.470797
,-14.0,50,1325.201748
,-18.0,50,1326.8679
,-18.0,50,1328.598385
,-21.0,50,1330.23832
,-10.0,50,1331.979068
,-32.0,50,1333.668091
,-12.0,50,1335.314848
,-45.0,50,1337.009589
,-50.0,50,1338.6962
,-7.0,50,1340.368287
,-17.0,50,1342.052229
,-25.0,50,1343.757872
,-20.0,50,1345.468146
,-13.0,50,1347.116367
,-16.0,50,1348.832177
,-16.0,50,1350.549272
,-18.0,50,1352.211465
,-27.0,50,1353.933449
,-23.0,50,1355.642447
,-24.0,50,1357.332715
,-22.0,50,1358.994423
,-14.0,50,1360.741979
,-9.0,50,1362.418579
,-15.0,50,1364.090152
,-11.0,50,1365.808339
,-26.0,50,1367.491755
,-16.0,50,1369.192626
,-13.0,50,1370.850898
,-31.0,50,1372.503054
,-12.0,50,1374.237705
,-6.0,50,1374.483148
,-14.0,50,1374.764902
,-14.0,50,1375.054775
,-5.0,50,1375.31414
,-5.0,50,1375.567443
,-11.0,50,1375.847779
,-11.0,50,1376.129656
,-9.0,50,1376.394761
,-13.0,50,1376.68946
,-45.0,50,1377.090834
,-18.0,50,1378.75655
,-18.0,50,1380.45128
,-18.0,50,1382.121842
,-10.0,50,1383.832347
,-11.0,50,1385.521817
,-9.0,50,1387.172686
,-24.0,50,1388.89094
,-13.0,50,1390.60933
,-13.0,50,1392.282007
,-12.0,50,1393.945514
,-22.0,50,1395.667064
,-6.0,50,1397.358158
,-21.0,50,1399.054333
,-18.0,50,1400.743979
,-45.0,50,1402.470955
,-23.0,50,1404.145776
,-27.0,50,1405.844013
,-7.0,50,1407.539874
,-20.0,50,1409.237049
,-16.0,50,1410.934766
,-11.0,50,1412.651365
,-48.0,50,1414.334428
,-15.0,50,1416.051506
,-13.0,50,1417.742187
,-15.0,50,1419.411706
,-13.0,50,1421.057045
,0.0,50,1422.778961
,-19.0,50,1424.459193
,0.0,50,1426.181823
,-7.0,50,1427.86776
,-46.0,50,1429.558079
,-33.0,50,1431.28601
,-27.0,50,1432.976434
,-16.0,50,1434.662236
,-14.0,50,1436.361351
,-11.0,50,1438.020805
,-14.0,50,1439.745502
,-12.0,50,1441.43678
,-19.0,50,1443.113633
,-14.0,50,1444.851613
,-12.0,50,1446.565647
,-21.0,50,1448.267283
,-15.0,50,1449.921896
,-12.0,50,1451.599464
,-17.0,50,1453.305124
,-17.0,50,1455.015169
,-7.0,50,1456.693617
,-25.0,50,1458.40874
,-8.0,50,1460.102946
,-30.0,50,1461.866199
,-13.0,50,1462.15117
,-4.0,50,1462.436883
,0.0,50,1462.722005
,-9.0,50,1463.018318
,-9.0,50,1463.319206
,-7.0,50,1463.602053
,-12.0,50,1463.906468
,-4.0,50,1464.194141
,-9.0,50,1464.411497
,0.0,50,1464.681653
,-26.0,50,1466.39484
,-46.0,50,1468.086922
,-22.0,50,1469.796088
,-8.0,50,1471.462374
,0.0,50,1473.14223
,-11.0,50,1474.870941
,-21.0,50,1476.566804
,-36.0,50,1478.240762
,-34.0,50,1479.939547
,-15.0,50,1481.630944
,-9.0,50,1483.275566
,-22.0,50,1484.974317
,-17.0,50,1486.758218
,-11.0,50,1488.422759
,-20.0,50,1490.13818
,-16.0,50,1491.859917
,-12.0,50,1493.553638
,-18.0,50,1495.214357
,0.0,50,1496.936464
,-10.0,50,1498.596927
,-16.0,50,1500.306589
,-17.0,50,1502.038475
,-22.0,50,1503.770739
,-11.0,50,1505.482661
,-12.0,50,1507.184977
,-12.0,50,1508.840307
,-17.0,50,1510.524607
,-26.0,50,1512.244244
,-15.0,50,1513.920063
,-13.0,50,1515.573905
,-13.0,50,1517.328495
,-17.0,50,1518.958761
,-8.0,50,1520.667213
,-17.0,50,1522.404908
,-21.0,50,1524.078976
,-9.0,50,1525.756103
,-50.0,50,1527.471927
,-26.0,50,1529.172526
,-49.0,50,1530.844822
,0.0,50,1532.569315
,0.0,50,1534.262782
,-13.0,50,1535.976715
,-14.0,50,1537.672081
,-31.0,50,1539.365819
,-15.0,50,1541.041715
,-31.0,50,1542.748655
,-40.0,50,1544.46407
,-11.0,50,1546.149295
,0.0,50,1547.853592
,-6.0,50,1549.569546
,-6.0,50,1549.855431
,-7.0,50,1550.121897
,-13.0,50,1550.381537
,-12.0,50,1550.641394
,-19.0,50,1550.923085
,-5.0,50,1551.216871
,-9.0,50,1551.488971
,-10.0,50,1551.754506
,-12.0,50,1552.0317
,-20.0,50,1552.426522
,-46.0,50,1554.155767
,-24.0,50,1555.851609
,-7.0,50,1557.504171
,-40.0,50,1559.261497
,-26.0,50,1560.90832
,-45.0,50,1562.633267
,-42.0,50,1564.343662
,-21.0,50,1566.02938
,-16.0,50,1567.737255
,-35.0,50,1569.446657
,-15.0,50,1571.197534
,-9.0,50,1572.860396
,-44.0,50,1574.624325
,-8.0,50,1576.319695
,-27.0,50,1577.989489
,0.0,50,1579.687297
,-10.0,50,1581.374539
,-15.0,50,1583.065386
,-9.0,50,1584.77214
,-9.0,50,1586.516253
,-22.0,50,1588.221409
,-36.0,50,1589.937862
,-14.0,50,1591.610623
,-22.0,50,1593.348151
,-9.0,50,1595.067492
,-50.0,50,1596.748941
,-18.0,50,1598.430954
,-22.0,50,1600.134206
,-30.0,50,1601.867827
,-7.0,50,1603.570038
,0.0,50,1605.270949
,-40.0,50,1606.958482
,-9.0,50,1608.678068
,-21.0,50,1610.368121
,-28.0,50,1612.07501
,-3.0,50,1613.742092
,-26.0,50,1615.503399
,-39.0,50,1617.225284
,-32.0,50,1618.906404
,-28.0,50,1620.59414
,-15.0,50,1622.351049
,-16.0,50,1624.028406
,-24.0,50,1625.714221
,-18.0,50,1627.43082
,-25.0,50,1629.143634
,-35.0,50,1630.887654
,-28.0,50,1632.611216
,-13.0,50,1634.278747
,-27.0,50,1635.938871
,-12.0,50,1637.673849
,-5.0,50,1637.93972
,-12.0,50,1638.210068
,-10.0,50,1638.506917
,-7.0,50,1638.779444
,-11.0,50,1639.038204
,-13.0,50,1639.306354
,-12.0,50,1639.581974
,-11.0,50,1639.846667
,-2.0,50,1640.106888
,-20.0,50,1640.480874
,-19.0,50,1642.187453
,-18.0,50,1643.910709
,-21.0,50,1645.627667
,-28.0,50,1647.344777
,-9.0,50,1649.050713
,-9.0,50,1650.752391
,-11.0,50,1652.440626
,-11.0,50,1654.140152
,-13.0,50,1655.823717
,-15.0,50,1657.539652
,-22.0,50,1659.286627
,-40.0,50,1660.945797
,-14.0,50,1662.653038
,-19.0,50,1664.35491
,0.0,50,1666.080282
,-12.0,50,1667.816463
,-16.0,50,1669.527738
,-22.0,50,1671.255269
,-19.0,50,1672.98646
,-25.0,50,1674.632113
,-23.0,50,1676.348208
,-17.0,50,1678.080803
,-18.0,50,1679.776064
,-19.0,50,1681.485633
,-23.0,50,1683.152118
,-22.0,50,1684.887872
,-11.0,50,1686.621577
,-8.0,50,1688.312699
,-22.0,50,1690.027007
,0.0,50,1691.737361
,-7.0,50,1693.443164
,-7.0,50,1695.147916
,-24.0,50,1696.877441
,-9.0,50,1698.647175
,-20.0,50,1700.352982
,-20.0,50,1702.020422
,-17.0,50,1703.728899
,-23.0,50,1705.468129
,-10.0,50,1707.135477
,-14.0,50,1708.84802
,-21.0,50,1710.553989
,-38.0,50,1712.254948
,-16.0,50,1713.967996
,0.0,50,1715.699443
,-16.0,50,1717.397797
,-19.0,50,1719.093587
,-16.0,50,1720.830516
,0.0,50,1722.541978
,-17.0,50,1724.21673
,-6.0,50,1725.947534
,-13.0,50,1726.221586
,0.0,50,1726.497489
,-8.0,50,1726.784815
,-13.0,50,1727.052424
,-14.0,50,1727.33301
,-8.0,50,1727.615358
,-8.0,50,1727.86552
,-11.0,50,1728.134654
,-9.0,50,1728.429067
,-29.0,50,1728.76886
,0.0,50,1730.48331
,-35.0,50,1732.177954
,-17.0,50,1733.926064
,-20.0,50,1735.575215
,-29.0,50,1737.289343
,-13.0,50,1738.99013
,-24.0,50,1740.700044
,-28.0,50,1742.40029
,-47.0,50,1744.115764
,-12.0,50,1745.788295
,-45.0,50,1747.562138
,-19.0,50,1749.210755
,-17.0,50,1750.961712
,-13.0,50,1752.637962
,-23.0,50,1754.348011
,-39.0,50,1756.067979
,-11.0,50,1757.747636
,-14.0,50,1759.518067
,-16.0,50,1761.19308
,-13.0,50,1762.903577
,-31.0,50,1764.612426
,-26.0,50,1766.320727
,-32.0,50,1768.071962
,-10.0,50,1769.744186
,-18.0,50,1771.41504
,-15.0,50,1773.19272
,-16.0,50,1774.856037
,-31.0,50,1776.601741
,-12.0,50,1778.29773
,-13.0,50,1779.995151
,-22.0,50,1781.751614
,-10.0,50,1783.432761
,-13.0,50,1785.137085
,0.0,50,1786.819046
,-21.0,50,1788.588442
,-18.0,50,1790.298445
,-10.0,50,1791.954897
,-18.0,50,1793.676668
,-16.0,50,1795.385423
,-32.0,50,1797.07199
,-18.0,50,1798.778477
,-18.0,50,1800.520154
,-20.0,50,1802.21674
,-6.0,50,1803.933833
,-11.0,50,1805.658097
,-15.0,50,1807.374072
,-16.0,50,1809.04918
,-33.0,50,1810.77987
,-13.0,50,1812.516375
,-11.0,50,1814.223543
,-6.0,50,1814.500866
,-14.0,50,1814.781683
,-9.0,50,1815.093887
,-6.0,50,1815.393408
,-5.0,50,1815.668342
,-10.0,50,1815.931977
,-12.0,50,1816.212086
,-12.0,50,1816.464925
,-8.0,50,1816.739363
,-25.0,50,1817.096801
,-10.0,50,1818.788932
,-20.0,50,1820.51188
,-23.0,50,1822.219753
,-20.0,50,1823.942079
,-22.0,50,1825.679795
,-23.0,50,1827.35884
,-22.0,50,1829.125875
,-15.0,50,1830.8081
,-46.0,50,1832.527647
,-23.0,50,1834.226746
,-10.0,50,1835.940882
,-11.0,50,1837.637486
,-9.0,50,1839.313779
,-18.0,50,1841.047662
,-18.0,50,1842.731448
,-25.0,50,1844.470257
,-22.0,50,1846.148316
,-8.0,50,1847.942873
,-8.0,50,1849.609298
,-13.0,50,1851.348467
,-10.0,50,1853.064968
,-11.0,50,1854.7894
,-9.0,50,1856.502577
,-19.0,50,1858.225783
,-28.0,50,1859.93987
,-18.0,50,1861.671127
,-10.0,50,1863.375283
,-16.0,50,1865.085454
,-6.0,50,1866.855522
,-12.0,50,1868.552821
,-49.0,50,1870.239451
,0.0,50,1871.967623
,-14.0,50,1873.693229
,-15.0,50,1875.422176
,-14.0,50,1877.16534
,-31.0,50,1878.836777
,-20.0,50,1880.554805
,-24.0,50,1882.266539
,-28.0,50,1884.000319
,-6.0,50,1885.717895
,0.0,50,1887.408123
,-6.0,50,1889.131406
,-17.0,50,1890.814687
,-13.0,50,1892.535856
,-24.0,50,1894.24974
,-18.0,50,1895.973253
,-20.0,50,1897.698445
,-18.0,50,1899.384051
,-7.0,50,1901.110689
,-13.0,50,1902.830396
,-6.0,50,1903.101554
,-11.0,50,1903.377052
,-8.0,50,1903.653948
,-13.0,50,1903.931151
,-13.0,50,1904.202536
,-11.0,50,1904.479791
,-12.0,50,1904.74517
,-7.0,50,1905.039697
,0.0,50,1905.323858
,-8.0,50,1905.695338
,-19.0,50,1907.394119
,-12.0,50,1909.112622
,-15.0,50,1910.799711
,-15.0,50,1912.565181
,-21.0,50,1914.279227
,-47.0,50,1915.953551
,-37.0,50,1917.693248
,-23.0,50,1919.389984
,-9.0,50,1921.137153
,-13.0,50,1922.833677
,-25.0,50,1924.56707
,-13.0,50,1926.244614
,-7.0,50,1927.981496
,-16.0,50,1929.710972
,-12.0,50,1931.398443
,-18.0,50,1933.0999
,-5.0,50,1934.848042
,-12.0,50,1936.587536
,-18.0,50,1938.308787
,-30.0,50,1940.014237
,-18.0,50,1941.770468
,-12.0,50,1943.482193
,-11.0,50,1945.189957
,-22.0,50,1946.903038
,-10.0,50,1948.600329
,-32.0,50,1950.326659
,-11.0,50,1952.021772
,-31.0,50,1953.820292
,-27.0,50,1955.538774
,-15.0,50,1957.286614
,-12.0,50,1958.986649
,0.0,50,1960.676932
,-8.0,50,1962.387998
,-17.0,50,1964.103558
,-20.0,50,1965.768563
,-14.0,50,1967.521753
,-16.0,50,1969.222549
,-15.0,50,1970.959908
,-15.0,50,1972.678008
,-26.0,50,1974.37458
,-20.0,50,1976.091923
,-6.0,50,1977.794016
,-15.0,50,1979.535383
,-9.0,50,1981.260052
,-8.0,50,1982.964553
,-23.0,50,1984.651816
,-18.0,50,1986.394714
,-39.0,50,1988.105792
,0.0,50,1989.800169
,-10.0,50,1991.53739
,-17.0,50,1991.815686
,-16.0,50,1992.090146
,-15.0,50,1992.342872
,-11.0,50,1992.614079
,-3.0,50,1992.884654
,-16.0,50,1993.157215
,-7.0,50,1993.45822
,-10.0,50,1993.747613
,-6.0,50,1994.025987
,-13.0,50,1994.361821
,-18.0,50,1996.065738
,-14.0,50,1997.824022
,-10.0,50,1999.567922
,-26.0,50,2001.26479
,-12.0,50,2002.965228
,-23.0,50,2004.757876
,-12.0,50,2006.469864
,-20.0,50,2008.231894
,-10.0,50,2009.911759
,-24.0,50,2011.682419
,-21.0,50,2013.319867
,-16.0,50,2015.06042
,-26.0,50,2016.803777
,-25.0,50,2018.539318
,-25.0,50,2020.28746
,-20.0,50,2021.975613
,-13.0,50,2023.69912
,-19.0,50,2025.42903
,-19.0,50,2027.138214
,-33.0,50,2028.867113
,-14.0,50,2030.554829
,-13.0,50,2032.324383
,-10.0,50,2033.986159
,-18.0,50,2035.775484
,-28.0,50,2037.539156
,-32.0,50,2039.196137
,-13.0,50,2040.917131
,-15.0,50,2042.654778
,-14.0,50,2044.412304
,-31.0,50,2046.115603
,-15.0,50,2047.835762
,-9.0,50,2049.566325
,-13.0,50,2051.25972
,-9.0,50,2052.977204
,-25.0,50,2054.733795
,-21.0,50,2056.427205
,-28.0,50,2058.178125
,-27.0,50,2059.91485
,-9.0,50,2061.589534
,-13.0,50,2063.383774
,-31.0,50,2065.036897
,-11.0,50,2066.838253
,-15.0,50,2068.519018
,-12.0,50,2070.243936
,-17.0,50,2071.986392
,-10.0,50,2073.709154
,-9.0,50,2075.445339
,-20.0,50,2077.112389
,-6.0,50,2078.873144
,-6.0,50,2080.617399
,-8.0,50,2080.889655
,-13.0,50,2081.141366
,-13.0,50,2081.397786
,-8.0,50,2081.658328
,-9.0,50,2081.933792
,-8.0,50,2082.203852
,-11.0,50,2082.463215
,-7.0,50,2082.746653
,-6.0,50,2082.997761
,-16.0,50,2083.437407
,0.0,50,2085.200902
,-33.0,50,2086.918732
,-15.0,50,2088.684144
,0.0,50,2090.395161
,-10.0,50,2092.087519
,-22.0,50,2093.822993
,-9.0,50,2095.594047
,-25.0,50,2097.329884
,-7.0,50,2099.043123
,-13.0,50,2100.731109
,-19.0,50,2102.509784
,-13.0,50,2104.222677
,-24.0,50,2105.961275
,-18.0,50,2107.628114
,-50.0,50,2109.335513
,-12.0,50,2111.075773
,-7.0,50,2112.801263
,-5.0,50,2114.564687
,-24.0,50,2116.224187
,0.0,50,2117.95848
,-33.0,50,2119.681624
,-11.0,50,2121.413297
,-30.0,50,2123.116867
,-10.0,50,2124.87251
,-21.0,50,2126.535502
,-21.0,50,2128.30427
,-41.0,50,2130.039064
,-6.0,50,2131.737234
,-19.0,50,2133.42539
,-46.0,50,2135.19012
,-23.0,50,2136.972918
,-16.0,50,2138.666771
,-42.0,50,2140.40658
,-20.0,50,2142.116915
,-9.0,50,2143.831654
,-33.0,50,2145.639843
,-22.0,50,2147.314365
,0.0,50,2149.092385
,-13.0,50,2150.782129
,0.0,50,2152.496245
,-22.0,50,2154.269103
,-23.0,50,2155.998794
,-18.0,50,2157.666122
,-27.0,50,2159.416003
,-12.0,50,2161.170048
,0.0,50,2162.887645
,-17.0,50,2164.634745
,-16.0,50,2166.361947
,-30.0,50,2168.050654
,-12.0,50,2169.757189
,-9.0,50,2170.046037
,-11.0,50,2170.3425
,-11.0,50,2170.626074
,-13.0,50,2170.887478
,-8.0,50,2171.153694
,-6.0,50,2171.443279
,-7.0,50,2171.751439
,-12.0,50,2172.007266
,-6.0,50,2172.2862
,-50.0,50,2172.613536
,-39.0,50,2174.355475
,0.0,50,2176.010942
,-22.0,50,2177.734303
,-16.0,50,2179.450609
,-24.0,50,2181.232644
,-33.0,50,2182.978547
,-22.0,50,2184.685778
,-22.0,50,2186.43064
,-12.0,50,2188.173153
,-20.0,50,2189.844975
,-16.0,50,2191.595708
,-22.0,50,2193.312736
,-29.0,50,2195.078463
,-25.0,50,2196.793576
,-15.0,50,2198.554327
,-27.0,50,2200.27657
,-8.0,50,2201.993797
,-25.0,50,2203.688571
,-38.0,50,2205.397231
,-20.0,50,2207.164215
,-19.0,50,2208.874629
,-3.0,50,2210.653989
,-17.0,50,2212.394564
,-15.0,50,2214.127301
,-15.0,50,2215.879212
,-7.0,50,2217.622373
,-25.0,50,2219.329438
,-17.0,50,2221.024762
,-16.0,50,2222.75529
,-14.0,50,2224.501459
,-21.0,50,2226.249599
,-15.0,50,2227.98166
,-47.0,50,2229.660103
,-14.0,50,2231.384092
,-31.0,50,2233.12402
,-17.0,50,2234.876193
,-20.0,50,2236.589231
,-47.0,50,2238.356222
,-18.0,50,2240.025815
,-17.0,50,2241.758078
,-40.0,50,2243.564992
,-26.0,50,2245.244047
,-17.0,50,2246.988786
,-8.0,50,2248.744449
,-46.0,50,2250.475006
,-24.0,50,2252.18383
,-8.0,50,2253.896745
,-32.0,50,2255.663185
,-16.0,50,2257.345063
,-10.0,50,2259.083188
,-12.0,50,2259.350034
,-10.0,50,2259.625242
,-17.0,50,2259.915977
,-7.0,50,2260.187227
,-10.0,50,2260.45821
,-11.0,50,2260.729826
,-12.0,50,2261.020755
,-11.0,50,2261.325798
,-6.0,50,2261.617894
,-44.0,50,2261.929082
,-18.0,50,2263.659613
,-10.0,50,2265.3697
,-18.0,50,2267.13096
,-19.0,50,2268.868827
,-28.0,50,2270.583194
,-46.0,50,2272.353154
,-14.0,50,2274.012436
,-13.0,50,2275.803452
,-12.0,50,2277.540918
,-17.0,50,2279.238634
,-16.0,50,2280.96681
,-15.0,50,2282.740634
,-14.0,50,2284.507559
,-23.0,50,2286.209431
,0.0,50,2287.915581
,-25.0,50,2289.722382
,-23.0,50,2291.412868
,-12.0,50,2293.157562
,-7.0,50,2294.858593
,-13.0,50,2296.635692
,-22.0,50,2298.365386
,-12.0,50,2300.133964
,-19.0,50,2301.866746
,-27.0,50,2303.585214
,-14.0,50,2305.317734
,-17.0,50,2307.046762
,-17.0,50,2308.815042
,-9.0,50,2310.54584
,-14.0,50,2312.322775
,-24.0,50,2313.994607
,-18.0,50,2315.750376
,-14.0,50,2317.522095
,-20.0,50,2319.251839
,-19.0,50,2320.979551
,-25.0,50,2322.765112
,-25.0,50,2324.469027
,-42.0,50,2326.209187
,-16.0,50,2327.93053
,-24.0,50,2329.651089
,-23.0,50,2331.426267
,-14.0,50,2333.156025
,-26.0,50,2334.902994
,-15.0,50,2336.62036
,-22.0,50,2338.370157
,-18.0,50,2340.094438
,-21.0,50,2341.868295
,-30.0,50,2343.617495
,-33.0,50,2345.334034
,-12.0,50,2347.023673
,-10.0,50,2348.759174
,-13.0,50,2349.016941
,-6.0,50,2349.309594
,-9.0,50,2349.575184
,-10.0,50,2349.819455
,-12.0,50,2350.08246
,-12.0,50,2350.351212
,-8.0,50,2350.638056
,-9.0,50,2350.915104
,-14.0,50,2351.195513
,-23.0,50,2351.589892
,-21.0,50,2353.393566
,-18.0,50,2355.109305
,0.0,50,2356.867037
,0.0,50,2358.595007
,-17.0,50,2360.320462
,0.0,50,2362.042052
,0.0,50,2363.810835
,-16.0,50,2365.49465
,0.0,50,2367.262276
,-16.0,50,2368.980324
,-9.0,50,2370.782778
,-12.0,50,2372.502291
,-21.0,50,2374.21755
,-13.0,50,2375.929259
,-20.0,50,2377.715309
,-11.0,50,2379.432785
,-17.0,50,2381.196
,-24.0,50,2382.999466
,-18.0,50,2384.744555
,0.0,50,2386.473901
,-17.0,50,2388.197072
,-11.0,50,2389.958648
,-21.0,50,2391.688663
,-5.0,50,2393.420545
,-32.0,50,2395.170915
,-14.0,50,2396.905846
,-22.0,50,2398.637748
,-21.0,50,2400.363975
,-13.0,50,2402.119205
,-15.0,50,2403.882442
,-16.0,50,2405.59741
,-15.0,50,2407.319928
,0.0,50,2409.050486
,-13.0,50,2410.839893
,-18.0,50,2412.542828
,-14.0,50,2414.26065
,-18.0,50,2416.042222
,-14.0,50,2417.796438
,-14.0,50,2419.509136
,-13.0,50,2421.24964
,-35.0,50,2422.996177
,-11.0,50,2424.729442
,-18.0,50,2426.512686
,-20.0,50,2428.248608
,-12.0,50,2429.981491
,-14.0,50,2431.717843
,-38.0,50,2433.48039
,-18.0,50,2435.224816
,-23.0,50,2436.965268
,-12.0,50,2438.70796
,-10.0,50,2439.003715
,-4.0,50,2439.286355
,-11.0,50,2439.572526
,-9.0,50,2439.837575
,-8.0,50,2440.093357
,-15.0,50,2440.354527
,-10.0,50,2440.648803
,-8.0,50,2440.931021
,-6.0,50,2441.215598
,-13.0,50,2441.582215
,-16.0,50,2443.335325
,-21.0,50,2445.014255
,-18.0,50,2446.755428
,-20.0,50,2448.500285
,-23.0,50,2450.230645
,-34.0,50,2451.964981
,-15.0,50,2453.695661
,-13.0,50,2455.461298
,-14.0,50,2457.181372
,-32.0,50,2458.927567
,-15.0,50,2460.685356
,-22.0,50,2462.441633
,-7.0,50,2464.157127
,-20.0,50,2465.917096
,-8.0,50,2467.632901
,-39.0,50,2469.417566
,-43.0,50,2471.134233
,-23.0,50,2472.876547
,-11.0,50,2474.605451
,-20.0,50,2476.364555
,-8.0,50,2478.153979
,-13.0,50,2479.878284
,-45.0,50,2481.620426
,-6.0,50,2483.385314
,0.0,50,2485.068396
,-13.0,50,2486.867984
,-6.0,50,2488.557777
,-13.0,50,2490.324961
,-18.0,50,2492.04801
,-29.0,50,2493.804705
,-12.0,50,2495.53651
,0.0,50,2497.337392
,-27.0,50,2499.057715
,-30.0,50,2500.792336
,-24.0,50,2502.579473
,-20.0,50,2504.277713
,-12.0,50,2506.022537
,-20.0,50,2507.796512
,-25.0,50,2509.512013
,-13.0,50,2511.278
,-19.0,50,2513.057883
,-21.0,50,2514.746589
,-22.0,50,2516.534271
,-15.0,50,2518.282933
,-25.0,50,2520.023414
,-17.0,50,2521.798489
,-10.0,50,2523.583729
,-41.0,50,2525.29054
,-14.0,50,2527.091675
,-13.0,50,2528.825213
,-9.0,50,2529.093998
,-9.0,50,2529.344728
,-12.0,50,2529.615583
,0.0,50,2529.886688
,-11.0,50,2530.170092
,-8.0,50,2530.431176
,-15.0,50,2530.719749
,-9.0,50,2530.993747
,-11.0,50,2531.280472
,-40.0,50,2531.609408
,-11.0,50,2533.354771
,0.0,50,2535.067819
,-28.0,50,2536.813892
,-24.0,50,2538.571033
,-13.0,50,2540.364664
,-21.0,50,2542.073389
,0.0,50,2543.782394
,-25.0,50,2545.568348
,-10.0,50,2547.307622
,0.0,50,2549.03689
,-24.0,50,2550.787177
,-15.0,50,2552.559998
,-45.0,50,2554.38874
,0.0,50,2556.077638
,-20.0,50,2557.814524
,-22.0,50,2559.569914
,-10.0,50,2561.394439
,0.0,50,2563.086077
,-16.0,50,2564.839718
,-21.0,50,2566.630897
,-21.0,50,2568.357813
,-13.0,50,2570.121351
,-15.0,50,2571.898234
,-7.0,50,2573.6283
,-18.0,50,2575.369317
,-10.0,50,2577.119501
,-13.0,50,2578.829523
,-19.0,50,2580.614025
,-5.0,50,2582.341839
,-23.0,50,2584.105601
,0.0,50,2585.878257
,-29.0,50,2587.611073
,-31.0,50,2589.419359
,-11.0,50,2591.141543
,-10.0,50,2592.86973
,-12.0,50,2594.672597
,-20.0,50,2596.384071
,-33.0,50,2598.092543
,-28.0,50,2599.900156
,-41.0,50,2601.600342
,-26.0,50,2603.328754
,-14.0,50,2605.084771
,-10.0,50,2606.854566
,-18.0,50,2608.569243
,-2.0,50,2610.357131
,-8.0,50,2612.065998
,-22.0,50,2613.796406
,-15.0,50,2615.530595
,-12.0,50,2617.30571
,-9.0,50,2619.035001
,-9.0,50,2619.325417
,0.0,50,2619.622475
,-7.0,50,2619.895379
,-8.0,50,2620.147942
,-10.0,50,2620.427278
,-7.0,50,2620.706507
,-6.0,50,2620.980052
,-13.0,50,2621.260731
,-6.0,50,2621.529655
,-10.0,50,2621.915615
,-21.0,50,2623.696895
,-25.0,50,2625.434972
,-16.0,50,2627.219424
,-19.0,50,2629.008885
,-36.0,50,2630.737926
,-34.0,50,2632.453815
,-10.0,50,2634.252933
,-9.0,50,2635.940221
,-12.0,50,2637.67636
,-3.0,50,2639.469807
,-18.0,50,2641.268909
,-8.0,50,2642.974823
,-28.0,50,2644.754126
,-12.0,50,2646.485233
,-24.0,50,2648.265053
,-11.0,50,2649.972299
,-22.0,50,2651.673015
,-23.0,50,2653.510589
,-6.0,50,2655.230362
,-46.0,50,2656.993513
,-24.0,50,2658.724053
,-30.0,50,2660.488402
,-20.0,50,2662.22874
,-19.0,50,2663.94751
,-15.0,50,2665.706974
,-14.0,50,2667.461915
,-19.0,50,2669.240948
,-23.0,50,2670.941598
,-19.0,50,2672.702236
,-15.0,50,2674.476356
,-29.0,50,2676.271708
,-25.0,50,2678.070348
,-10.0,50,2679.809659
,-13.0,50,2681.586215
,-15.0,50,2683.292896
,-34.0,50,2685.057938
,-21.0,50,2686.748856
,-26.0,50,2688.589655
,-19.0,50,2690.279491
,-20.0,50,2692.047441
,-15.0,50,2693.884477
,-9.0,50,2695.563058
,-23.0,50,2697.365827
,-11.0,50,2699.098284
,-23.0,50,2700.902611
,-14.0,50,2702.670263
,-13.0,50,2704.389077
,-17.0,50,2706.184333
,-18.0,50,2707.956259
,-15.0,50,2709.729965
,-9.0,50,2709.988498
,-19.0,50,2710.269728
,-11.0,50,2710.539534
,0.0,50,2710.832316
,0.0,50,2711.124983
,-12.0,50,2711.395016
,-8.0,50,2711.673371
,-11.0,50,2711.943065
,-6.0,50,2712.179913
,-9.0,50,2712.503071
,-18.0,50,2714.222441
,-13.0,50,2716.007515
,-8.0,50,2717.7166
,-19.0,50,2719.50001
,-29.0,50,2721.237293
,-28.0,50,2723.021322
,-30.0,50,2724.756213
,-9.0,50,2726.464292
,-19.0,50,2728.257895
,-15.0,50,2729.99546
,-50.0,50,2731.743305
,-13.0,50,2733.496623
,-7.0,50,2735.247854
,-22.0,50,2737.075675
,-22.0,50,2738.782819
,-6.0,50,2740.54367
,-20.0,50,2742.286979
,-15.0,50,2744.077423
,-18.0,50,2745.789618
,-8.0,50,2747.598372
,-21.0,50,2749.302511
,-13.0,50,2751.057995
,-16.0,50,2752.842221
,-19.0,50,2754.622555
,-14.0,50,2756.384026
,0.0,50,2758.127339
,-13.0,50,2759.881368
,-19.0,50,2761.573317
,-27.0,50,2763.403913
,-14.0,50,2765.119291
,0.0,50,2766.908757
,-15.0,50,2768.658224
,-24.0,50,2770.44372
,-21.0,50,2772.171815
,-12.0,50,2773.985458
,-16.0,50,2775.733887
,-18.0,50,2777.433766
,-17.0,50,2779.229975
,-17.0,50,2780.922728
,-14.0,50,2782.658616
,-20.0,50,2784.467383
,0.0,50,2786.226362
,0.0,50,2787.997663
,-18.0,50,2789.711653
,-27.0,50,2791.533767
,-21.0,50,2793.246925
,-13.0,50,2795.029338
,-25.0,50,2796.838194
,-20.0,50,2798.553148
,-7.0,50,2800.35445
,-10.0,50,2800.624451
,-7.0,50,2800.906429
,-7.0,50,2801.187854
,-6.0,50,2801.475309
,-11.0,50,2801.734776
,-10.0,50,2801.998459
,-7.0,50,2802.28968
,-9.0,50,2802.552958
,-13.0,50,2802.81041
,-21.0,50,2803.178421
,-12.0,50,2804.899134
,-14.0,50,2806.685719
,-15.0,50,2808.409496
,-17.0,50,2810.163362
,-25.0,50,2811.917215
,0.0,50,2813.702498
,-32.0,50,2815.438829
,-13.0,50,2817.265285
,-34.0,50,2819.017832
,-21.0,50,2820.770285
,-4.0,50,2822.551132
,-18.0,50,2824.323125
,-23.0,50,2826.054122
,-10.0,50,2827.831781
,-24.0,50,2829.556216
,-29.0,50,2831.28351
,-26.0,50,2833.029705
,-18.0,50,2834.822844
,-24.0,50,2836.603913
,-20.0,50,2838.350088
,-8.0,50,2840.11374
,-18.0,50,2841.910041
,-21.0,50,2843.609556
,-15.0,50,2845.415913
,-16.0,50,2847.165228
,-34.0,50,2848.883664
,-11.0,50,2850.66433
,-16.0,50,2852.418586
,-17.0,50,2854.183829
,-11.0,50,2855.936423
,-9.0,50,2857.666872
,-35.0,50,2859.407574
,-13.0,50,2861.15906
,-15.0,50,2862.988825
,-14.0,50,2864.718511
,-15.0,50,2866.474478
,-13.0,50,2868.271079
,-29.0,50,2870.020211
,-9.0,50,2871.769585
,-18.0,50,2873.514393
,-17.0,50,2875.234176
,-30.0,50,2877.021081
,-18.0,50,2878.726077
,-26.0,50,2880.584924
,-20.0,50,2882.294903
,-6.0,50,2884.087554
,-21.0,50,2885.773412
,-19.0,50,2887.590536
,-24.0,50,2889.373777
,0.0,50,2891.14523
,0.0,50,2891.394042
,-9.0,50,2891.665116
,-8.0,50,2891.951307
,-6.0,50,2892.225861
,-5.0,50,2892.488511
,-9.0,50,2892.756441
,-8.0,50,2893.021064
,-6.0,50,2893.293315
,-11.0,50,2893.556552
,-15.0,50,2893.925164
,-10.0,50,2895.667108
,-36.0,50,2897.454713
,-22.0,50,2899.195694
,-13.0,50,2900.926875
,-16.0,50,2902.727668
,-13.0,50,2904.500081
,-14.0,50,2906.191568
,-15.0,50,2908.028534
,-25.0,50,2909.770425
,-8.0,50,2911.522386
,-18.0,50,2913.271833
,-14.0,50,2914.992681
,-43.0,50,2916.749324
,-13.0,50,2918.569615
,-15.0,50,2920.270312
,-5.0,50,2922.071334
,-6.0,50,2923.835854
,-9.0,50,2925.528111
,-20.0,50,2927.323167
,-22.0,50,2929.111552
,-19.0,50,2930.855119
,-17.0,50,2932.630637
,-8.0,50,2934.362364
,-13.0,50,2936.209254
,-9.0,50,2937.930407
,-46.0,50,2939.667412
,-15.0,50,2941.491718
,-20.0,50,2943.261472
,0.0,50,2944.980832
,-13.0,50,2946.772943
,-20.0,50,2948.559072
,0.0,50,2950.266843
,-8.0,50,2952.108094
,-22.0,50,2953.861924
,0.0,50,2955.655696
,-6.0,50,2957.425184
,-15.0,50,2959.166179
,-15.0,50,2960.915566
,-22.0,50,2962.708018
,-32.0,50,2964.465811
,-23.0,50,2966.191857
,0.0,50,2967.966056
,-11.0,50,2969.75536
,-9.0,50,2971.528126
,-24.0,50,2973.293732
,-15.0,50,2975.073479
,-14.0,50,2976.808013
,-17.0,50,2978.602684
,-29.0,50,2980.337005
,-9.0,50,2982.139225
,-6.0,50,2982.42035
,-9.0,50,2982.687307
,-9.0,50,2982.965087
,-8.0,50,2983.220713
,-9.0,50,2983.483267
,-12.0,50,2983.767083
,-11.0,50,2984.051612
,-9.0,50,2984.301989
,-8.0,50,2984.583526
,-13.0,50,2985.02003
,-8.0,50,2986.736571
,-13.0,50,2988.517462
,-16.0,50,2990.31739
,-15.0,50,2992.042979
,-16.0,50,2993.858719
,-9.0,50,2995.61364
,0.0,50,2997.371289
,-16.0,50,2999.153989
,-4.0,50,3000.911195
,-8.0,50,3002.64207
,-20.0,50,3004.378252
,-30.0,50,3006.144049
,-11.0,50,3007.90451
,-24.0,50,3009.700659
,-20.0,50,3011.469122
,-17.0,50,3013.223774
,-15.0,50,3014.951794
,-14.0,50,3016.676177
,-15.0,50,3018.464764
,-13.0,50,3020.227823
,-17.0,50,3021.96155
,-20.0,50,3023.778483
,-23.0,50,3025.542475
,-15.0,50,3027.309025
,-10.0,50,3029.061749
,-19.0,50,3030.790848
,-15.0,50,3032.599145
,-20.0,50,3034.362692
,-6.0,50,3036.137389
,-25.0,50,3037.908107
,-16.0,50,3039.670937
,0.0,50,3041.425861
,-7.0,50,3043.202989
,-27.0,50,3045.025484
,-10.0,50,3046.83217
,-24.0,50,3048.56486
,-28.0,50,3050.338094
,-11.0,50,3052.134708
,0.0,50,3053.951172
,-16.0,50,3055.684383
,-18.0,50,3057.432017
,-13.0,50,3059.1935
,-23.0,50,3060.968666
,-10.0,50,3062.738511
,-20.0,50,3064.588463
,-34.0,50,3066.380114
,-9.0,50,3068.093047
,-9.0,50,3069.881925
,-18.0,50,3071.67154
,-13.0,50,3073.427781
,-9.0,50,3073.69769
,-6.0,50,3073.963633
,-10.0,50,3074.238625
,-10.0,50,3074.529227
,-21.0,50,3074.789963
,0.0,50,3075.068583
,0.0,50,3075.332403
,-12.0,50,3075.644331
,-7.0,50,3075.921613
,-28.0,50,3076.248376
,-40.0,50,3077.983145
,-24.0,50,3079.78236
,-10.0,50,3081.575864
,-20.0,50,3083.379917
,-9.0,50,3085.105655
,-13.0,50,3086.92941
,-7.0,50,3088.670424
,-12.0,50,3090.481586
,-9.0,50,3092.293713
,-21.0,50,3094.027378
,-16.0,50,3095.850389
,-8.0,50,3097.535534
,-15.0,50,3099.338681
,-13.0,50,3101.077213
,-10.0,50,3102.916229
,-49.0,50,3104.671926
,-15.0,50,3106.403788
,-11.0,50,3108.208116
,-22.0,50,3109.971307
,-19.0,50,3111.694833
,-13.0,50,3113.509514
,-23.0,50,3115.313758
,-15.0,50,3117.021687
,-16.0,50,3118.839793
,-23.0,50,3120.608236
,-16.0,50,3122.367529
,0.0,50,3124.16451
,-11.0,50,3125.938618
,-25.0,50,3127.710774
,-12.0,50,3129.475078
,-37.0,50,3131.269526
,-21.0,50,3133.037394
,-17.0,50,3134.813102
,-9.0,50,3136.603187
,-14.0,50,3138.349234
,-23.0,50,3140.12754
,-8.0,50,3141.861631
,-39.0,50,3143.728861
,-25.0,50,3145.5134
,-14.0,50,3147.232553
,0.0,50,3149.020181
,-17.0,50,3150.786286
,-12.0,50,3152.548127
,-28.0,50,3154.364363
,-21.0,50,3156.119933
,-21.0,50,3157.915017
,-8.0,50,3159.746632
,-21.0,50,3161.502854
,-29.0,50,3163.290785
,-11.0,50,3165.01264
,-5.0,50,3165.279611
,-8.0,50,3165.568782
,-10.0,50,3165.847549
,-7.0,50,3166.092319
,-12.0,50,3166.346722
,-11.0,50,3166.614556
,-8.0,50,3166.878825
,-12.0,50,3167.154448
,-7.0,50,3167.413438
,-37.0,50,3167.871508
,-26.0,50,3169.639871
,-23.0,50,3171.382765
,-21.0,50,3173.154508
,-7.0,50,3174.912352
,-50.0,50,3176.764378
,-9.0,50,3178.566521
,-7.0,50,3180.314317
,-16.0,50,3182.10648
,-29.0,50,3183.832619
,-11.0,50,3185.594224
,-28.0,50,3187.418065
,-23.0,50,3189.159985
,0.0,50,3190.983007
,-19.0,50,3192.702026
,-16.0,50,3194.480112
,-25.0,50,3196.260599
,-22.0,50,3198.067425
,-8.0,50,3199.786793
,-13.0,50,3201.564064
,-15.0,50,3203.400172
,-17.0,50,3205.183375
,-10.0,50,3206.988496
,-22.0,50,3208.722602
,-5.0,50,3210.474062
,-14.0,50,3212.290729
,-18.0,50,3214.068738
,-13.0,50,3215.844964
,-15.0,50,3217.64208
,-20.0,50,3219.407156
,-15.0,50,3221.220411
,-19.0,50,3222.958092
,-17.0,50,3224.722172
,-32.0,50,3226.609658
,-9.0,50,3228.368179
,-30.0,50,3230.107708
,-17.0,50,3231.960051
,-11.0,50,3233.705879
,-18.0,50,3235.441947
,-19.0,50,3237.293646
,-15.0,50,3239.049054
,-23.0,50,3240.853393
,-19.0,50,3242.599283
,-17.0,50,3244.383961
,-17.0,50,3246.228525
,-19.0,50,3247.925853
,-10.0,50,3249.757794
,0.0,50,3251.501903
,-42.0,50,3253.385379
,-19.0,50,3255.198775
,-10.0,50,3256.957816
,-9.0,50,3257.225597
,-13.0,50,3257.513093
,-8.0,50,3257.781959
,-8.0,50,3258.057258
,-12.0,50,3258.335776
,-7.0,50,3258.601092
,-5.0,50,3258.863008
,-10.0,50,3259.137723
,-7.0,50,3259.414492
,-6.0,50,3259.774301
,-10.0,50,3261.506719
,0.0,50,3263.290896
,-17.0,50,3265.133703
,-13.0,50,3266.90396
,-16.0,50,3268.672907
,-25.0,50,3270.434755
,-36.0,50,3272.257825
,-13.0,50,3274.029157
,-15.0,50,3275.824871
,-13.0,50,3277.545621
,-17.0,50,3279.335007
,-8.0,50,3281.144413
,-5.0,50,3282.930168
,-22.0,50,3284.738047
,-17.0,50,3286.474349
,-15.0,50,3288.342209
,-25.0,50,3290.133424
,-11.0,50,3291.920586
,-24.0,50,3293.646713
,0.0,50,3295.444462
,-14.0,50,3297.248919
,-20.0,50,3299.075043
,-23.0,50,3300.851518
,-11.0,50,3302.629716
,-12.0,50,3304.395224
,-22.0,50,3306.205209
,0.0,50,3308.038262
,-11.0,50,3309.891515
,-12.0,50,3311.672971
,-11.0,50,3313.446806
,-17.0,50,3315.214856
,-14.0,50,3317.039987
,-34.0,50,3318.871334
,-21.0,50,3320.656641
,-25.0,50,3322.466152
,-6.0,50,3324.256995
,-29.0,50,3326.079577
,-29.0,50,3327.830266
,-18.0,50,3329.613639
,-13.0,50,3331.33972
,-21.0,50,3333.19376
,-14.0,50,3334.994758
,-14.0,50,3336.74222
,-24.0,50,3338.517303
,-8.0,50,3340.321419
,-16.0,50,3342.150452
,-17.0,50,3343.981913
,0.0,50,3345.700503
,-5.0,50,3347.517061
,-8.0,50,3349.330373
,-11.0,50,3349.608249
,-10.0,50,3349.855968
,0.0,50,3350.110848
,-14.0,50,3350.37923
,-11.0,50,3350.635593
,0.0,50,3350.912601
,-4.0,50,3351.162568
,-11.0,50,3351.442529
,-11.0,50,3351.712457
,-12.0,50,3352.119944
,-17.0,50,3353.861514
,-22.0,50,3355.662008
,-6.0,50,3357.500326
,-20.0,50,3359.256714
,-13.0,50,3361.031055
,-27.0,50,3362.913124
,-10.0,50,3364.640173
,-15.0,50,3366.425437
,-19.0,50,3368.245717
,-10.0,50,3370.03549
,-24.0,50,3371.83164
,-10.0,50,3373.639063
,-18.0,50,3375.470393
,-39.0,50,3377.212475
,-15.0,50,3379.015452
,-48.0,50,3380.768891
,-9.0,50,3382.559577
,-17.0,50,3384.386627
,-15.0,50,3386.217092
,-7.0,50,3387.959841
,-40.0,50,3389.748932
,-12.0,50,3391.523861
,-9.0,50,3393.30229
,0.0,50,3395.067998
,-35.0,50,3396.850382
,-16.0,50,3398.605173
,-9.0,50,3400.411085
,-17.0,50,3402.269545
,-6.0,50,3404.032953
,-22.0,50,3405.848542
,-7.0,50,3407.626634
,-35.0,50,3409.525013
,-15.0,50,3411.253585
,-3.0,50,3413.03531
,-38.0,50,3414.908866
,-25.0,50,3416.657987
,-11.0,50,3418.45176
,-17.0,50,3420.289789
,-6.0,50,3422.057793
,-14.0,50,3423.85389
,-24.0,50,3425.676056
,-29.0,50,3427.462215
,-33.0,50,3429.308044
,-12.0,50,3431.051522
,-21.0,50,3432.861411
,-20.0,50,3434.678486
,-30.0,50,3436.486357
,-17.0,50,3438.286881
,-13.0,50,3440.055655
,-12.0,50,3441.860105
,-11.0,50,3442.143657
,0.0,50,3442.434497
,-9.0,50,3442.711598
,-11.0,50,3442.99137
,-13.0,50,3443.244718
,-7.0,50,3443.512524
,-8.0,50,3443.799115
,-48.0,50,3444.06412
,-6.0,50,3444.347555
,-7.0,50,3444.704971
,-17.0,50,3446.513587
,-14.0,50,3448.288143
,0.0,50,3450.123605
,-13.0,50,3451.947809
,-26.0,50,3453.725348
,-16.0,50,3455.554003
,-12.0,50,3457.279442
,-43.0,50,3459.134041
,-14.0,50,3460.896458
,-17.0,50,3462.691798
,-32.0,50,3464.486443
,-13.0,50,3466.306485
,-37.0,50,3468.157737
,-31.0,50,3469.895926
,-10.0,50,3471.766413
,-10.0,50,3473.529227
,-21.0,50,3475.392904
,-15.0,50,3477.104533
,-14.0,50,3479.005036
,-19.0,50,3480.786399
,-18.0,50,3482.597986
,-32.0,50,3484.31429
,-16.0,50,3486.197602
,-27.0,50,3487.925638
,-21.0,50,3489.717373
,-14.0,50,3491.566819
,-50.0,50,3493.343484
,-7.0,50,3495.188912
,-9.0,50,3496.956184
,-25.0,50,3498.727392
,-26.0,50,3500.480772
,-7.0,50,3502.282136
,-26.0,50,3504.127469
,-20.0,50,3505.901757
,-28.0,50,3507.685876
,-20.0,50,3509.477343
,-24.0,50,3511.271622
,-5.0,50,3513.138398
,-11.0,50,3514.898915
,-9.0,50,3516.716762
,-32.0,50,3518.548262
,-13.0,50,3520.284679
,-9.0,50,3522.100549
,-15.0,50,3523.882995
,-14.0,50,3525.686975
,-16.0,50,3527.476734
,-18.0,50,3529.309751
,-19.0,50,3531.150659
,-14.0,50,3532.913721
,-13.0,50,3534.740213
,-13.0,50,3535.039676
,-10.0,50,3535.304963
,-6.0,50,3535.589
,0.0,50,3535.858042
,-8.0,50,3536.136106
,-6.0,50,3536.415843
,-11.0,50,3536.662099
,-22.0,50,3536.964122
,-21.0,50,3537.226625
