#{"t_start": 1582790599.860406, "env_id": "FetchPush-v1"}
s,r,l,t
,-50.0,50,4.798235
,-50.0,50,6.590328
,-50.0,50,8.202465
,-50.0,50,9.840273
,-50.0,50,11.461565
,-50.0,50,13.061332
,-50.0,50,14.673798
,-50.0,50,16.294317
,0.0,50,17.903651
,-50.0,50,19.543455
,-50.0,50,21.12326
,-50.0,50,22.771111
,-50.0,50,24.381388
,-50.0,50,25.981215
,-50.0,50,27.586079
,-50.0,50,29.186141
,-50.0,50,30.78467
,-50.0,50,32.394844
,-50.0,50,34.010017
,-50.0,50,35.596942
,-50.0,50,37.219337
,-50.0,50,38.815677
,-50.0,50,40.409419
,-50.0,50,42.06907
,-50.0,50,43.667743
,-50.0,50,45.24639
,-50.0,50,46.903699
,-50.0,50,48.466504
,-50.0,50,50.116332
,-50.0,50,51.710376
,-50.0,50,53.360049
,-50.0,50,54.941096
,-50.0,50,56.570798
,-50.0,50,58.184741
,-50.0,50,59.793928
,-50.0,50,61.387064
,-50.0,50,62.980327
,-50.0,50,64.595948
,0.0,50,66.248657
,-50.0,50,67.886009
,-50.0,50,69.478335
,-50.0,50,71.125261
,0.0,50,72.7224
,-50.0,50,74.358859
,-50.0,50,75.944997
,-50.0,50,77.604108
,0.0,50,79.203939
,-50.0,50,80.817366
,0.0,50,82.433264
,-50.0,50,84.053528
,-50.0,50,85.722279
,-50.0,50,85.983788
,-50.0,50,86.256976
,0.0,50,86.534097
,0.0,50,86.81109
,-50.0,50,87.072917
,-50.0,50,87.344564
,-50.0,50,87.605621
,-50.0,50,87.87036
,-50.0,50,88.139077
,0.0,50,88.539696
,-50.0,50,90.125655
,-50.0,50,91.783752
,-50.0,50,93.397328
,-50.0,50,94.997474
,-50.0,50,96.598193
,-50.0,50,98.255403
,-50.0,50,99.840794
,0.0,50,101.478205
,-50.0,50,103.090762
,-4.0,50,104.733524
,-50.0,50,106.346973
,-50.0,50,107.941526
,-50.0,50,109.603698
,-50.0,50,111.19099
,-50.0,50,112.830749
,0.0,50,114.451628
,-50.0,50,116.065017
,-50.0,50,117.677899
,-50.0,50,119.322351
,-50.0,50,120.992899
,-50.0,50,122.591923
,-50.0,50,124.212734
,-50.0,50,125.80883
,-50.0,50,127.430813
,-50.0,50,129.088648
,-50.0,50,130.691029
,-50.0,50,132.295329
,-50.0,50,133.930372
,-50.0,50,135.558983
,-50.0,50,137.187223
,-50.0,50,138.824828
,-50.0,50,140.438702
,0.0,50,142.071807
,-50.0,50,143.66167
,-50.0,50,145.304202
,-50.0,50,146.898796
,-35.0,50,148.515576
,-50.0,50,150.147965
,-50.0,50,151.796627
,-50.0,50,153.427605
,-50.0,50,155.063003
,-50.0,50,156.700875
,-50.0,50,158.286069
,-50.0,50,159.931172
,-50.0,50,161.546521
,-50.0,50,163.155213
,-50.0,50,164.805503
,-50.0,50,166.419094
,-50.0,50,168.039883
,0.0,50,169.676078
,-50.0,50,169.919326
,-50.0,50,170.211474
,-50.0,50,170.509151
,-50.0,50,170.808645
,-50.0,50,171.06838
,-50.0,50,171.333291
,-50.0,50,171.5871
,-50.0,50,171.85909
,-50.0,50,172.165864
,-50.0,50,172.546115
,-50.0,50,174.198365
,-50.0,50,175.823944
,-50.0,50,177.4488
,-50.0,50,179.074776
,-50.0,50,180.714992
,-50.0,50,182.304033
,0.0,50,183.931428
,-50.0,50,185.62731
,0.0,50,187.242705
,-50.0,50,188.822608
,-50.0,50,190.475955
,-50.0,50,192.095209
,-50.0,50,193.732036
,-50.0,50,195.317757
,-50.0,50,196.946476
,-50.0,50,198.595984
,-50.0,50,200.220386
,-50.0,50,201.847163
,-50.0,50,203.449244
,-50.0,50,205.077998
,-50.0,50,206.725565
,0.0,50,208.345709
,-50.0,50,209.965883
,-50.0,50,211.588349
,-50.0,50,213.238757
,-50.0,50,214.838395
,-50.0,50,216.498049
,-50.0,50,218.1231
,-50.0,50,219.728005
,-50.0,50,221.39352
,-50.0,50,223.00184
,-50.0,50,224.653358
,-50.0,50,226.313246
,-50.0,50,227.921219
,-50.0,50,229.53882
,0.0,50,231.177354
,-50.0,50,232.81892
,-50.0,50,234.485756
,-50.0,50,236.096931
,-50.0,50,237.71891
,-50.0,50,239.350728
,-50.0,50,241.018129
,-50.0,50,242.637077
,-50.0,50,244.267867
,-50.0,50,245.88987
,-50.0,50,247.541919
,-50.0,50,249.162159
,-50.0,50,250.827636
,-50.0,50,252.47301
,-50.0,50,254.088984
,-50.0,50,254.362515
,-50.0,50,254.618326
,-50.0,50,254.902212
,-50.0,50,255.169153
,-50.0,50,255.451175
,-50.0,50,255.756747
,-50.0,50,256.039949
,-50.0,50,256.319394
,-50.0,50,256.598481
,-50.0,50,257.005542
,-50.0,50,258.654688
,0.0,50,260.325
,0.0,50,261.940959
,-50.0,50,263.560945
,-50.0,50,265.221675
,-50.0,50,266.818801
,-50.0,50,268.461604
,-50.0,50,270.153857
,-50.0,50,271.752645
,-50.0,50,273.37197
,-50.0,50,275.039922
,0.0,50,276.65489
,-50.0,50,278.252416
,-50.0,50,279.84553
,-50.0,50,281.563334
,-50.0,50,283.171537
,-50.0,50,284.822339
,-50.0,50,286.436085
,-50.0,50,288.059585
,-50.0,50,289.692798
,-50.0,50,291.328267
,-50.0,50,292.928128
,-50.0,50,294.603152
,-50.0,50,296.19537
,-50.0,50,297.81341
,-50.0,50,299.482094
,-50.0,50,301.117472
,-50.0,50,302.736474
,-50.0,50,304.387597
,-50.0,50,306.020667
,-50.0,50,307.607106
,-50.0,50,309.240334
,-50.0,50,310.906001
,-50.0,50,312.522882
,-50.0,50,314.162941
,-50.0,50,315.810397
,-50.0,50,317.415824
,-50.0,50,319.04394
,-50.0,50,320.697912
,-50.0,50,322.329471
,-50.0,50,323.997324
,-50.0,50,325.582191
,-50.0,50,327.230084
,-50.0,50,328.879366
,-50.0,50,330.533691
,-50.0,50,332.14467
,-50.0,50,333.789495
,-50.0,50,335.415922
,-50.0,50,337.025616
,-50.0,50,338.666373
,-50.0,50,338.949611
,-50.0,50,339.243172
,-50.0,50,339.526135
,-50.0,50,339.816382
,-50.0,50,340.100876
,-50.0,50,340.414938
,-50.0,50,340.690789
,-50.0,50,340.951241
,-50.0,50,341.228573
,-50.0,50,341.555794
,-50.0,50,343.274472
,-50.0,50,344.881739
,-50.0,50,346.508604
,-50.0,50,348.154797
,-50.0,50,349.804839
,-50.0,50,351.457812
,-50.0,50,353.095849
,-50.0,50,354.712397
,-50.0,50,356.356765
,-50.0,50,358.003462
,-50.0,50,359.627325
,-50.0,50,361.265032
,-50.0,50,362.888236
,-50.0,50,364.498399
,-50.0,50,366.180689
,-50.0,50,367.809481
,-50.0,50,369.471078
,-50.0,50,371.087105
,-50.0,50,372.735633
,-50.0,50,374.399595
,-50.0,50,376.052675
,-50.0,50,377.643427
,-50.0,50,379.29646
,-50.0,50,380.95547
,-50.0,50,382.600719
,-50.0,50,384.243982
,-50.0,50,385.861505
,-50.0,50,387.545259
,-50.0,50,389.187754
,-50.0,50,390.784893
,-50.0,50,392.442943
,-50.0,50,394.056683
,-50.0,50,395.711045
,-50.0,50,397.38572
,-50.0,50,399.012205
,-50.0,50,400.640375
,-50.0,50,402.312828
,-50.0,50,403.92955
,-50.0,50,405.586182
,-50.0,50,407.203305
,0.0,50,408.876212
,-50.0,50,410.488102
,-50.0,50,412.134274
,-50.0,50,413.788087
,-50.0,50,415.41181
,-50.0,50,417.063005
,-50.0,50,418.684087
,-50.0,50,420.318231
,-21.0,50,421.997442
,-24.0,50,423.612874
,-50.0,50,423.904263
,-50.0,50,424.15992
,-50.0,50,424.429411
,0.0,50,424.695524
,-50.0,50,425.015342
,-50.0,50,425.317276
,-50.0,50,425.600573
,-50.0,50,425.910085
,-50.0,50,426.20109
,-50.0,50,426.614467
,-50.0,50,428.262082
,-50.0,50,429.890805
,-50.0,50,431.541428
,-50.0,50,433.142683
,-50.0,50,434.78502
,-50.0,50,436.425515
,-50.0,50,438.066413
,-50.0,50,439.702036
,-50.0,50,441.379284
,-50.0,50,443.004895
,-50.0,50,444.630854
,-50.0,50,446.267831
,-50.0,50,447.945571
,-50.0,50,449.573858
,-50.0,50,451.191275
,0.0,50,452.838019
,-50.0,50,454.51747
,-50.0,50,456.177973
,-50.0,50,457.803646
,-50.0,50,459.471445
,-50.0,50,461.12818
,-50.0,50,462.746709
,-30.0,50,464.406743
,-50.0,50,466.07584
,-50.0,50,467.699776
,-50.0,50,469.367344
,-50.0,50,470.974448
,-50.0,50,472.654094
,-50.0,50,474.275037
,-50.0,50,475.942305
,-50.0,50,477.572151
,-50.0,50,479.205459
,-50.0,50,480.883122
,-50.0,50,482.522383
,-50.0,50,484.156733
,-50.0,50,485.792651
,-50.0,50,487.461665
,-50.0,50,489.117465
,-48.0,50,490.761807
,-50.0,50,492.41874
,-50.0,50,494.115815
,-50.0,50,495.725731
,-50.0,50,497.33863
,-50.0,50,499.006644
,-50.0,50,500.642514
,-50.0,50,502.300664
,-49.0,50,503.942392
,-50.0,50,505.641027
,-50.0,50,507.249532
,-5.0,50,508.919239
,0.0,50,509.218802
,-50.0,50,509.532478
,-50.0,50,509.835005
,-46.0,50,510.08673
,-50.0,50,510.36276
,-50.0,50,510.6249
,-50.0,50,510.881072
,-50.0,50,511.150567
,-50.0,50,511.459779
,-50.0,50,511.794581
,-50.0,50,513.414912
,-50.0,50,515.062682
,-50.0,50,516.687476
,-50.0,50,518.362493
,-50.0,50,519.983167
,0.0,50,521.61937
,-50.0,50,523.229147
,-50.0,50,524.883835
,-50.0,50,526.552082
,-50.0,50,528.201463
,-50.0,50,529.828496
,-50.0,50,531.522808
,0.0,50,533.147879
,-21.0,50,534.794564
,-14.0,50,536.394057
,-16.0,50,538.085881
,-50.0,50,539.723036
,-50.0,50,541.391193
,-50.0,50,543.044033
,-14.0,50,544.713209
,-50.0,50,546.355432
,-50.0,50,548.002445
,-50.0,50,549.653124
,-21.0,50,551.307901
,-50.0,50,552.949565
,-50.0,50,554.60826
,-50.0,50,556.20894
,0.0,50,557.888161
,-50.0,50,559.505944
,-50.0,50,561.173004
,-50.0,50,562.822921
,-40.0,50,564.475338
,-8.0,50,566.093901
,-20.0,50,567.759014
,-36.0,50,569.397352
,-50.0,50,571.000515
,-50.0,50,572.668662
,-19.0,50,574.323789
,-50.0,50,575.982634
,-45.0,50,577.623239
,-50.0,50,579.310624
,-50.0,50,580.930429
,-31.0,50,582.576536
,-47.0,50,584.248911
,-50.0,50,585.850962
,-50.0,50,587.495673
,-50.0,50,589.156923
,-19.0,50,590.780958
,-50.0,50,592.43976
,-8.0,50,594.082184
,-9.0,50,594.379555
,-50.0,50,594.666125
,-50.0,50,594.958609
,-46.0,50,595.26598
,-8.0,50,595.551514
,-50.0,50,595.841644
,-13.0,50,596.1021
,-50.0,50,596.397553
,-50.0,50,596.697331
,-50.0,50,597.041446
,-50.0,50,598.715131
,-50.0,50,600.367393
,-13.0,50,602.028115
,-18.0,50,603.683203
,-25.0,50,605.321519
,-15.0,50,606.940527
,-50.0,50,608.592779
,-22.0,50,610.229007
,-50.0,50,611.91873
,-50.0,50,613.568424
,-50.0,50,615.217146
,-50.0,50,616.899156
,-4.0,50,618.501849
,-29.0,50,620.181915
,-21.0,50,621.800153
,-39.0,50,623.448247
,-50.0,50,625.107213
,-48.0,50,626.771258
,-50.0,50,628.435237
,-23.0,50,630.075003
,-15.0,50,631.69527
,-50.0,50,633.369626
,0.0,50,635.028989
,-10.0,50,636.694568
,-13.0,50,638.335858
,-50.0,50,640.004717
,-50.0,50,641.625453
,-26.0,50,643.306694
,-37.0,50,644.953998
,-50.0,50,646.636311
,-50.0,50,648.254361
,-50.0,50,649.940556
,-29.0,50,651.585353
,-50.0,50,653.204126
,-13.0,50,654.859761
,-50.0,50,656.515302
,-50.0,50,658.172204
,-50.0,50,659.831093
,-49.0,50,661.50672
,-23.0,50,663.191065
,-47.0,50,664.839098
,-50.0,50,666.462543
,-25.0,50,668.117475
,0.0,50,669.798845
,-29.0,50,671.431458
,-50.0,50,673.098682
,-50.0,50,674.775916
,-40.0,50,676.417398
,-50.0,50,678.073053
,-8.0,50,679.715321
,-8.0,50,680.023285
,-50.0,50,680.299896
,0.0,50,680.569275
,-10.0,50,680.84687
,-2.0,50,681.124347
,-32.0,50,681.415374
,-50.0,50,681.710227
,-11.0,50,682.002023
,0.0,50,682.261837
,-38.0,50,682.642258
,-35.0,50,684.270524
,-50.0,50,685.916755
,-50.0,50,687.588429
,-17.0,50,689.230214
,-21.0,50,690.925407
,-50.0,50,692.580935
,-43.0,50,694.240159
,-50.0,50,695.84364
,-50.0,50,697.498568
,-50.0,50,699.169813
,-20.0,50,700.792898
,-30.0,50,702.466279
,0.0,50,704.134256
,-50.0,50,705.802717
,-17.0,50,707.444661
,-18.0,50,709.078233
,-41.0,50,710.732209
,-50.0,50,712.363689
,-18.0,50,714.034224
,-48.0,50,715.691951
,-11.0,50,717.330874
,-48.0,50,719.038618
,-50.0,50,720.658603
,-16.0,50,722.302815
,-50.0,50,723.966965
,-49.0,50,725.637723
,-50.0,50,727.295738
,-44.0,50,728.941198
,-29.0,50,730.600529
,-50.0,50,732.302451
,-47.0,50,733.913604
,-50.0,50,735.578284
,-23.0,50,737.261086
,-30.0,50,738.898559
,-50.0,50,740.522554
,-50.0,50,742.181577
,-50.0,50,743.841151
,0.0,50,745.449267
,-16.0,50,747.120418
,-50.0,50,748.745483
,-50.0,50,750.397583
,0.0,50,752.084451
,-37.0,50,753.736754
,-50.0,50,755.415381
,-50.0,50,757.089739
,-11.0,50,758.727217
,-16.0,50,760.418156
,-43.0,50,762.05464
,-25.0,50,763.732355
,-12.0,50,765.418201
,-9.0,50,765.695357
,-13.0,50,765.957663
,-19.0,50,766.222658
,0.0,50,766.509559
,-10.0,50,766.792705
,-10.0,50,767.059199
,-11.0,50,767.333356
,-20.0,50,767.604182
,-6.0,50,767.865194
,-28.0,50,768.332033
,-44.0,50,769.974481
,-27.0,50,771.621031
,-13.0,50,773.297564
,-18.0,50,774.917515
,-48.0,50,776.617213
,-15.0,50,778.238892
,-14.0,50,779.908389
,-50.0,50,781.550628
,-34.0,50,783.225671
,-14.0,50,784.890391
,-50.0,50,786.524153
,-50.0,50,788.202967
,-28.0,50,789.858877
,-19.0,50,791.488347
,-16.0,50,793.175348
,-22.0,50,794.822033
,-18.0,50,796.433333
,-25.0,50,798.129295
,-40.0,50,799.791789
,-12.0,50,801.450584
,-42.0,50,803.085219
,-50.0,50,804.726002
,-27.0,50,806.367777
,-26.0,50,808.067421
,-37.0,50,809.676355
,-41.0,50,811.33342
,-20.0,50,812.999006
,-27.0,50,814.652818
,-50.0,50,816.330521
,-14.0,50,817.971672
,-40.0,50,819.632884
,-8.0,50,821.283293
,-50.0,50,822.98162
,-50.0,50,824.641992
,-15.0,50,826.318371
,-16.0,50,827.98386
,-20.0,50,829.613152
,-24.0,50,831.302109
,0.0,50,832.977471
,-50.0,50,834.598145
,-11.0,50,836.238419
,-18.0,50,837.914185
,-20.0,50,839.575968
,-16.0,50,841.221676
,-25.0,50,842.880599
,-31.0,50,844.532058
,-45.0,50,846.20008
,-50.0,50,847.829176
,-44.0,50,849.475618
,-13.0,50,851.199322
,-8.0,50,851.484391
,-50.0,50,851.75152
,-14.0,50,852.023272
,-44.0,50,852.29936
,-47.0,50,852.572761
,-9.0,50,852.859373
,-7.0,50,853.130048
,-21.0,50,853.41161
,-8.0,50,853.681864
,-49.0,50,854.024217
,-16.0,50,855.676893
,-25.0,50,857.370872
,-31.0,50,859.011272
,-50.0,50,860.700772
,-50.0,50,862.341981
,-20.0,50,864.012046
,-16.0,50,865.685609
,-50.0,50,867.32816
,-29.0,50,869.015623
,-17.0,50,870.644774
,-19.0,50,872.291928
,-34.0,50,874.008564
,-13.0,50,875.670171
,-25.0,50,877.317419
,-50.0,50,878.96036
,-12.0,50,880.621915
,-34.0,50,882.266678
,-13.0,50,883.902405
,0.0,50,885.596252
,-49.0,50,887.231406
,-14.0,50,888.909291
,-50.0,50,890.604538
,-22.0,50,892.248019
,-16.0,50,893.927593
,-10.0,50,895.5608
,-50.0,50,897.201533
,0.0,50,898.871102
,-26.0,50,900.526232
,-18.0,50,902.181231
,-18.0,50,903.854439
,-6.0,50,905.497623
,-14.0,50,907.148917
,-18.0,50,908.818148
,-27.0,50,910.468348
,-16.0,50,912.121503
,-7.0,50,913.804833
,-48.0,50,915.475263
,-18.0,50,917.114331
,-43.0,50,918.804122
,-6.0,50,920.405715
,-50.0,50,922.103708
,-35.0,50,923.771466
,-50.0,50,925.460294
,-29.0,50,927.10227
,-10.0,50,928.798678
,0.0,50,930.45014
,-9.0,50,932.082976
,-20.0,50,933.772152
,-12.0,50,935.423295
,-15.0,50,937.140941
,0.0,50,937.422222
,-8.0,50,937.712028
,-17.0,50,937.982543
,-8.0,50,938.270124
,-13.0,50,938.563928
,-10.0,50,938.827253
,0.0,50,939.08232
,-17.0,50,939.372306
,-50.0,50,939.669881
,-13.0,50,939.98692
,-12.0,50,941.649645
,-11.0,50,943.3069
,-7.0,50,944.985404
,-19.0,50,946.648023
,-22.0,50,948.311375
,-16.0,50,949.961238
,-47.0,50,951.589186
,-25.0,50,953.282358
,-30.0,50,954.935681
,-18.0,50,956.620078
,-42.0,50,958.29731
,-10.0,50,959.962275
,-17.0,50,961.636425
,-23.0,50,963.298955
,0.0,50,964.920933
,-26.0,50,966.595562
,0.0,50,968.256842
,-20.0,50,969.933861
,0.0,50,971.560501
,-48.0,50,973.228778
,-47.0,50,974.899352
,-38.0,50,976.561316
,-50.0,50,978.224511
,-12.0,50,979.899958
,-8.0,50,981.578282
,-32.0,50,983.232486
,-48.0,50,984.893481
,-36.0,50,986.54726
,-35.0,50,988.22969
,-50.0,50,989.844586
,-17.0,50,991.52181
,-18.0,50,993.172753
,-18.0,50,994.898958
,-28.0,50,996.550819
,-32.0,50,998.197284
,-6.0,50,999.847388
,-23.0,50,1001.531106
,-4.0,50,1003.203625
,-11.0,50,1004.859734
,-23.0,50,1006.511164
,-50.0,50,1008.189844
,-21.0,50,1009.889539
,-15.0,50,1011.551988
,-17.0,50,1013.205088
,-16.0,50,1014.851933
,-19.0,50,1016.502279
,-13.0,50,1018.139317
,-14.0,50,1019.82621
,-37.0,50,1021.486533
,-17.0,50,1023.174997
,-12.0,50,1023.420475
,-11.0,50,1023.665979
,-9.0,50,1023.922262
,-49.0,50,1024.205307
,-9.0,50,1024.467042
,-14.0,50,1024.74554
,-5.0,50,1025.035017
,-8.0,50,1025.292745
,-34.0,50,1025.583818
,-10.0,50,1026.071409
,-17.0,50,1027.726047
,-50.0,50,1029.386189
,-6.0,50,1031.057657
,-21.0,50,1032.69127
,-9.0,50,1034.383954
,-50.0,50,1036.044622
,-17.0,50,1037.673449
,-17.0,50,1039.348419
,-24.0,50,1041.03781
,-15.0,50,1042.666033
,-50.0,50,1044.403424
,0.0,50,1046.018457
,-16.0,50,1047.724108
,-34.0,50,1049.395511
,0.0,50,1051.022744
,-14.0,50,1052.699753
,-7.0,50,1054.36603
,-26.0,50,1056.077635
,-33.0,50,1057.718357
,-9.0,50,1059.385213
,-6.0,50,1061.048161
,-13.0,50,1062.695723
,-18.0,50,1064.379633
,-43.0,50,1066.020291
,-21.0,50,1067.728929
,-45.0,50,1069.417613
,-23.0,50,1071.121577
,-9.0,50,1072.76498
,-14.0,50,1074.417998
,-11.0,50,1076.082351
,-12.0,50,1077.739867
,-14.0,50,1079.434653
,-7.0,50,1081.091291
,-20.0,50,1082.755691
,-28.0,50,1084.430764
,-21.0,50,1086.072676
,0.0,50,1087.786588
,-22.0,50,1089.442257
,-15.0,50,1091.089701
,-14.0,50,1092.782482
,-4.0,50,1094.498277
,-11.0,50,1096.138811
,-50.0,50,1097.792876
,-24.0,50,1099.477549
,-21.0,50,1101.116102
,-16.0,50,1102.806508
,-44.0,50,1104.465032
,-13.0,50,1106.172555
,0.0,50,1107.782877
,-15.0,50,1109.510768
,-11.0,50,1109.774164
,-9.0,50,1110.036991
,-10.0,50,1110.292219
,-20.0,50,1110.593516
,-5.0,50,1110.860336
,-11.0,50,1111.130252
,-11.0,50,1111.416463
,-12.0,50,1111.672119
,-9.0,50,1111.955531
,-10.0,50,1112.351833
,-33.0,50,1114.013019
,-16.0,50,1115.707422
,-15.0,50,1117.383458
,-14.0,50,1119.023751
,-31.0,50,1120.685427
,-22.0,50,1122.366232
,-23.0,50,1123.996534
,-14.0,50,1125.656448
,-50.0,50,1127.372343
,-9.0,50,1129.015858
,-37.0,50,1130.660953
,-23.0,50,1132.357237
,-14.0,50,1134.035658
,-45.0,50,1135.714463
,-47.0,50,1137.416555
,0.0,50,1139.071823
,0.0,50,1140.735316
,-16.0,50,1142.443314
,-45.0,50,1144.085539
,-50.0,50,1145.748318
,-34.0,50,1147.41857
,-26.0,50,1149.146192
,-43.0,50,1150.762959
,-26.0,50,1152.470144
,-17.0,50,1154.114548
,0.0,50,1155.805581
,-15.0,50,1157.457955
,-32.0,50,1159.142718
,-25.0,50,1160.794817
,-14.0,50,1162.46396
,-19.0,50,1164.127344
,-19.0,50,1165.813479
,0.0,50,1167.425816
,-12.0,50,1169.131976
,-47.0,50,1170.806295
,-27.0,50,1172.464746
,-33.0,50,1174.11054
,-7.0,50,1175.828193
,-12.0,50,1177.478485
,-30.0,50,1179.186665
,-20.0,50,1180.859342
,-24.0,50,1182.539962
,-39.0,50,1184.234618
,-16.0,50,1185.929248
,-18.0,50,1187.597004
,-12.0,50,1189.246408
,-42.0,50,1190.973208
,-17.0,50,1192.605134
,-16.0,50,1194.319965
,-12.0,50,1196.000488
,-19.0,50,1196.296256
,-14.0,50,1196.56305
,-8.0,50,1196.836175
,-7.0,50,1197.129498
,-11.0,50,1197.409098
,-7.0,50,1197.688497
,-5.0,50,1198.012441
,-41.0,50,1198.283851
,-11.0,50,1198.583735
,0.0,50,1198.844585
,-18.0,50,1200.522449
,-12.0,50,1202.188797
,-13.0,50,1203.905018
,-13.0,50,1205.583312
,-24.0,50,1207.230147
,-18.0,50,1208.888656
,-50.0,50,1210.603604
,-21.0,50,1212.265692
,-18.0,50,1213.925337
,-9.0,50,1215.594446
,-21.0,50,1217.284261
,-5.0,50,1218.96276
,-38.0,50,1220.632876
,-18.0,50,1222.276704
,-44.0,50,1223.948089
,-19.0,50,1225.614398
,-32.0,50,1227.297558
,-46.0,50,1228.975035
,-16.0,50,1230.601176
,-17.0,50,1232.278226
,0.0,50,1233.95514
,-13.0,50,1235.602849
,0.0,50,1237.33384
,0.0,50,1239.027115
,-12.0,50,1240.697567
,-12.0,50,1242.340304
,-6.0,50,1244.001962
,-35.0,50,1245.674389
,-21.0,50,1247.355898
,-50.0,50,1249.018075
,-15.0,50,1250.733524
,-10.0,50,1252.395844
,-12.0,50,1254.069425
,-8.0,50,1255.760727
,-27.0,50,1257.406878
,-34.0,50,1259.096944
,-17.0,50,1260.817617
,-27.0,50,1262.47556
,0.0,50,1264.124007
,-12.0,50,1265.798267
,-47.0,50,1267.524656
,-42.0,50,1269.198594
,-19.0,50,1270.84872
,-49.0,50,1272.527847
,-50.0,50,1274.2043
,-14.0,50,1275.859894
,-38.0,50,1277.576647
,0.0,50,1279.198993
,-15.0,50,1280.866969
,-11.0,50,1282.577544
,-14.0,50,1282.866247
,-10.0,50,1283.153186
,0.0,50,1283.4231
,-6.0,50,1283.704283
,-10.0,50,1283.965006
,-12.0,50,1284.255285
,-43.0,50,1284.533319
,-11.0,50,1284.805181
,-5.0,50,1285.068046
,-15.0,50,1285.441812
,-37.0,50,1287.104182
,-13.0,50,1288.784444
,-23.0,50,1290.494363
,-11.0,50,1292.118078
,-16.0,50,1293.818645
,-36.0,50,1295.49133
,-21.0,50,1297.142454
,-46.0,50,1298.845535
,-28.0,50,1300.477736
,-13.0,50,1302.222603
,-24.0,50,1303.868312
,-16.0,50,1305.515497
,-12.0,50,1307.198879
,-24.0,50,1308.886258
,-50.0,50,1310.53824
,-19.0,50,1312.244586
,-18.0,50,1313.926068
,-21.0,50,1315.605388
,-28.0,50,1317.306991
,-13.0,50,1318.987983
,-48.0,50,1320.651643
,-47.0,50,1322.303111
,-19.0,50,1323.958103
,-32.0,50,1325.66931
,-13.0,50,1327.362151
,-10.0,50,1329.048953
,-25.0,50,1330.744782
,-22.0,50,1332.424626
,0.0,50,1334.099153
,-26.0,50,1335.77695
,-14.0,50,1337.486492
,-9.0,50,1339.186284
,-17.0,50,1340.836263
,-25.0,50,1342.555274
,-12.0,50,1344.190072
,-24.0,50,1345.867755
,-12.0,50,1347.547354
,-4.0,50,1349.259216
,-14.0,50,1350.907961
,-14.0,50,1352.589484
,-15.0,50,1354.274514
,-14.0,50,1355.977201
,-43.0,50,1357.685632
,-13.0,50,1359.324291
,-13.0,50,1361.063926
,-20.0,50,1362.765181
,-20.0,50,1364.424982
,0.0,50,1366.136943
,-18.0,50,1367.796192
,-10.0,50,1369.514547
,0.0,50,1369.808919
,-5.0,50,1370.117966
,-7.0,50,1370.383891
,-3.0,50,1370.662167
,-15.0,50,1370.934758
,-8.0,50,1371.242998
,-8.0,50,1371.535641
,0.0,50,1371.832043
,-11.0,50,1372.101503
,-12.0,50,1372.373351
,-5.0,50,1374.045264
,-21.0,50,1375.72317
,-31.0,50,1377.388712
,0.0,50,1379.077328
,-21.0,50,1380.784147
,-21.0,50,1382.452807
,-19.0,50,1384.167283
,-6.0,50,1385.792508
,-24.0,50,1387.49763
,-44.0,50,1389.16588
,-25.0,50,1390.840021
,-31.0,50,1392.538735
,-15.0,50,1394.277002
,-24.0,50,1395.918792
,-18.0,50,1397.673934
,-18.0,50,1399.316949
,-14.0,50,1401.006323
,-8.0,50,1402.697588
,-50.0,50,1404.417346
,-14.0,50,1406.085716
,-50.0,50,1407.783365
,-25.0,50,1409.449905
,-23.0,50,1411.125694
,-18.0,50,1412.840472
,-15.0,50,1414.492192
,-20.0,50,1416.221817
,-25.0,50,1417.94237
,-49.0,50,1419.597028
,-14.0,50,1421.284642
,-5.0,50,1422.980479
,-18.0,50,1424.659074
,-43.0,50,1426.347109
,-11.0,50,1428.025617
,-11.0,50,1429.686777
,-13.0,50,1431.36876
,-35.0,50,1433.058797
,-4.0,50,1434.729382
,-15.0,50,1436.454106
,-17.0,50,1438.162402
,-10.0,50,1439.835953
,-13.0,50,1441.551552
,-7.0,50,1443.25725
,-47.0,50,1444.913614
,-50.0,50,1446.640317
,-13.0,50,1448.305402
,-31.0,50,1449.995222
,0.0,50,1451.672025
,-24.0,50,1453.387065
,-13.0,50,1455.0643
,-13.0,50,1456.807413
,-49.0,50,1457.088079
,-14.0,50,1457.361523
,-13.0,50,1457.637959
,-11.0,50,1457.921992
,-7.0,50,1458.198613
,-4.0,50,1458.505539
,-12.0,50,1458.770002
,-6.0,50,1459.015872
,-27.0,50,1459.273307
,-45.0,50,1459.669878
,-18.0,50,1461.349881
,-23.0,50,1463.028288
,0.0,50,1464.705392
,-27.0,50,1466.409342
,-21.0,50,1468.073752
,-22.0,50,1469.802398
,-19.0,50,1471.518997
,-5.0,50,1473.190435
,0.0,50,1474.887318
,-27.0,50,1476.603482
,-9.0,50,1478.291312
,-25.0,50,1479.947552
,-40.0,50,1481.655288
,-15.0,50,1483.362278
,-39.0,50,1485.064821
,-35.0,50,1486.740224
,-29.0,50,1488.407998
,-4.0,50,1490.110254
,-25.0,50,1491.819337
,-48.0,50,1493.47692
,-41.0,50,1495.206131
,-21.0,50,1496.898942
,-45.0,50,1498.599646
,0.0,50,1500.247488
,-4.0,50,1501.93414
,-26.0,50,1503.637562
,-17.0,50,1505.306899
,-17.0,50,1506.99111
,-30.0,50,1508.695283
,0.0,50,1510.364614
,-9.0,50,1512.052249
,0.0,50,1513.728825
,-16.0,50,1515.402587
,-22.0,50,1517.080893
,-15.0,50,1518.788591
,-42.0,50,1520.499423
,-3.0,50,1522.161098
,-12.0,50,1523.845315
,0.0,50,1525.558754
,-49.0,50,1527.255943
,-24.0,50,1528.928837
,-15.0,50,1530.634718
,-21.0,50,1532.340309
,-9.0,50,1534.041395
,-16.0,50,1535.683286
,-20.0,50,1537.456284
,0.0,50,1539.117391
,-16.0,50,1540.825002
,-18.0,50,1542.52624
,-7.0,50,1544.226779
,-9.0,50,1544.510755
,-13.0,50,1544.766415
,-14.0,50,1545.043998
,-29.0,50,1545.327618
,-11.0,50,1545.594503
,-12.0,50,1545.876186
,-7.0,50,1546.175637
,-6.0,50,1546.460486
,-9.0,50,1546.719414
,-16.0,50,1547.036051
,-14.0,50,1548.746104
,-14.0,50,1550.40563
,-6.0,50,1552.139689
,-18.0,50,1553.786086
,-8.0,50,1555.486287
,-19.0,50,1557.193351
,-29.0,50,1558.915988
,-23.0,50,1560.632465
,-20.0,50,1562.291783
,-17.0,50,1564.05133
,-22.0,50,1565.727388
,-34.0,50,1567.379464
,-18.0,50,1569.090042
,0.0,50,1570.762803
,-18.0,50,1572.445089
,-8.0,50,1574.18801
,-20.0,50,1575.886567
,-23.0,50,1577.57978
,0.0,50,1579.256649
,-18.0,50,1580.93812
,-27.0,50,1582.652353
,-7.0,50,1584.346431
,-8.0,50,1586.034473
,-10.0,50,1587.719569
,-17.0,50,1589.422485
,-7.0,50,1591.076101
,-17.0,50,1592.800773
,-10.0,50,1594.486956
,-11.0,50,1596.161464
,-24.0,50,1597.853854
,-23.0,50,1599.562561
,-22.0,50,1601.302715
,-11.0,50,1603.012266
,-15.0,50,1604.702212
,0.0,50,1606.402863
,-30.0,50,1608.165697
,-12.0,50,1609.818382
,-19.0,50,1611.478852
,-10.0,50,1613.193222
,-22.0,50,1614.918307
,-32.0,50,1616.636679
,0.0,50,1618.308751
,-21.0,50,1620.035669
,-14.0,50,1621.733088
,-13.0,50,1623.411581
,-10.0,50,1625.123233
,-24.0,50,1626.821398
,-8.0,50,1628.563707
,-11.0,50,1630.21767
,-9.0,50,1631.899121
,-12.0,50,1632.196308
,-12.0,50,1632.483995
,-9.0,50,1632.76446
,-14.0,50,1633.047092
,-11.0,50,1633.333589
,-8.0,50,1633.636371
,0.0,50,1633.917951
,-12.0,50,1634.183634
,-8.0,50,1634.4328
,-17.0,50,1634.697587
,-15.0,50,1636.444179
,-18.0,50,1638.09747
,-15.0,50,1639.808062
,-3.0,50,1641.523638
,-24.0,50,1643.185162
,-30.0,50,1644.901377
,-38.0,50,1646.616743
,-7.0,50,1648.313643
,-14.0,50,1650.036304
,-11.0,50,1651.742465
,-10.0,50,1653.413696
,-13.0,50,1655.111877
,-18.0,50,1656.854886
,-13.0,50,1658.528505
,-9.0,50,1660.229377
,-20.0,50,1661.949588
,0.0,50,1663.654189
,-8.0,50,1665.351904
,-15.0,50,1667.061856
,-21.0,50,1668.797701
,-18.0,50,1670.503298
,-16.0,50,1672.164135
,-28.0,50,1673.854079
,-18.0,50,1675.578873
,-21.0,50,1677.265972
,-14.0,50,1678.96559
,-40.0,50,1680.646809
,-5.0,50,1682.328363
,-14.0,50,1684.007928
,-13.0,50,1685.696003
,-10.0,50,1687.442023
,-17.0,50,1689.093979
,-20.0,50,1690.799577
,-16.0,50,1692.510922
,0.0,50,1694.175834
,-25.0,50,1695.881338
,-18.0,50,1697.590948
,-17.0,50,1699.271953
,-10.0,50,1700.980384
,-5.0,50,1702.629958
,-20.0,50,1704.379573
,-14.0,50,1706.102826
,-22.0,50,1707.746866
,-14.0,50,1709.474677
,0.0,50,1711.222614
,-10.0,50,1712.889225
,-22.0,50,1714.593303
,-7.0,50,1716.268682
,-25.0,50,1718.004887
,-5.0,50,1719.766297
,-12.0,50,1720.049863
,-8.0,50,1720.332602
,-9.0,50,1720.649051
,-10.0,50,1720.928677
,-5.0,50,1721.240443
,0.0,50,1721.514712
,-7.0,50,1721.804157
,-8.0,50,1722.092022
,-6.0,50,1722.318719
,-21.0,50,1722.595935
,-10.0,50,1724.284187
,-17.0,50,1725.988115
,-32.0,50,1727.688184
,-10.0,50,1729.416993
,-27.0,50,1731.079254
,-28.0,50,1732.789828
,-23.0,50,1734.466261
,-18.0,50,1736.170794
,-20.0,50,1737.890068
,-44.0,50,1739.601188
,-13.0,50,1741.323274
,-33.0,50,1743.013987
,-30.0,50,1744.721556
,-14.0,50,1746.418103
,-12.0,50,1748.106679
,-23.0,50,1749.881502
,-22.0,50,1751.535833
,-10.0,50,1753.236031
,-15.0,50,1754.922523
,0.0,50,1756.604354
,-43.0,50,1758.347871
,-10.0,50,1760.051669
,-35.0,50,1761.790526
,-31.0,50,1763.487008
,-20.0,50,1765.186124
,-28.0,50,1766.881393
,-13.0,50,1768.599319
,-21.0,50,1770.381959
,-7.0,50,1772.024677
,-36.0,50,1773.746213
,-30.0,50,1775.476557
,-16.0,50,1777.152613
,-4.0,50,1778.843398
,-1.0,50,1780.558965
,-21.0,50,1782.250949
,-20.0,50,1783.963261
,-47.0,50,1785.647882
,-29.0,50,1787.41477
,-10.0,50,1789.101157
,-16.0,50,1790.825012
,-28.0,50,1792.525974
,-20.0,50,1794.210073
,-17.0,50,1795.875471
,-33.0,50,1797.604579
,-12.0,50,1799.298916
,-15.0,50,1800.976428
,-9.0,50,1802.662786
,-9.0,50,1804.387744
,-15.0,50,1806.11787
,-9.0,50,1807.84449
,-14.0,50,1808.121883
,0.0,50,1808.402954
,-12.0,50,1808.657735
,-48.0,50,1808.917454
,-17.0,50,1809.172377
,-7.0,50,1809.462128
,-14.0,50,1809.748596
,-8.0,50,1810.031684
,0.0,50,1810.319836
,-15.0,50,1810.642
,-17.0,50,1812.379057
,-32.0,50,1814.076246
,-35.0,50,1815.828843
,-25.0,50,1817.504259
,0.0,50,1819.209105
,-12.0,50,1820.872312
,-9.0,50,1822.580054
,-20.0,50,1824.361813
,-19.0,50,1826.029816
,-28.0,50,1827.748545
,-10.0,50,1829.416108
,-39.0,50,1831.102209
,-27.0,50,1832.812652
,-14.0,50,1834.514097
,-27.0,50,1836.249264
,-23.0,50,1837.910604
,0.0,50,1839.602613
,-21.0,50,1841.360358
,-13.0,50,1843.032724
,-8.0,50,1844.725101
,-22.0,50,1846.417004
,-7.0,50,1848.148678
,-27.0,50,1849.815844
,-11.0,50,1851.526902
,-18.0,50,1853.275868
,-26.0,50,1854.955931
,-10.0,50,1856.652557
,-13.0,50,1858.400146
,-32.0,50,1860.09569
,-25.0,50,1861.81436
,-22.0,50,1863.488107
,-16.0,50,1865.210414
,-7.0,50,1866.958919
,-19.0,50,1868.652505
,-15.0,50,1870.355678
,0.0,50,1872.128949
,-10.0,50,1873.812068
,-17.0,50,1875.519828
,0.0,50,1877.216014
,-14.0,50,1878.880673
,-16.0,50,1880.630158
,-39.0,50,1882.320228
,-16.0,50,1884.031243
,-20.0,50,1885.758328
,-16.0,50,1887.496392
,-15.0,50,1889.191249
,-5.0,50,1890.890596
,-25.0,50,1892.59238
,-20.0,50,1894.340035
,-6.0,50,1896.028619
,-7.0,50,1896.319958
,-8.0,50,1896.597632
,-4.0,50,1896.891755
,-13.0,50,1897.149817
,-7.0,50,1897.445717
,-11.0,50,1897.715253
,0.0,50,1898.001855
,-9.0,50,1898.275132
,-9.0,50,1898.54806
,-20.0,50,1898.869548
,-13.0,50,1900.549914
,-30.0,50,1902.321403
,-19.0,50,1904.008831
,-27.0,50,1905.654353
,-14.0,50,1907.381592
,-11.0,50,1909.089479
,0.0,50,1910.788122
,0.0,50,1912.503963
,-21.0,50,1914.233872
,-27.0,50,1915.892911
,-13.0,50,1917.630773
,-8.0,50,1919.29338
,-16.0,50,1921.008813
,-24.0,50,1922.72777
,-11.0,50,1924.417136
,0.0,50,1926.096719
,-8.0,50,1927.863724
,0.0,50,1929.523761
,-20.0,50,1931.23934
,-15.0,50,1932.977161
,-17.0,50,1934.729676
,-20.0,50,1936.369816
,-25.0,50,1938.100438
,-26.0,50,1939.823136
,-9.0,50,1941.53729
,-13.0,50,1943.271669
,-8.0,50,1944.982834
,-15.0,50,1946.714584
,-10.0,50,1948.398361
,-27.0,50,1950.167268
,-12.0,50,1951.857574
,-18.0,50,1953.574545
,-15.0,50,1955.267037
,-13.0,50,1956.982338
,-9.0,50,1958.675919
,-14.0,50,1960.427223
,-22.0,50,1962.098547
,-50.0,50,1963.863616
,-21.0,50,1965.506896
,-20.0,50,1967.244576
,-17.0,50,1969.027647
,-11.0,50,1970.698269
,-15.0,50,1972.411181
,-19.0,50,1974.144942
,-21.0,50,1975.810418
,-16.0,50,1977.510193
,-19.0,50,1979.254
,-10.0,50,1980.938129
,-12.0,50,1982.636961
,-7.0,50,1984.402284
,-2.0,50,1984.696608
,-5.0,50,1984.960369
,-4.0,50,1985.24221
,-8.0,50,1985.516927
,-13.0,50,1985.788272
,-9.0,50,1986.061925
,-12.0,50,1986.352863
,-12.0,50,1986.653928
,-11.0,50,1986.909919
,-12.0,50,1987.242399
,-50.0,50,1988.918733
,-11.0,50,1990.680372
,-20.0,50,1992.339894
,-25.0,50,1994.045501
,-6.0,50,1995.789139
,-17.0,50,1997.485633
,-33.0,50,1999.256964
,-10.0,50,2000.961483
,-24.0,50,2002.648504
,-24.0,50,2004.409474
,-22.0,50,2006.11427
,-16.0,50,2007.810444
,-21.0,50,2009.515104
,-9.0,50,2011.187299
,-22.0,50,2012.908453
,-17.0,50,2014.641855
,-9.0,50,2016.339384
,-27.0,50,2018.020811
,-7.0,50,2019.796059
,-12.0,50,2021.471027
,-13.0,50,2023.236096
,-14.0,50,2024.916962
,-28.0,50,2026.671211
,-23.0,50,2028.327647
,-36.0,50,2030.086022
,-21.0,50,2031.814399
,0.0,50,2033.46324
,-9.0,50,2035.189637
,-10.0,50,2036.947479
,-34.0,50,2038.672269
,0.0,50,2040.319803
,-19.0,50,2042.057033
,0.0,50,2043.791854
,-18.0,50,2045.50246
,-19.0,50,2047.225441
,-11.0,50,2048.94287
,-12.0,50,2050.644675
,-22.0,50,2052.340945
,-14.0,50,2054.060153
,-28.0,50,2055.809998
,-10.0,50,2057.52739
,-15.0,50,2059.215687
,-13.0,50,2060.944619
,-15.0,50,2062.694403
,-21.0,50,2064.41726
,-37.0,50,2066.130169
,-18.0,50,2067.815714
,-16.0,50,2069.588403
,-29.0,50,2071.296871
,-6.0,50,2073.061004
,-10.0,50,2073.340868
,-8.0,50,2073.609096
,-13.0,50,2073.880046
,-9.0,50,2074.127789
,-12.0,50,2074.388949
,-13.0,50,2074.663892
,-13.0,50,2074.919032
,-10.0,50,2075.171045
,-9.0,50,2075.457362
,-19.0,50,2075.889972
,-11.0,50,2077.5559
,-29.0,50,2079.315433
,0.0,50,2081.004222
,-21.0,50,2082.724002
,-10.0,50,2084.388708
,-37.0,50,2086.161653
,-17.0,50,2087.862598
,-11.0,50,2089.563152
,-25.0,50,2091.299515
,-13.0,50,2093.015142
,-30.0,50,2094.710745
,-24.0,50,2096.452399
,-10.0,50,2098.17362
,0.0,50,2099.896622
,-13.0,50,2101.602403
,-39.0,50,2103.337462
,-29.0,50,2105.026403
,-21.0,50,2106.766394
,-25.0,50,2108.485462
,-26.0,50,2110.211514
,-21.0,50,2111.877372
,-26.0,50,2113.61204
,-12.0,50,2115.307915
,-9.0,50,2117.056642
,-16.0,50,2118.777871
,-25.0,50,2120.494567
,0.0,50,2122.186463
,-13.0,50,2123.914066
,-6.0,50,2125.64131
,-14.0,50,2127.349846
,-27.0,50,2129.099029
,-15.0,50,2130.831117
,-47.0,50,2132.47649
,-8.0,50,2134.209221
,-42.0,50,2135.958033
,-33.0,50,2137.652507
,-25.0,50,2139.379146
,-35.0,50,2141.102926
,-13.0,50,2142.857245
,-20.0,50,2144.551178
,-20.0,50,2146.278526
,-12.0,50,2147.95743
,-13.0,50,2149.748193
,-6.0,50,2151.4123
,0.0,50,2153.150626
,-16.0,50,2154.915781
,-10.0,50,2156.636108
,-16.0,50,2158.355666
,-25.0,50,2160.104544
,-14.0,50,2161.800978
,-9.0,50,2162.086091
,0.0,50,2162.364143
,0.0,50,2162.653397
,-7.0,50,2162.95492
,-9.0,50,2163.22378
,-10.0,50,2163.512842
,-23.0,50,2163.820487
,-9.0,50,2164.094876
,-9.0,50,2164.336446
,-50.0,50,2164.644683
,-10.0,50,2166.385566
,-29.0,50,2168.112034
,-18.0,50,2169.76507
,-23.0,50,2171.500353
,-19.0,50,2173.256979
,-23.0,50,2174.976875
,-36.0,50,2176.68865
,-22.0,50,2178.464179
,-25.0,50,2180.149209
,-13.0,50,2181.86099
,-11.0,50,2183.570205
,-14.0,50,2185.338225
,-17.0,50,2187.02386
,-14.0,50,2188.753871
,-12.0,50,2190.443512
,-19.0,50,2192.191704
,-12.0,50,2193.935694
,-16.0,50,2195.685442
,-13.0,50,2197.441072
,-16.0,50,2199.112212
,-14.0,50,2200.865973
,-13.0,50,2202.600361
,-12.0,50,2204.282284
,-13.0,50,2206.011406
,-7.0,50,2207.741627
,-21.0,50,2209.423787
,-10.0,50,2211.141756
,-15.0,50,2212.892694
,-11.0,50,2214.608079
,-3.0,50,2216.288064
,-16.0,50,2218.044397
,-23.0,50,2219.758638
,-6.0,50,2221.506807
,0.0,50,2223.208345
,-38.0,50,2224.901155
,-12.0,50,2226.596449
,-36.0,50,2228.401041
,-11.0,50,2230.124979
,-25.0,50,2231.802299
,-27.0,50,2233.544744
,-18.0,50,2235.267963
,-11.0,50,2237.015569
,-11.0,50,2238.806206
,-18.0,50,2240.484814
,-23.0,50,2242.226917
,-13.0,50,2243.946646
,-44.0,50,2245.699769
,-15.0,50,2247.39051
,-25.0,50,2249.085677
,-7.0,50,2250.84235
,-13.0,50,2251.117736
,-11.0,50,2251.402918
,-8.0,50,2251.708733
,-9.0,50,2251.992464
,0.0,50,2252.268189
,0.0,50,2252.540637
,-8.0,50,2252.835493
,-5.0,50,2253.116599
,-12.0,50,2253.394177
,-13.0,50,2253.685128
,0.0,50,2255.35486
,-18.0,50,2257.105245
,-19.0,50,2258.822374
,0.0,50,2260.571132
,0.0,50,2262.251045
,-22.0,50,2264.000473
,-27.0,50,2265.718216
,-16.0,50,2267.470332
,-31.0,50,2269.208552
,-16.0,50,2270.911135
,-13.0,50,2272.674548
,0.0,50,2274.354167
,-20.0,50,2276.091765
,-14.0,50,2277.816574
,-19.0,50,2279.509264
,-21.0,50,2281.252272
,-17.0,50,2282.976805
,-11.0,50,2284.749051
,-27.0,50,2286.456218
,-25.0,50,2288.164312
,-14.0,50,2289.877848
,-29.0,50,2291.593803
,-13.0,50,2293.305599
,-12.0,50,2295.046267
,-14.0,50,2296.770562
,-19.0,50,2298.559269
,-25.0,50,2300.241314
,-19.0,50,2301.931545
,-16.0,50,2303.679944
,-13.0,50,2305.392293
,-17.0,50,2307.111068
,-22.0,50,2308.845223
,-16.0,50,2310.599476
,-29.0,50,2312.354949
,-18.0,50,2314.050414
,-29.0,50,2315.775879
,-16.0,50,2317.489546
,-14.0,50,2319.199903
,-13.0,50,2320.882255
,-20.0,50,2322.646632
,-22.0,50,2324.361036
,-26.0,50,2326.127912
,-25.0,50,2327.787446
,0.0,50,2329.529435
,-24.0,50,2331.250104
,-10.0,50,2332.95903
,-16.0,50,2334.671317
,-8.0,50,2336.383456
,-11.0,50,2338.113021
,-10.0,50,2339.848463
,-10.0,50,2340.121212
,-12.0,50,2340.377305
,-6.0,50,2340.654254
,-7.0,50,2340.920774
,-13.0,50,2341.201269
,-6.0,50,2341.47034
,-7.0,50,2341.759959
,-8.0,50,2342.03833
,-12.0,50,2342.293645
,-27.0,50,2342.653024
,-25.0,50,2344.390635
,-5.0,50,2346.169644
,-19.0,50,2347.861228
,-22.0,50,2349.611064
,0.0,50,2351.335697
,-15.0,50,2353.072577
,-3.0,50,2354.780799
,-30.0,50,2356.532952
,-23.0,50,2358.272927
,-14.0,50,2359.983222
,-19.0,50,2361.697117
,-17.0,50,2363.438903
,-22.0,50,2365.135692
,-32.0,50,2366.828398
,-18.0,50,2368.590351
,-4.0,50,2370.306962
,-48.0,50,2372.070768
,-15.0,50,2373.779984
,-13.0,50,2375.536566
,-26.0,50,2377.213719
,-19.0,50,2379.00265
,-10.0,50,2380.678225
,0.0,50,2382.437207
,-18.0,50,2384.140834
,-42.0,50,2385.877231
,-11.0,50,2387.63781
,-21.0,50,2389.319877
,-14.0,50,2391.061745
,-17.0,50,2392.794851
,-20.0,50,2394.563941
,-28.0,50,2396.320945
,-23.0,50,2398.047934
,-29.0,50,2399.762012
,-20.0,50,2401.492468
,0.0,50,2403.204593
,-19.0,50,2404.879657
,0.0,50,2406.663465
,-16.0,50,2408.409335
,-3.0,50,2410.11228
,-14.0,50,2411.858248
,-13.0,50,2413.620594
,-16.0,50,2415.352159
,-34.0,50,2417.054013
,-16.0,50,2418.831061
,-17.0,50,2420.531862
,-21.0,50,2422.251853
,-21.0,50,2423.979781
,-13.0,50,2425.70448
,-16.0,50,2427.423914
,-12.0,50,2429.160895
,-6.0,50,2429.42475
,0.0,50,2429.703123
,-11.0,50,2429.997569
,-14.0,50,2430.270557
,-7.0,50,2430.548851
,-11.0,50,2430.830775
,-10.0,50,2431.125444
,0.0,50,2431.418154
,-12.0,50,2431.664565
,-5.0,50,2432.031987
,-27.0,50,2433.781657
,-21.0,50,2435.472274
,-14.0,50,2437.190667
,0.0,50,2438.932595
,-24.0,50,2440.694796
,-11.0,50,2442.432239
,-20.0,50,2444.15998
,-9.0,50,2445.91154
,-6.0,50,2447.58121
,-16.0,50,2449.364009
,-10.0,50,2451.056241
,-10.0,50,2452.807501
,-18.0,50,2454.514323
,-18.0,50,2456.249174
,-16.0,50,2458.032954
,-10.0,50,2459.754982
,-22.0,50,2461.491954
,-12.0,50,2463.195128
,-15.0,50,2464.951446
,-16.0,50,2466.665354
,-22.0,50,2468.381847
,-14.0,50,2470.176195
,-13.0,50,2471.912659
,-17.0,50,2473.586389
,-15.0,50,2475.356116
,-9.0,50,2477.11711
,-20.0,50,2478.833268
,-27.0,50,2480.552348
,-50.0,50,2482.367018
,-18.0,50,2484.032156
,-15.0,50,2485.82443
,-36.0,50,2487.570925
,-10.0,50,2489.272711
,-18.0,50,2491.009934
,0.0,50,2492.756804
,-10.0,50,2494.504103
,-5.0,50,2496.184602
,-21.0,50,2497.974404
,-19.0,50,2499.672414
,-16.0,50,2501.454827
,-17.0,50,2503.166733
,-41.0,50,2504.906064
,-9.0,50,2506.666106
,-16.0,50,2508.386501
,-16.0,50,2510.120526
,-14.0,50,2511.851533
,-13.0,50,2513.565911
,-28.0,50,2515.345216
,-25.0,50,2517.053534
,-11.0,50,2518.840934
,-14.0,50,2519.109652
,-11.0,50,2519.379563
,-16.0,50,2519.667461
,-9.0,50,2519.937229
,-16.0,50,2520.204206
,-29.0,50,2520.466617
,-13.0,50,2520.734318
,-10.0,50,2521.000906
,-12.0,50,2521.291125
,-24.0,50,2521.686287
,-24.0,50,2523.404076
,-23.0,50,2525.144978
,-12.0,50,2526.895789
,-10.0,50,2528.645658
,-50.0,50,2530.377634
,-29.0,50,2532.145885
,-34.0,50,2533.879604
,-21.0,50,2535.58921
,-29.0,50,2537.297838
,-38.0,50,2539.035809
,-22.0,50,2540.776514
,-21.0,50,2542.482486
,-11.0,50,2544.246309
,-21.0,50,2546.033015
,-29.0,50,2547.733102
,-11.0,50,2549.503646
,-7.0,50,2551.202812
,-27.0,50,2552.9469
,-19.0,50,2554.710534
,-22.0,50,2556.455021
,-4.0,50,2558.185691
,-14.0,50,2559.901133
,-9.0,50,2561.634851
,-41.0,50,2563.428837
,-15.0,50,2565.174315
,-8.0,50,2566.905953
,-29.0,50,2568.6464
,-18.0,50,2570.341322
,-19.0,50,2572.097564
,-26.0,50,2573.84685
,-32.0,50,2575.554598
,-12.0,50,2577.355922
,-19.0,50,2579.06508
,-14.0,50,2580.81252
,-4.0,50,2582.543954
,-28.0,50,2584.306191
,-10.0,50,2586.049003
,-38.0,50,2587.781511
,-11.0,50,2589.542559
,-20.0,50,2591.264638
,-27.0,50,2592.986178
,-25.0,50,2594.722857
,-26.0,50,2596.460037
,-45.0,50,2598.224605
,-22.0,50,2599.93283
,-17.0,50,2601.68553
,-25.0,50,2603.365903
,-31.0,50,2605.135788
,-30.0,50,2606.862409
,-8.0,50,2608.619799
,-11.0,50,2608.869597
,-11.0,50,2609.153419
,-11.0,50,2609.423545
,-10.0,50,2609.698302
,-11.0,50,2609.980057
,-8.0,50,2610.248533
,-8.0,50,2610.51702
,-12.0,50,2610.818043
,0.0,50,2611.100743
,-16.0,50,2611.476178
,-19.0,50,2613.193865
,-41.0,50,2614.931487
,-16.0,50,2616.698501
,-11.0,50,2618.423039
,-14.0,50,2620.145545
,-17.0,50,2621.838596
,-20.0,50,2623.603349
,-19.0,50,2625.359981
,-8.0,50,2627.049725
,-18.0,50,2628.837902
,-12.0,50,2630.536321
,-15.0,50,2632.315886
,-17.0,50,2634.049383
,-20.0,50,2635.779989
,-19.0,50,2637.486712
,-18.0,50,2639.210163
,-22.0,50,2640.965858
,-14.0,50,2642.698485
,-7.0,50,2644.438926
,-17.0,50,2646.200777
,-13.0,50,2647.929595
,-19.0,50,2649.642102
,-17.0,50,2651.439814
,-38.0,50,2653.13859
,-10.0,50,2654.929112
,-19.0,50,2656.661161
,-28.0,50,2658.447431
,-11.0,50,2660.200854
,-13.0,50,2661.93203
,-13.0,50,2663.661216
,-20.0,50,2665.408479
,0.0,50,2667.156166
,-40.0,50,2668.909333
,-8.0,50,2670.672278
,-24.0,50,2672.418231
,-11.0,50,2674.172771
,-10.0,50,2675.886627
,-28.0,50,2677.637434
,0.0,50,2679.400255
,-20.0,50,2681.116451
,-23.0,50,2682.871686
,-21.0,50,2684.609262
,-20.0,50,2686.324279
,-41.0,50,2688.065402
,-23.0,50,2689.821393
,-34.0,50,2691.506597
,-14.0,50,2693.301846
,-42.0,50,2695.030697
,-17.0,50,2696.749362
,-6.0,50,2698.537661
,-6.0,50,2698.835691
,-11.0,50,2699.114353
,-10.0,50,2699.372419
,-9.0,50,2699.664915
,-16.0,50,2699.936681
,-11.0,50,2700.197486
,-8.0,50,2700.468657
,-12.0,50,2700.725813
,-12.0,50,2700.996405
,-8.0,50,2701.302901
,0.0,50,2703.066831
,-43.0,50,2704.845566
,-23.0,50,2706.560753
,-5.0,50,2708.349492
,-21.0,50,2710.094428
,-16.0,50,2711.840925
,-41.0,50,2713.544867
,-10.0,50,2715.293146
,-16.0,50,2716.991915
,-26.0,50,2718.71054
,-20.0,50,2720.456671
,-16.0,50,2722.247252
,-13.0,50,2723.968744
,-17.0,50,2725.677868
,-18.0,50,2727.453325
,-21.0,50,2729.192199
,-22.0,50,2730.937202
,-9.0,50,2732.677306
,-8.0,50,2734.419384
,-19.0,50,2736.227126
,-7.0,50,2737.94907
,-15.0,50,2739.694826
,-18.0,50,2741.436443
,0.0,50,2743.154425
,-20.0,50,2744.893622
,-17.0,50,2746.646547
,-24.0,50,2748.344577
,-19.0,50,2750.12569
,-38.0,50,2751.911486
,-27.0,50,2753.64626
,-18.0,50,2755.357932
,-48.0,50,2757.110119
,-26.0,50,2758.881187
,-21.0,50,2760.637129
,-7.0,50,2762.388704
,-12.0,50,2764.166841
,-9.0,50,2765.929241
,-17.0,50,2767.626851
,-17.0,50,2769.426411
,-26.0,50,2771.188879
,-17.0,50,2772.904903
,-23.0,50,2774.673278
,-26.0,50,2776.420003
,-20.0,50,2778.166946
,-11.0,50,2779.893111
,-12.0,50,2781.626394
,-17.0,50,2783.348804
,-17.0,50,2785.190931
,-10.0,50,2786.889174
,-14.0,50,2788.654845
,-13.0,50,2788.902066
,-3.0,50,2789.176819
,-9.0,50,2789.459863
,-5.0,50,2789.720044
,-10.0,50,2789.989695
,-7.0,50,2790.241819
,-11.0,50,2790.527881
,-5.0,50,2790.795381
,-5.0,50,2791.0736
,-21.0,50,2791.497681
,-21.0,50,2793.174022
,-10.0,50,2795.045858
,-12.0,50,2796.76989
,-5.0,50,2798.522361
,-16.0,50,2800.293972
,-28.0,50,2802.036991
,-31.0,50,2803.753949
,-26.0,50,2805.498108
,-27.0,50,2807.330888
,-17.0,50,2809.033521
,-23.0,50,2810.783839
,-20.0,50,2812.546762
,-19.0,50,2814.306067
,-35.0,50,2816.02846
,-3.0,50,2817.751872
,-13.0,50,2819.51434
,-12.0,50,2821.274252
,-13.0,50,2823.033664
,-5.0,50,2824.730603
,-32.0,50,2826.491161
,-37.0,50,2828.262708
,-21.0,50,2829.977611
,-34.0,50,2831.790049
,-23.0,50,2833.531636
,-34.0,50,2835.235268
,-11.0,50,2837.012803
,-17.0,50,2838.801838
,-16.0,50,2840.484035
,-14.0,50,2842.235614
,-22.0,50,2843.997391
,-9.0,50,2845.762246
,-15.0,50,2847.544057
,0.0,50,2849.26399
,-24.0,50,2851.048095
,-13.0,50,2852.766365
,-15.0,50,2854.495152
,0.0,50,2856.244223
,-16.0,50,2858.048333
,-14.0,50,2859.758096
,-15.0,50,2861.498026
,-19.0,50,2863.324011
,-27.0,50,2865.026949
,-17.0,50,2866.778439
,-23.0,50,2868.553255
,-11.0,50,2870.338977
,-16.0,50,2872.07307
,-50.0,50,2873.860734
,-6.0,50,2875.565264
,-26.0,50,2877.36396
,-4.0,50,2879.119954
,-9.0,50,2879.40519
,-11.0,50,2879.692682
,-13.0,50,2879.980173
,-9.0,50,2880.228782
,-4.0,50,2880.507751
,-8.0,50,2880.752205
,-9.0,50,2881.028395
,-10.0,50,2881.297365
,-5.0,50,2881.569907
,-17.0,50,2881.905213
,-16.0,50,2883.641986
,-20.0,50,2885.382404
,-11.0,50,2887.099322
,-14.0,50,2888.833943
,-16.0,50,2890.625327
,-22.0,50,2892.334545
,-17.0,50,2894.109286
,-23.0,50,2895.816278
,-22.0,50,2897.605167
,-18.0,50,2899.388607
,-25.0,50,2901.208807
,-12.0,50,2902.905622
,-34.0,50,2904.708815
,-9.0,50,2906.405164
,-19.0,50,2908.167604
,-12.0,50,2909.930413
,-13.0,50,2911.761679
,-9.0,50,2913.473264
,-23.0,50,2915.23882
,-7.0,50,2916.996757
,0.0,50,2918.779525
,-17.0,50,2920.514624
,-28.0,50,2922.335603
,-10.0,50,2924.105387
,-9.0,50,2925.855112
,-19.0,50,2927.554045
,-12.0,50,2929.279158
,-7.0,50,2931.091946
,-12.0,50,2932.792367
,-23.0,50,2934.557076
,-13.0,50,2936.340121
,-11.0,50,2938.143288
,-39.0,50,2939.930923
,-21.0,50,2941.631569
,-46.0,50,2943.470711
,-35.0,50,2945.217052
,-12.0,50,2946.97352
,-30.0,50,2948.697442
,-14.0,50,2950.463942
,-18.0,50,2952.158794
,-23.0,50,2953.94458
,-22.0,50,2955.664426
,-27.0,50,2957.454828
,-29.0,50,2959.25297
,-28.0,50,2961.035182
,-17.0,50,2962.784513
,-35.0,50,2964.538019
,-28.0,50,2966.280875
,-50.0,50,2968.075251
,0.0,50,2969.801301
,0.0,50,2970.077433
,-9.0,50,2970.356855
,-15.0,50,2970.642245
,-11.0,50,2970.910985
,-11.0,50,2971.175153
,-13.0,50,2971.467781
,-9.0,50,2971.731387
,-7.0,50,2972.016381
,0.0,50,2972.29818
,-12.0,50,2972.699246
,-7.0,50,2974.414603
,-16.0,50,2976.185191
,-39.0,50,2977.947987
,-14.0,50,2979.753194
,-10.0,50,2981.469713
,-22.0,50,2983.266762
,-17.0,50,2985.010942
,-8.0,50,2986.788797
,-17.0,50,2988.543549
,-15.0,50,2990.317655
,-10.0,50,2992.084415
,-13.0,50,2993.820131
,-19.0,50,2995.569337
,-12.0,50,2997.306499
,-13.0,50,2999.115952
,-18.0,50,3000.821124
,0.0,50,3002.549112
,-24.0,50,3004.353261
,-28.0,50,3006.159647
,-21.0,50,3007.876444
,-50.0,50,3009.624987
,-19.0,50,3011.395604
,-23.0,50,3013.151857
,-9.0,50,3014.887858
,-24.0,50,3016.715167
,-12.0,50,3018.400275
,-22.0,50,3020.231334
,-12.0,50,3021.948576
,-10.0,50,3023.755551
,-17.0,50,3025.461725
,-14.0,50,3027.233822
,-9.0,50,3029.010196
,-19.0,50,3030.713251
,-13.0,50,3032.506065
,-22.0,50,3034.320516
,-19.0,50,3036.038991
,-18.0,50,3037.762339
,-12.0,50,3039.520958
,-10.0,50,3041.336958
,-17.0,50,3043.074752
,0.0,50,3044.829268
,-14.0,50,3046.587735
,-4.0,50,3048.347465
,-32.0,50,3050.064216
,-21.0,50,3051.793432
,-14.0,50,3053.574973
,-10.0,50,3055.327297
,-11.0,50,3057.058201
,-17.0,50,3058.876765
,-22.0,50,3060.588649
,-9.0,50,3060.866316
,-9.0,50,3061.124167
,0.0,50,3061.40263
,-11.0,50,3061.678824
,-3.0,50,3061.935048
,-7.0,50,3062.197998
,-13.0,50,3062.459798
,-8.0,50,3062.741308
,-10.0,50,3062.988476
,0.0,50,3063.4618
,-18.0,50,3065.235784
,-10.0,50,3066.984594
,-10.0,50,3068.75227
,-24.0,50,3070.528785
,-16.0,50,3072.284144
,-40.0,50,3074.015044
,-33.0,50,3075.768831
,-13.0,50,3077.572364
,-11.0,50,3079.319741
,-13.0,50,3081.108073
,-15.0,50,3082.89208
,-24.0,50,3084.669469
,-18.0,50,3086.400351
,-21.0,50,3088.126013
,-16.0,50,3089.911379
,-5.0,50,3091.744607
,-14.0,50,3093.471449
,-11.0,50,3095.211323
,-29.0,50,3097.003027
,-13.0,50,3098.782403
,-11.0,50,3100.520262
,-20.0,50,3102.307974
,-2.0,50,3104.038679
,-21.0,50,3105.813944
,-11.0,50,3107.541963
,-14.0,50,3109.380508
,-23.0,50,3111.113801
,-14.0,50,3112.848495
,-20.0,50,3114.628083
,-24.0,50,3116.422107
,-25.0,50,3118.15428
,-25.0,50,3119.915966
,-7.0,50,3121.68241
,-14.0,50,3123.494839
,-13.0,50,3125.236051
,-16.0,50,3127.030555
,-18.0,50,3128.758635
,-14.0,50,3130.573624
,-11.0,50,3132.290127
,-21.0,50,3134.081558
,-27.0,50,3135.866458
,-34.0,50,3137.623702
,-29.0,50,3139.433037
,-8.0,50,3141.195438
,-15.0,50,3142.885435
,-14.0,50,3144.666919
,-7.0,50,3146.413019
,-11.0,50,3148.22252
,-8.0,50,3149.948223
,-11.0,50,3151.755926
,-14.0,50,3152.060696
,-6.0,50,3152.32925
,-3.0,50,3152.618786
,-10.0,50,3152.892478
,-9.0,50,3153.173934
,-8.0,50,3153.458557
,-13.0,50,3153.732957
,-13.0,50,3154.004703
,0.0,50,3154.279786
,-16.0,50,3154.552828
,0.0,50,3156.316244
,-24.0,50,3158.049505
,-11.0,50,3159.838801
,-16.0,50,3161.589607
,0.0,50,3163.376683
,-8.0,50,3165.15117
,-3.0,50,3166.879346
,-13.0,50,3168.666836
,-11.0,50,3170.409308
,-5.0,50,3172.19317
,-23.0,50,3173.913092
,0.0,50,3175.747446
,-25.0,50,3177.522301
,-18.0,50,3179.276474
,-8.0,50,3180.971057
,-11.0,50,3182.745203
,-36.0,50,3184.520193
,0.0,50,3186.28482
,-19.0,50,3188.082861
,-16.0,50,3189.849881
,-6.0,50,3191.575521
,-34.0,50,3193.363873
,-40.0,50,3195.147954
,-45.0,50,3196.948443
,-19.0,50,3198.732066
,-4.0,50,3200.514317
,-19.0,50,3202.27531
,-24.0,50,3204.042669
,-18.0,50,3205.851907
,-14.0,50,3207.574369
,-13.0,50,3209.372775
,-17.0,50,3211.140007
,-9.0,50,3212.87512
,-37.0,50,3214.679636
,-26.0,50,3216.457824
,-8.0,50,3218.177024
,-12.0,50,3219.952435
,-4.0,50,3221.751253
,-12.0,50,3223.492735
,-14.0,50,3225.28597
,-7.0,50,3227.055965
,-15.0,50,3228.816903
,-14.0,50,3230.582756
,-12.0,50,3232.351317
,0.0,50,3234.086617
,0.0,50,3235.841724
,-20.0,50,3237.665891
,-17.0,50,3239.499353
,-23.0,50,3241.225092
,-8.0,50,3243.077693
,-9.0,50,3243.349353
,-10.0,50,3243.618672
,-46.0,50,3243.950112
,-9.0,50,3244.234726
,-6.0,50,3244.498422
,-12.0,50,3244.763252
,-14.0,50,3245.045261
,-7.0,50,3245.313236
,-10.0,50,3245.575168
,-13.0,50,3245.873643
,-12.0,50,3247.662167
,-19.0,50,3249.396701
,-18.0,50,3251.188889
,-15.0,50,3252.988437
,-18.0,50,3254.726653
,-19.0,50,3256.525644
,-12.0,50,3258.318188
,-19.0,50,3260.132844
,-34.0,50,3261.896479
,-12.0,50,3263.634814
,-10.0,50,3265.399373
,-50.0,50,3267.140459
,0.0,50,3268.924454
,-17.0,50,3270.704197
,-16.0,50,3272.503551
,-11.0,50,3274.261593
,0.0,50,3275.982818
,-12.0,50,3277.785379
,-10.0,50,3279.525127
,-13.0,50,3281.285645
,-30.0,50,3283.07956
,-16.0,50,3284.87752
,-13.0,50,3286.640422
,-50.0,50,3288.41707
,-32.0,50,3290.18453
,-18.0,50,3292.016441
,-20.0,50,3293.770929
,-14.0,50,3295.518458
,-20.0,50,3297.300877
,-15.0,50,3299.002366
,-49.0,50,3300.824496
,-50.0,50,3302.573478
,0.0,50,3304.363317
,-11.0,50,3306.147441
,-19.0,50,3307.869376
,-10.0,50,3309.68803
,-10.0,50,3311.422491
,-34.0,50,3313.236598
,0.0,50,3314.985024
,-21.0,50,3316.748675
,-14.0,50,3318.516671
,-8.0,50,3320.289979
,-19.0,50,3322.083351
,-22.0,50,3323.892268
,-12.0,50,3325.637148
,0.0,50,3327.455209
,-29.0,50,3329.212083
,0.0,50,3331.013219
,-14.0,50,3332.784338
,-8.0,50,3334.664203
,-10.0,50,3334.944686
,-13.0,50,3335.198222
,-13.0,50,3335.462131
,-9.0,50,3335.733055
,-16.0,50,3335.991067
,-6.0,50,3336.26811
,-8.0,50,3336.576738
,-9.0,50,3336.844585
,-11.0,50,3337.133155
,-18.0,50,3337.407681
,-28.0,50,3339.221062
,-26.0,50,3340.963668
,-23.0,50,3342.77402
,-26.0,50,3344.500239
,-7.0,50,3346.280511
,-15.0,50,3348.060718
,-10.0,50,3349.833818
,-14.0,50,3351.606039
,-15.0,50,3353.348876
,-15.0,50,3355.095951
,-8.0,50,3356.876225
,-17.0,50,3358.679138
,-39.0,50,3360.432784
,-33.0,50,3362.227469
,-22.0,50,3363.98568
,-7.0,50,3365.779976
,-15.0,50,3367.555979
,-22.0,50,3369.296274
,-15.0,50,3371.135068
,0.0,50,3372.865095
,-15.0,50,3374.66865
,-17.0,50,3376.435142
,-10.0,50,3378.232249
,-9.0,50,3380.029709
,-26.0,50,3381.729935
,-17.0,50,3383.564443
,-22.0,50,3385.366929
,-15.0,50,3387.150388
,-23.0,50,3388.878956
,-10.0,50,3390.645165
,-23.0,50,3392.502245
,0.0,50,3394.227116
,-24.0,50,3396.04792
,-16.0,50,3397.78679
,-14.0,50,3399.633446
,-25.0,50,3401.368876
,-15.0,50,3403.157847
,-37.0,50,3404.912307
,-12.0,50,3406.675105
,-18.0,50,3408.468253
,-12.0,50,3410.292812
,-11.0,50,3412.004123
,-27.0,50,3413.807956
,-17.0,50,3415.556498
,-13.0,50,3417.328844
,-15.0,50,3419.103881
,-17.0,50,3420.930511
,-12.0,50,3422.701293
,-12.0,50,3424.42855
,-14.0,50,3426.283788
,-12.0,50,3426.569294
,-2.0,50,3426.847538
,-8.0,50,3427.122096
,0.0,50,3427.374968
,-6.0,50,3427.664743
,-17.0,50,3427.940246
,-9.0,50,3428.186579
,-11.0,50,3428.441043
,-6.0,50,3428.711527
,-16.0,50,3429.007154
,-27.0,50,3430.796777
,-12.0,50,3432.576273
,-16.0,50,3434.347111
,-50.0,50,3436.078263
,-46.0,50,3437.874769
,0.0,50,3439.665048
,-16.0,50,3441.45106
,-25.0,50,3443.225738
,-19.0,50,3445.024785
,-14.0,50,3446.846471
,-5.0,50,3448.581545
,-17.0,50,3450.418218
,-9.0,50,3452.222413
,-16.0,50,3454.018906
,-10.0,50,3455.737177
,-19.0,50,3457.594499
,-21.0,50,3459.334252
,-23.0,50,3461.159245
,0.0,50,3462.899435
,-8.0,50,3464.656639
,-4.0,50,3466.468034
,-19.0,50,3468.241035
,-23.0,50,3470.031187
,-21.0,50,3471.78359
,-11.0,50,3473.561566
,-8.0,50,3475.359029
,-19.0,50,3477.167313
,-28.0,50,3478.995759
,-17.0,50,3480.713029
,-16.0,50,3482.480034
,-18.0,50,3484.298826
,-12.0,50,3486.075305
,-12.0,50,3487.846896
,-12.0,50,3489.644742
,-8.0,50,3491.389349
,-15.0,50,3493.189292
,-15.0,50,3494.927327
,-16.0,50,3496.722361
,-12.0,50,3498.52892
,-17.0,50,3500.28581
,-17.0,50,3502.058901
,-50.0,50,3503.843529
,-34.0,50,3505.6705
,-21.0,50,3507.437458
,-18.0,50,3509.204746
,-20.0,50,3511.007886
,-29.0,50,3512.839721
,-20.0,50,3514.591476
,-21.0,50,3516.384543
,-9.0,50,3518.189802
,-6.0,50,3518.471671
,-7.0,50,3518.725752
,-6.0,50,3519.012001
,-10.0,50,3519.286791
,0.0,50,3519.552813
,-4.0,50,3519.8434
,-12.0,50,3520.111283
,-15.0,50,3520.375632
,-12.0,50,3520.638856
