#{"t_start": 1583234305.9407883, "env_id": "FetchPickAndPlace-v1"}
s,r,l,t
,-50.0,50,4.838013
,-50.0,50,6.701741
,-50.0,50,8.297331
,-50.0,50,9.877134
,-50.0,50,11.50088
,-50.0,50,13.070836
,-50.0,50,14.667019
,-50.0,50,16.238152
,-50.0,50,17.83527
,-50.0,50,19.428653
,-50.0,50,21.029564
,-50.0,50,22.599705
,-50.0,50,24.190816
,-50.0,50,25.769384
,0.0,50,27.37083
,-50.0,50,28.948923
,0.0,50,30.543905
,-50.0,50,32.126443
,-50.0,50,33.729353
,-50.0,50,35.31233
,-50.0,50,36.952663
,-50.0,50,38.528501
,-50.0,50,40.119415
,-50.0,50,41.699402
,-50.0,50,43.320216
,-50.0,50,44.899069
,-50.0,50,46.503702
,-50.0,50,48.109286
,-50.0,50,49.727891
,-50.0,50,51.296167
,-50.0,50,52.875696
,-50.0,50,54.473718
,-50.0,50,56.092622
,-50.0,50,57.671211
,-50.0,50,59.26755
,-50.0,50,60.864461
,-50.0,50,62.431968
,-50.0,50,64.024693
,-50.0,50,65.623
,-50.0,50,67.235704
,-50.0,50,68.829036
,-50.0,50,70.428209
,-50.0,50,71.996483
,-50.0,50,73.604423
,-50.0,50,75.166635
,-50.0,50,76.816034
,-50.0,50,78.409883
,-50.0,50,79.997521
,-50.0,50,81.606588
,-50.0,50,83.172843
,-31.0,50,84.883686
,-50.0,50,85.164671
,-50.0,50,85.424623
,-50.0,50,85.670202
,-50.0,50,85.937307
,-50.0,50,86.195766
,-50.0,50,86.463392
,-50.0,50,86.712884
,-50.0,50,86.977097
,-50.0,50,87.214863
,-50.0,50,87.590616
,-50.0,50,89.233791
,-50.0,50,90.86628
,-50.0,50,92.511072
,-50.0,50,94.12768
,-50.0,50,95.790299
,-50.0,50,97.407508
,-50.0,50,99.02094
,-50.0,50,100.679724
,-50.0,50,102.345336
,-50.0,50,103.929808
,-50.0,50,105.57442
,-50.0,50,107.208973
,-50.0,50,108.854882
,-50.0,50,110.468479
,-50.0,50,112.110778
,-50.0,50,113.723532
,-50.0,50,115.346265
,-50.0,50,116.960979
,-50.0,50,118.607058
,-50.0,50,120.214917
,-50.0,50,121.840136
,-50.0,50,123.434384
,-50.0,50,125.071786
,-50.0,50,126.692677
,0.0,50,128.314892
,-50.0,50,129.966202
,-50.0,50,131.572305
,-50.0,50,133.171444
,-50.0,50,134.82922
,-50.0,50,136.440134
,-50.0,50,138.062306
,-50.0,50,139.686782
,-50.0,50,141.300852
,0.0,50,142.88874
,-50.0,50,144.524137
,-50.0,50,146.134045
,-50.0,50,147.785896
,0.0,50,149.405324
,-50.0,50,150.996244
,-50.0,50,152.63622
,-50.0,50,154.231929
,-50.0,50,155.874156
,-50.0,50,157.496383
,-50.0,50,159.138507
,-50.0,50,160.797584
,-50.0,50,162.398423
,-50.0,50,164.038604
,-50.0,50,165.698022
,-50.0,50,167.319386
,-50.0,50,168.942552
,-50.0,50,169.219125
,-50.0,50,169.50149
,-50.0,50,169.757229
,-50.0,50,170.018733
,-50.0,50,170.298053
,-50.0,50,170.547429
,-50.0,50,170.799882
,-50.0,50,171.09468
,-50.0,50,171.361275
,-50.0,50,171.666715
,-50.0,50,173.29236
,-50.0,50,174.910308
,-50.0,50,176.591232
,-50.0,50,178.19855
,-50.0,50,179.81965
,-50.0,50,181.420507
,-50.0,50,183.079441
,-50.0,50,184.697385
,-50.0,50,186.339925
,-50.0,50,187.973731
,-50.0,50,189.596739
,-50.0,50,191.234448
,-50.0,50,192.844022
,-50.0,50,194.489249
,-50.0,50,196.105307
,-50.0,50,197.732539
,-50.0,50,199.383274
,-50.0,50,200.975752
,-50.0,50,202.620692
,-50.0,50,204.241494
,-50.0,50,205.894425
,-50.0,50,207.492691
,-50.0,50,209.114963
,-50.0,50,210.748122
,-50.0,50,212.387566
,-50.0,50,214.02843
,-50.0,50,215.674776
,-50.0,50,217.308032
,-50.0,50,218.968456
,-50.0,50,220.607517
,-50.0,50,222.262405
,-50.0,50,223.902501
,-50.0,50,225.525455
,-50.0,50,227.148106
,-50.0,50,228.796626
,-50.0,50,230.448812
,-50.0,50,232.073292
,-50.0,50,233.722586
,-50.0,50,235.351897
,-50.0,50,236.985518
,-50.0,50,238.594974
,-50.0,50,240.279461
,-50.0,50,241.931452
,-50.0,50,243.552259
,0.0,50,245.198077
,-50.0,50,246.822384
,-50.0,50,248.449143
,-50.0,50,250.079874
,-50.0,50,251.722304
,-50.0,50,253.351631
,-50.0,50,253.620281
,-50.0,50,253.88459
,-50.0,50,254.153847
,-50.0,50,254.422984
,-50.0,50,254.690132
,-50.0,50,254.960374
,-50.0,50,255.233447
,-50.0,50,255.494452
,-50.0,50,255.75112
,-50.0,50,256.028026
,-50.0,50,257.695427
,-50.0,50,259.30813
,-50.0,50,260.978855
,-50.0,50,262.599253
,-50.0,50,264.217999
,-50.0,50,265.849921
,-50.0,50,267.513494
,-50.0,50,269.145132
,0.0,50,270.801592
,-50.0,50,272.498263
,-50.0,50,274.139724
,-50.0,50,275.755107
,-50.0,50,277.428825
,-50.0,50,279.047232
,-50.0,50,280.713547
,-50.0,50,282.357171
,-50.0,50,284.013376
,-50.0,50,285.648
,-50.0,50,287.288112
,-50.0,50,288.968091
,-50.0,50,290.591969
,-50.0,50,292.238883
,-50.0,50,293.873927
,-50.0,50,295.514843
,-50.0,50,297.143493
,-50.0,50,298.808524
,-50.0,50,300.445902
,-50.0,50,302.085709
,-50.0,50,303.711076
,-50.0,50,305.326901
,-50.0,50,306.977687
,-50.0,50,308.660002
,-50.0,50,310.305472
,-50.0,50,311.939356
,-50.0,50,313.587581
,-50.0,50,315.215421
,-50.0,50,316.878792
,-50.0,50,318.515357
,-50.0,50,320.146898
,-50.0,50,321.81242
,-50.0,50,323.476985
,0.0,50,325.117074
,-50.0,50,326.771466
,-50.0,50,328.44575
,-50.0,50,330.107693
,-50.0,50,331.745431
,-50.0,50,333.416132
,-50.0,50,335.059135
,-50.0,50,336.726893
,-50.0,50,338.360946
,-50.0,50,338.624695
,-50.0,50,338.875762
,-50.0,50,339.16155
,-50.0,50,339.452422
,-50.0,50,339.726774
,-50.0,50,339.997308
,-50.0,50,340.271832
,-50.0,50,340.532952
,-50.0,50,340.827988
,-50.0,50,341.105607
,-50.0,50,342.816826
,-50.0,50,344.448802
,-50.0,50,346.12463
,-50.0,50,347.770616
,-50.0,50,349.416521
,-50.0,50,351.055063
,-50.0,50,352.713033
,-50.0,50,354.349077
,-50.0,50,356.0291
,-50.0,50,357.667677
,-50.0,50,359.323066
,-50.0,50,360.95632
,-50.0,50,362.632334
,-50.0,50,364.297051
,-50.0,50,365.935484
,-50.0,50,367.602777
,-50.0,50,369.257857
,-50.0,50,370.927106
,-50.0,50,372.598084
,-50.0,50,374.249061
,-50.0,50,375.902653
,-50.0,50,377.550608
,-50.0,50,379.200206
,-50.0,50,380.836593
,-50.0,50,382.465341
,-50.0,50,384.132346
,-50.0,50,385.786976
,-50.0,50,387.458578
,-50.0,50,389.096685
,-50.0,50,390.786651
,-50.0,50,392.437619
,-50.0,50,394.053926
,-50.0,50,395.748668
,-50.0,50,397.428341
,-50.0,50,399.097424
,-50.0,50,400.736053
,-50.0,50,402.385633
,-50.0,50,404.060976
,-50.0,50,405.712885
,-50.0,50,407.368067
,-50.0,50,409.04462
,-50.0,50,410.715241
,-50.0,50,412.367496
,-50.0,50,413.995623
,-50.0,50,415.681481
,-50.0,50,417.327706
,-50.0,50,418.99976
,-50.0,50,420.639289
,-50.0,50,422.328481
,-50.0,50,424.00415
,-50.0,50,424.265905
,-50.0,50,424.549205
,-50.0,50,424.819078
,-50.0,50,425.076868
,-50.0,50,425.329867
,-50.0,50,425.595414
,-50.0,50,425.844916
,-50.0,50,426.103788
,-50.0,50,426.368872
,-50.0,50,426.794906
,-48.0,50,428.479539
,-50.0,50,430.111776
,-50.0,50,431.793555
,-50.0,50,433.44563
,-50.0,50,435.151661
,-50.0,50,436.794801
,-50.0,50,438.503287
,0.0,50,440.141233
,-50.0,50,441.822629
,-50.0,50,443.464384
,-50.0,50,445.138598
,-31.0,50,446.811143
,-50.0,50,448.5116
,-50.0,50,450.146608
,-50.0,50,451.823683
,-50.0,50,453.474389
,-50.0,50,455.140629
,-50.0,50,456.804233
,-50.0,50,458.499556
,-50.0,50,460.143482
,-50.0,50,461.80196
,-50.0,50,463.449047
,-50.0,50,465.12931
,-50.0,50,466.784472
,-50.0,50,468.424917
,-50.0,50,470.129465
,-50.0,50,471.810403
,-50.0,50,473.52126
,-50.0,50,475.183602
,-50.0,50,476.807849
,-50.0,50,478.505151
,-50.0,50,480.167282
,-50.0,50,481.825687
,-50.0,50,483.496321
,-50.0,50,485.203648
,-50.0,50,486.874001
,-50.0,50,488.525297
,-50.0,50,490.164813
,-50.0,50,491.828869
,-50.0,50,493.506158
,-50.0,50,495.19713
,-44.0,50,496.845322
,-50.0,50,498.519188
,-50.0,50,500.216355
,-50.0,50,501.858808
,-49.0,50,503.518258
,-50.0,50,505.187166
,-50.0,50,506.876344
,-50.0,50,508.523731
,-50.0,50,510.225399
,-50.0,50,510.508354
,-50.0,50,510.775476
,-50.0,50,511.028314
,-50.0,50,511.315729
,-50.0,50,511.575495
,-50.0,50,511.838591
,-50.0,50,512.152965
,-50.0,50,512.420125
,-50.0,50,512.667957
,-50.0,50,512.977307
,-50.0,50,514.624841
,-50.0,50,516.280737
,-50.0,50,517.978577
,-50.0,50,519.633174
,-50.0,50,521.313004
,-50.0,50,522.971183
,0.0,50,524.646776
,-50.0,50,526.329495
,-50.0,50,527.949636
,-50.0,50,529.604357
,-50.0,50,531.266644
,-50.0,50,532.93597
,-50.0,50,534.64783
,-50.0,50,536.332443
,-50.0,50,538.021351
,-50.0,50,539.701373
,-50.0,50,541.350644
,-50.0,50,543.01564
,-50.0,50,544.665834
,-50.0,50,546.341968
,-50.0,50,548.022655
,-50.0,50,549.686118
,-50.0,50,551.350967
,-50.0,50,553.016972
,-50.0,50,554.680407
,-50.0,50,556.371503
,-50.0,50,557.99326
,-50.0,50,559.710689
,-50.0,50,561.361421
,-50.0,50,563.0146
,-50.0,50,564.706804
,-50.0,50,566.353683
,-14.0,50,568.052372
,-50.0,50,569.727
,-50.0,50,571.416691
,-50.0,50,573.04841
,-50.0,50,574.70156
,-50.0,50,576.412167
,-50.0,50,578.091796
,-50.0,50,579.753365
,-50.0,50,581.426283
,-50.0,50,583.07834
,-50.0,50,584.793764
,-50.0,50,586.454491
,-50.0,50,588.104652
,-50.0,50,589.822926
,-50.0,50,591.447836
,-50.0,50,593.130773
,-50.0,50,594.820848
,-50.0,50,596.49874
,-50.0,50,596.788984
,0.0,50,597.053622
,-50.0,50,597.325072
,-50.0,50,597.629914
,-50.0,50,597.92598
,-50.0,50,598.183777
,-50.0,50,598.431323
,-50.0,50,598.710401
,-50.0,50,598.934526
,-50.0,50,599.301362
,-50.0,50,600.987549
,-50.0,50,602.670927
,-50.0,50,604.336216
,-50.0,50,605.997458
,-50.0,50,607.686839
,-50.0,50,609.356601
,-50.0,50,611.019383
,-50.0,50,612.692853
,-46.0,50,614.383485
,-50.0,50,616.076035
,-50.0,50,617.760193
,-50.0,50,619.408488
,-50.0,50,621.10646
,-50.0,50,622.766668
,-50.0,50,624.465705
,-50.0,50,626.167101
,-50.0,50,627.806313
,-50.0,50,629.482121
,-50.0,50,631.15554
,-13.0,50,632.826446
,-50.0,50,634.509589
,-50.0,50,636.153389
,-49.0,50,637.844713
,-50.0,50,639.532117
,-50.0,50,641.230937
,-50.0,50,642.921584
,-50.0,50,644.58218
,-10.0,50,646.313434
,-50.0,50,647.979684
,0.0,50,649.665771
,-50.0,50,651.362913
,-50.0,50,653.006391
,-12.0,50,654.736957
,-50.0,50,656.419836
,-20.0,50,658.091644
,-50.0,50,659.761638
,-50.0,50,661.431211
,-50.0,50,663.124779
,-50.0,50,664.811896
,-50.0,50,666.481771
,-50.0,50,668.182914
,-50.0,50,669.863826
,-50.0,50,671.516741
,-50.0,50,673.202241
,-50.0,50,674.890763
,-50.0,50,676.562994
,-50.0,50,678.26679
,-50.0,50,679.960363
,-50.0,50,681.58771
,-50.0,50,683.293722
,-50.0,50,683.56505
,-50.0,50,683.831245
,-16.0,50,684.139114
,-50.0,50,684.418541
,-50.0,50,684.710312
,-50.0,50,684.97231
,-50.0,50,685.21543
,-50.0,50,685.49022
,0.0,50,685.731262
,-50.0,50,686.059969
,-50.0,50,687.77253
,-50.0,50,689.467556
,-50.0,50,691.130192
,-50.0,50,692.861283
,-50.0,50,694.498252
,-50.0,50,696.215578
,-50.0,50,697.889989
,-50.0,50,699.572993
,-50.0,50,701.250679
,-50.0,50,702.937698
,-50.0,50,704.602762
,-50.0,50,706.296282
,-50.0,50,707.970494
,0.0,50,709.685873
,-50.0,50,711.369706
,-50.0,50,713.005452
,-50.0,50,714.748975
,-50.0,50,716.399446
,0.0,50,718.082911
,-50.0,50,719.808081
,-50.0,50,721.47626
,-48.0,50,723.180428
,-38.0,50,724.871239
,-50.0,50,726.50694
,-50.0,50,728.165651
,-50.0,50,729.863821
,-50.0,50,731.563227
,-50.0,50,733.233725
,-50.0,50,734.930152
,-50.0,50,736.599121
,-50.0,50,738.276199
,-50.0,50,739.924868
,-50.0,50,741.664137
,-50.0,50,743.312648
,-50.0,50,744.978726
,-50.0,50,746.696575
,-50.0,50,748.392114
,-50.0,50,750.064704
,-50.0,50,751.757185
,-50.0,50,753.409046
,-50.0,50,755.161282
,-50.0,50,756.822355
,-50.0,50,758.514004
,-50.0,50,760.184996
,-50.0,50,761.870058
,-50.0,50,763.538708
,-50.0,50,765.236366
,-50.0,50,766.895343
,-50.0,50,768.605825
,-50.0,50,770.269559
,-14.0,50,770.576754
,-50.0,50,770.895442
,-50.0,50,771.151869
,-50.0,50,771.399572
,-50.0,50,771.672682
,-50.0,50,771.91804
,-13.0,50,772.170243
,-50.0,50,772.448297
,-50.0,50,772.707397
,-50.0,50,773.05441
,-50.0,50,774.741655
,-50.0,50,776.416261
,-50.0,50,778.078974
,-50.0,50,779.806003
,-20.0,50,781.435618
,-50.0,50,783.123307
,-50.0,50,784.827548
,-50.0,50,786.510393
,0.0,50,788.165312
,-50.0,50,789.89341
,-15.0,50,791.561638
,-50.0,50,793.198135
,-50.0,50,794.891873
,-50.0,50,796.580321
,-50.0,50,798.266586
,-50.0,50,799.928423
,-50.0,50,801.600595
,-50.0,50,803.296019
,-50.0,50,805.017446
,-48.0,50,806.665097
,-50.0,50,808.361137
,-50.0,50,810.037285
,-50.0,50,811.709061
,-50.0,50,813.432848
,-50.0,50,815.117795
,-24.0,50,816.81825
,-50.0,50,818.437985
,0.0,50,820.143634
,-50.0,50,821.849552
,-50.0,50,823.533661
,-13.0,50,825.227129
,-50.0,50,826.89472
,0.0,50,828.579617
,-12.0,50,830.270888
,-50.0,50,831.918622
,-50.0,50,833.639723
,0.0,50,835.331752
,-50.0,50,837.016784
,-50.0,50,838.712909
,-50.0,50,840.362069
,-12.0,50,842.09311
,-50.0,50,843.77756
,-50.0,50,845.430408
,-50.0,50,847.216746
,-50.0,50,848.853212
,-34.0,50,850.562129
,-50.0,50,852.292075
,-50.0,50,853.932944
,-26.0,50,855.647551
,-50.0,50,857.355819
,-50.0,50,857.612834
,-21.0,50,857.880378
,-50.0,50,858.164485
,-50.0,50,858.432281
,-50.0,50,858.715252
,-50.0,50,858.989196
,-50.0,50,859.253616
,-50.0,50,859.539326
,-50.0,50,859.787648
,-50.0,50,860.14371
,-50.0,50,861.832349
,-50.0,50,863.509479
,-50.0,50,865.204125
,-50.0,50,866.898754
,-50.0,50,868.583905
,-46.0,50,870.275228
,-50.0,50,871.948494
,-26.0,50,873.607581
,-47.0,50,875.315062
,-50.0,50,877.004143
,-50.0,50,878.692166
,-50.0,50,880.373234
,-50.0,50,882.107889
,-50.0,50,883.777129
,-50.0,50,885.480161
,-50.0,50,887.142139
,-50.0,50,888.8006
,-50.0,50,890.490549
,-50.0,50,892.197672
,-50.0,50,893.900649
,-50.0,50,895.572957
,-50.0,50,897.263397
,-50.0,50,898.92347
,-50.0,50,900.605153
,-50.0,50,902.309366
,-16.0,50,903.996726
,-50.0,50,905.686979
,-50.0,50,907.417857
,-47.0,50,909.093647
,-50.0,50,910.77977
,-46.0,50,912.478732
,-50.0,50,914.172059
,-12.0,50,915.845548
,-50.0,50,917.537257
,-50.0,50,919.26834
,-37.0,50,920.942562
,-50.0,50,922.637708
,-48.0,50,924.360591
,-50.0,50,926.038801
,-50.0,50,927.732996
,-50.0,50,929.483601
,-50.0,50,931.138179
,-49.0,50,932.844819
,-50.0,50,934.523183
,-50.0,50,936.219463
,-50.0,50,937.899718
,-50.0,50,939.624824
,-50.0,50,941.3262
,-50.0,50,943.005382
,-50.0,50,944.698284
,-17.0,50,944.951361
,-50.0,50,945.219057
,-50.0,50,945.482533
,-50.0,50,945.764624
,-16.0,50,946.046584
,-50.0,50,946.356202
,-50.0,50,946.629529
,-50.0,50,946.943943
,-50.0,50,947.180766
,-50.0,50,947.50147
,-36.0,50,949.201635
,-20.0,50,950.910314
,-12.0,50,952.601635
,-50.0,50,954.278371
,0.0,50,955.984341
,-8.0,50,957.636193
,-50.0,50,959.334769
,-50.0,50,961.019247
,-50.0,50,962.721478
,-50.0,50,964.400244
,-43.0,50,966.118802
,-16.0,50,967.754843
,-50.0,50,969.462367
,-50.0,50,971.189708
,-50.0,50,972.84817
,-50.0,50,974.571345
,-50.0,50,976.259684
,-50.0,50,977.916636
,-50.0,50,979.620734
,-31.0,50,981.33572
,-50.0,50,983.032352
,-50.0,50,984.709438
,-22.0,50,986.426702
,-50.0,50,988.096806
,-50.0,50,989.777751
,-49.0,50,991.488464
,-50.0,50,993.153532
,-50.0,50,994.860809
,-30.0,50,996.537144
,-26.0,50,998.23161
,-9.0,50,999.94307
,0.0,50,1001.627014
,-47.0,50,1003.306082
,-50.0,50,1005.009721
,-43.0,50,1006.725272
,-50.0,50,1008.435526
,-50.0,50,1010.118324
,-50.0,50,1011.760655
,-50.0,50,1013.467852
,-22.0,50,1015.151582
,-50.0,50,1016.837274
,-10.0,50,1018.525045
,0.0,50,1020.26377
,-50.0,50,1021.939536
,0.0,50,1023.6158
,-50.0,50,1025.282888
,-50.0,50,1027.013165
,-27.0,50,1028.70201
,-44.0,50,1030.364931
,-50.0,50,1032.117899
,-50.0,50,1032.406452
,-50.0,50,1032.676529
,-50.0,50,1032.950529
,-50.0,50,1033.227421
,-50.0,50,1033.492059
,-50.0,50,1033.753701
,-50.0,50,1034.020406
,-50.0,50,1034.272716
,-50.0,50,1034.511969
,-28.0,50,1034.885567
,-50.0,50,1036.576284
,-50.0,50,1038.274013
,-30.0,50,1039.979531
,-50.0,50,1041.627607
,-50.0,50,1043.374214
,-50.0,50,1045.024431
,-50.0,50,1046.773639
,-45.0,50,1048.458786
,-50.0,50,1050.154429
,-20.0,50,1051.833675
,-45.0,50,1053.598194
,-19.0,50,1055.274864
,0.0,50,1056.960854
,0.0,50,1058.659556
,-21.0,50,1060.335775
,-11.0,50,1062.040334
,-11.0,50,1063.720507
,-50.0,50,1065.441128
,-46.0,50,1067.172849
,-50.0,50,1068.823193
,-50.0,50,1070.519885
,-50.0,50,1072.216221
,-50.0,50,1073.917163
,-11.0,50,1075.615985
,0.0,50,1077.31498
,-50.0,50,1079.025795
,-50.0,50,1080.719747
,-50.0,50,1082.382769
,-20.0,50,1084.122178
,-50.0,50,1085.812264
,-50.0,50,1087.489898
,-28.0,50,1089.220248
,-50.0,50,1090.92847
,-50.0,50,1092.608078
,-34.0,50,1094.30463
,-50.0,50,1095.973717
,-30.0,50,1097.715921
,-50.0,50,1099.420537
,-15.0,50,1101.125187
,-44.0,50,1102.808164
,-50.0,50,1104.499612
,-50.0,50,1106.170631
,-50.0,50,1107.901666
,-46.0,50,1109.62589
,-50.0,50,1111.265475
,-50.0,50,1113.015196
,-50.0,50,1114.713692
,-50.0,50,1116.382338
,-50.0,50,1118.082986
,-50.0,50,1119.797086
,-50.0,50,1120.083137
,-50.0,50,1120.33901
,-50.0,50,1120.639097
,-10.0,50,1120.910001
,-50.0,50,1121.175062
,-50.0,50,1121.443656
,-16.0,50,1121.698051
,-50.0,50,1121.957157
,-50.0,50,1122.235693
,-50.0,50,1122.595175
,-28.0,50,1124.326433
,-50.0,50,1125.992676
,-50.0,50,1127.708011
,-50.0,50,1129.347758
,-50.0,50,1131.084038
,-37.0,50,1132.792054
,-47.0,50,1134.46404
,-46.0,50,1136.215986
,-50.0,50,1137.934335
,-50.0,50,1139.620345
,-50.0,50,1141.303919
,-18.0,50,1143.002341
,-50.0,50,1144.707109
,-50.0,50,1146.395539
,-50.0,50,1148.102444
,-20.0,50,1149.817996
,-18.0,50,1151.503737
,-50.0,50,1153.241085
,-50.0,50,1154.921974
,-50.0,50,1156.633292
,-50.0,50,1158.32967
,-14.0,50,1159.977136
,-50.0,50,1161.70386
,-50.0,50,1163.392728
,-50.0,50,1165.057606
,-45.0,50,1166.779791
,-18.0,50,1168.482583
,-12.0,50,1170.194984
,-47.0,50,1171.915725
,-47.0,50,1173.578839
,-50.0,50,1175.294981
,-48.0,50,1177.03705
,-50.0,50,1178.703056
,-11.0,50,1180.470803
,-50.0,50,1182.146474
,-50.0,50,1183.86222
,-50.0,50,1185.555805
,-50.0,50,1187.2482
,-50.0,50,1188.965907
,-50.0,50,1190.644649
,-50.0,50,1192.3495
,-50.0,50,1194.019233
,-48.0,50,1195.748703
,-50.0,50,1197.439799
,-19.0,50,1199.175009
,-50.0,50,1200.838099
,-48.0,50,1202.550132
,-11.0,50,1204.242188
,-21.0,50,1205.951051
,-50.0,50,1207.667038
,-9.0,50,1207.940864
,-29.0,50,1208.211427
,-50.0,50,1208.481595
,-49.0,50,1208.746742
,-50.0,50,1209.050861
,-50.0,50,1209.299341
,-14.0,50,1209.568977
,-50.0,50,1209.87261
,-19.0,50,1210.144929
,-41.0,50,1210.560204
,-48.0,50,1212.250166
,-50.0,50,1213.930552
,-50.0,50,1215.621404
,-14.0,50,1217.342929
,-16.0,50,1219.07013
,-50.0,50,1220.770906
,-50.0,50,1222.448718
,-20.0,50,1224.142076
,-50.0,50,1225.874437
,-17.0,50,1227.574243
,-50.0,50,1229.268434
,-50.0,50,1231.027023
,-50.0,50,1232.689487
,-50.0,50,1234.390449
,-16.0,50,1236.09397
,-50.0,50,1237.794745
,-36.0,50,1239.527393
,-19.0,50,1241.22124
,-50.0,50,1242.893121
,-20.0,50,1244.619919
,-17.0,50,1246.315258
,-50.0,50,1247.981257
,-50.0,50,1249.736399
,-50.0,50,1251.399739
,-50.0,50,1253.098021
,-23.0,50,1254.816253
,-50.0,50,1256.503457
,-50.0,50,1258.227367
,-50.0,50,1259.923891
,-48.0,50,1261.598703
,-32.0,50,1263.35675
,-50.0,50,1265.0452
,-50.0,50,1266.74114
,-50.0,50,1268.435801
,-5.0,50,1270.137011
,-50.0,50,1271.798815
,-50.0,50,1273.532485
,-50.0,50,1275.243487
,-50.0,50,1276.941038
,-50.0,50,1278.67143
,-50.0,50,1280.350315
,0.0,50,1282.043308
,-50.0,50,1283.756948
,-50.0,50,1285.4679
,-50.0,50,1287.177868
,-50.0,50,1288.871129
,-50.0,50,1290.59342
,-24.0,50,1292.283945
,-11.0,50,1294.035335
,-50.0,50,1295.720295
,0.0,50,1295.987329
,-8.0,50,1296.258359
,-50.0,50,1296.523518
,-50.0,50,1296.86274
,-50.0,50,1297.162598
,-50.0,50,1297.434717
,-50.0,50,1297.714206
,-50.0,50,1297.994694
,-13.0,50,1298.276083
,-17.0,50,1298.521604
,-50.0,50,1300.236795
,-50.0,50,1301.965072
,0.0,50,1303.652956
,-50.0,50,1305.330081
,-50.0,50,1307.046298
,-50.0,50,1308.760003
,-50.0,50,1310.516936
,-50.0,50,1312.21833
,-18.0,50,1313.970505
,-50.0,50,1315.654657
,-37.0,50,1317.400794
,-50.0,50,1319.167875
,-50.0,50,1320.850414
,-50.0,50,1322.544893
,-50.0,50,1324.30875
,-50.0,50,1325.987821
,-50.0,50,1327.699442
,-50.0,50,1329.428904
,-50.0,50,1331.182101
,-34.0,50,1332.877461
,-15.0,50,1334.617285
,-50.0,50,1336.329353
,-50.0,50,1338.020639
,-50.0,50,1339.753763
,-50.0,50,1341.482283
,-5.0,50,1343.226494
,-24.0,50,1344.915821
,-50.0,50,1346.660917
,-19.0,50,1348.344027
,-50.0,50,1350.064501
,-50.0,50,1351.79827
,-19.0,50,1353.558819
,-50.0,50,1355.233388
,-44.0,50,1356.973481
,-32.0,50,1358.706398
,-50.0,50,1360.385473
,0.0,50,1362.086136
,-45.0,50,1363.808552
,-50.0,50,1365.569042
,-50.0,50,1367.235082
,-50.0,50,1368.952564
,-50.0,50,1370.672629
,-50.0,50,1372.40152
,-50.0,50,1374.15561
,-33.0,50,1375.842131
,-50.0,50,1377.589757
,-50.0,50,1379.276527
,-18.0,50,1380.981033
,-50.0,50,1382.71997
,-50.0,50,1384.434752
,-50.0,50,1384.725887
,-50.0,50,1385.031849
,-50.0,50,1385.309211
,-10.0,50,1385.582649
,-7.0,50,1385.878625
,-50.0,50,1386.136079
,-50.0,50,1386.390426
,-26.0,50,1386.681576
,-50.0,50,1386.923386
,-13.0,50,1387.291362
,-11.0,50,1389.002522
,-50.0,50,1390.709867
,-11.0,50,1392.385461
,-6.0,50,1394.122032
,-50.0,50,1395.798566
,-21.0,50,1397.508739
,-50.0,50,1399.257896
,-50.0,50,1400.974275
,-50.0,50,1402.654694
,-50.0,50,1404.36445
,-12.0,50,1406.082264
,-50.0,50,1407.820109
,-30.0,50,1409.542056
,-48.0,50,1411.239585
,0.0,50,1412.957692
,-50.0,50,1414.70494
,-43.0,50,1416.386719
,-50.0,50,1418.138225
,-50.0,50,1419.843683
,-50.0,50,1421.541962
,-50.0,50,1423.27653
,-16.0,50,1424.936735
,-14.0,50,1426.689981
,-42.0,50,1428.381507
,-28.0,50,1430.121626
,-16.0,50,1431.847795
,-50.0,50,1433.589363
,-50.0,50,1435.305834
,-7.0,50,1436.970593
,-19.0,50,1438.692266
,-50.0,50,1440.415313
,-50.0,50,1442.153524
,-10.0,50,1443.841367
,-50.0,50,1445.581355
,-41.0,50,1447.26008
,-11.0,50,1449.004023
,-22.0,50,1450.699748
,-30.0,50,1452.43207
,-50.0,50,1454.142478
,-36.0,50,1455.876378
,-50.0,50,1457.555459
,-50.0,50,1459.274429
,-39.0,50,1460.994239
,-14.0,50,1462.728739
,-33.0,50,1464.491866
,-50.0,50,1466.16924
,-50.0,50,1467.939788
,-50.0,50,1469.663753
,-32.0,50,1471.34729
,-50.0,50,1473.088183
,-44.0,50,1473.381675
,-12.0,50,1473.688581
,-15.0,50,1473.979764
,-50.0,50,1474.228668
,-7.0,50,1474.494915
,-50.0,50,1474.764698
,-50.0,50,1475.023306
,-50.0,50,1475.281601
,-49.0,50,1475.51588
,-50.0,50,1475.90801
,-50.0,50,1477.638006
,-50.0,50,1479.330363
,-50.0,50,1481.052418
,-50.0,50,1482.767978
,-50.0,50,1484.480167
,-50.0,50,1486.211077
,-50.0,50,1487.916787
,-50.0,50,1489.600355
,-50.0,50,1491.326721
,-22.0,50,1493.042893
,-25.0,50,1494.772425
,-11.0,50,1496.478767
,-50.0,50,1498.220468
,-50.0,50,1499.971226
,-15.0,50,1501.685436
,-50.0,50,1503.364424
,-13.0,50,1505.094036
,-50.0,50,1506.823241
,-50.0,50,1508.536414
,-35.0,50,1510.241174
,-43.0,50,1511.984221
,-17.0,50,1513.676031
,-50.0,50,1515.389003
,-50.0,50,1517.141049
,-50.0,50,1518.888077
,-28.0,50,1520.591776
,-12.0,50,1522.255964
,-11.0,50,1524.070111
,-50.0,50,1525.769455
,-50.0,50,1527.482682
,-9.0,50,1529.184467
,-16.0,50,1530.901763
,-50.0,50,1532.645331
,-50.0,50,1534.392775
,-50.0,50,1536.074159
,-10.0,50,1537.827132
,-50.0,50,1539.541455
,-35.0,50,1541.27834
,-50.0,50,1542.971218
,-50.0,50,1544.722258
,0.0,50,1546.40607
,-50.0,50,1548.116683
,-10.0,50,1549.804381
,-12.0,50,1551.583533
,-10.0,50,1553.279227
,-14.0,50,1555.001225
,-50.0,50,1556.71995
,-16.0,50,1558.454016
,-4.0,50,1560.165838
,-50.0,50,1561.865855
,-50.0,50,1562.137114
,-50.0,50,1562.429528
,-50.0,50,1562.699517
,-11.0,50,1562.972952
,-7.0,50,1563.232457
,-50.0,50,1563.50087
,-9.0,50,1563.764875
,-13.0,50,1564.066724
,-8.0,50,1564.330607
,-43.0,50,1564.732615
,-23.0,50,1566.491243
,-8.0,50,1568.189642
,-50.0,50,1569.910154
,-50.0,50,1571.644863
,-18.0,50,1573.375039
,-33.0,50,1575.057997
,-50.0,50,1576.793742
,-9.0,50,1578.540423
,-4.0,50,1580.242592
,-15.0,50,1582.002517
,-50.0,50,1583.688838
,-44.0,50,1585.465135
,-50.0,50,1587.19539
,-28.0,50,1588.921887
,-24.0,50,1590.60812
,-18.0,50,1592.356319
,-28.0,50,1594.07409
,-50.0,50,1595.795501
,-33.0,50,1597.57968
,-50.0,50,1599.326037
,-20.0,50,1601.036636
,-50.0,50,1602.786244
,-50.0,50,1604.521555
,-38.0,50,1606.261436
,-50.0,50,1607.985471
,-50.0,50,1609.680702
,-50.0,50,1611.391463
,-10.0,50,1613.133998
,-50.0,50,1614.89727
,-50.0,50,1616.612785
,-50.0,50,1618.319742
,-34.0,50,1620.05343
,-50.0,50,1621.781105
,0.0,50,1623.515712
,-37.0,50,1625.248731
,-32.0,50,1626.954815
,0.0,50,1628.683606
,-8.0,50,1630.379815
,-50.0,50,1632.142788
,-50.0,50,1633.853996
,-7.0,50,1635.603237
,-22.0,50,1637.334916
,-5.0,50,1639.060824
,-50.0,50,1640.77667
,-31.0,50,1642.509196
,-43.0,50,1644.214916
,-50.0,50,1645.958835
,-44.0,50,1647.731878
,-50.0,50,1649.452449
,-50.0,50,1651.198075
,-50.0,50,1651.492237
,0.0,50,1651.747655
,-13.0,50,1652.020886
,-50.0,50,1652.275095
,-50.0,50,1652.555744
,-15.0,50,1652.834044
,-15.0,50,1653.165656
,-50.0,50,1653.452439
,-6.0,50,1653.721816
,-36.0,50,1654.057264
,-6.0,50,1655.764238
,-50.0,50,1657.488426
,-50.0,50,1659.263046
,-27.0,50,1660.995362
,-29.0,50,1662.707571
,-50.0,50,1664.395993
,-50.0,50,1666.129179
,-41.0,50,1667.870956
,-33.0,50,1669.609556
,-35.0,50,1671.311651
,-12.0,50,1673.035219
,-21.0,50,1674.766023
,-11.0,50,1676.520091
,-50.0,50,1678.225112
,-50.0,50,1679.911552
,-4.0,50,1681.65112
,-28.0,50,1683.34647
,-13.0,50,1685.110314
,-50.0,50,1686.834394
,-19.0,50,1688.527363
,0.0,50,1690.331778
,-50.0,50,1692.013002
,-7.0,50,1693.729471
,-50.0,50,1695.462709
,-34.0,50,1697.178221
,-8.0,50,1698.896911
,-50.0,50,1700.602151
,-50.0,50,1702.343382
,0.0,50,1704.097161
,-13.0,50,1705.803891
,-41.0,50,1707.56807
,-11.0,50,1709.31188
,-37.0,50,1711.029505
,-24.0,50,1712.744445
,0.0,50,1714.42958
,-50.0,50,1716.158017
,0.0,50,1717.868561
,-18.0,50,1719.680346
,-50.0,50,1721.363076
,-14.0,50,1723.096977
,-50.0,50,1724.862371
,-23.0,50,1726.586251
,-12.0,50,1728.32545
,-21.0,50,1730.024212
,-34.0,50,1731.762292
,-50.0,50,1733.54211
,-48.0,50,1735.257051
,-39.0,50,1736.948543
,-50.0,50,1738.694456
,-8.0,50,1740.445796
,-7.0,50,1740.709905
,-10.0,50,1741.012391
,-13.0,50,1741.309342
,-9.0,50,1741.609241
,-15.0,50,1741.903123
,-10.0,50,1742.212189
,-13.0,50,1742.480929
,-50.0,50,1742.752261
,-8.0,50,1743.01304
,-21.0,50,1743.337406
,-33.0,50,1745.026759
,-50.0,50,1746.77289
,-50.0,50,1748.498799
,-50.0,50,1750.241069
,-44.0,50,1751.982326
,-50.0,50,1753.687921
,-13.0,50,1755.384019
,-41.0,50,1757.184783
,-50.0,50,1758.886071
,-50.0,50,1760.612404
,-15.0,50,1762.356359
,-11.0,50,1764.10466
,-27.0,50,1765.88275
,-49.0,50,1767.558133
,-11.0,50,1769.281024
,-21.0,50,1771.004539
,-11.0,50,1772.71579
,-31.0,50,1774.498123
,-50.0,50,1776.188911
,-50.0,50,1777.934072
,-50.0,50,1779.67512
,-50.0,50,1781.372235
,-50.0,50,1783.126936
,-16.0,50,1784.900997
,-50.0,50,1786.622682
,-50.0,50,1788.352996
,-23.0,50,1790.076226
,0.0,50,1791.842862
,-50.0,50,1793.55191
,-50.0,50,1795.297275
,-50.0,50,1797.051366
,-50.0,50,1798.765215
,-14.0,50,1800.533242
,-50.0,50,1802.230474
,-10.0,50,1803.985666
,-50.0,50,1805.707323
,-17.0,50,1807.430964
,-50.0,50,1809.158633
,-50.0,50,1810.872792
,-8.0,50,1812.581487
,-50.0,50,1814.40073
,-50.0,50,1816.094702
,-37.0,50,1817.839155
,-50.0,50,1819.597794
,-6.0,50,1821.38741
,-50.0,50,1823.082945
,-16.0,50,1824.85201
,-13.0,50,1826.582925
,-50.0,50,1828.338922
,-12.0,50,1830.085169
,-10.0,50,1830.341614
,-50.0,50,1830.638863
,-10.0,50,1830.921698
,0.0,50,1831.20458
,-50.0,50,1831.460238
,-11.0,50,1831.727293
,-50.0,50,1832.005896
,-50.0,50,1832.258049
,-10.0,50,1832.538948
,-26.0,50,1832.986295
,-50.0,50,1834.677315
,-50.0,50,1836.40785
,-14.0,50,1838.210325
,-21.0,50,1839.909168
,-50.0,50,1841.621358
,-50.0,50,1843.363509
,-24.0,50,1845.087581
,-34.0,50,1846.831434
,0.0,50,1848.519402
,-15.0,50,1850.28768
,-44.0,50,1852.035113
,-50.0,50,1853.771873
,-18.0,50,1855.48865
,-50.0,50,1857.248475
,-20.0,50,1858.958707
,-17.0,50,1860.659732
,-50.0,50,1862.406996
,-44.0,50,1864.166435
,-29.0,50,1865.899586
,-50.0,50,1867.674419
,-50.0,50,1869.416377
,-50.0,50,1871.164236
,-50.0,50,1872.853856
,-50.0,50,1874.62596
,-49.0,50,1876.341516
,-28.0,50,1878.101129
,-11.0,50,1879.897556
,-22.0,50,1881.59652
,-4.0,50,1883.310989
,-50.0,50,1885.085026
,-24.0,50,1886.772158
,-38.0,50,1888.553553
,-14.0,50,1890.259861
,-37.0,50,1891.959563
,-7.0,50,1893.727214
,-11.0,50,1895.501632
,-16.0,50,1897.213203
,-21.0,50,1899.010643
,-29.0,50,1900.759015
,-16.0,50,1902.457195
,-9.0,50,1904.196327
,-19.0,50,1905.995959
,-10.0,50,1907.690913
,-22.0,50,1909.414072
,-10.0,50,1911.16583
,-34.0,50,1912.921679
,-50.0,50,1914.624939
,-38.0,50,1916.430296
,-17.0,50,1918.174471
,-50.0,50,1919.892796
,-7.0,50,1920.159516
,-50.0,50,1920.432946
,-50.0,50,1920.731691
,-50.0,50,1920.989914
,-9.0,50,1921.271266
,-12.0,50,1921.514539
,-5.0,50,1921.785107
,-50.0,50,1922.03931
,-5.0,50,1922.322665
,-11.0,50,1922.811535
,-50.0,50,1924.574243
,-43.0,50,1926.276274
,-13.0,50,1928.064091
,-22.0,50,1929.791693
,-50.0,50,1931.508205
,-27.0,50,1933.294582
,-50.0,50,1934.979711
,-50.0,50,1936.706461
,-24.0,50,1938.501831
,-6.0,50,1940.232314
,-50.0,50,1941.976398
,-36.0,50,1943.680867
,-50.0,50,1945.431101
,-44.0,50,1947.153813
,-27.0,50,1948.880042
,-42.0,50,1950.651361
,-33.0,50,1952.337881
,-45.0,50,1954.103974
,-50.0,50,1955.889137
,-30.0,50,1957.577806
,-50.0,50,1959.340976
,-17.0,50,1961.05808
,-23.0,50,1962.786437
,-31.0,50,1964.551154
,-21.0,50,1966.309095
,-8.0,50,1968.068877
,-13.0,50,1969.798416
,-18.0,50,1971.532442
,-12.0,50,1973.281492
,-16.0,50,1974.981317
,0.0,50,1976.708093
,-27.0,50,1978.458022
,-8.0,50,1980.213667
,-34.0,50,1981.967569
,-41.0,50,1983.694656
,-17.0,50,1985.423347
,-20.0,50,1987.138297
,0.0,50,1988.896665
,-29.0,50,1990.627246
,-30.0,50,1992.37922
,-50.0,50,1994.088758
,-7.0,50,1995.879965
,-21.0,50,1997.612665
,-50.0,50,1999.286446
,-12.0,50,2001.014293
,-22.0,50,2002.821122
,-29.0,50,2004.572948
,-48.0,50,2006.326468
,-36.0,50,2008.002042
,-5.0,50,2009.76598
,-9.0,50,2010.074011
,-50.0,50,2010.350855
,-7.0,50,2010.635978
,-50.0,50,2010.93528
,-15.0,50,2011.217386
,-5.0,50,2011.516384
,-12.0,50,2011.809802
,-50.0,50,2012.085534
,-5.0,50,2012.339615
,-11.0,50,2012.670635
,-12.0,50,2014.425188
,-46.0,50,2016.138599
,-11.0,50,2017.896062
,-50.0,50,2019.616879
,-15.0,50,2021.385879
,-18.0,50,2023.143794
,-50.0,50,2024.866434
,-16.0,50,2026.643278
,-50.0,50,2028.401664
,-50.0,50,2030.124619
,-26.0,50,2031.920738
,-29.0,50,2033.61848
,-48.0,50,2035.362689
,-7.0,50,2037.115137
,-44.0,50,2038.877474
,-16.0,50,2040.632558
,-31.0,50,2042.327866
,-44.0,50,2044.058321
,-50.0,50,2045.82121
,-18.0,50,2047.52008
,-50.0,50,2049.330693
,-29.0,50,2051.04402
,0.0,50,2052.805337
,0.0,50,2054.518799
,-10.0,50,2056.275301
,-37.0,50,2058.014701
,-36.0,50,2059.757537
,-31.0,50,2061.489777
,-36.0,50,2063.21664
,-50.0,50,2064.9818
,-50.0,50,2066.684779
,-32.0,50,2068.424485
,-27.0,50,2070.1805
,-23.0,50,2071.904234
,-22.0,50,2073.642815
,0.0,50,2075.426913
,-50.0,50,2077.191516
,-18.0,50,2078.945811
,-50.0,50,2080.706601
,0.0,50,2082.425549
,-12.0,50,2084.200137
,0.0,50,2085.938192
,-50.0,50,2087.680817
,-9.0,50,2089.460523
,-48.0,50,2091.200064
,-50.0,50,2092.953544
,-50.0,50,2094.658269
,-17.0,50,2096.498667
,-42.0,50,2098.231661
,0.0,50,2099.977766
,-9.0,50,2100.290293
,-50.0,50,2100.569401
,-9.0,50,2100.822602
,-7.0,50,2101.123186
,0.0,50,2101.362486
,-8.0,50,2101.660897
,-50.0,50,2101.912368
,-10.0,50,2102.177534
,-9.0,50,2102.45987
,-39.0,50,2102.947132
,-50.0,50,2104.697725
,-25.0,50,2106.442791
,-50.0,50,2108.20551
,-9.0,50,2109.920459
,0.0,50,2111.696716
,0.0,50,2113.466059
,-50.0,50,2115.183047
,-8.0,50,2116.951547
,-25.0,50,2118.671405
,-30.0,50,2120.402546
,-50.0,50,2122.160464
,-50.0,50,2123.92108
,-50.0,50,2125.665698
,-50.0,50,2127.420554
,-5.0,50,2129.155632
,-15.0,50,2130.891073
,-50.0,50,2132.627176
,-27.0,50,2134.375289
,-27.0,50,2136.151832
,-34.0,50,2137.849402
,-6.0,50,2139.589519
,-50.0,50,2141.329306
,-46.0,50,2143.13105
,-48.0,50,2144.900888
,-50.0,50,2146.607373
,-13.0,50,2148.376404
,-44.0,50,2150.073021
,-43.0,50,2151.869526
,-17.0,50,2153.645091
,-50.0,50,2155.375714
,-50.0,50,2157.05345
,-14.0,50,2158.847007
,-30.0,50,2160.630569
,-23.0,50,2162.373338
,-20.0,50,2164.123632
,-47.0,50,2165.895487
,-6.0,50,2167.637017
,-15.0,50,2169.364213
,-50.0,50,2171.103359
,-16.0,50,2172.844564
,-31.0,50,2174.61935
,-38.0,50,2176.342171
,-24.0,50,2178.130919
,-15.0,50,2179.867334
,-5.0,50,2181.586863
,-20.0,50,2183.371816
,-50.0,50,2185.122341
,-31.0,50,2186.87728
,-41.0,50,2188.623344
,-10.0,50,2190.36075
,-12.0,50,2190.6356
,-14.0,50,2190.912758
,-50.0,50,2191.186739
,-7.0,50,2191.476313
,-10.0,50,2191.749972
,-5.0,50,2192.034275
,-13.0,50,2192.36448
,-12.0,50,2192.665854
,-7.0,50,2192.936913
,-50.0,50,2193.302799
,-28.0,50,2195.110514
,-27.0,50,2196.819135
,-12.0,50,2198.615854
,-12.0,50,2200.30809
,0.0,50,2202.061172
,-15.0,50,2203.822983
,-20.0,50,2205.622146
,-50.0,50,2207.382268
,-46.0,50,2209.164702
,-22.0,50,2210.90115
,-50.0,50,2212.628752
,-50.0,50,2214.42346
,-32.0,50,2216.167862
,-16.0,50,2217.91012
,-9.0,50,2219.671877
,-36.0,50,2221.470828
,-22.0,50,2223.170071
,-11.0,50,2224.961292
,-34.0,50,2226.737904
,0.0,50,2228.453291
,-20.0,50,2230.222422
,0.0,50,2231.962993
,-50.0,50,2233.712439
,-21.0,50,2235.461773
,-41.0,50,2237.277702
,-16.0,50,2238.982064
,-7.0,50,2240.758816
,-12.0,50,2242.465829
,-50.0,50,2244.250021
,-30.0,50,2245.973103
,-38.0,50,2247.737909
,-50.0,50,2249.445315
,-27.0,50,2251.276747
,-9.0,50,2253.02939
,-9.0,50,2254.774659
,-44.0,50,2256.487118
,-29.0,50,2258.260443
,-18.0,50,2259.983925
,-50.0,50,2261.791991
,-48.0,50,2263.536991
,-37.0,50,2265.257189
,-21.0,50,2266.997716
,-21.0,50,2268.757798
,-36.0,50,2270.536883
,-7.0,50,2272.243655
,-50.0,50,2274.042033
,-20.0,50,2275.78781
,-33.0,50,2277.536086
,-13.0,50,2279.27127
,-9.0,50,2281.074477
,-8.0,50,2281.36474
,-5.0,50,2281.657772
,-6.0,50,2281.97547
,-10.0,50,2282.218706
,-11.0,50,2282.490535
,-9.0,50,2282.761738
,-6.0,50,2283.049323
,-14.0,50,2283.346213
,-8.0,50,2283.637219
,-36.0,50,2283.984279
,-15.0,50,2285.77268
,-34.0,50,2287.502923
,-16.0,50,2289.230456
,-50.0,50,2291.078418
,-16.0,50,2292.797927
,-28.0,50,2294.525348
,-18.0,50,2296.284114
,-7.0,50,2298.02206
,-12.0,50,2299.774379
,-8.0,50,2301.55183
,-11.0,50,2303.305833
,-31.0,50,2305.0654
,-9.0,50,2306.859623
,-50.0,50,2308.585412
,-26.0,50,2310.326915
,-48.0,50,2312.131613
,-16.0,50,2313.885601
,-50.0,50,2315.629995
,-40.0,50,2317.435121
,-16.0,50,2319.12678
,-27.0,50,2320.89171
,-12.0,50,2322.620414
,-4.0,50,2324.368073
,-50.0,50,2326.167792
,-17.0,50,2327.893227
,-19.0,50,2329.686888
,-27.0,50,2331.443713
,-19.0,50,2333.175384
,-49.0,50,2334.956364
,-32.0,50,2336.695917
,-26.0,50,2338.497202
,-11.0,50,2340.209163
,-37.0,50,2341.957393
,-37.0,50,2343.740698
,-37.0,50,2345.495994
,-29.0,50,2347.275135
,-50.0,50,2348.985484
,-19.0,50,2350.735434
,-19.0,50,2352.537671
,-50.0,50,2354.355088
,-11.0,50,2356.096507
,-31.0,50,2357.900558
,-18.0,50,2359.631032
,-18.0,50,2361.393596
,-13.0,50,2363.140864
,-21.0,50,2364.922167
,-50.0,50,2366.668115
,-27.0,50,2368.414157
,-35.0,50,2370.17403
,-10.0,50,2371.953913
,-50.0,50,2372.247912
,-12.0,50,2372.547864
,-11.0,50,2372.833577
,-9.0,50,2373.139274
,-10.0,50,2373.464746
,-6.0,50,2373.778793
,-8.0,50,2374.10539
,-50.0,50,2374.371286
,-8.0,50,2374.637062
,-47.0,50,2374.896238
,-12.0,50,2376.677444
,-50.0,50,2378.37149
,-7.0,50,2380.146452
,-12.0,50,2381.919496
,-48.0,50,2383.719672
,-41.0,50,2385.447459
,-50.0,50,2387.204149
,-24.0,50,2389.010436
,-12.0,50,2390.738146
,-47.0,50,2392.547774
,-50.0,50,2394.27142
,-24.0,50,2396.065033
,-36.0,50,2397.802119
,-21.0,50,2399.578197
,-48.0,50,2401.331673
,-50.0,50,2403.121123
,0.0,50,2404.876604
,-26.0,50,2406.587613
,-27.0,50,2408.389918
,-50.0,50,2410.142065
,-29.0,50,2411.88486
,-7.0,50,2413.629617
,-7.0,50,2415.437249
,-35.0,50,2417.207478
,-50.0,50,2418.943681
,-50.0,50,2420.704069
,-50.0,50,2422.513329
,-26.0,50,2424.29263
,-44.0,50,2426.025619
,-25.0,50,2427.809278
,-19.0,50,2429.575445
,-50.0,50,2431.312369
,-50.0,50,2433.073126
,-50.0,50,2434.83218
,-39.0,50,2436.60983
,-32.0,50,2438.418141
,-13.0,50,2440.175889
,-32.0,50,2441.886674
,0.0,50,2443.640697
,-19.0,50,2445.466334
,-31.0,50,2447.199713
,-12.0,50,2448.957926
,-26.0,50,2450.728052
,-31.0,50,2452.48507
,-46.0,50,2454.242151
,-34.0,50,2456.022985
,-33.0,50,2457.740779
,-50.0,50,2459.539076
,-12.0,50,2461.272099
,-7.0,50,2463.055095
,-6.0,50,2463.342686
,-7.0,50,2463.61189
,-11.0,50,2463.879446
,-5.0,50,2464.166403
,-12.0,50,2464.433753
,-8.0,50,2464.723055
,-12.0,50,2465.003669
,-6.0,50,2465.297044
,0.0,50,2465.535856
,-50.0,50,2465.940764
,-34.0,50,2467.702268
,-50.0,50,2469.47488
,-25.0,50,2471.236698
,-48.0,50,2472.996158
,-11.0,50,2474.793577
,-34.0,50,2476.525321
,-9.0,50,2478.31085
,-13.0,50,2480.038647
,-50.0,50,2481.834895
,-9.0,50,2483.608859
,-14.0,50,2485.420966
,-23.0,50,2487.172738
,-50.0,50,2488.941317
,-8.0,50,2490.652217
,-20.0,50,2492.396871
,-8.0,50,2494.150215
,-15.0,50,2495.98266
,-39.0,50,2497.722185
,-19.0,50,2499.474691
,-24.0,50,2501.215894
,-40.0,50,2503.00166
,-28.0,50,2504.732256
,-7.0,50,2506.535407
,-14.0,50,2508.306181
,-31.0,50,2510.00838
,-49.0,50,2511.792414
,-45.0,50,2513.606078
,-23.0,50,2515.338633
,-50.0,50,2517.092879
,0.0,50,2518.817273
,-32.0,50,2520.648719
,-19.0,50,2522.433151
,-50.0,50,2524.166202
,-23.0,50,2525.987223
,-13.0,50,2527.765489
,-13.0,50,2529.52951
,-13.0,50,2531.257095
,-44.0,50,2533.0728
,-28.0,50,2534.850859
,-16.0,50,2536.573554
,-16.0,50,2538.390148
,-17.0,50,2540.135596
,-50.0,50,2541.916795
,-11.0,50,2543.645369
,-13.0,50,2545.396066
,-25.0,50,2547.144405
,-50.0,50,2548.959286
,-18.0,50,2550.742445
,-16.0,50,2552.463882
,-10.0,50,2554.285867
,-8.0,50,2554.551625
,-8.0,50,2554.85035
,-8.0,50,2555.13568
,-9.0,50,2555.426927
,-10.0,50,2555.695613
,-50.0,50,2555.974153
,-27.0,50,2556.254802
,-5.0,50,2556.529159
,-10.0,50,2556.831234
,-42.0,50,2557.262775
,-16.0,50,2559.020033
,-35.0,50,2560.79848
,-39.0,50,2562.594593
,-50.0,50,2564.344855
,-19.0,50,2566.116889
,-13.0,50,2567.915669
,-35.0,50,2569.727075
,-21.0,50,2571.472043
,-11.0,50,2573.220187
,-15.0,50,2574.998291
,-28.0,50,2576.720838
,-28.0,50,2578.542203
,-16.0,50,2580.285254
,-7.0,50,2582.044708
,-23.0,50,2583.853758
,-26.0,50,2585.580812
,-50.0,50,2587.339729
,-9.0,50,2589.141979
,-50.0,50,2590.938911
,-50.0,50,2592.722732
,-24.0,50,2594.467432
,-48.0,50,2596.26689
,-6.0,50,2598.005414
,-36.0,50,2599.782311
,-19.0,50,2601.553313
,0.0,50,2603.32936
,-23.0,50,2605.078406
,-25.0,50,2606.890486
,-11.0,50,2608.640245
,-34.0,50,2610.456666
,-50.0,50,2612.231932
,-39.0,50,2614.016205
,-8.0,50,2615.82258
,-10.0,50,2617.578107
,-50.0,50,2619.290322
,-12.0,50,2621.106277
,-50.0,50,2622.872659
,-16.0,50,2624.632335
,-42.0,50,2626.412091
,-46.0,50,2628.180732
,-33.0,50,2629.973999
,-46.0,50,2631.717036
,-37.0,50,2633.496919
,-16.0,50,2635.273494
,-49.0,50,2637.061296
,-41.0,50,2638.856079
,-14.0,50,2640.63338
,-50.0,50,2642.434482
,-14.0,50,2644.185479
,-12.0,50,2645.99461
,-8.0,50,2646.318321
,-14.0,50,2646.608814
,-10.0,50,2646.868552
,-12.0,50,2647.13536
,-6.0,50,2647.442122
,-5.0,50,2647.737087
,-6.0,50,2648.007086
,-6.0,50,2648.307843
,-8.0,50,2648.599107
,-40.0,50,2648.947144
,-35.0,50,2650.710515
,-47.0,50,2652.498781
,-36.0,50,2654.26052
,-10.0,50,2655.998144
,-9.0,50,2657.802743
,-50.0,50,2659.568774
,-11.0,50,2661.309633
,-19.0,50,2663.065282
,-48.0,50,2664.878284
,-45.0,50,2666.658195
,-33.0,50,2668.393986
,-21.0,50,2670.197763
,-10.0,50,2672.019265
,-23.0,50,2673.759949
,-48.0,50,2675.571352
,-50.0,50,2677.325544
,-42.0,50,2679.117181
,-50.0,50,2680.8952
,-50.0,50,2682.660933
,-18.0,50,2684.396579
,-13.0,50,2686.224398
,-31.0,50,2688.006488
,-28.0,50,2689.769733
,-50.0,50,2691.544288
,-14.0,50,2693.340288
,-48.0,50,2695.068192
,-19.0,50,2696.890337
,-15.0,50,2698.673294
,-50.0,50,2700.485062
,-20.0,50,2702.210067
,-50.0,50,2704.025816
,-24.0,50,2705.756407
,-50.0,50,2707.599061
,0.0,50,2709.355567
,-32.0,50,2711.186235
,-29.0,50,2712.923383
,-50.0,50,2714.711398
,-19.0,50,2716.490748
,-50.0,50,2718.238264
,-20.0,50,2720.038357
,-50.0,50,2721.809991
,-45.0,50,2723.604638
,-14.0,50,2725.371283
,-26.0,50,2727.163993
,-17.0,50,2728.998089
,-18.0,50,2730.762986
,-50.0,50,2732.460841
,-50.0,50,2734.343879
,-40.0,50,2736.088232
,-5.0,50,2737.906052
,-11.0,50,2738.175091
,-10.0,50,2738.45881
,-9.0,50,2738.752509
,-14.0,50,2739.043051
,-6.0,50,2739.330285
,-7.0,50,2739.611866
,-10.0,50,2739.888331
,-13.0,50,2740.155735
,0.0,50,2740.397517
,-30.0,50,2740.772399
,0.0,50,2742.52029
,-15.0,50,2744.300524
,-12.0,50,2746.110852
,-16.0,50,2747.916896
,-8.0,50,2749.68434
,-50.0,50,2751.458979
,0.0,50,2753.2184
,-24.0,50,2755.029474
,-50.0,50,2756.734371
,-9.0,50,2758.554605
,-49.0,50,2760.299226
,-38.0,50,2762.119938
,-10.0,50,2763.913668
,-48.0,50,2765.648465
,-46.0,50,2767.471623
,-50.0,50,2769.297277
,-15.0,50,2771.015722
,-19.0,50,2772.802068
,-26.0,50,2774.624824
,-50.0,50,2776.393063
,-44.0,50,2778.208119
,-11.0,50,2779.971734
,-47.0,50,2781.749687
,-50.0,50,2783.517042
,-30.0,50,2785.390993
,-16.0,50,2787.120313
,-17.0,50,2788.885987
,-50.0,50,2790.700798
,-16.0,50,2792.446251
,-22.0,50,2794.227793
,-46.0,50,2796.056376
,-48.0,50,2797.789034
,-30.0,50,2799.556946
,-12.0,50,2801.370136
,-40.0,50,2803.131622
,-18.0,50,2804.968584
,-23.0,50,2806.716514
,-50.0,50,2808.457268
,-25.0,50,2810.300715
,-13.0,50,2812.045347
,-50.0,50,2813.813296
,-21.0,50,2815.612435
,-50.0,50,2817.408017
,-10.0,50,2819.189761
,-44.0,50,2820.998862
,-14.0,50,2822.761271
,-32.0,50,2824.559046
,-47.0,50,2826.323319
,-50.0,50,2828.12599
,-7.0,50,2829.933152
,-4.0,50,2830.196388
,0.0,50,2830.434064
,-5.0,50,2830.714495
,-4.0,50,2831.009848
,-6.0,50,2831.30893
,-7.0,50,2831.597163
,-10.0,50,2831.864342
,-46.0,50,2832.140348
,-6.0,50,2832.42475
,-39.0,50,2832.927725
,-10.0,50,2834.678454
,-50.0,50,2836.49402
,-15.0,50,2838.237092
,-29.0,50,2840.033854
,-50.0,50,2841.796535
,-14.0,50,2843.595674
,-8.0,50,2845.364828
,-50.0,50,2847.125481
,-47.0,50,2848.908272
,-50.0,50,2850.659435
,-14.0,50,2852.47155
,-20.0,50,2854.23652
,-43.0,50,2856.052605
,-39.0,50,2857.809066
,-33.0,50,2859.575295
,-18.0,50,2861.371743
,-28.0,50,2863.092508
,-11.0,50,2864.905244
,-50.0,50,2866.61869
,-30.0,50,2868.456807
,-50.0,50,2870.254777
,-48.0,50,2872.072789
,-50.0,50,2873.805586
,-31.0,50,2875.648538
,-42.0,50,2877.429889
,-13.0,50,2879.171826
,-50.0,50,2880.92136
,-50.0,50,2882.798329
,-30.0,50,2884.49518
,-50.0,50,2886.323351
,-19.0,50,2888.096375
,-19.0,50,2889.885864
,-50.0,50,2891.694977
,-17.0,50,2893.478032
,-43.0,50,2895.264347
,-47.0,50,2897.040893
,-17.0,50,2898.8194
,-18.0,50,2900.644908
,0.0,50,2902.434969
,-21.0,50,2904.241249
,-50.0,50,2905.990419
,-50.0,50,2907.824734
,0.0,50,2909.590652
,-35.0,50,2911.341323
,-27.0,50,2913.112328
,-16.0,50,2914.907614
,-10.0,50,2916.695099
,-23.0,50,2918.484961
,-13.0,50,2920.27659
,-11.0,50,2922.149058
,-4.0,50,2922.474362
,-47.0,50,2922.761331
,-6.0,50,2923.043938
,-10.0,50,2923.351451
,-9.0,50,2923.620041
,-16.0,50,2923.90717
,-47.0,50,2924.239816
,-7.0,50,2924.561677
,-7.0,50,2924.828824
,-17.0,50,2925.131383
,-50.0,50,2926.915921
,-4.0,50,2928.706167
,-41.0,50,2930.558618
,-50.0,50,2932.350831
,-22.0,50,2934.100145
,-39.0,50,2935.893152
,-7.0,50,2937.72658
,-27.0,50,2939.495211
,-4.0,50,2941.316213
,-50.0,50,2943.082091
,-9.0,50,2944.867615
,-45.0,50,2946.675129
,-21.0,50,2948.441211
,-27.0,50,2950.258661
,-50.0,50,2952.064383
,-50.0,50,2953.898298
,-18.0,50,2955.662919
,-12.0,50,2957.425245
,-27.0,50,2959.237479
,-41.0,50,2961.027762
,-41.0,50,2962.814366
,-35.0,50,2964.57979
,-50.0,50,2966.41617
,-10.0,50,2968.175009
,-47.0,50,2969.94048
,-21.0,50,2971.721598
,-13.0,50,2973.483266
,-50.0,50,2975.329048
,-50.0,50,2977.189547
,-50.0,50,2978.909052
,-14.0,50,2980.799089
,-23.0,50,2982.536283
,-16.0,50,2984.345173
,-50.0,50,2986.161851
,-50.0,50,2987.924629
,-17.0,50,2989.724154
,-14.0,50,2991.550106
,-50.0,50,2993.298712
,-21.0,50,2995.109566
,-14.0,50,2996.881582
,-50.0,50,2998.650277
,-27.0,50,3000.390844
,-50.0,50,3002.173794
,-18.0,50,3003.987477
,-50.0,50,3005.815126
,-27.0,50,3007.575574
,-10.0,50,3009.376781
,-46.0,50,3011.141465
,0.0,50,3012.935933
,-10.0,50,3014.798803
,-50.0,50,3015.066228
,-8.0,50,3015.334543
,-24.0,50,3015.598947
,-8.0,50,3015.892516
,-47.0,50,3016.199098
,-5.0,50,3016.497999
,0.0,50,3016.736108
,-8.0,50,3017.039809
,-8.0,50,3017.301542
,-24.0,50,3017.735296
,-50.0,50,3019.508313
,-43.0,50,3021.263278
,-50.0,50,3023.09912
,-50.0,50,3024.873449
,-31.0,50,3026.692104
,-50.0,50,3028.500223
,-18.0,50,3030.269997
,-50.0,50,3032.046386
,-23.0,50,3033.850985
,-50.0,50,3035.60649
,-50.0,50,3037.393562
,-50.0,50,3039.200511
,0.0,50,3040.986966
,-50.0,50,3042.759657
,-12.0,50,3044.55236
,-50.0,50,3046.311585
,-36.0,50,3048.125528
,-45.0,50,3049.91207
,-37.0,50,3051.685902
,-18.0,50,3053.500852
,-50.0,50,3055.297588
,-46.0,50,3057.063209
,-41.0,50,3058.871751
,-50.0,50,3060.655957
,-29.0,50,3062.426256
,-19.0,50,3064.231027
,-38.0,50,3066.032985
,-21.0,50,3067.80695
,-42.0,50,3069.642981
,-41.0,50,3071.385515
,-28.0,50,3073.208814
,-5.0,50,3074.946574
,-19.0,50,3076.801378
,-50.0,50,3078.536648
,-18.0,50,3080.327242
,-29.0,50,3082.147406
,-22.0,50,3083.910968
,-16.0,50,3085.745831
,-25.0,50,3087.51294
,-13.0,50,3089.277922
,-9.0,50,3091.110429
,-30.0,50,3092.950381
,-50.0,50,3094.714369
,-42.0,50,3096.514743
,-44.0,50,3098.315623
,-5.0,50,3100.100429
,-50.0,50,3101.932294
,-41.0,50,3103.725547
,-48.0,50,3105.504342
,-13.0,50,3107.335658
,-49.0,50,3107.649743
,-14.0,50,3107.9388
,-50.0,50,3108.225154
,-7.0,50,3108.472621
,-11.0,50,3108.766434
,-13.0,50,3109.052356
,-8.0,50,3109.359321
,-6.0,50,3109.651337
,-4.0,50,3109.918663
,-46.0,50,3110.308709
,-13.0,50,3112.104006
,-12.0,50,3113.911542
,-14.0,50,3115.685342
,-14.0,50,3117.493137
,-35.0,50,3119.264602
,-47.0,50,3121.093105
,-14.0,50,3122.907406
,-20.0,50,3124.71721
,-19.0,50,3126.50751
,-49.0,50,3128.386228
,-50.0,50,3130.163115
,-49.0,50,3131.903709
,-15.0,50,3133.769501
,-28.0,50,3135.520989
,-32.0,50,3137.319184
,-50.0,50,3139.187185
,-50.0,50,3140.940242
,-41.0,50,3142.799144
,-8.0,50,3144.575167
,-50.0,50,3146.36833
,-43.0,50,3148.167778
,-50.0,50,3149.944986
,-50.0,50,3151.733526
,-8.0,50,3153.572204
,-47.0,50,3155.38887
,-29.0,50,3157.242959
,-37.0,50,3159.05746
,0.0,50,3160.798187
,-42.0,50,3162.575022
,-10.0,50,3164.367805
,-35.0,50,3166.193189
,-16.0,50,3168.00144
,-30.0,50,3169.776809
,-25.0,50,3171.638711
,-14.0,50,3173.417173
,-28.0,50,3175.22427
,-44.0,50,3177.041806
,-7.0,50,3178.827822
,-50.0,50,3180.591582
,-34.0,50,3182.379132
,-17.0,50,3184.176476
,-18.0,50,3186.017085
,-46.0,50,3187.828425
,-9.0,50,3189.615811
,-20.0,50,3191.459046
,-32.0,50,3193.229109
,-40.0,50,3195.025657
,-28.0,50,3196.836131
,-50.0,50,3198.619589
,-6.0,50,3200.505325
,-7.0,50,3200.796208
,-10.0,50,3201.067826
,-13.0,50,3201.343624
,-4.0,50,3201.632919
,-7.0,50,3201.956725
,-9.0,50,3202.245656
,-8.0,50,3202.537799
,-6.0,50,3202.795843
,-10.0,50,3203.0695
,-19.0,50,3203.463668
,-13.0,50,3205.265243
,-25.0,50,3207.081417
,-37.0,50,3208.820329
,-22.0,50,3210.641818
,-15.0,50,3212.470848
,-43.0,50,3214.290319
,-47.0,50,3216.10967
,-20.0,50,3217.922635
,-43.0,50,3219.651179
,-50.0,50,3221.463316
,-48.0,50,3223.331862
,-7.0,50,3225.130638
,0.0,50,3226.892419
,-44.0,50,3228.725499
,-37.0,50,3230.54392
,-45.0,50,3232.333244
,-10.0,50,3234.11226
,-50.0,50,3235.922657
,-50.0,50,3237.710282
,-50.0,50,3239.51599
,-50.0,50,3241.314766
,-18.0,50,3243.120311
,-41.0,50,3244.986511
,-20.0,50,3246.730211
,-16.0,50,3248.561475
,-37.0,50,3250.384512
,-22.0,50,3252.147439
,-50.0,50,3254.022599
,-38.0,50,3255.763837
,-15.0,50,3257.64101
,-10.0,50,3259.388518
,-19.0,50,3261.244428
,-28.0,50,3263.032818
,-32.0,50,3264.852665
,-30.0,50,3266.639968
,-10.0,50,3268.480772
,-15.0,50,3270.326299
,-47.0,50,3272.115212
,-46.0,50,3273.907188
,-15.0,50,3275.77249
,-37.0,50,3277.547581
,-20.0,50,3279.382301
,-21.0,50,3281.208417
,-45.0,50,3282.981155
,-21.0,50,3284.766528
,-50.0,50,3286.584705
,-41.0,50,3288.406641
,-27.0,50,3290.2658
,-41.0,50,3292.054527
,-16.0,50,3293.894485
,-11.0,50,3294.188794
,-11.0,50,3294.472913
,-19.0,50,3294.78945
,-13.0,50,3295.093657
,-16.0,50,3295.359911
,-8.0,50,3295.650595
,-10.0,50,3295.948575
,-7.0,50,3296.237903
,-11.0,50,3296.521068
,-50.0,50,3296.916031
,-18.0,50,3298.707566
,-50.0,50,3300.564136
,-50.0,50,3302.392196
,-37.0,50,3304.167484
,-30.0,50,3306.024984
,-23.0,50,3307.894438
,-35.0,50,3309.653972
,-47.0,50,3311.521567
,-22.0,50,3313.345769
,0.0,50,3315.135348
,-12.0,50,3316.985771
,-50.0,50,3318.769703
,-50.0,50,3320.626289
,-38.0,50,3322.436819
,-46.0,50,3324.247702
,-12.0,50,3326.053442
,-18.0,50,3327.857733
,-47.0,50,3329.670856
,-19.0,50,3331.465754
,-26.0,50,3333.314554
,-48.0,50,3335.128509
,-50.0,50,3336.995845
,-11.0,50,3338.77152
,-39.0,50,3340.59607
,-12.0,50,3342.380409
,-18.0,50,3344.24206
,-17.0,50,3346.019037
,-19.0,50,3347.864448
,-50.0,50,3349.771248
,-19.0,50,3351.558052
,-47.0,50,3353.399239
,-18.0,50,3355.255334
,-17.0,50,3357.034997
,0.0,50,3358.839529
,-28.0,50,3360.687086
,-45.0,50,3362.497312
,-14.0,50,3364.346123
,-45.0,50,3366.186932
,-36.0,50,3368.016148
,-41.0,50,3369.812244
,-10.0,50,3371.621548
,-37.0,50,3373.473501
,-50.0,50,3375.280377
,-47.0,50,3377.115215
,-45.0,50,3378.926317
,-50.0,50,3380.717279
,-50.0,50,3382.510429
,-17.0,50,3384.353243
,0.0,50,3386.145103
,-7.0,50,3388.008554
,-3.0,50,3388.293629
,-13.0,50,3388.615143
,-7.0,50,3388.933978
,-4.0,50,3389.228703
,-13.0,50,3389.56345
,-7.0,50,3389.851748
,-10.0,50,3390.14805
,-9.0,50,3390.427534
,-10.0,50,3390.700967
,-50.0,50,3391.083686
,-50.0,50,3392.892286
,-18.0,50,3394.680446
,-26.0,50,3396.547922
,-22.0,50,3398.372855
,-22.0,50,3400.231157
,-50.0,50,3402.032751
,-50.0,50,3403.887603
,-10.0,50,3405.797754
,-20.0,50,3407.558137
,-44.0,50,3409.450217
,-18.0,50,3411.297775
,-50.0,50,3413.043132
,-50.0,50,3414.903746
,-9.0,50,3416.679107
,-10.0,50,3418.598187
,-18.0,50,3420.379463
,-14.0,50,3422.220133
,-50.0,50,3424.030173
,-6.0,50,3425.889997
,-50.0,50,3427.725633
,-50.0,50,3429.545307
,-4.0,50,3431.387093
,-50.0,50,3433.22439
,-21.0,50,3435.031626
,-17.0,50,3436.95711
,0.0,50,3438.757879
,-28.0,50,3440.579191
,-13.0,50,3442.435454
,-21.0,50,3444.301826
,-50.0,50,3446.093687
,-19.0,50,3447.971231
,-36.0,50,3449.762411
,-50.0,50,3451.640611
,-50.0,50,3453.496171
,-13.0,50,3455.316075
,-50.0,50,3457.225622
,-12.0,50,3459.002528
,-13.0,50,3460.852695
,-22.0,50,3462.698433
,-7.0,50,3464.521213
,-11.0,50,3466.384618
,-7.0,50,3468.259202
,-50.0,50,3470.065645
,-45.0,50,3471.857877
,-31.0,50,3473.679797
,-48.0,50,3475.576695
,-33.0,50,3477.384505
,-46.0,50,3479.212823
,-30.0,50,3481.041406
,-9.0,50,3482.877406
,-48.0,50,3483.190718
,-7.0,50,3483.46862
,-5.0,50,3483.750203
,-5.0,50,3484.040239
,-9.0,50,3484.317014
,-12.0,50,3484.573133
,-7.0,50,3484.848742
,-6.0,50,3485.146719
,-8.0,50,3485.455886
,-43.0,50,3485.917364
,-50.0,50,3487.724056
,-24.0,50,3489.640817
,-9.0,50,3491.427265
,-42.0,50,3493.246743
,-50.0,50,3495.141338
,-45.0,50,3496.989079
,-50.0,50,3498.830796
,-50.0,50,3500.61486
,-48.0,50,3502.476725
,-26.0,50,3504.290814
,-49.0,50,3506.228669
,-20.0,50,3508.064366
,-44.0,50,3509.835086
,-19.0,50,3511.754859
,-21.0,50,3513.545488
,-24.0,50,3515.407798
,-28.0,50,3517.309991
,-11.0,50,3519.216548
,-49.0,50,3521.04443
,-13.0,50,3522.871774
,-25.0,50,3524.703709
,-50.0,50,3526.567244
,-42.0,50,3528.476319
,-27.0,50,3530.274106
,-50.0,50,3532.13397
,-29.0,50,3534.053184
,-50.0,50,3535.842782
,-50.0,50,3537.646959
,-17.0,50,3539.566968
,-32.0,50,3541.399009
,-27.0,50,3543.27375
,-50.0,50,3545.134145
,-37.0,50,3546.997194
,-48.0,50,3548.830896
,-50.0,50,3550.704222
,-50.0,50,3552.532525
,-46.0,50,3554.353161
,-10.0,50,3556.190845
,-20.0,50,3558.094055
,-45.0,50,3559.95194
,-50.0,50,3561.767808
,0.0,50,3563.645775
,-27.0,50,3565.465846
,-50.0,50,3567.340998
,-11.0,50,3569.218975
,-15.0,50,3571.045207
,-36.0,50,3572.889702
,-16.0,50,3574.729331
,-24.0,50,3576.601879
,-10.0,50,3578.468139
,-15.0,50,3578.736405
,-9.0,50,3579.024202
,-7.0,50,3579.290049
,-42.0,50,3579.575481
,0.0,50,3579.848888
,-8.0,50,3580.120253
,-6.0,50,3580.415699
,-11.0,50,3580.700844
,-10.0,50,3580.978142
