#{"t_start": 1583325086.975724, "env_id": "FetchPush-v1"}
s,r,l,t
,-50.0,50,6.246382
,-50.0,50,8.105659
,-50.0,50,9.706209
,-50.0,50,11.344888
,-50.0,50,12.924892
,-50.0,50,14.545022
,-50.0,50,16.186956
,-50.0,50,17.761155
,-50.0,50,19.417092
,-50.0,50,21.038461
,-50.0,50,22.634138
,-50.0,50,24.227999
,-50.0,50,25.835976
,-50.0,50,27.411258
,-50.0,50,29.027841
,0.0,50,30.674201
,-50.0,50,32.267439
,-50.0,50,33.873963
,-50.0,50,35.477278
,-50.0,50,37.095189
,-50.0,50,38.698024
,-50.0,50,40.308816
,-50.0,50,41.934271
,-50.0,50,43.582189
,-50.0,50,45.188963
,-50.0,50,46.764966
,-50.0,50,48.362701
,-50.0,50,49.977368
,-50.0,50,51.610797
,-50.0,50,53.206298
,-50.0,50,54.827325
,-50.0,50,56.43002
,-50.0,50,58.017248
,-50.0,50,59.682257
,-50.0,50,61.269959
,-50.0,50,62.86815
,0.0,50,64.495598
,-50.0,50,66.105121
,-50.0,50,67.703921
,-50.0,50,69.343754
,-50.0,50,70.938788
,-50.0,50,72.566574
,-50.0,50,74.179226
,-50.0,50,75.758356
,-50.0,50,77.387454
,-50.0,50,78.999306
,-50.0,50,80.571102
,-50.0,50,82.211744
,-50.0,50,83.809123
,-50.0,50,85.399447
,-50.0,50,87.073851
,-50.0,50,87.342852
,-50.0,50,87.611387
,-50.0,50,87.868269
,-50.0,50,88.142441
,-50.0,50,88.409557
,-50.0,50,88.664355
,-50.0,50,88.929782
,-50.0,50,89.233825
,-50.0,50,89.521961
,-50.0,50,89.931805
,-50.0,50,91.598202
,-50.0,50,93.199548
,-50.0,50,94.829112
,-50.0,50,96.435519
,-50.0,50,98.046861
,-50.0,50,99.690582
,-50.0,50,101.276035
,-50.0,50,102.908589
,-50.0,50,104.540519
,-50.0,50,106.132635
,-50.0,50,107.742775
,-50.0,50,109.348759
,-50.0,50,110.965055
,-50.0,50,112.586793
,-50.0,50,114.204171
,-50.0,50,115.844261
,-50.0,50,117.462479
,-50.0,50,119.09902
,-50.0,50,120.688034
,-50.0,50,122.347982
,-50.0,50,123.974445
,-50.0,50,125.585016
,-50.0,50,127.163324
,0.0,50,128.78651
,-50.0,50,130.425124
,-50.0,50,132.072878
,-50.0,50,133.644935
,-50.0,50,135.262745
,-50.0,50,136.904382
,-50.0,50,138.53176
,-50.0,50,140.124535
,-50.0,50,141.754535
,-50.0,50,143.370883
,-50.0,50,144.9768
,-50.0,50,146.593594
,-50.0,50,148.22839
,-50.0,50,149.793299
,-50.0,50,151.44441
,-50.0,50,153.082256
,-50.0,50,154.698142
,-50.0,50,156.293123
,0.0,50,157.948104
,-50.0,50,159.545467
,-50.0,50,161.156745
,-50.0,50,162.751991
,-50.0,50,164.397334
,0.0,50,165.994212
,-50.0,50,167.604257
,-50.0,50,169.230761
,-50.0,50,170.86392
,0.0,50,171.140766
,-50.0,50,171.416981
,-50.0,50,171.693161
,-50.0,50,171.998246
,-50.0,50,172.280736
,-50.0,50,172.541963
,-50.0,50,172.826275
,-50.0,50,173.105114
,-50.0,50,173.390597
,-50.0,50,173.698607
,-50.0,50,175.319204
,-50.0,50,176.949802
,0.0,50,178.570633
,-50.0,50,180.179265
,-50.0,50,181.762845
,-50.0,50,183.392677
,-50.0,50,185.032187
,-50.0,50,186.647638
,-50.0,50,188.257264
,-50.0,50,189.863934
,-50.0,50,191.512113
,-50.0,50,193.105191
,-50.0,50,194.730184
,-50.0,50,196.35407
,-50.0,50,197.980172
,-50.0,50,199.582966
,-50.0,50,201.235308
,-50.0,50,202.84091
,-50.0,50,204.428972
,-50.0,50,206.029636
,-50.0,50,207.662249
,-50.0,50,209.241672
,0.0,50,210.90791
,-50.0,50,212.509112
,-50.0,50,214.109469
,0.0,50,215.763425
,-50.0,50,217.395037
,-50.0,50,219.000472
,-50.0,50,220.617661
,-50.0,50,222.220906
,0.0,50,223.838587
,-50.0,50,225.474419
,-50.0,50,227.104865
,-50.0,50,228.747918
,-50.0,50,230.361066
,-50.0,50,231.994664
,-50.0,50,233.605251
,-50.0,50,235.263719
,-50.0,50,236.850938
,-50.0,50,238.493963
,-50.0,50,240.096942
,-50.0,50,241.759681
,-50.0,50,243.401115
,-50.0,50,245.014619
,-50.0,50,246.679352
,-50.0,50,248.27459
,-50.0,50,249.928978
,-50.0,50,251.550159
,-50.0,50,253.166215
,-50.0,50,254.867403
,0.0,50,255.151714
,0.0,50,255.430108
,-50.0,50,255.713356
,0.0,50,256.006423
,-50.0,50,256.334482
,0.0,50,256.665854
,-50.0,50,256.941957
,-50.0,50,257.220668
,-50.0,50,257.471953
,-5.0,50,257.724779
,0.0,50,259.376297
,-50.0,50,260.997418
,-50.0,50,262.634356
,-50.0,50,264.256739
,-50.0,50,265.864552
,-50.0,50,267.546597
,-50.0,50,269.17231
,-50.0,50,270.777282
,-50.0,50,272.397799
,-50.0,50,274.015205
,-50.0,50,275.664598
,0.0,50,277.284774
,-50.0,50,278.902581
,-50.0,50,280.527668
,0.0,50,282.172985
,-50.0,50,283.819573
,-50.0,50,285.384163
,-50.0,50,287.048997
,-50.0,50,288.698364
,0.0,50,290.329119
,-50.0,50,291.996673
,-50.0,50,293.652754
,-50.0,50,295.267481
,-50.0,50,296.898978
,-50.0,50,298.564829
,-50.0,50,300.159213
,0.0,50,301.805686
,-50.0,50,303.427927
,-50.0,50,305.085802
,-50.0,50,306.69279
,-50.0,50,308.32264
,-50.0,50,309.924021
,-50.0,50,311.590841
,-50.0,50,313.194703
,-50.0,50,314.867669
,-50.0,50,316.505464
,-50.0,50,318.13354
,-50.0,50,319.775655
,-50.0,50,321.40536
,-50.0,50,323.001876
,-50.0,50,324.647971
,-50.0,50,326.304862
,-50.0,50,327.959902
,-50.0,50,329.603884
,-50.0,50,331.249873
,-50.0,50,332.844206
,0.0,50,334.481973
,-50.0,50,336.109926
,-50.0,50,337.775209
,0.0,50,339.390148
,-50.0,50,339.696709
,-50.0,50,339.954931
,-50.0,50,340.220501
,0.0,50,340.515071
,-50.0,50,340.837812
,-50.0,50,341.099473
,-50.0,50,341.398344
,-50.0,50,341.704958
,-50.0,50,342.001316
,-50.0,50,342.355381
,-50.0,50,343.958541
,-50.0,50,345.603792
,-50.0,50,347.235914
,-50.0,50,348.869026
,-50.0,50,350.48602
,-50.0,50,352.101711
,-50.0,50,353.789436
,-50.0,50,355.408388
,-50.0,50,357.055457
,-50.0,50,358.665692
,-50.0,50,360.313013
,-50.0,50,361.937998
,-50.0,50,363.536649
,-50.0,50,365.156339
,-50.0,50,366.815332
,-50.0,50,368.410524
,0.0,50,370.108876
,0.0,50,371.746155
,-50.0,50,373.365343
,0.0,50,374.994278
,-50.0,50,376.652864
,-50.0,50,378.276421
,-50.0,50,379.908023
,-50.0,50,381.548594
,-50.0,50,383.190485
,-50.0,50,384.807392
,-50.0,50,386.443127
,-50.0,50,388.075902
,-50.0,50,389.719155
,-50.0,50,391.379792
,-50.0,50,393.014021
,-50.0,50,394.636813
,-50.0,50,396.286205
,0.0,50,397.913093
,-50.0,50,399.574301
,-50.0,50,401.207647
,-50.0,50,402.861139
,0.0,50,404.512463
,-50.0,50,406.116239
,0.0,50,407.759277
,-50.0,50,409.430009
,-50.0,50,411.063483
,-50.0,50,412.692224
,0.0,50,414.344199
,-10.0,50,415.988713
,-50.0,50,417.620598
,-50.0,50,419.229511
,-50.0,50,420.896136
,-50.0,50,422.516914
,-5.0,50,424.141451
,-50.0,50,424.435137
,-50.0,50,424.698236
,-50.0,50,424.966292
,-50.0,50,425.275261
,-50.0,50,425.544595
,-50.0,50,425.837204
,-50.0,50,426.104612
,-50.0,50,426.399642
,-50.0,50,426.666106
,-50.0,50,427.050023
,-50.0,50,428.667782
,-50.0,50,430.287565
,-50.0,50,431.953289
,-50.0,50,433.621298
,-50.0,50,435.250986
,-50.0,50,436.872679
,-50.0,50,438.50203
,-50.0,50,440.190073
,-50.0,50,441.826024
,-50.0,50,443.433317
,-50.0,50,445.101166
,-50.0,50,446.699355
,-50.0,50,448.382584
,-50.0,50,449.987169
,-50.0,50,451.606598
,-50.0,50,453.244562
,-50.0,50,454.930054
,0.0,50,456.523068
,-50.0,50,458.176358
,-50.0,50,459.828341
,-50.0,50,461.42546
,-50.0,50,463.094416
,-50.0,50,464.732188
,-50.0,50,466.383559
,-50.0,50,467.992733
,-49.0,50,469.628197
,-50.0,50,471.273896
,-50.0,50,472.929771
,-50.0,50,474.551126
,-50.0,50,476.182842
,-50.0,50,477.842196
,-50.0,50,479.508253
,-50.0,50,481.133895
,-50.0,50,482.795981
,0.0,50,484.423856
,-50.0,50,486.057908
,-50.0,50,487.684368
,-50.0,50,489.369746
,-50.0,50,491.002664
,-50.0,50,492.648643
,-50.0,50,494.255295
,-50.0,50,495.905566
,0.0,50,497.590814
,-50.0,50,499.188295
,-50.0,50,500.880737
,-50.0,50,502.501402
,-50.0,50,504.139509
,-50.0,50,505.803239
,-50.0,50,507.445431
,-50.0,50,509.097247
,-50.0,50,509.383685
,-50.0,50,509.665408
,-50.0,50,509.963119
,-50.0,50,510.277916
,-50.0,50,510.557078
,-50.0,50,510.819887
,0.0,50,511.088137
,-50.0,50,511.358523
,-50.0,50,511.668542
,-50.0,50,511.98497
,-50.0,50,513.670605
,-50.0,50,515.318683
,0.0,50,516.952318
,-50.0,50,518.613173
,-50.0,50,520.244364
,-50.0,50,521.865122
,-50.0,50,523.518413
,-6.0,50,525.170534
,-50.0,50,526.80016
,-50.0,50,528.443588
,-50.0,50,530.07577
,-50.0,50,531.728157
,-50.0,50,533.351349
,-50.0,50,535.012858
,-50.0,50,536.670667
,-50.0,50,538.340029
,-50.0,50,540.024633
,-50.0,50,541.666944
,-50.0,50,543.276486
,-50.0,50,544.918488
,-50.0,50,546.557272
,-50.0,50,548.236264
,-50.0,50,549.83826
,-50.0,50,551.509441
,-50.0,50,553.136971
,-28.0,50,554.810979
,-50.0,50,556.424264
,-50.0,50,558.097062
,-48.0,50,559.72338
,0.0,50,561.370623
,-50.0,50,563.019285
,0.0,50,564.683363
,-50.0,50,566.342141
,-50.0,50,567.941452
,-22.0,50,569.614954
,-50.0,50,571.234203
,-50.0,50,572.89487
,-50.0,50,574.557736
,-50.0,50,576.229394
,-50.0,50,577.842562
,-50.0,50,579.497764
,-50.0,50,581.174696
,-50.0,50,582.81676
,0.0,50,584.427444
,0.0,50,586.084706
,-50.0,50,587.786789
,-50.0,50,589.383433
,0.0,50,591.071372
,-50.0,50,592.705003
,-50.0,50,594.39128
,-50.0,50,594.652147
,-50.0,50,594.920746
,-50.0,50,595.207186
,-50.0,50,595.489875
,-50.0,50,595.776646
,-50.0,50,596.053542
,0.0,50,596.343476
,-18.0,50,596.643196
,-50.0,50,596.878217
,-50.0,50,597.259657
,-50.0,50,598.928927
,-50.0,50,600.575847
,-50.0,50,602.197109
,-50.0,50,603.895392
,-50.0,50,605.51417
,0.0,50,607.18384
,-50.0,50,608.787827
,-50.0,50,610.437012
,-50.0,50,612.121147
,-12.0,50,613.771507
,-50.0,50,615.412875
,-50.0,50,617.041273
,-50.0,50,618.661076
,-50.0,50,620.370829
,-50.0,50,621.995816
,-50.0,50,623.623421
,-50.0,50,625.2602
,-50.0,50,626.936031
,-50.0,50,628.574181
,-50.0,50,630.244528
,-50.0,50,631.870809
,-24.0,50,633.577766
,-50.0,50,635.21345
,-50.0,50,636.845441
,-50.0,50,638.545711
,-50.0,50,640.232365
,-50.0,50,641.876905
,-50.0,50,643.526101
,-50.0,50,645.219882
,-50.0,50,646.813554
,-50.0,50,648.509342
,-50.0,50,650.188065
,-11.0,50,651.819585
,0.0,50,653.495612
,-16.0,50,655.124877
,-48.0,50,656.776774
,0.0,50,658.484172
,-50.0,50,660.09819
,-50.0,50,661.755918
,-50.0,50,663.384854
,-50.0,50,665.109059
,-50.0,50,666.722635
,-50.0,50,668.378123
,-50.0,50,670.035872
,-50.0,50,671.657033
,-50.0,50,673.354436
,-50.0,50,675.015092
,-50.0,50,676.687298
,-50.0,50,678.319383
,-50.0,50,680.05509
,-50.0,50,680.318818
,-28.0,50,680.593107
,-5.0,50,680.858432
,-50.0,50,681.124592
,-50.0,50,681.375597
,-40.0,50,681.664562
,-50.0,50,681.9275
,-50.0,50,682.204296
,-50.0,50,682.461636
,-50.0,50,682.869262
,0.0,50,684.52796
,-50.0,50,686.167746
,-50.0,50,687.834379
,-50.0,50,689.512895
,-50.0,50,691.100843
,-50.0,50,692.802284
,-50.0,50,694.453678
,-43.0,50,696.093109
,-50.0,50,697.757486
,-50.0,50,699.410869
,-50.0,50,701.075306
,-50.0,50,702.687086
,-50.0,50,704.390848
,-50.0,50,706.038415
,-50.0,50,707.681192
,-50.0,50,709.358978
,-50.0,50,711.000212
,-12.0,50,712.635798
,-27.0,50,714.293797
,-50.0,50,716.006331
,-50.0,50,717.679039
,-50.0,50,719.336669
,-50.0,50,721.028055
,-50.0,50,722.681832
,-6.0,50,724.285422
,-19.0,50,725.996384
,-50.0,50,727.64901
,-50.0,50,729.337756
,0.0,50,730.952706
,-42.0,50,732.642812
,0.0,50,734.25549
,-11.0,50,735.932961
,-50.0,50,737.615634
,-50.0,50,739.257117
,-50.0,50,740.915388
,-50.0,50,742.57169
,-50.0,50,744.268174
,-50.0,50,745.895453
,-50.0,50,747.515855
,-18.0,50,749.231757
,-50.0,50,750.884529
,-50.0,50,752.543239
,-34.0,50,754.210239
,-50.0,50,755.842826
,0.0,50,757.524377
,-50.0,50,759.184048
,0.0,50,760.82784
,-50.0,50,762.512828
,-19.0,50,764.136886
,-12.0,50,765.839922
,-16.0,50,766.102806
,-50.0,50,766.366126
,-50.0,50,766.64683
,-15.0,50,766.92429
,-50.0,50,767.209577
,-14.0,50,767.510799
,-6.0,50,767.763007
,-16.0,50,768.059351
,-30.0,50,768.326551
,0.0,50,768.731615
,-50.0,50,770.359715
,-50.0,50,772.03476
,-15.0,50,773.678825
,-50.0,50,775.350946
,-31.0,50,777.026534
,-50.0,50,778.681446
,-50.0,50,780.328017
,-24.0,50,782.019135
,-50.0,50,783.654364
,-7.0,50,785.31954
,0.0,50,786.990516
,-50.0,50,788.622776
,-50.0,50,790.245233
,-47.0,50,791.921487
,-22.0,50,793.577493
,-50.0,50,795.216587
,-50.0,50,796.914117
,-48.0,50,798.548242
,-50.0,50,800.205843
,-50.0,50,801.872789
,-32.0,50,803.540601
,0.0,50,805.176425
,-50.0,50,806.847848
,-15.0,50,808.492349
,-50.0,50,810.144195
,-50.0,50,811.794427
,-50.0,50,813.460323
,0.0,50,815.114542
,-24.0,50,816.752932
,-22.0,50,818.420659
,-50.0,50,820.067083
,-30.0,50,821.745339
,-49.0,50,823.425752
,-50.0,50,825.070122
,-13.0,50,826.704845
,-50.0,50,828.369688
,-11.0,50,830.044169
,-50.0,50,831.742517
,-50.0,50,833.351753
,-14.0,50,835.045939
,-49.0,50,836.718808
,-10.0,50,838.391988
,-18.0,50,840.066222
,-50.0,50,841.727369
,-20.0,50,843.342479
,-46.0,50,845.032281
,-48.0,50,846.677503
,-46.0,50,848.340122
,-13.0,50,849.951078
,-27.0,50,851.670589
,-14.0,50,851.947688
,-16.0,50,852.210563
,-6.0,50,852.486384
,-27.0,50,852.770469
,-50.0,50,853.060712
,-11.0,50,853.332736
,-50.0,50,853.609003
,-14.0,50,853.908906
,-7.0,50,854.187054
,-14.0,50,854.528545
,-6.0,50,856.1797
,-28.0,50,857.868943
,0.0,50,859.50422
,-50.0,50,861.177121
,0.0,50,862.824781
,-11.0,50,864.497764
,-50.0,50,866.167051
,-22.0,50,867.81661
,-14.0,50,869.469202
,-27.0,50,871.128703
,-13.0,50,872.77749
,-50.0,50,874.416939
,-50.0,50,876.101037
,-50.0,50,877.771255
,-44.0,50,879.38734
,-6.0,50,881.078098
,-38.0,50,882.689134
,0.0,50,884.370763
,0.0,50,886.029353
,-46.0,50,887.700077
,-11.0,50,889.343267
,-31.0,50,891.001914
,-20.0,50,892.663953
,-50.0,50,894.318074
,-50.0,50,895.962493
,-31.0,50,897.652092
,-49.0,50,899.34545
,-50.0,50,900.969012
,-21.0,50,902.670728
,-50.0,50,904.284586
,-30.0,50,905.949316
,-50.0,50,907.607776
,-14.0,50,909.270261
,-16.0,50,910.945188
,-12.0,50,912.591839
,-37.0,50,914.251503
,0.0,50,915.946894
,-46.0,50,917.604232
,-18.0,50,919.222512
,-26.0,50,920.905303
,-12.0,50,922.562023
,-31.0,50,924.209435
,0.0,50,925.911185
,-39.0,50,927.557313
,-24.0,50,929.178825
,0.0,50,930.870703
,-50.0,50,932.528255
,0.0,50,934.163761
,-29.0,50,935.84931
,-10.0,50,937.531845
,-11.0,50,937.81393
,-9.0,50,938.095192
,-11.0,50,938.368812
,-15.0,50,938.631977
,-46.0,50,938.911317
,-15.0,50,939.195278
,0.0,50,939.462562
,-50.0,50,939.76947
,-12.0,50,940.028845
,-14.0,50,940.390896
,-23.0,50,942.073948
,-20.0,50,943.727027
,0.0,50,945.407516
,-17.0,50,947.040069
,-22.0,50,948.731557
,-30.0,50,950.386236
,-19.0,50,952.047835
,-20.0,50,953.711818
,-13.0,50,955.408966
,-14.0,50,957.043485
,-14.0,50,958.694636
,0.0,50,960.358858
,-12.0,50,962.031288
,-28.0,50,963.647343
,0.0,50,965.317548
,-14.0,50,966.987838
,-34.0,50,968.6519
,-50.0,50,970.295023
,-12.0,50,971.947649
,-12.0,50,973.640872
,-50.0,50,975.318714
,-50.0,50,976.964294
,-11.0,50,978.605756
,-50.0,50,980.284671
,-21.0,50,981.927461
,-50.0,50,983.617454
,-15.0,50,985.2808
,-25.0,50,986.901435
,0.0,50,988.608832
,-12.0,50,990.246872
,-24.0,50,991.914954
,-7.0,50,993.59294
,-50.0,50,995.249243
,-20.0,50,996.930664
,0.0,50,998.582442
,-13.0,50,1000.236217
,-19.0,50,1001.887177
,-31.0,50,1003.560201
,-10.0,50,1005.215985
,-11.0,50,1006.889812
,-18.0,50,1008.582659
,-50.0,50,1010.242794
,0.0,50,1011.945305
,-19.0,50,1013.556353
,-16.0,50,1015.259437
,-16.0,50,1016.901976
,-20.0,50,1018.592709
,-20.0,50,1020.2334
,-25.0,50,1021.86201
,-6.0,50,1023.588945
,0.0,50,1023.886513
,-50.0,50,1024.143967
,0.0,50,1024.43985
,-10.0,50,1024.720928
,-20.0,50,1025.003611
,-13.0,50,1025.268485
,-10.0,50,1025.542414
,-13.0,50,1025.804956
,-12.0,50,1026.076998
,-17.0,50,1026.364497
,-14.0,50,1028.020663
,-30.0,50,1029.666419
,-44.0,50,1031.340029
,-50.0,50,1033.018702
,-22.0,50,1034.677822
,-18.0,50,1036.341276
,-20.0,50,1038.005025
,-23.0,50,1039.639385
,-36.0,50,1041.329761
,-13.0,50,1042.95102
,-16.0,50,1044.630193
,0.0,50,1046.310889
,-18.0,50,1048.007778
,-15.0,50,1049.662215
,-17.0,50,1051.2945
,-18.0,50,1053.006386
,-50.0,50,1054.649491
,-9.0,50,1056.322206
,-13.0,50,1057.999534
,-23.0,50,1059.683426
,-25.0,50,1061.375049
,-23.0,50,1063.041877
,-43.0,50,1064.736026
,-14.0,50,1066.436094
,-17.0,50,1068.060259
,-47.0,50,1069.743637
,-50.0,50,1071.3897
,-15.0,50,1073.091298
,-8.0,50,1074.779751
,-50.0,50,1076.438675
,-21.0,50,1078.111555
,-17.0,50,1079.743701
,-50.0,50,1081.44385
,-50.0,50,1083.108043
,-22.0,50,1084.787019
,-46.0,50,1086.46185
,-11.0,50,1088.119335
,-9.0,50,1089.783829
,-15.0,50,1091.423264
,-27.0,50,1093.110008
,-50.0,50,1094.815233
,-26.0,50,1096.444381
,-12.0,50,1098.147325
,-19.0,50,1099.855584
,-16.0,50,1101.466892
,-16.0,50,1103.157053
,-13.0,50,1104.857351
,-15.0,50,1106.521522
,-40.0,50,1108.215078
,-50.0,50,1109.873152
,-14.0,50,1110.145848
,-7.0,50,1110.419281
,-22.0,50,1110.68389
,-22.0,50,1110.963049
,-26.0,50,1111.245095
,-13.0,50,1111.502515
,-50.0,50,1111.795238
,0.0,50,1112.076098
,-11.0,50,1112.357895
,-14.0,50,1112.720037
,-37.0,50,1114.366067
,-50.0,50,1116.049133
,-31.0,50,1117.683408
,-26.0,50,1119.380708
,-40.0,50,1121.087498
,-17.0,50,1122.748435
,-10.0,50,1124.419057
,-22.0,50,1126.111779
,-23.0,50,1127.779011
,-14.0,50,1129.461954
,-44.0,50,1131.120954
,-18.0,50,1132.788673
,-24.0,50,1134.428303
,-25.0,50,1136.143035
,-9.0,50,1137.832563
,-37.0,50,1139.522737
,0.0,50,1141.165829
,-28.0,50,1142.845124
,-15.0,50,1144.503615
,-14.0,50,1146.247718
,-43.0,50,1147.914344
,-16.0,50,1149.576913
,-21.0,50,1151.27157
,-11.0,50,1152.914947
,-15.0,50,1154.61514
,-8.0,50,1156.294415
,-16.0,50,1157.922272
,-18.0,50,1159.615333
,-11.0,50,1161.297015
,-32.0,50,1162.99255
,-12.0,50,1164.638359
,-20.0,50,1166.315915
,-50.0,50,1167.993727
,-50.0,50,1169.633124
,-22.0,50,1171.330315
,-16.0,50,1172.991698
,-28.0,50,1174.661129
,-48.0,50,1176.336709
,-15.0,50,1177.968319
,-41.0,50,1179.65413
,-25.0,50,1181.277056
,-14.0,50,1182.96713
,-17.0,50,1184.652124
,-50.0,50,1186.330889
,-18.0,50,1187.983736
,-21.0,50,1189.655019
,0.0,50,1191.317199
,-14.0,50,1193.027775
,0.0,50,1194.666049
,-18.0,50,1196.351654
,0.0,50,1196.618493
,-9.0,50,1196.909575
,-9.0,50,1197.18498
,-10.0,50,1197.439182
,-13.0,50,1197.722127
,-12.0,50,1197.986042
,-15.0,50,1198.255171
,-15.0,50,1198.539435
,-12.0,50,1198.830573
,-17.0,50,1199.210034
,-8.0,50,1200.869059
,-26.0,50,1202.550393
,-50.0,50,1204.258066
,-11.0,50,1205.901877
,-21.0,50,1207.566394
,-23.0,50,1209.245819
,-8.0,50,1210.961424
,-30.0,50,1212.635178
,-48.0,50,1214.324346
,-39.0,50,1216.004344
,-11.0,50,1217.661544
,-24.0,50,1219.358565
,-48.0,50,1221.060068
,-17.0,50,1222.741385
,-6.0,50,1224.386371
,-17.0,50,1226.096178
,-13.0,50,1227.752786
,-50.0,50,1229.452536
,-25.0,50,1231.116982
,-44.0,50,1232.822748
,-7.0,50,1234.475717
,0.0,50,1236.152918
,-19.0,50,1237.808112
,-9.0,50,1239.457304
,-19.0,50,1241.193995
,-49.0,50,1242.83346
,-10.0,50,1244.497466
,-7.0,50,1246.168262
,-21.0,50,1247.841977
,-13.0,50,1249.532404
,-15.0,50,1251.195415
,-14.0,50,1252.846655
,-22.0,50,1254.554385
,0.0,50,1256.22615
,-41.0,50,1257.902778
,-31.0,50,1259.589723
,0.0,50,1261.233273
,-11.0,50,1262.906135
,-18.0,50,1264.578444
,-17.0,50,1266.289815
,-32.0,50,1267.986085
,-16.0,50,1269.606201
,-14.0,50,1271.326711
,-32.0,50,1272.993222
,-20.0,50,1274.675665
,-43.0,50,1276.34052
,-14.0,50,1278.014297
,-16.0,50,1279.687592
,-24.0,50,1281.341358
,-14.0,50,1283.080311
,-14.0,50,1283.344106
,-8.0,50,1283.627036
,-12.0,50,1283.916399
,-9.0,50,1284.202809
,0.0,50,1284.498535
,-13.0,50,1284.791524
,-8.0,50,1285.052708
,-15.0,50,1285.327305
,-8.0,50,1285.572119
,-11.0,50,1285.896144
,-24.0,50,1287.553068
,0.0,50,1289.192733
,-17.0,50,1290.8811
,-10.0,50,1292.605292
,-7.0,50,1294.261126
,-21.0,50,1295.952599
,-31.0,50,1297.606384
,-12.0,50,1299.32531
,-27.0,50,1300.989622
,-19.0,50,1302.653491
,-17.0,50,1304.343177
,-18.0,50,1306.010775
,-27.0,50,1307.668347
,0.0,50,1309.348495
,-20.0,50,1311.046105
,-15.0,50,1312.692751
,-14.0,50,1314.410808
,-16.0,50,1316.088565
,-50.0,50,1317.787044
,-50.0,50,1319.461277
,-6.0,50,1321.16403
,-22.0,50,1322.850121
,-15.0,50,1324.508712
,-16.0,50,1326.186544
,-17.0,50,1327.870226
,-14.0,50,1329.583985
,-23.0,50,1331.199663
,-21.0,50,1332.904546
,-32.0,50,1334.596784
,-22.0,50,1336.251595
,-11.0,50,1337.987611
,-17.0,50,1339.619893
,0.0,50,1341.324728
,-12.0,50,1342.97541
,-13.0,50,1344.684032
,-23.0,50,1346.385833
,-18.0,50,1348.043597
,-27.0,50,1349.727073
,-47.0,50,1351.419563
,-49.0,50,1353.163824
,-25.0,50,1354.848516
,-8.0,50,1356.532787
,-18.0,50,1358.173041
,0.0,50,1359.87785
,-31.0,50,1361.590688
,-8.0,50,1363.276455
,-40.0,50,1364.962839
,-6.0,50,1366.647163
,-10.0,50,1368.28361
,-9.0,50,1370.017001
,-4.0,50,1370.296349
,-44.0,50,1370.567166
,0.0,50,1370.849306
,-9.0,50,1371.137396
,-18.0,50,1371.424917
,-15.0,50,1371.702708
,-14.0,50,1371.989728
,0.0,50,1372.305343
,0.0,50,1372.556922
,-8.0,50,1372.831081
,-36.0,50,1374.529829
,-23.0,50,1376.194923
,-32.0,50,1377.881627
,-18.0,50,1379.507916
,-35.0,50,1381.205648
,-23.0,50,1382.873663
,-26.0,50,1384.53236
,-13.0,50,1386.258071
,-47.0,50,1387.926898
,-13.0,50,1389.607939
,-17.0,50,1391.289824
,-10.0,50,1392.971956
,-20.0,50,1394.653006
,-23.0,50,1396.325891
,-22.0,50,1398.035415
,-25.0,50,1399.691704
,-36.0,50,1401.389285
,-20.0,50,1403.067047
,-10.0,50,1404.791629
,-26.0,50,1406.495943
,-23.0,50,1408.16085
,-13.0,50,1409.823016
,-41.0,50,1411.493757
,-21.0,50,1413.235158
,-14.0,50,1414.90414
,-15.0,50,1416.620557
,-18.0,50,1418.308778
,-18.0,50,1419.972976
,-9.0,50,1421.64037
,-16.0,50,1423.369302
,-9.0,50,1425.013956
,-21.0,50,1426.72953
,-11.0,50,1428.413211
,-10.0,50,1430.113007
,-18.0,50,1431.773073
,-15.0,50,1433.438747
,-15.0,50,1435.171253
,-10.0,50,1436.81163
,-50.0,50,1438.582123
,-6.0,50,1440.272995
,-15.0,50,1441.923436
,-20.0,50,1443.623479
,-20.0,50,1445.324276
,-17.0,50,1446.989873
,-17.0,50,1448.677875
,-21.0,50,1450.36326
,-21.0,50,1452.051968
,-23.0,50,1453.790758
,0.0,50,1455.46471
,-10.0,50,1457.144563
,-9.0,50,1457.428046
,-8.0,50,1457.722584
,-12.0,50,1458.008894
,-15.0,50,1458.272853
,-13.0,50,1458.540003
,-11.0,50,1458.811433
,-6.0,50,1459.097686
,-11.0,50,1459.381549
,-12.0,50,1459.642661
,-5.0,50,1459.911176
,-15.0,50,1461.633562
,0.0,50,1463.265356
,-11.0,50,1464.943199
,-50.0,50,1466.672004
,-24.0,50,1468.3211
,0.0,50,1470.042032
,-39.0,50,1471.759545
,-21.0,50,1473.40006
,-24.0,50,1475.129793
,-18.0,50,1476.799127
,-32.0,50,1478.478217
,-14.0,50,1480.167165
,-13.0,50,1481.897768
,-18.0,50,1483.540608
,0.0,50,1485.234046
,-23.0,50,1486.904577
,-18.0,50,1488.636665
,-25.0,50,1490.297676
,-25.0,50,1491.986643
,-9.0,50,1493.671511
,-28.0,50,1495.420856
,-18.0,50,1497.064466
,-3.0,50,1498.833818
,0.0,50,1500.513648
,-18.0,50,1502.226473
,-32.0,50,1503.903386
,-20.0,50,1505.5804
,0.0,50,1507.274635
,-23.0,50,1508.962559
,-20.0,50,1510.668295
,-7.0,50,1512.35784
,-22.0,50,1514.042166
,-34.0,50,1515.706531
,-40.0,50,1517.418923
,-34.0,50,1519.083959
,-12.0,50,1520.771879
,-16.0,50,1522.479689
,-4.0,50,1524.149522
,-17.0,50,1525.852237
,-11.0,50,1527.550642
,-28.0,50,1529.204993
,-28.0,50,1530.88535
,-23.0,50,1532.578069
,0.0,50,1534.244552
,0.0,50,1535.990786
,-13.0,50,1537.688726
,-16.0,50,1539.365996
,-27.0,50,1541.032817
,-15.0,50,1542.746909
,-6.0,50,1544.459064
,-12.0,50,1544.737555
,-14.0,50,1545.045056
,-12.0,50,1545.309026
,-9.0,50,1545.576545
,-6.0,50,1545.875833
,-9.0,50,1546.129392
,-10.0,50,1546.387377
,-7.0,50,1546.648272
,-12.0,50,1546.903562
,-27.0,50,1547.297354
,0.0,50,1548.937537
,-10.0,50,1550.648782
,-13.0,50,1552.361456
,-24.0,50,1554.033438
,-10.0,50,1555.765483
,-18.0,50,1557.423323
,-42.0,50,1559.1169
,-21.0,50,1560.848742
,-8.0,50,1562.496553
,-6.0,50,1564.200016
,-42.0,50,1565.928296
,-18.0,50,1567.643212
,-42.0,50,1569.324663
,-50.0,50,1570.99386
,-37.0,50,1572.678598
,-19.0,50,1574.372934
,-47.0,50,1576.099328
,0.0,50,1577.798392
,-11.0,50,1579.5106
,0.0,50,1581.184461
,-29.0,50,1582.894354
,-15.0,50,1584.562269
,-10.0,50,1586.223305
,-19.0,50,1587.947377
,-19.0,50,1589.638956
,-16.0,50,1591.32397
,-12.0,50,1593.010791
,-13.0,50,1594.734862
,-37.0,50,1596.465699
,-45.0,50,1598.102822
,-44.0,50,1599.826748
,-30.0,50,1601.5345
,0.0,50,1603.210202
,-20.0,50,1604.913754
,-16.0,50,1606.605109
,-28.0,50,1608.337767
,-10.0,50,1610.009356
,-11.0,50,1611.729651
,-10.0,50,1613.416526
,-38.0,50,1615.085397
,-15.0,50,1616.761533
,-7.0,50,1618.505394
,-27.0,50,1620.219929
,-41.0,50,1621.919413
,0.0,50,1623.607824
,-17.0,50,1625.249092
,-31.0,50,1626.978402
,0.0,50,1628.652546
,-13.0,50,1630.304689
,-12.0,50,1632.073763
,-9.0,50,1632.350691
,-10.0,50,1632.601694
,-11.0,50,1632.849701
,0.0,50,1633.137037
,0.0,50,1633.402165
,0.0,50,1633.6662
,-14.0,50,1633.958149
,-24.0,50,1634.25935
,0.0,50,1634.515228
,-19.0,50,1634.875317
,-35.0,50,1636.58937
,-17.0,50,1638.258319
,-22.0,50,1639.992538
,-44.0,50,1641.65822
,-38.0,50,1643.374779
,-11.0,50,1645.051645
,0.0,50,1646.74228
,-14.0,50,1648.431798
,-9.0,50,1650.162621
,-14.0,50,1651.90131
,-10.0,50,1653.537168
,-14.0,50,1655.24354
,-6.0,50,1656.981323
,-23.0,50,1658.667813
,-13.0,50,1660.379425
,-19.0,50,1662.036001
,-11.0,50,1663.722325
,-11.0,50,1665.459476
,-23.0,50,1667.115419
,-12.0,50,1668.80597
,-9.0,50,1670.503197
,-31.0,50,1672.24018
,0.0,50,1673.959352
,-21.0,50,1675.625483
,-15.0,50,1677.291609
,-10.0,50,1679.057367
,-5.0,50,1680.751611
,-19.0,50,1682.42195
,-16.0,50,1684.116013
,0.0,50,1685.835336
,-28.0,50,1687.529968
,-19.0,50,1689.21803
,-26.0,50,1690.936925
,0.0,50,1692.608986
,-15.0,50,1694.32359
,-9.0,50,1696.038385
,-8.0,50,1697.711074
,0.0,50,1699.423845
,-14.0,50,1701.099508
,-45.0,50,1702.836465
,-13.0,50,1704.537831
,-13.0,50,1706.232498
,-19.0,50,1707.935574
,-17.0,50,1709.657341
,-14.0,50,1711.322911
,-23.0,50,1713.051191
,-23.0,50,1714.739909
,-18.0,50,1716.432819
,-18.0,50,1718.145028
,-9.0,50,1719.846484
,-8.0,50,1720.113836
,-5.0,50,1720.396624
,0.0,50,1720.665258
,-11.0,50,1720.936077
,-8.0,50,1721.215207
,-6.0,50,1721.500506
,-12.0,50,1721.781714
,-6.0,50,1722.042159
,-7.0,50,1722.321949
,-13.0,50,1722.592232
,-10.0,50,1724.30889
,-35.0,50,1726.010839
,-3.0,50,1727.74095
,-24.0,50,1729.395875
,-19.0,50,1731.10742
,-10.0,50,1732.832503
,-31.0,50,1734.512503
,-16.0,50,1736.220091
,-17.0,50,1737.903182
,-42.0,50,1739.614651
,-21.0,50,1741.330028
,-35.0,50,1743.041071
,-20.0,50,1744.741297
,-4.0,50,1746.431215
,-20.0,50,1748.097008
,-13.0,50,1749.834192
,-22.0,50,1751.547333
,-24.0,50,1753.221558
,-20.0,50,1754.90225
,-15.0,50,1756.621206
,0.0,50,1758.342877
,-20.0,50,1760.032412
,-5.0,50,1761.766157
,-12.0,50,1763.46733
,-26.0,50,1765.146127
,-12.0,50,1766.866272
,-20.0,50,1768.557968
,-16.0,50,1770.311748
,-13.0,50,1771.993933
,-16.0,50,1773.691519
,-33.0,50,1775.37255
,0.0,50,1777.053198
,-12.0,50,1778.807068
,-50.0,50,1780.489151
,-11.0,50,1782.199915
,0.0,50,1783.943272
,-18.0,50,1785.606246
,-16.0,50,1787.355258
,-14.0,50,1789.05257
,-13.0,50,1790.765689
,-19.0,50,1792.461857
,-23.0,50,1794.17197
,-15.0,50,1795.886681
,0.0,50,1797.580795
,0.0,50,1799.274063
,-48.0,50,1800.993189
,-14.0,50,1802.654634
,-15.0,50,1804.384236
,-27.0,50,1806.104715
,-7.0,50,1807.808543
,-8.0,50,1808.070307
,-13.0,50,1808.337145
,-11.0,50,1808.608116
,-12.0,50,1808.88899
,-13.0,50,1809.160109
,-14.0,50,1809.45464
,-18.0,50,1809.755886
,-10.0,50,1810.015044
,-7.0,50,1810.279305
,-15.0,50,1810.594447
,-23.0,50,1812.301486
,-17.0,50,1814.00754
,0.0,50,1815.739687
,-21.0,50,1817.417723
,-14.0,50,1819.10133
,-14.0,50,1820.831666
,-13.0,50,1822.47633
,-24.0,50,1824.166177
,-25.0,50,1825.941046
,-13.0,50,1827.607098
,-15.0,50,1829.334413
,-50.0,50,1831.014923
,-20.0,50,1832.726808
,-12.0,50,1834.473846
,-17.0,50,1836.138644
,0.0,50,1837.902265
,-17.0,50,1839.562222
,0.0,50,1841.308759
,-25.0,50,1843.012368
,-15.0,50,1844.695556
,0.0,50,1846.437931
,-13.0,50,1848.136957
,-17.0,50,1849.829927
,-9.0,50,1851.529746
,-11.0,50,1853.231633
,-17.0,50,1854.968041
,-24.0,50,1856.649265
,-13.0,50,1858.356416
,-14.0,50,1860.044739
,-19.0,50,1861.7303
,-8.0,50,1863.474432
,-34.0,50,1865.163927
,-18.0,50,1866.850946
,-7.0,50,1868.580025
,-16.0,50,1870.276134
,-9.0,50,1871.969102
,-12.0,50,1873.693757
,-13.0,50,1875.384031
,-8.0,50,1877.11846
,-15.0,50,1878.82418
,-25.0,50,1880.504538
,-28.0,50,1882.234573
,-23.0,50,1883.919385
,-15.0,50,1885.619017
,-15.0,50,1887.356756
,-22.0,50,1889.074533
,-11.0,50,1890.758257
,-9.0,50,1892.454731
,-44.0,50,1894.200718
,-18.0,50,1895.918491
,-10.0,50,1896.179389
,-8.0,50,1896.451678
,-8.0,50,1896.741439
,-10.0,50,1897.031006
,-12.0,50,1897.318465
,-15.0,50,1897.590619
,-10.0,50,1897.855474
,-13.0,50,1898.124746
,-14.0,50,1898.423397
,-20.0,50,1898.7278
,-12.0,50,1900.430609
,-13.0,50,1902.162576
,-10.0,50,1903.841123
,-17.0,50,1905.571201
,0.0,50,1907.250618
,-14.0,50,1908.966941
,-24.0,50,1910.691836
,-16.0,50,1912.40134
,-22.0,50,1914.105525
,-10.0,50,1915.840259
,0.0,50,1917.53448
,-16.0,50,1919.226611
,0.0,50,1920.964738
,-45.0,50,1922.685502
,-16.0,50,1924.362049
,-11.0,50,1926.068882
,-22.0,50,1927.764814
,-17.0,50,1929.480491
,-20.0,50,1931.166062
,-10.0,50,1932.873323
,-12.0,50,1934.647712
,-19.0,50,1936.311921
,-5.0,50,1938.03605
,-16.0,50,1939.742829
,0.0,50,1941.449469
,-17.0,50,1943.163434
,-12.0,50,1944.872262
,-29.0,50,1946.57302
,0.0,50,1948.285563
,-32.0,50,1949.974983
,-22.0,50,1951.665944
,-13.0,50,1953.366837
,0.0,50,1955.092912
,-21.0,50,1956.789161
,-13.0,50,1958.500472
,-26.0,50,1960.234542
,-24.0,50,1961.957571
,-15.0,50,1963.677845
,-12.0,50,1965.366205
,-25.0,50,1967.07102
,-35.0,50,1968.808705
,-27.0,50,1970.549009
,-25.0,50,1972.289286
,-9.0,50,1974.003875
,-29.0,50,1975.712099
,-19.0,50,1977.435221
,-37.0,50,1979.139619
,-9.0,50,1980.879523
,-14.0,50,1982.543058
,-12.0,50,1984.271906
,-14.0,50,1984.55718
,-13.0,50,1984.818432
,-10.0,50,1985.081423
,-8.0,50,1985.358321
,-5.0,50,1985.619028
,-14.0,50,1985.896798
,-13.0,50,1986.17075
,-5.0,50,1986.4375
,0.0,50,1986.718316
,0.0,50,1987.041234
,-11.0,50,1988.769369
,-20.0,50,1990.468232
,-23.0,50,1992.144497
,-9.0,50,1993.933738
,-21.0,50,1995.650029
,-21.0,50,1997.378646
,-6.0,50,1999.11244
,-16.0,50,2000.789962
,-26.0,50,2002.536697
,-26.0,50,2004.225629
,0.0,50,2005.935119
,-17.0,50,2007.626966
,-20.0,50,2009.342596
,-23.0,50,2011.069914
,-40.0,50,2012.783314
,-23.0,50,2014.522435
,-30.0,50,2016.223864
,-10.0,50,2017.941272
,-22.0,50,2019.652449
,-15.0,50,2021.34143
,-35.0,50,2023.07747
,-32.0,50,2024.805216
,-11.0,50,2026.497879
,-8.0,50,2028.197211
,-28.0,50,2029.928529
,-13.0,50,2031.632183
,-2.0,50,2033.351315
,-13.0,50,2035.045307
,-7.0,50,2036.80094
,-10.0,50,2038.532707
,-14.0,50,2040.258166
,0.0,50,2041.961928
,-13.0,50,2043.688152
,-14.0,50,2045.429578
,-18.0,50,2047.102202
,-28.0,50,2048.858551
,-15.0,50,2050.595314
,-13.0,50,2052.274101
,-17.0,50,2053.999347
,-15.0,50,2055.741635
,0.0,50,2057.475353
,-19.0,50,2059.187635
,-19.0,50,2060.87713
,-25.0,50,2062.61516
,0.0,50,2064.338612
,-12.0,50,2066.052163
,-19.0,50,2067.795776
,-15.0,50,2069.493215
,-28.0,50,2071.204173
,-4.0,50,2072.96358
,-8.0,50,2073.232557
,0.0,50,2073.486825
,-14.0,50,2073.764116
,-11.0,50,2074.024868
,-7.0,50,2074.289324
,-13.0,50,2074.571367
,-11.0,50,2074.843199
,-18.0,50,2075.104222
,-11.0,50,2075.378193
,-8.0,50,2075.791427
,-26.0,50,2077.493737
,-19.0,50,2079.223129
,-15.0,50,2080.940964
,-11.0,50,2082.662872
,-10.0,50,2084.371796
,-9.0,50,2086.145291
,-34.0,50,2087.829491
,-26.0,50,2089.528039
,-10.0,50,2091.25691
,-14.0,50,2092.990966
,-24.0,50,2094.717512
,-16.0,50,2096.406986
,-14.0,50,2098.157477
,-16.0,50,2099.826495
,-15.0,50,2101.554738
,-16.0,50,2103.252574
,-12.0,50,2104.975309
,-18.0,50,2106.684696
,-3.0,50,2108.472135
,-22.0,50,2110.128356
,-22.0,50,2111.922353
,-18.0,50,2113.63017
,-7.0,50,2115.329942
,-26.0,50,2117.015875
,-42.0,50,2118.734013
,-16.0,50,2120.435623
,-28.0,50,2122.165087
,-12.0,50,2123.889966
,0.0,50,2125.574409
,-17.0,50,2127.286033
,-10.0,50,2129.028473
,-14.0,50,2130.7227
,-4.0,50,2132.436498
,-35.0,50,2134.153027
,-19.0,50,2135.916866
,-25.0,50,2137.675287
,-20.0,50,2139.3952
,-20.0,50,2141.096695
,-19.0,50,2142.773232
,-12.0,50,2144.533348
,-26.0,50,2146.260172
,-12.0,50,2148.014212
,-19.0,50,2149.684035
,-14.0,50,2151.406171
,-20.0,50,2153.123339
,-35.0,50,2154.844082
,-22.0,50,2156.576115
,-15.0,50,2158.291984
,-8.0,50,2160.043154
,-8.0,50,2161.812238
,-6.0,50,2162.069721
,-8.0,50,2162.349506
,-14.0,50,2162.629258
,-7.0,50,2162.904509
,-5.0,50,2163.198746
,-5.0,50,2163.470827
,-7.0,50,2163.754022
,0.0,50,2164.021817
,-11.0,50,2164.284072
,-26.0,50,2164.581793
,-17.0,50,2166.313034
,-27.0,50,2168.057954
,-14.0,50,2169.773054
,-18.0,50,2171.479414
,-29.0,50,2173.22493
,-10.0,50,2174.955789
,-10.0,50,2176.626754
,-11.0,50,2178.366426
,-13.0,50,2180.095592
,0.0,50,2181.826542
,0.0,50,2183.510913
,-43.0,50,2185.24684
,-17.0,50,2187.010994
,-20.0,50,2188.728635
,-25.0,50,2190.422369
,-14.0,50,2192.186854
,-15.0,50,2193.884653
,-17.0,50,2195.654965
,-14.0,50,2197.360471
,-17.0,50,2199.068118
,-28.0,50,2200.786333
,-26.0,50,2202.540628
,-15.0,50,2204.259643
,-14.0,50,2205.962768
,-17.0,50,2207.704683
,-25.0,50,2209.431235
,-31.0,50,2211.179879
,-24.0,50,2212.938007
,-30.0,50,2214.698645
,-17.0,50,2216.425688
,-23.0,50,2218.137792
,-9.0,50,2219.84084
,-20.0,50,2221.605563
,-11.0,50,2223.288254
,-22.0,50,2225.048445
,-8.0,50,2226.748759
,-25.0,50,2228.469712
,-22.0,50,2230.210286
,0.0,50,2231.896452
,-12.0,50,2233.666696
,-18.0,50,2235.363129
,-5.0,50,2237.083946
,-20.0,50,2238.816587
,-11.0,50,2240.514241
,0.0,50,2242.285366
,-20.0,50,2243.978534
,-21.0,50,2245.667151
,-14.0,50,2247.426992
,-16.0,50,2249.124081
,-14.0,50,2250.863042
,-16.0,50,2251.155271
,-10.0,50,2251.417877
,-11.0,50,2251.676889
,-11.0,50,2251.937858
,-10.0,50,2252.219214
,-10.0,50,2252.510559
,-17.0,50,2252.771581
,-11.0,50,2253.041336
,-11.0,50,2253.301835
,-42.0,50,2253.635976
,-16.0,50,2255.389936
,-14.0,50,2257.085142
,-12.0,50,2258.857307
,-23.0,50,2260.538081
,-13.0,50,2262.259686
,-26.0,50,2264.004436
,-22.0,50,2265.711166
,-15.0,50,2267.476989
,-10.0,50,2269.212011
,-21.0,50,2270.884322
,-10.0,50,2272.617849
,-30.0,50,2274.36106
,-11.0,50,2276.099138
,-12.0,50,2277.784942
,-18.0,50,2279.577672
,-15.0,50,2281.294193
,-8.0,50,2283.039611
,-16.0,50,2284.74365
,-10.0,50,2286.494361
,-14.0,50,2288.188124
,-11.0,50,2289.954298
,-19.0,50,2291.685495
,-14.0,50,2293.352328
,-13.0,50,2295.09764
,-38.0,50,2296.816857
,-28.0,50,2298.520581
,-4.0,50,2300.243939
,-16.0,50,2302.031842
,-15.0,50,2303.731778
,-22.0,50,2305.523168
,-23.0,50,2307.200159
,-22.0,50,2309.001519
,-8.0,50,2310.716761
,-22.0,50,2312.488077
,-9.0,50,2314.17234
,-14.0,50,2315.945427
,-5.0,50,2317.672648
,-15.0,50,2319.364877
,-9.0,50,2321.124362
,-18.0,50,2322.83835
,-8.0,50,2324.564074
,-14.0,50,2326.317018
,-9.0,50,2328.03381
,-20.0,50,2329.746064
,-17.0,50,2331.43235
,-19.0,50,2333.205041
,-14.0,50,2334.921818
,-36.0,50,2336.625468
,-23.0,50,2338.363213
,-13.0,50,2340.118318
,-11.0,50,2340.395384
,-9.0,50,2340.644376
,-5.0,50,2340.914391
,-8.0,50,2341.190178
,-3.0,50,2341.460086
,-7.0,50,2341.729802
,-4.0,50,2342.020107
,-9.0,50,2342.283303
,0.0,50,2342.525429
,-17.0,50,2342.883208
,-11.0,50,2344.604167
,-21.0,50,2346.311929
,-33.0,50,2348.065949
,-16.0,50,2349.855256
,-12.0,50,2351.536475
,-6.0,50,2353.319908
,-21.0,50,2355.018139
,0.0,50,2356.738353
,-18.0,50,2358.523921
,-18.0,50,2360.218962
,-18.0,50,2361.948435
,-47.0,50,2363.64859
,-11.0,50,2365.364428
,-21.0,50,2367.147586
,-12.0,50,2368.850865
,-23.0,50,2370.598776
,-20.0,50,2372.306781
,-16.0,50,2374.080786
,-31.0,50,2375.796547
,-36.0,50,2377.521724
,-17.0,50,2379.215774
,-22.0,50,2380.96121
,-21.0,50,2382.687039
,-43.0,50,2384.400391
,-28.0,50,2386.141531
,-23.0,50,2387.855498
,-12.0,50,2389.57467
,-18.0,50,2391.337675
,-14.0,50,2393.066659
,-9.0,50,2394.727485
,-30.0,50,2396.496854
,-8.0,50,2398.266867
,-33.0,50,2400.014003
,-24.0,50,2401.706669
,-8.0,50,2403.4644
,-21.0,50,2405.1344
,-19.0,50,2406.900962
,-7.0,50,2408.589243
,-6.0,50,2410.366751
,-6.0,50,2412.074706
,-28.0,50,2413.846777
,-47.0,50,2415.550826
,-12.0,50,2417.276952
,-5.0,50,2419.040353
,-20.0,50,2420.743592
,-16.0,50,2422.530456
,-23.0,50,2424.268505
,-6.0,50,2425.945158
,-10.0,50,2427.692428
,-13.0,50,2429.477309
,-6.0,50,2429.76251
,-7.0,50,2430.027358
,-8.0,50,2430.316202
,-13.0,50,2430.59797
,-8.0,50,2430.878712
,-11.0,50,2431.152477
,-21.0,50,2431.456668
,-9.0,50,2431.739274
,-10.0,50,2431.981229
,-33.0,50,2432.237978
,-14.0,50,2433.951663
,-15.0,50,2435.763115
,-17.0,50,2437.446967
,0.0,50,2439.156394
,-26.0,50,2440.878132
,-9.0,50,2442.617221
,-13.0,50,2444.363673
,-27.0,50,2446.106203
,0.0,50,2447.875979
,-18.0,50,2449.586846
,-12.0,50,2451.320305
,-7.0,50,2453.055433
,-6.0,50,2454.813163
,-24.0,50,2456.513358
,-12.0,50,2458.239946
,-4.0,50,2459.987815
,-16.0,50,2461.725844
,-18.0,50,2463.439602
,-13.0,50,2465.204151
,-20.0,50,2466.907948
,-22.0,50,2468.677927
,-20.0,50,2470.446021
,-25.0,50,2472.166382
,-14.0,50,2473.841286
,-16.0,50,2475.615213
,-16.0,50,2477.35213
,-23.0,50,2479.055363
,-18.0,50,2480.818207
,-23.0,50,2482.506182
,-21.0,50,2484.26608
,-7.0,50,2485.9827
,-11.0,50,2487.789049
,0.0,50,2489.521085
,0.0,50,2491.20423
,-22.0,50,2492.940572
,-48.0,50,2494.687092
,-8.0,50,2496.386755
,-10.0,50,2498.141202
,-45.0,50,2499.875244
,-14.0,50,2501.646666
,-5.0,50,2503.382843
,-16.0,50,2505.072755
,-13.0,50,2506.823339
,-13.0,50,2508.566453
,-23.0,50,2510.341964
,-47.0,50,2512.017571
,-23.0,50,2513.782882
,-22.0,50,2515.471905
,-5.0,50,2517.200002
,-14.0,50,2519.012585
,-7.0,50,2519.279906
,-7.0,50,2519.557352
,-10.0,50,2519.832592
,-13.0,50,2520.089828
,-5.0,50,2520.351171
,-9.0,50,2520.634259
,-8.0,50,2520.914438
,-8.0,50,2521.176893
,-10.0,50,2521.438252
,-19.0,50,2521.749036
,-34.0,50,2523.499598
,-14.0,50,2525.238194
,-17.0,50,2527.006821
,-29.0,50,2528.720482
,-14.0,50,2530.458767
,-10.0,50,2532.197231
,-10.0,50,2533.925454
,-34.0,50,2535.68922
,-14.0,50,2537.416974
,-9.0,50,2539.113725
,-14.0,50,2540.857253
,-22.0,50,2542.574557
,-25.0,50,2544.321143
,-50.0,50,2546.059084
,-47.0,50,2547.764544
,-22.0,50,2549.527689
,-25.0,50,2551.26779
,0.0,50,2553.068325
,-11.0,50,2554.76762
,-15.0,50,2556.535328
,-15.0,50,2558.260607
,-30.0,50,2560.031477
,-19.0,50,2561.788128
,-22.0,50,2563.506607
,-30.0,50,2565.26547
,-23.0,50,2567.009388
,-13.0,50,2568.742625
,-10.0,50,2570.478598
,-5.0,50,2572.259083
,-26.0,50,2573.99648
,-21.0,50,2575.741992
,-10.0,50,2577.488086
,-9.0,50,2579.272915
,-24.0,50,2580.961056
,-6.0,50,2582.738274
,-18.0,50,2584.495249
,0.0,50,2586.250856
,-17.0,50,2587.962387
,-34.0,50,2589.756206
,-13.0,50,2591.485146
,0.0,50,2593.187246
,-15.0,50,2595.001815
,-7.0,50,2596.703903
,-12.0,50,2598.491428
,-37.0,50,2600.223205
,-13.0,50,2601.923112
,-22.0,50,2603.745064
,-17.0,50,2605.457432
,-8.0,50,2607.192593
,-16.0,50,2608.954539
,-8.0,50,2609.223383
,-3.0,50,2609.507052
,-13.0,50,2609.784255
,-6.0,50,2610.057677
,-4.0,50,2610.348355
,-7.0,50,2610.605886
,-14.0,50,2610.869777
,-9.0,50,2611.15214
,-13.0,50,2611.436572
,-25.0,50,2611.711309
,-22.0,50,2613.431841
,-22.0,50,2615.251843
,-20.0,50,2616.965832
,-31.0,50,2618.805942
,-8.0,50,2620.486744
,-21.0,50,2622.23513
,-16.0,50,2623.952608
,-17.0,50,2625.760351
,0.0,50,2627.490476
,-22.0,50,2629.211659
,-15.0,50,2630.975384
,-35.0,50,2632.662814
,-20.0,50,2634.445639
,-11.0,50,2636.14001
,-21.0,50,2637.900619
,-14.0,50,2639.679778
,0.0,50,2641.397772
,-21.0,50,2643.167418
,-15.0,50,2644.899891
,0.0,50,2646.625493
,0.0,50,2648.382746
,0.0,50,2650.076647
,-17.0,50,2651.833822
,0.0,50,2653.581086
,-21.0,50,2655.342408
,-47.0,50,2657.036885
,-16.0,50,2658.742125
,0.0,50,2660.501463
,-12.0,50,2662.306458
,-8.0,50,2663.996729
,-35.0,50,2665.78715
,-24.0,50,2667.515671
,-9.0,50,2669.230352
,0.0,50,2671.050287
,-35.0,50,2672.766375
,-17.0,50,2674.496819
,-13.0,50,2676.280063
,-19.0,50,2678.03785
,-14.0,50,2679.78196
,-13.0,50,2681.458316
,-14.0,50,2683.28811
,-12.0,50,2684.977897
,-16.0,50,2686.788711
,-22.0,50,2688.546084
,-18.0,50,2690.282679
,-5.0,50,2692.022366
,-26.0,50,2693.81994
,-19.0,50,2695.579308
,-9.0,50,2697.351804
,-10.0,50,2699.112908
,-10.0,50,2699.366496
,-12.0,50,2699.644711
,-12.0,50,2699.904085
,-6.0,50,2700.190056
,-50.0,50,2700.452122
,-11.0,50,2700.736562
,-11.0,50,2701.009381
,-11.0,50,2701.294379
,-9.0,50,2701.564282
,-10.0,50,2701.916785
,-21.0,50,2703.650996
,-8.0,50,2705.356118
,-17.0,50,2707.081218
,-20.0,50,2708.85408
,-18.0,50,2710.627707
,-18.0,50,2712.415544
,-14.0,50,2714.135095
,-20.0,50,2715.824741
,-21.0,50,2717.650795
,-44.0,50,2719.36895
,-19.0,50,2721.137809
,-16.0,50,2722.907124
,-27.0,50,2724.663097
,-46.0,50,2726.392792
,-23.0,50,2728.125271
,-10.0,50,2729.85302
,-13.0,50,2731.69873
,-33.0,50,2733.387048
,-21.0,50,2735.161585
,-22.0,50,2736.899119
,-18.0,50,2738.650687
,-32.0,50,2740.404319
,-8.0,50,2742.188568
,-20.0,50,2743.884272
,-4.0,50,2745.661895
,0.0,50,2747.438411
,-10.0,50,2749.188689
,-28.0,50,2750.934878
,-10.0,50,2752.656013
,-18.0,50,2754.472562
,-17.0,50,2756.147274
,-38.0,50,2757.965712
,-6.0,50,2759.726838
,-45.0,50,2761.489511
,-22.0,50,2763.19697
,-14.0,50,2764.89205
,-11.0,50,2766.70665
,-20.0,50,2768.435577
,-37.0,50,2770.2194
,-26.0,50,2771.933215
,-12.0,50,2773.663708
,-25.0,50,2775.379648
,-13.0,50,2777.184932
,-12.0,50,2778.922285
,-10.0,50,2780.685801
,-14.0,50,2782.471588
,-22.0,50,2784.178885
,-10.0,50,2785.924475
,-34.0,50,2787.678088
,-4.0,50,2789.494644
,-10.0,50,2789.781921
,-28.0,50,2790.066098
,-13.0,50,2790.325921
,-9.0,50,2790.574569
,-7.0,50,2790.865589
,-10.0,50,2791.132133
,-9.0,50,2791.413288
,-20.0,50,2791.680865
,-5.0,50,2791.936917
,-8.0,50,2792.250566
,-7.0,50,2793.987713
,-17.0,50,2795.7533
,-16.0,50,2797.471889
,-26.0,50,2799.234151
,-28.0,50,2800.95313
,-13.0,50,2802.744754
,-33.0,50,2804.519521
,-12.0,50,2806.210906
,-18.0,50,2807.989277
,-13.0,50,2809.777003
,-7.0,50,2811.48892
,-23.0,50,2813.219742
,-13.0,50,2815.06688
,-28.0,50,2816.769083
,-11.0,50,2818.523176
,-13.0,50,2820.267012
,-16.0,50,2821.996152
,-11.0,50,2823.742798
,-24.0,50,2825.462698
,-15.0,50,2827.251166
,-15.0,50,2829.021418
,-25.0,50,2830.78232
,-10.0,50,2832.461666
,-15.0,50,2834.248602
,-12.0,50,2835.990982
,-9.0,50,2837.768802
,-3.0,50,2839.475983
,-26.0,50,2841.217449
,-14.0,50,2843.011841
,-12.0,50,2844.745523
,-13.0,50,2846.552966
,0.0,50,2848.296645
,-3.0,50,2850.026805
,-22.0,50,2851.813992
,-7.0,50,2853.528643
,-23.0,50,2855.276275
,-19.0,50,2857.047847
,-19.0,50,2858.845112
,-27.0,50,2860.624839
,-20.0,50,2862.367651
,-14.0,50,2864.080121
,-34.0,50,2865.866598
,-24.0,50,2867.626515
,-13.0,50,2869.345496
,-24.0,50,2871.095217
,-19.0,50,2872.87549
,-15.0,50,2874.642392
,-17.0,50,2876.406893
,-6.0,50,2878.207209
,-10.0,50,2879.958954
,-8.0,50,2880.238545
,-10.0,50,2880.521801
,-5.0,50,2880.799388
,-9.0,50,2881.093904
,-9.0,50,2881.341039
,-8.0,50,2881.626297
,-13.0,50,2881.873261
,-4.0,50,2882.135149
,0.0,50,2882.394864
,-23.0,50,2882.73271
,-13.0,50,2884.476998
,-22.0,50,2886.186654
,-18.0,50,2887.970002
,-33.0,50,2889.803449
,-22.0,50,2891.488597
,-27.0,50,2893.288211
,-12.0,50,2895.001908
,-5.0,50,2896.780073
,-4.0,50,2898.566845
,-8.0,50,2900.318346
,-28.0,50,2902.091275
,-39.0,50,2903.832659
,-12.0,50,2905.629098
,-10.0,50,2907.34193
,-13.0,50,2909.120564
,-15.0,50,2910.920217
,-13.0,50,2912.615353
,-20.0,50,2914.429343
,-14.0,50,2916.138015
,-10.0,50,2917.872132
,-9.0,50,2919.697419
,-22.0,50,2921.392664
,-16.0,50,2923.197319
,-25.0,50,2924.954541
,-27.0,50,2926.676581
,-30.0,50,2928.399704
,-40.0,50,2930.231513
,-11.0,50,2931.9292
,-18.0,50,2933.685566
,-13.0,50,2935.482626
,-16.0,50,2937.203524
,-47.0,50,2938.955876
,-21.0,50,2940.722099
,-8.0,50,2942.511542
,-8.0,50,2944.260914
,-9.0,50,2946.039271
,-25.0,50,2947.775691
,-13.0,50,2949.561556
,-11.0,50,2951.322803
,-18.0,50,2953.066383
,-24.0,50,2954.825494
,-3.0,50,2956.554096
,-29.0,50,2958.271734
,-19.0,50,2960.05317
,-9.0,50,2961.827043
,-14.0,50,2963.576014
,0.0,50,2965.33889
,-12.0,50,2967.061084
,-16.0,50,2968.886702
,-8.0,50,2970.597194
,-9.0,50,2970.862701
,-5.0,50,2971.141027
,-11.0,50,2971.416382
,0.0,50,2971.682426
,-10.0,50,2971.979079
,-9.0,50,2972.228949
,-10.0,50,2972.509431
,-5.0,50,2972.800884
,-10.0,50,2973.059494
,-13.0,50,2973.412956
,0.0,50,2975.140802
,-39.0,50,2976.976332
,-13.0,50,2978.709821
,-30.0,50,2980.430343
,-11.0,50,2982.193231
,-44.0,50,2983.955591
,-2.0,50,2985.757755
,-24.0,50,2987.515328
,-15.0,50,2989.274327
,-13.0,50,2991.00579
,-17.0,50,2992.775395
,-17.0,50,2994.50606
,-22.0,50,2996.318407
,-12.0,50,2997.991554
,-10.0,50,2999.757805
,-9.0,50,3001.542676
,-19.0,50,3003.330777
,0.0,50,3005.080126
,-26.0,50,3006.813892
,-10.0,50,3008.61429
,-13.0,50,3010.331931
,0.0,50,3012.163896
,-9.0,50,3013.89052
,-47.0,50,3015.613429
,0.0,50,3017.465904
,-33.0,50,3019.172768
,-16.0,50,3020.935109
,-15.0,50,3022.685043
,-12.0,50,3024.473774
,-14.0,50,3026.173563
,-16.0,50,3027.995064
,-12.0,50,3029.703771
,-11.0,50,3031.503441
,-16.0,50,3033.209349
,-24.0,50,3035.013213
,-13.0,50,3036.75426
,-11.0,50,3038.484825
,-22.0,50,3040.291917
,-15.0,50,3042.056129
,-5.0,50,3043.816856
,-33.0,50,3045.629805
,-13.0,50,3047.367436
,-10.0,50,3049.116137
,-16.0,50,3050.846465
,0.0,50,3052.611137
,-9.0,50,3054.383763
,-21.0,50,3056.175471
,-17.0,50,3057.953258
,-21.0,50,3059.680259
,-8.0,50,3061.451095
,-8.0,50,3061.73941
,-12.0,50,3062.006102
,-10.0,50,3062.274398
,-5.0,50,3062.539672
,-11.0,50,3062.816505
,-10.0,50,3063.09292
,-11.0,50,3063.356762
,-11.0,50,3063.644078
,-7.0,50,3063.90802
,-26.0,50,3064.272193
,-19.0,50,3065.979516
,-15.0,50,3067.748503
,-35.0,50,3069.547906
,-9.0,50,3071.304834
,-35.0,50,3073.061359
,-11.0,50,3074.815442
,0.0,50,3076.606385
,-17.0,50,3078.353909
,-18.0,50,3080.111932
,-25.0,50,3081.855246
,-14.0,50,3083.671129
,-34.0,50,3085.383009
,-1.0,50,3087.174236
,-20.0,50,3088.93979
,-42.0,50,3090.714017
,-19.0,50,3092.445007
,-33.0,50,3094.170935
,-14.0,50,3095.950584
,-10.0,50,3097.696469
,-21.0,50,3099.542898
,-18.0,50,3101.321583
,-20.0,50,3103.009071
,-26.0,50,3104.833334
,-30.0,50,3106.618719
,-24.0,50,3108.333698
,-8.0,50,3110.153682
,-17.0,50,3111.972828
,-22.0,50,3113.751147
,-17.0,50,3115.465317
,-16.0,50,3117.218602
,-20.0,50,3119.006073
,-18.0,50,3120.772868
,-39.0,50,3122.501627
,-9.0,50,3124.266619
,-18.0,50,3126.077042
,-23.0,50,3127.822532
,-18.0,50,3129.559303
,-20.0,50,3131.352681
,-18.0,50,3133.099501
,-19.0,50,3134.916739
,-20.0,50,3136.652026
,0.0,50,3138.418627
,-24.0,50,3140.16655
,-22.0,50,3141.952641
,-26.0,50,3143.697237
,-39.0,50,3145.49416
,-24.0,50,3147.180803
,-18.0,50,3149.037673
,0.0,50,3150.779471
,-4.0,50,3152.583163
,-3.0,50,3152.846612
,-8.0,50,3153.122097
,-10.0,50,3153.373054
,0.0,50,3153.616024
,-5.0,50,3153.874974
,-12.0,50,3154.13221
,0.0,50,3154.408701
,-6.0,50,3154.662065
,-10.0,50,3154.932237
,-14.0,50,3155.37645
,-24.0,50,3157.187325
,-19.0,50,3158.90944
,-18.0,50,3160.719091
,-23.0,50,3162.47776
,0.0,50,3164.222323
,-21.0,50,3165.954981
,-10.0,50,3167.807369
,-32.0,50,3169.517884
,-50.0,50,3171.295489
,-14.0,50,3173.085877
,-38.0,50,3174.839891
,-48.0,50,3176.616438
,-6.0,50,3178.42249
,-12.0,50,3180.125139
,-14.0,50,3181.94246
,-15.0,50,3183.770641
,-4.0,50,3185.498455
,-19.0,50,3187.294075
,-15.0,50,3189.009144
,-17.0,50,3190.785432
,-9.0,50,3192.610118
,0.0,50,3194.381023
,-23.0,50,3196.147029
,-18.0,50,3197.900135
,-22.0,50,3199.604779
,-3.0,50,3201.475917
,-11.0,50,3203.203721
,-28.0,50,3204.974278
,-30.0,50,3206.713453
,-12.0,50,3208.483204
,-33.0,50,3210.288084
,-15.0,50,3212.061812
,-16.0,50,3213.789768
,-12.0,50,3215.587525
,-7.0,50,3217.369548
,-28.0,50,3219.136573
,-12.0,50,3220.954471
,-16.0,50,3222.693198
,-16.0,50,3224.477302
,-9.0,50,3226.218292
,-14.0,50,3227.966975
,-11.0,50,3229.791723
,-10.0,50,3231.53614
,-15.0,50,3233.324685
,-21.0,50,3235.108451
,-3.0,50,3236.849723
,-27.0,50,3238.623615
,-27.0,50,3240.399641
,-14.0,50,3242.137515
,-5.0,50,3243.959779
,-11.0,50,3244.23581
,-11.0,50,3244.504141
,-10.0,50,3244.779902
,-7.0,50,3245.034091
,-16.0,50,3245.32381
,-8.0,50,3245.592224
,-12.0,50,3245.874054
,-9.0,50,3246.140272
,-11.0,50,3246.401496
,-18.0,50,3246.70989
,-23.0,50,3248.479519
,-10.0,50,3250.291481
,-13.0,50,3252.066708
,-31.0,50,3253.834425
,-8.0,50,3255.620711
,-35.0,50,3257.418978
,-36.0,50,3259.142785
,-24.0,50,3260.926359
,-26.0,50,3262.702646
,-18.0,50,3264.446687
,-10.0,50,3266.219784
,-23.0,50,3268.042114
,-5.0,50,3269.785984
,-15.0,50,3271.555519
,0.0,50,3273.317304
,-35.0,50,3275.115362
,-16.0,50,3276.867584
,-23.0,50,3278.608953
,-27.0,50,3280.384976
,-16.0,50,3282.17658
,-26.0,50,3283.955332
,-12.0,50,3285.695976
,-19.0,50,3287.488531
,-11.0,50,3289.275326
,-13.0,50,3291.014034
,-13.0,50,3292.800451
,-21.0,50,3294.540403
,-21.0,50,3296.350011
,-21.0,50,3298.131332
,-41.0,50,3299.90353
,-17.0,50,3301.657025
,-18.0,50,3303.392048
,-24.0,50,3305.191718
,0.0,50,3306.983506
,-19.0,50,3308.728068
,-15.0,50,3310.467349
,-13.0,50,3312.240524
,-12.0,50,3314.033119
,-17.0,50,3315.849657
,-14.0,50,3317.610626
,-17.0,50,3319.356045
,-40.0,50,3321.194442
,-21.0,50,3322.902952
,-11.0,50,3324.75885
,-4.0,50,3326.465147
,-36.0,50,3328.261231
,-22.0,50,3330.014701
,-11.0,50,3331.85283
,-42.0,50,3333.601273
,-14.0,50,3335.391922
,-10.0,50,3335.656936
,-3.0,50,3335.929097
,-10.0,50,3336.20225
,-6.0,50,3336.485135
,-7.0,50,3336.761999
,-5.0,50,3337.042092
,-12.0,50,3337.332043
,-8.0,50,3337.607427
,-7.0,50,3337.877456
,-28.0,50,3338.14508
,-20.0,50,3339.893676
,-10.0,50,3341.755329
,-20.0,50,3343.492355
,-16.0,50,3345.256033
,-28.0,50,3347.050927
,-12.0,50,3348.828137
,-13.0,50,3350.602578
,-15.0,50,3352.404294
,-22.0,50,3354.155357
,0.0,50,3355.942287
,0.0,50,3357.771851
,-13.0,50,3359.474578
,-19.0,50,3361.288997
,-16.0,50,3363.100108
,-17.0,50,3364.816645
,-21.0,50,3366.619869
,-38.0,50,3368.418824
,0.0,50,3370.204348
,-17.0,50,3371.980489
,-21.0,50,3373.802314
,-40.0,50,3375.562142
,-2.0,50,3377.318279
,0.0,50,3379.193279
,-7.0,50,3380.974576
,-28.0,50,3382.731193
,-15.0,50,3384.516968
,-13.0,50,3386.317689
,0.0,50,3388.081129
,-18.0,50,3389.873098
,-22.0,50,3391.668344
,-10.0,50,3393.43671
,-14.0,50,3395.203869
,-32.0,50,3396.976687
,-23.0,50,3398.755386
,-7.0,50,3400.535962
,-23.0,50,3402.348666
,-18.0,50,3404.106967
,0.0,50,3405.912266
,-31.0,50,3407.669172
,-12.0,50,3409.429277
,-15.0,50,3411.219938
,-18.0,50,3413.068952
,-13.0,50,3414.855219
,-24.0,50,3416.656428
,-10.0,50,3418.40776
,-12.0,50,3420.272993
,-11.0,50,3422.039349
,-16.0,50,3423.793094
,-8.0,50,3425.610291
,-2.0,50,3427.382519
,-10.0,50,3427.648465
,-9.0,50,3427.923962
,-12.0,50,3428.203831
,-5.0,50,3428.495436
,-5.0,50,3428.769784
,-9.0,50,3429.042292
,-8.0,50,3429.302412
,-8.0,50,3429.559733
,-7.0,50,3429.814606
,-15.0,50,3430.190076
,-25.0,50,3431.965545
,-23.0,50,3433.749848
,-21.0,50,3435.535676
,-17.0,50,3437.296187
,0.0,50,3439.087603
,-18.0,50,3440.867004
,-9.0,50,3442.636942
,-19.0,50,3444.422112
,-19.0,50,3446.206648
,-22.0,50,3447.981485
,-14.0,50,3449.754705
,-14.0,50,3451.538852
,-25.0,50,3453.280889
,-14.0,50,3455.086994
,-16.0,50,3456.882844
,-34.0,50,3458.730554
,-16.0,50,3460.447654
,-7.0,50,3462.269104
,-31.0,50,3464.067685
,-8.0,50,3465.819829
,-12.0,50,3467.618934
,-16.0,50,3469.375399
,-14.0,50,3471.180588
,-15.0,50,3472.990292
,0.0,50,3474.779032
,-12.0,50,3476.555527
,-28.0,50,3478.37633
,-20.0,50,3480.134149
,-23.0,50,3481.988511
,0.0,50,3483.749902
,0.0,50,3485.498593
,-10.0,50,3487.319716
,-22.0,50,3489.085872
,-14.0,50,3490.881945
,-35.0,50,3492.627314
,-20.0,50,3494.398429
,-7.0,50,3496.217548
,-16.0,50,3497.989044
,-13.0,50,3499.744913
,-40.0,50,3501.538035
,-24.0,50,3503.339355
,-20.0,50,3505.124466
,-20.0,50,3506.916669
,-27.0,50,3508.727588
,-17.0,50,3510.574704
,-15.0,50,3512.342535
,-9.0,50,3514.094303
,-23.0,50,3515.913313
,-17.0,50,3517.683129
,-13.0,50,3519.44619
,-9.0,50,3519.709261
,-10.0,50,3520.00025
,-10.0,50,3520.256935
,0.0,50,3520.503979
,-10.0,50,3520.80003
,-10.0,50,3521.086209
,-11.0,50,3521.364698
,-7.0,50,3521.64837
,-10.0,50,3521.904387
