#{"t_start": 1583489149.9826171, "env_id": "FetchPickAndPlace-v1"}
s,r,l,t
,-50.0,50,5.947344
,-50.0,50,7.820299
,-50.0,50,9.428764
,-50.0,50,11.021239
,-50.0,50,12.594239
,0.0,50,14.189364
,-50.0,50,15.798778
,-50.0,50,17.417734
,-50.0,50,19.056282
,-50.0,50,20.619468
,-50.0,50,22.223695
,0.0,50,23.846478
,-50.0,50,25.470531
,-50.0,50,27.050533
,-50.0,50,28.674761
,-50.0,50,30.273009
,-50.0,50,31.84496
,-50.0,50,33.453656
,-50.0,50,35.072223
,-50.0,50,36.679303
,-50.0,50,38.26232
,-50.0,50,39.863862
,-50.0,50,41.489768
,-50.0,50,43.071388
,-50.0,50,44.66945
,0.0,50,46.268389
,-50.0,50,47.863836
,0.0,50,49.482956
,0.0,50,51.07631
,-50.0,50,52.656572
,0.0,50,54.272925
,-50.0,50,55.867329
,-50.0,50,57.450857
,-50.0,50,59.080422
,-50.0,50,60.637709
,-50.0,50,62.29531
,-50.0,50,63.891192
,-50.0,50,65.521836
,-50.0,50,67.101001
,-50.0,50,68.721904
,-50.0,50,70.306114
,-50.0,50,71.899723
,-50.0,50,73.505676
,-50.0,50,75.133573
,-50.0,50,76.739994
,-50.0,50,78.338908
,-50.0,50,79.972488
,-50.0,50,81.550959
,0.0,50,83.16196
,-50.0,50,84.788675
,-50.0,50,86.451434
,-50.0,50,86.710707
,-50.0,50,86.967404
,-50.0,50,87.260123
,-50.0,50,87.541355
,-50.0,50,87.808898
,-50.0,50,88.079852
,-50.0,50,88.34218
,-50.0,50,88.587357
,-50.0,50,88.835617
,-50.0,50,89.25928
,-50.0,50,90.848127
,-50.0,50,92.47451
,-50.0,50,94.064121
,-50.0,50,95.709786
,-50.0,50,97.300524
,-50.0,50,98.89128
,-45.0,50,100.514538
,-50.0,50,102.123744
,-50.0,50,103.753762
,-50.0,50,105.320168
,-50.0,50,106.960156
,0.0,50,108.563405
,-50.0,50,110.177725
,-50.0,50,111.76236
,-50.0,50,113.385832
,-50.0,50,115.021083
,-50.0,50,116.657439
,-50.0,50,118.252404
,-50.0,50,119.858135
,-50.0,50,121.45476
,-50.0,50,123.055113
,-50.0,50,124.662132
,-50.0,50,126.28818
,-50.0,50,127.882265
,-50.0,50,129.476032
,-50.0,50,131.082841
,-50.0,50,132.71315
,-50.0,50,134.351623
,-50.0,50,135.957634
,-50.0,50,137.598457
,-50.0,50,139.207609
,-50.0,50,140.823337
,-50.0,50,142.432387
,-50.0,50,144.038685
,-50.0,50,145.674409
,-50.0,50,147.294671
,-50.0,50,148.880291
,-50.0,50,150.503489
,-50.0,50,152.11499
,-50.0,50,153.705761
,-50.0,50,155.355496
,-50.0,50,156.93608
,-50.0,50,158.576774
,-50.0,50,160.159708
,-50.0,50,161.760188
,-50.0,50,163.406752
,-50.0,50,165.031585
,-50.0,50,166.653981
,-50.0,50,168.251256
,-50.0,50,169.8886
,-50.0,50,170.164079
,-50.0,50,170.44385
,-50.0,50,170.723073
,-50.0,50,171.004437
,-50.0,50,171.263728
,-50.0,50,171.537567
,-50.0,50,171.801997
,-50.0,50,172.062537
,-50.0,50,172.331636
,-50.0,50,172.627172
,-50.0,50,174.254824
,0.0,50,175.813153
,-50.0,50,177.461694
,-50.0,50,179.070859
,-50.0,50,180.64882
,-50.0,50,182.270569
,-50.0,50,183.880966
,-50.0,50,185.517474
,0.0,50,187.136583
,-50.0,50,188.745459
,-50.0,50,190.35452
,-50.0,50,191.967521
,-50.0,50,193.613918
,-50.0,50,195.257344
,-50.0,50,196.873982
,-50.0,50,198.487526
,-50.0,50,200.070787
,-50.0,50,201.729964
,-50.0,50,203.334547
,-50.0,50,204.90153
,-50.0,50,206.535382
,-50.0,50,208.158933
,-50.0,50,209.759769
,-50.0,50,211.365995
,-50.0,50,213.024751
,-50.0,50,214.62724
,-50.0,50,216.232954
,-50.0,50,217.837748
,-50.0,50,219.451948
,-50.0,50,221.0943
,-50.0,50,222.695637
,-50.0,50,224.30543
,0.0,50,225.907217
,-50.0,50,227.537597
,-50.0,50,229.162503
,-50.0,50,230.789598
,-50.0,50,232.402407
,-50.0,50,234.03969
,-50.0,50,235.67614
,-50.0,50,237.29727
,-50.0,50,238.910628
,-50.0,50,240.528988
,0.0,50,242.14846
,-50.0,50,243.756132
,-50.0,50,245.411109
,-50.0,50,247.026614
,-50.0,50,248.657511
,-50.0,50,250.264782
,-50.0,50,251.911334
,-50.0,50,253.549562
,-50.0,50,253.824633
,-50.0,50,254.10601
,-50.0,50,254.374978
,-50.0,50,254.65124
,-50.0,50,254.894925
,-50.0,50,255.166299
,-50.0,50,255.424465
,-50.0,50,255.685862
,-50.0,50,255.93974
,-50.0,50,256.293669
,-50.0,50,257.933884
,-50.0,50,259.519388
,-50.0,50,261.129237
,-50.0,50,262.715153
,-50.0,50,264.370459
,-50.0,50,265.988358
,-50.0,50,267.599751
,-50.0,50,269.199914
,-50.0,50,270.835263
,-50.0,50,272.43207
,-50.0,50,274.059803
,-50.0,50,275.690979
,-50.0,50,277.275723
,-50.0,50,278.889444
,-50.0,50,280.505081
,-50.0,50,282.141443
,-50.0,50,283.725013
,-50.0,50,285.403384
,-50.0,50,287.014021
,-50.0,50,288.606435
,-50.0,50,290.237717
,-50.0,50,291.875015
,-50.0,50,293.494075
,-50.0,50,295.087129
,-50.0,50,296.686527
,-50.0,50,298.303325
,-50.0,50,299.920338
,-50.0,50,301.527085
,-50.0,50,303.152498
,-50.0,50,304.74821
,-50.0,50,306.36314
,-50.0,50,307.992671
,-50.0,50,309.615646
,-50.0,50,311.228561
,-50.0,50,312.828959
,-50.0,50,314.41743
,0.0,50,316.039189
,-50.0,50,317.632444
,-50.0,50,319.275582
,-50.0,50,320.884068
,-50.0,50,322.508333
,-50.0,50,324.094053
,-50.0,50,325.7114
,-50.0,50,327.371841
,-50.0,50,329.002569
,-50.0,50,330.6557
,-50.0,50,332.233203
,-50.0,50,333.885543
,-50.0,50,335.475255
,-50.0,50,337.131576
,-50.0,50,337.393544
,0.0,50,337.67543
,-50.0,50,337.984673
,-50.0,50,338.260976
,-50.0,50,338.543399
,-50.0,50,338.796133
,-50.0,50,339.078766
,-50.0,50,339.36706
,-50.0,50,339.663039
,-50.0,50,339.93751
,-50.0,50,341.537041
,-50.0,50,343.15677
,-50.0,50,344.764903
,-50.0,50,346.39848
,-50.0,50,347.99846
,-50.0,50,349.583306
,-50.0,50,351.231805
,-50.0,50,352.863462
,-50.0,50,354.468591
,-50.0,50,356.09116
,-50.0,50,357.738295
,-50.0,50,359.335699
,-50.0,50,360.970991
,-50.0,50,362.609591
,-50.0,50,364.21933
,-50.0,50,365.835809
,-50.0,50,367.465265
,-50.0,50,369.130595
,-50.0,50,370.757936
,-50.0,50,372.346712
,-50.0,50,374.02443
,-50.0,50,375.648263
,-50.0,50,377.260574
,-50.0,50,378.884486
,-50.0,50,380.517263
,0.0,50,382.13384
,-50.0,50,383.799284
,-50.0,50,385.42432
,-50.0,50,387.013795
,-50.0,50,388.683938
,-50.0,50,390.296192
,-50.0,50,391.920249
,-50.0,50,393.526755
,-50.0,50,395.141885
,-50.0,50,396.79784
,-50.0,50,398.403519
,-50.0,50,400.016602
,0.0,50,401.649395
,-50.0,50,403.317944
,-50.0,50,404.913614
,-50.0,50,406.514466
,-50.0,50,408.163877
,-50.0,50,409.792937
,-50.0,50,411.421324
,-50.0,50,413.037749
,-50.0,50,414.650621
,-50.0,50,416.30725
,-50.0,50,417.943702
,-50.0,50,419.565829
,-50.0,50,421.200331
,-50.0,50,421.488173
,-50.0,50,421.732568
,-50.0,50,422.003972
,-50.0,50,422.27003
,0.0,50,422.530464
,-50.0,50,422.783818
,-50.0,50,423.041074
,-50.0,50,423.31992
,-50.0,50,423.565629
,-50.0,50,423.95044
,-50.0,50,425.61581
,-50.0,50,427.231322
,-50.0,50,428.847551
,-50.0,50,430.462663
,-50.0,50,432.08014
,-50.0,50,433.711679
,0.0,50,435.355481
,-50.0,50,436.979935
,-50.0,50,438.609274
,-50.0,50,440.219395
,-50.0,50,441.840447
,-50.0,50,443.51
,-50.0,50,445.112188
,-50.0,50,446.754107
,-50.0,50,448.401348
,-50.0,50,450.03161
,-50.0,50,451.641876
,-50.0,50,453.329159
,-50.0,50,454.912799
,-50.0,50,456.542977
,-50.0,50,458.184397
,0.0,50,459.768335
,-50.0,50,461.410312
,-50.0,50,463.054801
,-50.0,50,464.702458
,-50.0,50,466.353172
,-50.0,50,467.949989
,-50.0,50,469.616377
,-50.0,50,471.193948
,-50.0,50,472.882022
,-50.0,50,474.50499
,-50.0,50,476.115909
,-50.0,50,477.736385
,-50.0,50,479.406918
,-50.0,50,481.011265
,-50.0,50,482.668911
,-50.0,50,484.312899
,-50.0,50,485.948058
,-50.0,50,487.578542
,-50.0,50,489.20252
,-50.0,50,490.835587
,-50.0,50,492.452949
,-50.0,50,494.096964
,-50.0,50,495.707171
,-50.0,50,497.325498
,-50.0,50,498.987922
,-50.0,50,500.612041
,-50.0,50,502.220351
,-50.0,50,503.898893
,-50.0,50,505.560894
,-50.0,50,505.832718
,-50.0,50,506.096209
,-50.0,50,506.356493
,-50.0,50,506.647733
,-50.0,50,506.940356
,-50.0,50,507.202466
,-50.0,50,507.444905
,-50.0,50,507.705357
,-50.0,50,507.991806
,-50.0,50,508.309058
,-50.0,50,509.942817
,-50.0,50,511.586084
,-50.0,50,513.225085
,-50.0,50,514.843653
,-50.0,50,516.509513
,-50.0,50,518.153201
,-50.0,50,519.769557
,-50.0,50,521.399349
,-50.0,50,523.063015
,-50.0,50,524.647128
,-50.0,50,526.294731
,-50.0,50,527.951703
,-49.0,50,529.564283
,-50.0,50,531.207399
,-50.0,50,532.84143
,0.0,50,534.47309
,-50.0,50,536.112878
,-50.0,50,537.688963
,-50.0,50,539.34093
,-50.0,50,540.975899
,-50.0,50,542.639665
,-50.0,50,544.253516
,-50.0,50,545.88949
,0.0,50,547.53063
,-50.0,50,549.142181
,-50.0,50,550.757197
,-50.0,50,552.420947
,-50.0,50,554.043813
,-25.0,50,555.69976
,-50.0,50,557.329762
,-50.0,50,559.009153
,0.0,50,560.610487
,-50.0,50,562.255087
,-50.0,50,563.851745
,-50.0,50,565.489557
,-47.0,50,567.152538
,-50.0,50,568.788971
,-50.0,50,570.405544
,-50.0,50,572.032891
,-50.0,50,573.627092
,-50.0,50,575.336737
,-50.0,50,576.933082
,-50.0,50,578.603509
,-49.0,50,580.222893
,-50.0,50,581.870425
,-50.0,50,583.524058
,-50.0,50,585.178879
,-50.0,50,586.774377
,-50.0,50,588.468033
,-50.0,50,590.116582
,-47.0,50,590.388726
,-50.0,50,590.644715
,-50.0,50,590.892969
,-50.0,50,591.170116
,-50.0,50,591.46676
,-50.0,50,591.747282
,-50.0,50,592.01489
,-50.0,50,592.265435
,-50.0,50,592.526186
,-50.0,50,592.968676
,-50.0,50,594.598801
,-50.0,50,596.205158
,-50.0,50,597.882638
,-50.0,50,599.523071
,-50.0,50,601.167144
,-50.0,50,602.792886
,-50.0,50,604.421791
,-50.0,50,606.042161
,-44.0,50,607.665884
,-50.0,50,609.275972
,-50.0,50,610.924827
,-50.0,50,612.583943
,-50.0,50,614.210576
,-50.0,50,615.852797
,-50.0,50,617.479517
,-50.0,50,619.132975
,-50.0,50,620.764684
,-42.0,50,622.419883
,-50.0,50,624.006329
,-50.0,50,625.666558
,-35.0,50,627.347253
,-50.0,50,628.970122
,-50.0,50,630.580618
,-50.0,50,632.209623
,-50.0,50,633.86997
,-50.0,50,635.496197
,-50.0,50,637.104397
,-50.0,50,638.744155
,-50.0,50,640.344947
,-50.0,50,642.006312
,-50.0,50,643.623424
,-50.0,50,645.292238
,-48.0,50,646.91093
,-50.0,50,648.547931
,-50.0,50,650.195135
,-50.0,50,651.816682
,-50.0,50,653.448283
,-13.0,50,655.103259
,-50.0,50,656.707164
,-50.0,50,658.375927
,-50.0,50,660.014905
,-50.0,50,661.675544
,-50.0,50,663.318301
,-50.0,50,664.930435
,-50.0,50,666.603537
,-50.0,50,668.221036
,-50.0,50,669.870932
,-50.0,50,671.517641
,-48.0,50,673.184432
,-50.0,50,674.828343
,-50.0,50,675.092146
,-50.0,50,675.367819
,-50.0,50,675.623701
,-50.0,50,675.868697
,-50.0,50,676.135368
,0.0,50,676.424486
,-50.0,50,676.701043
,-38.0,50,676.979747
,-50.0,50,677.230869
,-50.0,50,677.600265
,-50.0,50,679.241672
,-18.0,50,680.881706
,-50.0,50,682.51305
,-45.0,50,684.148416
,-50.0,50,685.776379
,-50.0,50,687.43377
,-50.0,50,689.055941
,-50.0,50,690.677286
,-50.0,50,692.331863
,-9.0,50,693.954909
,-50.0,50,695.58017
,-50.0,50,697.185148
,-50.0,50,698.856432
,-50.0,50,700.486038
,-50.0,50,702.096294
,-50.0,50,703.773737
,-50.0,50,705.390308
,-50.0,50,707.034826
,-50.0,50,708.685407
,-50.0,50,710.30874
,-50.0,50,711.967291
,-50.0,50,713.58096
,-50.0,50,715.216067
,-37.0,50,716.861457
,-50.0,50,718.491774
,-50.0,50,720.127431
,-50.0,50,721.767249
,-50.0,50,723.431704
,-23.0,50,725.047162
,-50.0,50,726.713865
,-50.0,50,728.366675
,-49.0,50,729.96991
,-50.0,50,731.604149
,-50.0,50,733.283836
,-50.0,50,734.887932
,-50.0,50,736.54974
,-50.0,50,738.163835
,-50.0,50,739.900461
,-50.0,50,741.524728
,-50.0,50,743.18538
,-50.0,50,744.81862
,-50.0,50,746.504005
,-49.0,50,748.117049
,-50.0,50,749.78218
,-50.0,50,751.437069
,-50.0,50,753.066614
,-48.0,50,754.697268
,-41.0,50,756.378947
,0.0,50,758.020128
,-14.0,50,759.713925
,-49.0,50,759.997978
,-50.0,50,760.279431
,-50.0,50,760.552946
,-47.0,50,760.80792
,-50.0,50,761.097985
,-50.0,50,761.388766
,-50.0,50,761.664636
,-50.0,50,761.933714
,-50.0,50,762.194319
,-48.0,50,762.476353
,-50.0,50,764.148032
,-50.0,50,765.832625
,-50.0,50,767.464283
,-50.0,50,769.06284
,-48.0,50,770.689541
,-50.0,50,772.34908
,-50.0,50,773.997477
,-50.0,50,775.646712
,-50.0,50,777.33576
,-30.0,50,778.998325
,-50.0,50,780.625662
,-50.0,50,782.269824
,-50.0,50,783.955722
,-50.0,50,785.613706
,-46.0,50,787.283126
,-50.0,50,788.905063
,-50.0,50,790.547662
,-50.0,50,792.205473
,-12.0,50,793.85068
,-50.0,50,795.453979
,-50.0,50,797.138057
,-50.0,50,798.747254
,-50.0,50,800.47476
,-50.0,50,802.115963
,-50.0,50,803.737815
,-50.0,50,805.384786
,-50.0,50,807.025361
,-50.0,50,808.70739
,-50.0,50,810.319122
,-50.0,50,812.034088
,-50.0,50,813.644848
,-49.0,50,815.334458
,-50.0,50,816.952019
,-50.0,50,818.626053
,-50.0,50,820.232501
,-50.0,50,821.898139
,-50.0,50,823.554986
,-50.0,50,825.146735
,-46.0,50,826.794559
,-23.0,50,828.451416
,-50.0,50,830.116057
,-50.0,50,831.73719
,-50.0,50,833.431887
,-50.0,50,835.056572
,-50.0,50,836.656145
,-50.0,50,838.350718
,-50.0,50,839.995078
,-50.0,50,841.591524
,-50.0,50,843.259429
,-50.0,50,844.925963
,-50.0,50,845.188566
,-50.0,50,845.455396
,-17.0,50,845.714468
,-24.0,50,845.985513
,-9.0,50,846.243807
,-26.0,50,846.565812
,-13.0,50,846.863311
,-45.0,50,847.128006
,-50.0,50,847.387792
,-16.0,50,847.780006
,-49.0,50,849.409423
,-50.0,50,851.080652
,-50.0,50,852.753573
,-50.0,50,854.389344
,-50.0,50,856.04306
,-50.0,50,857.659429
,-50.0,50,859.354678
,-50.0,50,861.021647
,-50.0,50,862.646102
,-50.0,50,864.286462
,-37.0,50,865.935469
,-50.0,50,867.587947
,-50.0,50,869.23904
,-50.0,50,870.851576
,-50.0,50,872.496866
,-50.0,50,874.178034
,-50.0,50,875.787988
,-50.0,50,877.438667
,-50.0,50,879.101924
,-49.0,50,880.734119
,-50.0,50,882.380845
,-50.0,50,884.05924
,-50.0,50,885.692017
,-50.0,50,887.302177
,-50.0,50,888.994166
,-50.0,50,890.636017
,-40.0,50,892.28603
,-50.0,50,893.909413
,0.0,50,895.555432
,-50.0,50,897.192119
,-50.0,50,898.815712
,-43.0,50,900.46519
,-50.0,50,902.145724
,-50.0,50,903.757462
,-36.0,50,905.408335
,-42.0,50,907.081493
,-45.0,50,908.721751
,-50.0,50,910.367378
,-50.0,50,911.998812
,-50.0,50,913.675601
,-50.0,50,915.337795
,-50.0,50,916.971333
,-42.0,50,918.641535
,-50.0,50,920.266866
,-50.0,50,921.912067
,-50.0,50,923.580901
,-50.0,50,925.230076
,-50.0,50,926.900718
,-32.0,50,928.531301
,-50.0,50,930.250378
,-50.0,50,930.532302
,0.0,50,930.796263
,-4.0,50,931.050948
,-34.0,50,931.33625
,-40.0,50,931.621663
,-50.0,50,931.876773
,-12.0,50,932.143503
,-50.0,50,932.422343
,-16.0,50,932.671486
,-50.0,50,933.001372
,-47.0,50,934.639889
,-36.0,50,936.322556
,-50.0,50,937.956277
,-50.0,50,939.600341
,-46.0,50,941.243883
,-50.0,50,942.878832
,-50.0,50,944.522663
,-7.0,50,946.175037
,-13.0,50,947.807511
,-50.0,50,949.486323
,-50.0,50,951.147882
,-50.0,50,952.751861
,-50.0,50,954.4332
,-50.0,50,956.08193
,-50.0,50,957.72871
,-50.0,50,959.345923
,-15.0,50,961.02208
,-39.0,50,962.655916
,-50.0,50,964.303224
,-50.0,50,965.946232
,-28.0,50,967.61177
,-50.0,50,969.269004
,-50.0,50,970.915711
,-50.0,50,972.582129
,-50.0,50,974.228504
,-50.0,50,975.906147
,-50.0,50,977.565661
,-50.0,50,979.214249
,-50.0,50,980.866243
,-50.0,50,982.505275
,-50.0,50,984.210182
,-50.0,50,985.825286
,-20.0,50,987.468176
,-50.0,50,989.114988
,-50.0,50,990.780858
,-38.0,50,992.427783
,-50.0,50,994.094684
,-50.0,50,995.731856
,-50.0,50,997.360649
,-50.0,50,998.957643
,-50.0,50,1000.698174
,-50.0,50,1002.344081
,-50.0,50,1003.966862
,-15.0,50,1005.652444
,-50.0,50,1007.273918
,-50.0,50,1008.953357
,-41.0,50,1010.610106
,0.0,50,1012.22724
,-50.0,50,1013.911215
,-50.0,50,1015.568039
,-50.0,50,1015.871006
,-11.0,50,1016.149274
,-6.0,50,1016.415338
,-14.0,50,1016.667739
,-14.0,50,1016.937272
,0.0,50,1017.179464
,-18.0,50,1017.497135
,-50.0,50,1017.780742
,-50.0,50,1018.023659
,-30.0,50,1018.385086
,-50.0,50,1020.031561
,-50.0,50,1021.681441
,-50.0,50,1023.342657
,-50.0,50,1024.943501
,-12.0,50,1026.630889
,-50.0,50,1028.295709
,-50.0,50,1030.001559
,-50.0,50,1031.61678
,-50.0,50,1033.300099
,-50.0,50,1034.953867
,-50.0,50,1036.632347
,-45.0,50,1038.275849
,-50.0,50,1039.916143
,-28.0,50,1041.5988
,-50.0,50,1043.215111
,-50.0,50,1044.855428
,-13.0,50,1046.531203
,-50.0,50,1048.204747
,-40.0,50,1049.822785
,-25.0,50,1051.476369
,-50.0,50,1053.174101
,-50.0,50,1054.867695
,-21.0,50,1056.513035
,0.0,50,1058.179449
,-50.0,50,1059.81799
,-50.0,50,1061.490065
,-50.0,50,1063.134629
,-50.0,50,1064.756373
,-50.0,50,1066.434803
,-11.0,50,1068.062534
,0.0,50,1069.740172
,-50.0,50,1071.385314
,-7.0,50,1073.05608
,-50.0,50,1074.718973
,-16.0,50,1076.344378
,-49.0,50,1078.049473
,-50.0,50,1079.714801
,-19.0,50,1081.362849
,-34.0,50,1083.037265
,-50.0,50,1084.688026
,0.0,50,1086.332563
,-50.0,50,1087.986111
,-50.0,50,1089.723464
,-37.0,50,1091.336119
,-50.0,50,1093.007116
,-50.0,50,1094.676907
,-46.0,50,1096.354317
,-23.0,50,1098.028839
,-50.0,50,1099.682072
,-48.0,50,1101.330127
,-50.0,50,1101.608763
,-50.0,50,1101.922105
,-9.0,50,1102.197379
,-50.0,50,1102.48024
,-11.0,50,1102.745779
,-17.0,50,1103.027195
,-50.0,50,1103.308221
,-50.0,50,1103.592517
,-50.0,50,1103.872122
,-50.0,50,1104.185198
,-15.0,50,1105.818994
,-37.0,50,1107.522807
,-50.0,50,1109.170133
,-50.0,50,1110.811464
,-19.0,50,1112.443844
,-50.0,50,1114.103081
,-19.0,50,1115.771835
,-50.0,50,1117.439065
,-50.0,50,1119.088523
,-50.0,50,1120.756798
,-44.0,50,1122.406804
,-48.0,50,1124.049551
,-9.0,50,1125.735476
,0.0,50,1127.388566
,-47.0,50,1129.062943
,-50.0,50,1130.695704
,-50.0,50,1132.399934
,-50.0,50,1134.062945
,-18.0,50,1135.692239
,-50.0,50,1137.352559
,-49.0,50,1139.031293
,-50.0,50,1140.696077
,-21.0,50,1142.328599
,-41.0,50,1143.94951
,-50.0,50,1145.662775
,-50.0,50,1147.298081
,-50.0,50,1148.967437
,-50.0,50,1150.66799
,-50.0,50,1152.326391
,-50.0,50,1153.982649
,-22.0,50,1155.631464
,0.0,50,1157.319107
,-50.0,50,1158.985196
,-50.0,50,1160.688157
,-14.0,50,1162.320391
,-50.0,50,1163.98389
,-50.0,50,1165.657244
,-50.0,50,1167.263977
,-14.0,50,1168.971988
,-50.0,50,1170.615032
,-50.0,50,1172.299472
,-4.0,50,1173.943868
,-50.0,50,1175.591444
,-4.0,50,1177.235513
,-16.0,50,1178.930581
,-50.0,50,1180.566444
,-30.0,50,1182.238207
,-20.0,50,1183.929302
,-50.0,50,1185.58607
,-50.0,50,1187.281724
,-10.0,50,1187.58416
,0.0,50,1187.850593
,-13.0,50,1188.11088
,-8.0,50,1188.39639
,-16.0,50,1188.653795
,-50.0,50,1188.949001
,-9.0,50,1189.211871
,-12.0,50,1189.461397
,-6.0,50,1189.720067
,-50.0,50,1190.099474
,-18.0,50,1191.773918
,-23.0,50,1193.397756
,-50.0,50,1195.117719
,-3.0,50,1196.729197
,-50.0,50,1198.397615
,-28.0,50,1200.077663
,0.0,50,1201.675753
,-50.0,50,1203.377223
,-23.0,50,1205.038363
,-15.0,50,1206.702863
,-50.0,50,1208.358776
,-50.0,50,1210.05185
,-25.0,50,1211.688861
,-35.0,50,1213.358849
,-12.0,50,1215.002998
,-47.0,50,1216.653675
,-32.0,50,1218.345294
,-50.0,50,1220.028076
,-22.0,50,1221.670351
,-50.0,50,1223.347864
,-50.0,50,1225.031104
,-50.0,50,1226.648163
,-13.0,50,1228.334301
,-50.0,50,1230.000901
,-50.0,50,1231.650673
,-28.0,50,1233.350823
,-20.0,50,1234.998745
,-14.0,50,1236.664856
,-23.0,50,1238.300517
,-50.0,50,1239.991395
,-16.0,50,1241.670628
,-50.0,50,1243.304711
,-50.0,50,1244.997621
,-50.0,50,1246.651768
,-18.0,50,1248.31306
,-12.0,50,1249.949106
,-50.0,50,1251.620332
,-13.0,50,1253.283633
,-50.0,50,1254.979701
,-50.0,50,1256.614235
,-49.0,50,1258.291312
,-44.0,50,1259.997829
,-37.0,50,1261.624662
,-17.0,50,1263.306241
,-16.0,50,1264.972263
,-50.0,50,1266.59589
,-17.0,50,1268.286262
,-23.0,50,1269.913076
,-11.0,50,1271.611056
,-50.0,50,1273.283535
,-48.0,50,1273.571106
,-50.0,50,1273.818396
,-50.0,50,1274.13274
,-50.0,50,1274.418654
,-50.0,50,1274.713808
,-14.0,50,1274.988775
,-14.0,50,1275.24655
,-26.0,50,1275.56163
,-50.0,50,1275.834666
,-11.0,50,1276.128133
,-50.0,50,1277.770436
,-23.0,50,1279.436809
,0.0,50,1281.108171
,-50.0,50,1282.795589
,-50.0,50,1284.468274
,-45.0,50,1286.171205
,-50.0,50,1287.789944
,-50.0,50,1289.489621
,-50.0,50,1291.139316
,-18.0,50,1292.794619
,-50.0,50,1294.479765
,0.0,50,1296.18234
,-50.0,50,1297.855072
,-50.0,50,1299.523313
,-50.0,50,1301.214645
,-50.0,50,1302.876606
,-45.0,50,1304.554664
,-50.0,50,1306.187028
,-50.0,50,1307.88446
,-17.0,50,1309.581575
,-44.0,50,1311.219182
,-19.0,50,1312.9356
,-50.0,50,1314.564315
,-50.0,50,1316.23514
,-50.0,50,1317.923449
,-50.0,50,1319.595618
,-50.0,50,1321.253
,-7.0,50,1322.955554
,-50.0,50,1324.626372
,-50.0,50,1326.287081
,-50.0,50,1327.93188
,-50.0,50,1329.627417
,-50.0,50,1331.360619
,-50.0,50,1333.035345
,-50.0,50,1334.704707
,-50.0,50,1336.367326
,-50.0,50,1338.034585
,-12.0,50,1339.744776
,-50.0,50,1341.409987
,-47.0,50,1343.060965
,-50.0,50,1344.75252
,-50.0,50,1346.434399
,-9.0,50,1348.152881
,-50.0,50,1349.86361
,-21.0,50,1351.492363
,-50.0,50,1353.232009
,-28.0,50,1354.919437
,-50.0,50,1356.601706
,-32.0,50,1358.27877
,-13.0,50,1359.980551
,-50.0,50,1360.25985
,-5.0,50,1360.572873
,-9.0,50,1360.852421
,-50.0,50,1361.168448
,-18.0,50,1361.432008
,-38.0,50,1361.698214
,-50.0,50,1361.974308
,-50.0,50,1362.25707
,-12.0,50,1362.519176
,-14.0,50,1362.8906
,-50.0,50,1364.569517
,-50.0,50,1366.236367
,-16.0,50,1368.004684
,-46.0,50,1369.64412
,-50.0,50,1371.339416
,-50.0,50,1373.011932
,-16.0,50,1374.708822
,-26.0,50,1376.387803
,-50.0,50,1378.073705
,-31.0,50,1379.742859
,-50.0,50,1381.40298
,-50.0,50,1383.091254
,-50.0,50,1384.751961
,-20.0,50,1386.445919
,-50.0,50,1388.144911
,-24.0,50,1389.798425
,-50.0,50,1391.491001
,0.0,50,1393.143829
,-50.0,50,1394.82931
,-13.0,50,1396.517653
,-8.0,50,1398.205002
,-37.0,50,1399.868905
,-49.0,50,1401.559225
,-50.0,50,1403.240071
,-50.0,50,1404.925786
,-50.0,50,1406.586786
,-50.0,50,1408.248158
,-30.0,50,1409.915339
,-16.0,50,1411.628931
,-8.0,50,1413.307319
,-39.0,50,1414.995721
,-44.0,50,1416.667328
,-22.0,50,1418.322754
,-50.0,50,1419.985255
,-50.0,50,1421.670471
,-50.0,50,1423.332815
,0.0,50,1424.99075
,-50.0,50,1426.669481
,-9.0,50,1428.329703
,-50.0,50,1430.032381
,-20.0,50,1431.719578
,-50.0,50,1433.428372
,-27.0,50,1435.113381
,-50.0,50,1436.78096
,-46.0,50,1438.497421
,-50.0,50,1440.190271
,-50.0,50,1441.838187
,-11.0,50,1443.572702
,-28.0,50,1445.226714
,-50.0,50,1446.908117
,-8.0,50,1447.199113
,-10.0,50,1447.474978
,-50.0,50,1447.762746
,-11.0,50,1448.048494
,-13.0,50,1448.347402
,-12.0,50,1448.606313
,-50.0,50,1448.873327
,-6.0,50,1449.158685
,-12.0,50,1449.443629
,-41.0,50,1449.917476
,-18.0,50,1451.60052
,-50.0,50,1453.27707
,-35.0,50,1454.926012
,-50.0,50,1456.621475
,-50.0,50,1458.335193
,-50.0,50,1460.00443
,-50.0,50,1461.689174
,-41.0,50,1463.343659
,-24.0,50,1465.010781
,-29.0,50,1466.710356
,-38.0,50,1468.421845
,-27.0,50,1470.123719
,0.0,50,1471.764283
,-32.0,50,1473.46006
,-17.0,50,1475.114317
,-33.0,50,1476.834735
,-50.0,50,1478.53473
,-50.0,50,1480.178706
,-50.0,50,1481.896808
,-50.0,50,1483.57032
,-50.0,50,1485.275385
,-50.0,50,1486.965544
,-50.0,50,1488.664247
,-36.0,50,1490.34369
,-50.0,50,1492.028167
,-50.0,50,1493.740536
,0.0,50,1495.379164
,-49.0,50,1497.084363
,-20.0,50,1498.768095
,-50.0,50,1500.452607
,-50.0,50,1502.138429
,-39.0,50,1503.854477
,-50.0,50,1505.526096
,-50.0,50,1507.238549
,-18.0,50,1508.918637
,-36.0,50,1510.594767
,-18.0,50,1512.328601
,-50.0,50,1514.030697
,-39.0,50,1515.700734
,-50.0,50,1517.397456
,-27.0,50,1519.079233
,-50.0,50,1520.793956
,-29.0,50,1522.473023
,-47.0,50,1524.117882
,-50.0,50,1525.849383
,-37.0,50,1527.567061
,-34.0,50,1529.24023
,-50.0,50,1530.929671
,-50.0,50,1532.605364
,-16.0,50,1534.296969
,-9.0,50,1534.582951
,-9.0,50,1534.866102
,-50.0,50,1535.139974
,-50.0,50,1535.439832
,-5.0,50,1535.707462
,-50.0,50,1535.982107
,-5.0,50,1536.243462
,-50.0,50,1536.543591
,-50.0,50,1536.814288
,-22.0,50,1537.227893
,-21.0,50,1538.907836
,-25.0,50,1540.6018
,-19.0,50,1542.286945
,-43.0,50,1543.993919
,-10.0,50,1545.649796
,-50.0,50,1547.389339
,-17.0,50,1549.050841
,-5.0,50,1550.745888
,-50.0,50,1552.446101
,-21.0,50,1554.118099
,-50.0,50,1555.780721
,-47.0,50,1557.509182
,-16.0,50,1559.187577
,-31.0,50,1560.878207
,-50.0,50,1562.622652
,-21.0,50,1564.28401
,-47.0,50,1565.970694
,-14.0,50,1567.710528
,-50.0,50,1569.398919
,-50.0,50,1571.09519
,-24.0,50,1572.800788
,-33.0,50,1574.467095
,-21.0,50,1576.133814
,-50.0,50,1577.860155
,-50.0,50,1579.551199
,-46.0,50,1581.25494
,-50.0,50,1582.93784
,-50.0,50,1584.580587
,-50.0,50,1586.271327
,-18.0,50,1587.976526
,-35.0,50,1589.691152
,-49.0,50,1591.332847
,0.0,50,1593.048021
,-42.0,50,1594.730255
,-17.0,50,1596.438719
,-50.0,50,1598.15552
,-22.0,50,1599.847621
,-28.0,50,1601.506378
,-5.0,50,1603.211592
,-47.0,50,1604.863853
,-22.0,50,1606.521986
,0.0,50,1608.250194
,-40.0,50,1609.920383
,-50.0,50,1611.603809
,-50.0,50,1613.304866
,-50.0,50,1614.994064
,-41.0,50,1616.668616
,-31.0,50,1618.390687
,-33.0,50,1620.056318
,-12.0,50,1621.755296
,-11.0,50,1622.061452
,-10.0,50,1622.324406
,-50.0,50,1622.607976
,-50.0,50,1622.900708
,-8.0,50,1623.194082
,-6.0,50,1623.492577
,-50.0,50,1623.781553
,-50.0,50,1624.043929
,-12.0,50,1624.336496
,0.0,50,1624.651619
,-50.0,50,1626.304599
,-50.0,50,1628.034562
,-50.0,50,1629.693227
,-35.0,50,1631.4323
,-50.0,50,1633.085256
,-40.0,50,1634.83669
,-50.0,50,1636.498059
,-24.0,50,1638.184127
,-50.0,50,1639.92525
,-43.0,50,1641.623857
,-50.0,50,1643.317927
,-7.0,50,1644.982079
,-50.0,50,1646.656507
,-14.0,50,1648.345274
,-43.0,50,1650.072429
,-50.0,50,1651.763004
,-48.0,50,1653.435893
,-47.0,50,1655.158812
,-37.0,50,1656.834359
,-42.0,50,1658.545661
,-50.0,50,1660.271571
,-35.0,50,1661.910817
,-8.0,50,1663.633005
,-50.0,50,1665.373782
,-50.0,50,1667.063913
,-17.0,50,1668.745563
,-50.0,50,1670.396976
,-50.0,50,1672.133338
,-41.0,50,1673.842588
,-18.0,50,1675.53985
,-22.0,50,1677.243135
,-29.0,50,1678.934922
,-14.0,50,1680.613193
,-23.0,50,1682.337912
,-50.0,50,1684.010868
,-50.0,50,1685.690016
,-50.0,50,1687.440235
,-50.0,50,1689.116562
,-42.0,50,1690.856772
,-30.0,50,1692.501921
,-50.0,50,1694.241702
,-42.0,50,1695.904248
,-50.0,50,1697.605448
,-50.0,50,1699.303184
,-8.0,50,1701.007516
,-16.0,50,1702.788182
,-16.0,50,1704.414185
,-7.0,50,1706.109037
,-50.0,50,1707.834382
,-50.0,50,1709.53741
,-7.0,50,1709.832641
,-24.0,50,1710.110728
,-6.0,50,1710.411974
,-6.0,50,1710.682051
,-6.0,50,1710.953453
,-50.0,50,1711.218843
,-8.0,50,1711.526441
,-11.0,50,1711.800383
,-7.0,50,1712.068417
,-50.0,50,1712.490052
,-50.0,50,1714.131086
,-50.0,50,1715.868443
,-17.0,50,1717.567107
,-35.0,50,1719.271569
,-8.0,50,1720.964054
,-31.0,50,1722.657016
,-36.0,50,1724.379188
,-13.0,50,1726.065367
,-16.0,50,1727.720306
,-50.0,50,1729.452152
,-37.0,50,1731.14778
,-21.0,50,1732.848665
,-28.0,50,1734.542541
,-50.0,50,1736.277763
,-30.0,50,1737.89593
,-50.0,50,1739.594911
,-50.0,50,1741.326505
,-16.0,50,1742.974047
,-50.0,50,1744.686219
,-21.0,50,1746.409448
,-50.0,50,1748.114415
,-50.0,50,1749.811408
,-40.0,50,1751.525097
,-50.0,50,1753.232533
,-40.0,50,1754.938787
,-21.0,50,1756.631548
,-50.0,50,1758.300942
,-44.0,50,1759.96559
,-26.0,50,1761.679685
,0.0,50,1763.362801
,-16.0,50,1765.088483
,-18.0,50,1766.785447
,-50.0,50,1768.491165
,-50.0,50,1770.18855
,-43.0,50,1771.907705
,-50.0,50,1773.588295
,-40.0,50,1775.290528
,-35.0,50,1776.976209
,-50.0,50,1778.625361
,-23.0,50,1780.356976
,-50.0,50,1782.055071
,-39.0,50,1783.716429
,0.0,50,1785.431599
,-50.0,50,1787.119568
,-11.0,50,1788.843051
,-50.0,50,1790.498144
,-42.0,50,1792.194583
,-13.0,50,1793.892801
,-27.0,50,1795.643848
,-11.0,50,1797.35845
,-8.0,50,1797.624825
,-20.0,50,1797.899445
,-50.0,50,1798.168782
,-50.0,50,1798.44196
,-9.0,50,1798.750122
,-5.0,50,1799.022033
,-8.0,50,1799.286308
,-6.0,50,1799.573217
,-50.0,50,1799.887776
,-25.0,50,1800.30756
,-15.0,50,1801.956373
,-50.0,50,1803.65994
,-21.0,50,1805.403645
,-23.0,50,1807.097334
,-50.0,50,1808.796448
,-47.0,50,1810.487844
,-39.0,50,1812.149092
,-50.0,50,1813.858666
,-50.0,50,1815.574923
,-9.0,50,1817.325868
,-17.0,50,1819.000395
,-12.0,50,1820.684625
,-34.0,50,1822.378392
,-50.0,50,1824.036369
,0.0,50,1825.741071
,-27.0,50,1827.499898
,-47.0,50,1829.235597
,-24.0,50,1830.9231
,-50.0,50,1832.605203
,-8.0,50,1834.325194
,-13.0,50,1836.021386
,-50.0,50,1837.708812
,-50.0,50,1839.427734
,-20.0,50,1841.177427
,-17.0,50,1842.853265
,-14.0,50,1844.562652
,-22.0,50,1846.234087
,-15.0,50,1847.907524
,-50.0,50,1849.628353
,-9.0,50,1851.34014
,-12.0,50,1853.026309
,-38.0,50,1854.705003
,-50.0,50,1856.457573
,-8.0,50,1858.14428
,-46.0,50,1859.864336
,-27.0,50,1861.568343
,-18.0,50,1863.243992
,-27.0,50,1864.951452
,-44.0,50,1866.663634
,-7.0,50,1868.365289
,-50.0,50,1870.087066
,-38.0,50,1871.81469
,-5.0,50,1873.467101
,-50.0,50,1875.197918
,-38.0,50,1876.92254
,-11.0,50,1878.675827
,-25.0,50,1880.368603
,-50.0,50,1882.020864
,-8.0,50,1883.744389
,-8.0,50,1885.514588
,-10.0,50,1885.804839
,-6.0,50,1886.081913
,-8.0,50,1886.372777
,-50.0,50,1886.697864
,-9.0,50,1886.988724
,-7.0,50,1887.245034
,-50.0,50,1887.502497
,-8.0,50,1887.763282
,-6.0,50,1888.055329
,-50.0,50,1888.360794
,-38.0,50,1890.072958
,-28.0,50,1891.803254
,-12.0,50,1893.490207
,-3.0,50,1895.191618
,-38.0,50,1896.886987
,-50.0,50,1898.642145
,-23.0,50,1900.327763
,-22.0,50,1902.008149
,-18.0,50,1903.749723
,-40.0,50,1905.421487
,-50.0,50,1907.128507
,-27.0,50,1908.832259
,-20.0,50,1910.509386
,-38.0,50,1912.193629
,-14.0,50,1913.960225
,-13.0,50,1915.642004
,-41.0,50,1917.34939
,-13.0,50,1919.103697
,-11.0,50,1920.783722
,-40.0,50,1922.495842
,-42.0,50,1924.15518
,-16.0,50,1925.854116
,-33.0,50,1927.617549
,-13.0,50,1929.312356
,-50.0,50,1930.935831
,-48.0,50,1932.673794
,-50.0,50,1934.449637
,-35.0,50,1936.155403
,-26.0,50,1937.876785
,-24.0,50,1939.568245
,-50.0,50,1941.216156
,-42.0,50,1942.98405
,-33.0,50,1944.677646
,-22.0,50,1946.32765
,-6.0,50,1948.007249
,-8.0,50,1949.783933
,-47.0,50,1951.429914
,-44.0,50,1953.170624
,-11.0,50,1954.882065
,-6.0,50,1956.610858
,-48.0,50,1958.318253
,-50.0,50,1960.033047
,-50.0,50,1961.743677
,-17.0,50,1963.476366
,-30.0,50,1965.127678
,-16.0,50,1966.874223
,-44.0,50,1968.56757
,-14.0,50,1970.270034
,-35.0,50,1971.968832
,-50.0,50,1973.709644
,-9.0,50,1973.997565
,-7.0,50,1974.27245
,-5.0,50,1974.556209
,-8.0,50,1974.828365
,-45.0,50,1975.11932
,-12.0,50,1975.442724
,-12.0,50,1975.737714
,-13.0,50,1976.029012
,-3.0,50,1976.310766
,-22.0,50,1976.643019
,-38.0,50,1978.335066
,-50.0,50,1979.989576
,-50.0,50,1981.755988
,-14.0,50,1983.434052
,-46.0,50,1985.115125
,-50.0,50,1986.819148
,-13.0,50,1988.573817
,-14.0,50,1990.251445
,-43.0,50,1991.987593
,-15.0,50,1993.687486
,-12.0,50,1995.417523
,0.0,50,1997.10241
,-33.0,50,1998.795032
,-47.0,50,2000.571283
,-8.0,50,2002.26024
,-50.0,50,2003.972059
,-38.0,50,2005.694628
,-50.0,50,2007.407828
,-42.0,50,2009.108032
,-23.0,50,2010.809754
,-18.0,50,2012.500065
,-24.0,50,2014.263817
,-50.0,50,2015.963442
,-29.0,50,2017.624766
,-16.0,50,2019.378739
,-17.0,50,2021.100134
,-50.0,50,2022.803709
,-20.0,50,2024.534253
,-50.0,50,2026.224573
,-18.0,50,2027.943502
,-8.0,50,2029.657274
,-24.0,50,2031.312135
,-12.0,50,2033.037377
,-19.0,50,2034.729832
,-46.0,50,2036.473833
,0.0,50,2038.18728
,-50.0,50,2039.886975
,-21.0,50,2041.62958
,-12.0,50,2043.32651
,-28.0,50,2044.957926
,-21.0,50,2046.711439
,-46.0,50,2048.396932
,-50.0,50,2050.128998
,-5.0,50,2051.818359
,-37.0,50,2053.54804
,-45.0,50,2055.26078
,-39.0,50,2056.956346
,-27.0,50,2058.714419
,-9.0,50,2060.390975
,-6.0,50,2062.197571
,-46.0,50,2062.487805
,-5.0,50,2062.757468
,-2.0,50,2063.010568
,-7.0,50,2063.304197
,-12.0,50,2063.583405
,-7.0,50,2063.89045
,-45.0,50,2064.201057
,-38.0,50,2064.472586
,-10.0,50,2064.731488
,-49.0,50,2065.052742
,0.0,50,2066.750948
,-18.0,50,2068.437735
,-49.0,50,2070.220456
,0.0,50,2071.893997
,-41.0,50,2073.60607
,0.0,50,2075.300151
,-31.0,50,2077.006412
,-50.0,50,2078.746542
,-7.0,50,2080.468642
,-17.0,50,2082.170814
,-24.0,50,2083.906248
,-50.0,50,2085.624259
,-15.0,50,2087.35442
,-11.0,50,2089.040223
,-20.0,50,2090.75064
,-34.0,50,2092.465012
,-16.0,50,2094.107524
,-23.0,50,2095.876808
,-46.0,50,2097.567034
,-50.0,50,2099.293587
,-44.0,50,2100.989855
,-22.0,50,2102.76121
,-21.0,50,2104.498921
,-20.0,50,2106.188132
,-21.0,50,2107.86597
,-9.0,50,2109.639531
,-18.0,50,2111.281192
,-33.0,50,2113.040902
,-18.0,50,2114.774953
,-48.0,50,2116.456772
,-49.0,50,2118.196644
,-15.0,50,2119.939084
,-23.0,50,2121.620816
,-50.0,50,2123.389565
,-33.0,50,2125.07655
,-18.0,50,2126.739282
,-20.0,50,2128.480149
,-3.0,50,2130.166137
,-26.0,50,2131.91482
,-10.0,50,2133.598089
,-45.0,50,2135.36954
,-50.0,50,2137.069452
,-49.0,50,2138.729573
,-50.0,50,2140.472262
,-46.0,50,2142.175967
,-16.0,50,2143.920007
,-16.0,50,2145.598565
,-50.0,50,2147.299202
,-38.0,50,2149.027947
,-31.0,50,2150.785895
,-23.0,50,2151.0495
,-11.0,50,2151.320218
,-9.0,50,2151.598161
,-11.0,50,2151.860908
,-5.0,50,2152.151236
,-45.0,50,2152.440413
,-7.0,50,2152.705667
,-9.0,50,2153.004134
,-16.0,50,2153.290992
,-12.0,50,2153.666818
,0.0,50,2155.339495
,-50.0,50,2157.062125
,-15.0,50,2158.795335
,-13.0,50,2160.506587
,-25.0,50,2162.245569
,-9.0,50,2163.955099
,-46.0,50,2165.629437
,-31.0,50,2167.366678
,-10.0,50,2169.090472
,-18.0,50,2170.768096
,-50.0,50,2172.511494
,-12.0,50,2174.22059
,-50.0,50,2175.91908
,-49.0,50,2177.594712
,-50.0,50,2179.374028
,-31.0,50,2181.088602
,-14.0,50,2182.805454
,-43.0,50,2184.519557
,-50.0,50,2186.251676
,-50.0,50,2187.959055
,-14.0,50,2189.708701
,-19.0,50,2191.415744
,-13.0,50,2193.115769
,-47.0,50,2194.844234
,-42.0,50,2196.56598
,-5.0,50,2198.26987
,-44.0,50,2199.987463
,0.0,50,2201.731283
,-38.0,50,2203.440421
,-20.0,50,2205.225673
,-33.0,50,2206.917513
,-10.0,50,2208.601336
,-10.0,50,2210.358538
,-21.0,50,2212.027165
,-12.0,50,2213.736818
,-10.0,50,2215.449587
,-12.0,50,2217.186407
,-50.0,50,2218.948451
,-31.0,50,2220.659585
,-50.0,50,2222.371044
,-48.0,50,2224.096898
,-50.0,50,2225.799318
,-16.0,50,2227.571619
,-29.0,50,2229.27814
,-41.0,50,2231.009658
,-25.0,50,2232.746015
,-17.0,50,2234.455489
,-19.0,50,2236.20322
,-22.0,50,2237.881104
,-8.0,50,2239.597411
,-11.0,50,2239.868703
,-35.0,50,2240.172042
,-10.0,50,2240.456497
,-9.0,50,2240.759984
,-7.0,50,2241.02025
,-8.0,50,2241.2958
,-6.0,50,2241.577681
,-45.0,50,2241.851336
,-6.0,50,2242.145555
,-16.0,50,2242.551181
,-28.0,50,2244.261174
,-49.0,50,2245.995681
,-41.0,50,2247.672981
,-11.0,50,2249.426439
,-29.0,50,2251.085631
,-12.0,50,2252.849739
,-50.0,50,2254.560418
,0.0,50,2256.282127
,-37.0,50,2258.029212
,-26.0,50,2259.706442
,-33.0,50,2261.463317
,-10.0,50,2263.182244
,-7.0,50,2264.95922
,-50.0,50,2266.651916
,-9.0,50,2268.38013
,-16.0,50,2270.143733
,-50.0,50,2271.843756
,-15.0,50,2273.585425
,-14.0,50,2275.271206
,-17.0,50,2277.00461
,-10.0,50,2278.717054
,-50.0,50,2280.458023
,-37.0,50,2282.121212
,-32.0,50,2283.878872
,-49.0,50,2285.595442
,-36.0,50,2287.309953
,-50.0,50,2288.966685
,-9.0,50,2290.713638
,-50.0,50,2292.44845
,-43.0,50,2294.132365
,-27.0,50,2295.918397
,-12.0,50,2297.579392
,-45.0,50,2299.323575
,-15.0,50,2301.056499
,-50.0,50,2302.737064
,-39.0,50,2304.482424
,-21.0,50,2306.182633
,-50.0,50,2307.957318
,-50.0,50,2309.706481
,-39.0,50,2311.392321
,-25.0,50,2313.096717
,-9.0,50,2314.871244
,-50.0,50,2316.544813
,-31.0,50,2318.303627
,0.0,50,2320.002179
,-28.0,50,2321.75215
,-33.0,50,2323.520668
,-50.0,50,2325.224157
,-13.0,50,2326.921195
,-8.0,50,2328.669483
,-8.0,50,2328.964333
,-4.0,50,2329.226928
,-10.0,50,2329.539495
,-10.0,50,2329.816743
,-43.0,50,2330.101434
,-7.0,50,2330.361146
,-5.0,50,2330.611775
,-10.0,50,2330.892182
,-43.0,50,2331.206573
,-25.0,50,2331.615071
,-27.0,50,2333.305462
,-37.0,50,2335.030109
,-49.0,50,2336.741514
,-44.0,50,2338.553735
,-15.0,50,2340.269096
,-18.0,50,2341.974922
,-27.0,50,2343.68246
,-48.0,50,2345.45818
,-50.0,50,2347.158267
,-15.0,50,2348.850884
,-23.0,50,2350.625793
,-50.0,50,2352.340166
,-18.0,50,2354.060066
,-28.0,50,2355.767126
,-11.0,50,2357.49567
,-44.0,50,2359.221671
,-17.0,50,2360.959436
,-50.0,50,2362.686417
,-37.0,50,2364.375678
,-50.0,50,2366.108799
,-42.0,50,2367.867004
,-20.0,50,2369.619896
,-27.0,50,2371.301757
,-31.0,50,2373.059367
,-6.0,50,2374.768224
,-41.0,50,2376.485752
,-22.0,50,2378.272516
,-49.0,50,2379.968718
,-20.0,50,2381.710962
,-50.0,50,2383.433531
,-10.0,50,2385.187122
,-24.0,50,2386.91099
,-28.0,50,2388.635043
,-27.0,50,2390.383879
,-42.0,50,2392.081452
,-44.0,50,2393.805707
,-20.0,50,2395.519346
,-12.0,50,2397.245609
,-50.0,50,2398.999406
,-47.0,50,2400.691737
,-15.0,50,2402.445745
,-39.0,50,2404.169851
,-48.0,50,2405.911758
,-14.0,50,2407.666528
,-12.0,50,2409.387627
,-35.0,50,2411.094651
,-43.0,50,2412.792628
,-50.0,50,2414.58259
,-32.0,50,2416.254245
,-12.0,50,2418.004336
,-7.0,50,2418.282316
,-9.0,50,2418.561301
,-12.0,50,2418.835095
,-4.0,50,2419.095335
,-8.0,50,2419.378483
,-41.0,50,2419.666674
,-46.0,50,2419.973707
,-6.0,50,2420.286367
,-7.0,50,2420.579617
,-15.0,50,2420.942115
,-19.0,50,2422.636082
,-50.0,50,2424.334314
,-18.0,50,2426.101085
,-42.0,50,2427.790584
,-50.0,50,2429.505018
,-13.0,50,2431.255988
,-50.0,50,2432.987478
,-50.0,50,2434.69822
,-50.0,50,2436.464118
,-31.0,50,2438.177756
,-42.0,50,2439.916693
,-39.0,50,2441.660054
,-50.0,50,2443.36556
,-18.0,50,2445.100295
,-43.0,50,2446.89379
,-31.0,50,2448.610374
,-50.0,50,2450.339467
,-14.0,50,2452.069909
,-16.0,50,2453.757158
,-9.0,50,2455.479496
,-47.0,50,2457.188553
,-27.0,50,2458.992458
,-11.0,50,2460.688888
,-30.0,50,2462.422151
,-48.0,50,2464.120384
,-18.0,50,2465.881588
,-24.0,50,2467.555901
,-7.0,50,2469.317867
,-47.0,50,2471.049016
,0.0,50,2472.769576
,-15.0,50,2474.460196
,-50.0,50,2476.210226
,-31.0,50,2477.90774
,-50.0,50,2479.706322
,-24.0,50,2481.378617
,-50.0,50,2483.106236
,-14.0,50,2484.830694
,0.0,50,2486.622139
,-18.0,50,2488.302398
,-44.0,50,2490.029944
,-23.0,50,2491.780178
,-16.0,50,2493.543685
,-39.0,50,2495.26767
,-43.0,50,2497.010803
,-17.0,50,2498.766566
,-50.0,50,2500.472064
,-14.0,50,2502.251451
,-12.0,50,2503.975444
,-50.0,50,2505.732582
,-45.0,50,2507.462912
,-5.0,50,2507.745884
,-7.0,50,2508.032166
,-7.0,50,2508.301577
,-9.0,50,2508.568767
,-9.0,50,2508.839364
,-4.0,50,2509.115735
,-9.0,50,2509.415684
,-7.0,50,2509.686111
,-5.0,50,2509.976802
,-3.0,50,2510.375681
,-20.0,50,2512.074863
,-15.0,50,2513.823929
,-19.0,50,2515.566222
,-50.0,50,2517.267069
,-50.0,50,2519.046282
,-10.0,50,2520.761211
,-15.0,50,2522.486306
,-8.0,50,2524.239625
,-11.0,50,2525.899086
,-50.0,50,2527.680818
,-20.0,50,2529.397402
,-26.0,50,2531.149425
,-8.0,50,2532.87595
,-50.0,50,2534.625613
,-30.0,50,2536.353637
,-50.0,50,2538.08525
,-29.0,50,2539.770976
,-20.0,50,2541.525917
,-19.0,50,2543.271727
,-31.0,50,2545.000626
,-14.0,50,2546.797615
,-44.0,50,2548.476866
,-47.0,50,2550.267153
,-12.0,50,2551.966936
,-44.0,50,2553.690398
,-18.0,50,2555.439699
,-31.0,50,2557.17598
,0.0,50,2558.918043
,-46.0,50,2560.634967
,-20.0,50,2562.399082
,-50.0,50,2564.104756
,-12.0,50,2565.832253
,-42.0,50,2567.640048
,-6.0,50,2569.292086
,-28.0,50,2571.096735
,-42.0,50,2572.81683
,-40.0,50,2574.592779
,-50.0,50,2576.314966
,-20.0,50,2578.030513
,-33.0,50,2579.740901
,-45.0,50,2581.461037
,-22.0,50,2583.223176
,-44.0,50,2584.905944
,-33.0,50,2586.658795
,-9.0,50,2588.402473
,0.0,50,2590.157377
,-50.0,50,2591.935095
,0.0,50,2593.628186
,-47.0,50,2595.355296
,-11.0,50,2597.162304
,-8.0,50,2597.46472
,-5.0,50,2597.740039
,-10.0,50,2598.022211
,-7.0,50,2598.310163
,-44.0,50,2598.598423
,-9.0,50,2598.886281
,-4.0,50,2599.160395
,-8.0,50,2599.449176
,-9.0,50,2599.709937
,-10.0,50,2600.033678
,-20.0,50,2601.813175
,-25.0,50,2603.490993
,-39.0,50,2605.276478
,-18.0,50,2606.95454
,-11.0,50,2608.709246
,-19.0,50,2610.403887
,-21.0,50,2612.161715
,-37.0,50,2613.928709
,-16.0,50,2615.653219
,-50.0,50,2617.460257
,-15.0,50,2619.124798
,-20.0,50,2620.899466
,-44.0,50,2622.638769
,-13.0,50,2624.386628
,-43.0,50,2626.130559
,-12.0,50,2627.903463
,-37.0,50,2629.596008
,-19.0,50,2631.341182
,-50.0,50,2633.080388
,-33.0,50,2634.868553
,-29.0,50,2636.577441
,-10.0,50,2638.345043
,-12.0,50,2640.005165
,-22.0,50,2641.800513
,-40.0,50,2643.478084
,-49.0,50,2645.27975
,-12.0,50,2647.02818
,0.0,50,2648.736847
,-15.0,50,2650.486719
,-17.0,50,2652.21064
,-12.0,50,2654.007684
,-11.0,50,2655.726195
,-47.0,50,2657.468382
,-11.0,50,2659.246272
,-16.0,50,2660.975598
,-50.0,50,2662.666832
,-36.0,50,2664.412871
,0.0,50,2666.177804
,-44.0,50,2667.843226
,-40.0,50,2669.617784
,-22.0,50,2671.361167
,0.0,50,2673.132768
,-39.0,50,2674.867656
,-42.0,50,2676.604043
,-46.0,50,2678.353605
,-28.0,50,2680.04732
,-30.0,50,2681.828616
,-50.0,50,2683.623419
,-18.0,50,2685.324801
,-9.0,50,2687.069525
,-13.0,50,2687.366255
,-14.0,50,2687.6612
,-11.0,50,2687.958349
,-15.0,50,2688.226951
,-4.0,50,2688.498718
,-6.0,50,2688.759341
,-12.0,50,2689.021605
,-4.0,50,2689.278556
,-7.0,50,2689.561412
,-11.0,50,2689.982038
,-46.0,50,2691.698849
,-11.0,50,2693.446953
,-17.0,50,2695.170923
,-34.0,50,2696.951328
,-21.0,50,2698.647094
,-16.0,50,2700.391899
,-21.0,50,2702.130138
,-20.0,50,2703.85942
,-50.0,50,2705.607903
,-25.0,50,2707.355524
,-13.0,50,2709.144057
,-15.0,50,2710.89343
,-15.0,50,2712.613839
,-14.0,50,2714.359462
,-18.0,50,2716.034842
,-50.0,50,2717.830705
,-14.0,50,2719.549993
,-14.0,50,2721.26163
,-16.0,50,2722.984989
,-13.0,50,2724.726567
,-11.0,50,2726.534981
,-26.0,50,2728.287781
,-34.0,50,2730.025193
,-15.0,50,2731.75052
,-50.0,50,2733.430566
,-39.0,50,2735.224248
,-5.0,50,2736.972577
,-24.0,50,2738.708409
,-48.0,50,2740.44031
,-19.0,50,2742.206186
,-50.0,50,2743.975898
,-26.0,50,2745.664109
,-18.0,50,2747.38675
,-17.0,50,2749.132458
,-4.0,50,2750.862993
,-48.0,50,2752.659258
,-13.0,50,2754.421542
,-30.0,50,2756.136703
,-50.0,50,2757.876839
,-13.0,50,2759.620731
,-20.0,50,2761.391452
,-6.0,50,2763.089817
,-26.0,50,2764.824188
,-50.0,50,2766.562812
,-16.0,50,2768.318572
,-50.0,50,2770.088949
,-50.0,50,2771.818303
,-50.0,50,2773.557739
,-22.0,50,2775.234288
,-5.0,50,2777.017474
,-5.0,50,2777.290267
,-6.0,50,2777.547125
,-39.0,50,2777.829605
,-7.0,50,2778.12753
,-9.0,50,2778.404779
,-13.0,50,2778.682573
,-6.0,50,2778.963987
,-43.0,50,2779.245924
,-14.0,50,2779.517674
,-28.0,50,2779.88632
,-12.0,50,2781.640707
,-50.0,50,2783.408217
,-14.0,50,2785.101031
,-21.0,50,2786.824524
,-22.0,50,2788.57931
,-11.0,50,2790.332577
,-18.0,50,2792.068599
,-9.0,50,2793.811296
,-32.0,50,2795.535884
,-23.0,50,2797.321331
,-41.0,50,2799.079455
,-32.0,50,2800.797386
,-14.0,50,2802.528375
,-16.0,50,2804.293085
,-4.0,50,2806.004948
,-40.0,50,2807.737603
,-49.0,50,2809.462678
,-7.0,50,2811.211612
,-39.0,50,2812.987929
,-50.0,50,2814.731673
,0.0,50,2816.412235
,-10.0,50,2818.181986
,-16.0,50,2819.951833
,-17.0,50,2821.678573
,-9.0,50,2823.407052
,-31.0,50,2825.184481
,-45.0,50,2826.970527
,-50.0,50,2828.700826
,-47.0,50,2830.423324
,-50.0,50,2832.147196
,-39.0,50,2833.865696
,-16.0,50,2835.632712
,-50.0,50,2837.331903
,-50.0,50,2839.090965
,-50.0,50,2840.823823
,-17.0,50,2842.599274
,-13.0,50,2844.335404
,-43.0,50,2846.12398
,-8.0,50,2847.851192
,-50.0,50,2849.597653
,-17.0,50,2851.345895
,-19.0,50,2853.103714
,-50.0,50,2854.902328
,-30.0,50,2856.61929
,-44.0,50,2858.32249
,-42.0,50,2860.102481
,0.0,50,2861.88564
,-36.0,50,2863.572644
,-46.0,50,2865.414841
,-7.0,50,2867.137537
,-12.0,50,2867.436043
,-46.0,50,2867.708219
,-8.0,50,2867.983582
,0.0,50,2868.233029
,-4.0,50,2868.498528
,-8.0,50,2868.772603
,-9.0,50,2869.052086
,-7.0,50,2869.352346
,-5.0,50,2869.654676
,-44.0,50,2870.089056
,-50.0,50,2871.854743
,-50.0,50,2873.548908
,-22.0,50,2875.305019
,-38.0,50,2877.059517
,-16.0,50,2878.789888
,-50.0,50,2880.5515
,-27.0,50,2882.322194
,-17.0,50,2884.042543
,-12.0,50,2885.784185
,-8.0,50,2887.533878
,-49.0,50,2889.294708
,-13.0,50,2891.034045
,-26.0,50,2892.775898
,-12.0,50,2894.486745
,-12.0,50,2896.249637
,-18.0,50,2897.976773
,-43.0,50,2899.72102
,-50.0,50,2901.523442
,-50.0,50,2903.223307
,-17.0,50,2904.996323
,-16.0,50,2906.730242
,0.0,50,2908.461569
,0.0,50,2910.169681
,-9.0,50,2911.958929
,-50.0,50,2913.681379
,-24.0,50,2915.400682
,-50.0,50,2917.146297
,-17.0,50,2918.881738
,-20.0,50,2920.621247
,-34.0,50,2922.386739
,-21.0,50,2924.183705
,-14.0,50,2925.893728
,-50.0,50,2927.626531
,-42.0,50,2929.381644
,-17.0,50,2931.112273
,-14.0,50,2932.831035
,-47.0,50,2934.625721
,-50.0,50,2936.40799
,0.0,50,2938.160645
,-50.0,50,2939.909456
,-13.0,50,2941.65849
,-17.0,50,2943.401196
,-12.0,50,2945.187935
,-50.0,50,2946.937737
,-25.0,50,2948.644242
,-11.0,50,2950.372207
,-21.0,50,2952.129015
,-7.0,50,2953.871578
,-36.0,50,2955.665973
,-4.0,50,2957.413071
,-9.0,50,2957.685003
,-41.0,50,2958.008147
,-10.0,50,2958.288967
,-11.0,50,2958.579524
,-4.0,50,2958.870962
,-7.0,50,2959.154773
,-6.0,50,2959.45986
,-47.0,50,2959.7491
,-14.0,50,2960.057295
,-15.0,50,2960.357285
,-24.0,50,2962.131932
,-50.0,50,2963.858296
,-18.0,50,2965.62242
,-50.0,50,2967.353875
,-50.0,50,2969.137655
,-15.0,50,2970.834132
,0.0,50,2972.573663
,-30.0,50,2974.351622
,-22.0,50,2976.102349
,-50.0,50,2977.875104
,-13.0,50,2979.587289
,-25.0,50,2981.353668
,-21.0,50,2983.087723
,-3.0,50,2984.855896
,0.0,50,2986.596783
,-50.0,50,2988.347834
,-50.0,50,2990.066048
,-50.0,50,2991.833531
,-33.0,50,2993.606618
,-50.0,50,2995.350549
,-10.0,50,2997.162371
,-14.0,50,2998.90396
,-7.0,50,3000.61369
,-44.0,50,3002.357591
,-40.0,50,3004.144949
,-17.0,50,3005.901601
,-3.0,50,3007.633513
,-50.0,50,3009.41953
,-50.0,50,3011.137678
,-50.0,50,3012.914616
,-38.0,50,3014.653589
,-50.0,50,3016.396828
,-16.0,50,3018.181904
,-50.0,50,3019.943236
,-38.0,50,3021.728752
,-36.0,50,3023.456838
,-12.0,50,3025.184705
,-50.0,50,3026.979812
,-17.0,50,3028.732215
,-46.0,50,3030.489088
,-22.0,50,3032.207572
,-40.0,50,3034.034006
,-37.0,50,3035.735992
,-44.0,50,3037.563551
,-26.0,50,3039.248934
,-50.0,50,3041.006518
,-22.0,50,3042.782417
,-21.0,50,3044.5718
,-45.0,50,3046.351879
,-10.0,50,3048.155788
,-12.0,50,3048.42047
,-10.0,50,3048.721354
,-5.0,50,3049.004936
,-18.0,50,3049.282839
,-4.0,50,3049.571859
,-17.0,50,3049.847729
,-6.0,50,3050.116794
,-4.0,50,3050.4245
,-6.0,50,3050.6901
,0.0,50,3051.03598
,-24.0,50,3052.828532
,0.0,50,3054.511689
,-39.0,50,3056.287289
,-45.0,50,3058.101381
,-48.0,50,3059.805261
,-34.0,50,3061.587706
,-42.0,50,3063.360923
,0.0,50,3065.092102
,-46.0,50,3066.885584
,-50.0,50,3068.662179
,-15.0,50,3070.353674
,-34.0,50,3072.166287
,-37.0,50,3073.91743
,-47.0,50,3075.659001
,-34.0,50,3077.469264
,-50.0,50,3079.25131
,-28.0,50,3081.02869
,-43.0,50,3082.773723
,-46.0,50,3084.52082
,-34.0,50,3086.258249
,-44.0,50,3088.020372
,-19.0,50,3089.785732
,-34.0,50,3091.560889
,-22.0,50,3093.291842
,-50.0,50,3095.084356
,-45.0,50,3096.860209
,-9.0,50,3098.588931
,-50.0,50,3100.381086
,-50.0,50,3102.095007
,-9.0,50,3103.829516
,-50.0,50,3105.575415
,-13.0,50,3107.356586
,-41.0,50,3109.103317
,-2.0,50,3110.867246
,-42.0,50,3112.633229
,-45.0,50,3114.422195
,-44.0,50,3116.143565
,-9.0,50,3117.939138
,-50.0,50,3119.667202
,-11.0,50,3121.477314
,-19.0,50,3123.187504
,-10.0,50,3124.974928
,-13.0,50,3126.699857
,-22.0,50,3128.484209
,-37.0,50,3130.186234
,-48.0,50,3131.99021
,-23.0,50,3133.706972
,-50.0,50,3135.506041
,-50.0,50,3137.280593
,-42.0,50,3139.029289
,-44.0,50,3139.336374
,-6.0,50,3139.632521
,-7.0,50,3139.911456
,-9.0,50,3140.186915
,-9.0,50,3140.458499
,-15.0,50,3140.784709
,-13.0,50,3141.082894
,-5.0,50,3141.347703
,-6.0,50,3141.634401
,-14.0,50,3141.928461
,-49.0,50,3143.651975
,-37.0,50,3145.449456
,-44.0,50,3147.197477
,-36.0,50,3148.997221
,-43.0,50,3150.688561
,-3.0,50,3152.451329
,-24.0,50,3154.245101
,0.0,50,3156.011567
,-41.0,50,3157.739836
,-48.0,50,3159.5097
,0.0,50,3161.27606
,-50.0,50,3163.124777
,-42.0,50,3164.849215
,-23.0,50,3166.643265
,-1.0,50,3168.335819
,-50.0,50,3170.102864
,-41.0,50,3171.873065
,-13.0,50,3173.676214
,-20.0,50,3175.34639
,-12.0,50,3177.124347
,-50.0,50,3178.896154
,-23.0,50,3180.643375
,-45.0,50,3182.414155
,-18.0,50,3184.160202
,-25.0,50,3185.962597
,-50.0,50,3187.647712
,-15.0,50,3189.430843
,-20.0,50,3191.181982
,-50.0,50,3192.96321
,-29.0,50,3194.692423
,-23.0,50,3196.513276
,-31.0,50,3198.246088
,-22.0,50,3200.012231
,-29.0,50,3201.752885
,-10.0,50,3203.539065
,-47.0,50,3205.339219
,-50.0,50,3207.057296
,-50.0,50,3208.827862
,-32.0,50,3210.589713
,-50.0,50,3212.39726
,-40.0,50,3214.152331
,-50.0,50,3215.910685
,0.0,50,3217.660476
,-26.0,50,3219.447536
,-11.0,50,3221.24198
,-9.0,50,3222.964011
,-14.0,50,3224.778429
,-39.0,50,3226.52795
,-26.0,50,3228.296932
,-6.0,50,3230.099623
,-9.0,50,3230.37171
,-13.0,50,3230.654615
,-11.0,50,3230.924578
,-12.0,50,3231.198246
,-8.0,50,3231.458849
,-8.0,50,3231.741575
,-10.0,50,3232.01765
,-7.0,50,3232.313433
,-21.0,50,3232.593807
,-7.0,50,3232.941716
,-50.0,50,3234.688593
,-9.0,50,3236.482909
,-50.0,50,3238.259604
,-50.0,50,3239.978257
,-49.0,50,3241.767836
,-50.0,50,3243.478773
,-13.0,50,3245.302032
,0.0,50,3247.085851
,-18.0,50,3248.816961
,-50.0,50,3250.650198
,-12.0,50,3252.430559
,-50.0,50,3254.173404
,-42.0,50,3255.947964
,-50.0,50,3257.71372
,-26.0,50,3259.487919
,-39.0,50,3261.286808
,-12.0,50,3263.02171
,-37.0,50,3264.773973
,-50.0,50,3266.579084
,-48.0,50,3268.317851
,-10.0,50,3270.073467
,-50.0,50,3271.826686
,-50.0,50,3273.580113
,-25.0,50,3275.309176
,-50.0,50,3277.05742
,-29.0,50,3278.883566
,-23.0,50,3280.621392
,-50.0,50,3282.447274
,-50.0,50,3284.159717
,-17.0,50,3285.932445
,-43.0,50,3287.682923
,-50.0,50,3289.465095
,-14.0,50,3291.202681
,-40.0,50,3293.045738
,-37.0,50,3294.806756
,-41.0,50,3296.573694
,-43.0,50,3298.307006
,-50.0,50,3300.080275
,-31.0,50,3301.852803
,-29.0,50,3303.611199
,-32.0,50,3305.414503
,-28.0,50,3307.20633
,-23.0,50,3308.948277
,-50.0,50,3310.688321
,-50.0,50,3312.430214
,-6.0,50,3314.206757
,-6.0,50,3315.940606
,-15.0,50,3317.72463
,-50.0,50,3319.491772
,-40.0,50,3321.353266
,-12.0,50,3321.633703
,-7.0,50,3321.914481
,-6.0,50,3322.200158
,-5.0,50,3322.499289
,-10.0,50,3322.777867
,-11.0,50,3323.056761
,-7.0,50,3323.323091
,-8.0,50,3323.646294
,-9.0,50,3323.935503
,-23.0,50,3324.22929
,-16.0,50,3325.941371
,-45.0,50,3327.777311
,-15.0,50,3329.490645
,-5.0,50,3331.302358
,-47.0,50,3333.020917
,-50.0,50,3334.797212
,-5.0,50,3336.580211
,-18.0,50,3338.331932
,-21.0,50,3340.097196
,-28.0,50,3341.884267
,-31.0,50,3343.664355
,-46.0,50,3345.410604
,-47.0,50,3347.262879
,-10.0,50,3348.988153
,-50.0,50,3350.778573
,-50.0,50,3352.584285
,-29.0,50,3354.317847
,-7.0,50,3356.096046
,-6.0,50,3357.875047
,-46.0,50,3359.680935
,-27.0,50,3361.392833
,-46.0,50,3363.17906
,-26.0,50,3364.96581
,-14.0,50,3366.698159
,-50.0,50,3368.499781
,0.0,50,3370.233006
,-16.0,50,3372.028549
,-49.0,50,3373.804647
,-50.0,50,3375.560549
,-23.0,50,3377.376602
,-46.0,50,3379.127394
,-50.0,50,3380.88218
,-35.0,50,3382.683466
,-26.0,50,3384.436931
,-11.0,50,3386.215829
,-50.0,50,3387.947472
,-50.0,50,3389.737488
,-10.0,50,3391.448318
,-50.0,50,3393.231139
,-50.0,50,3394.993795
,-48.0,50,3396.776779
,0.0,50,3398.491906
,-7.0,50,3400.312364
,-23.0,50,3402.055986
,-50.0,50,3403.817418
,-7.0,50,3405.575698
,-5.0,50,3407.340404
,-45.0,50,3409.112117
,-50.0,50,3410.890454
,-7.0,50,3412.703888
,-4.0,50,3412.990093
,-6.0,50,3413.257004
,-3.0,50,3413.572928
,-8.0,50,3413.895584
,-10.0,50,3414.17257
,-8.0,50,3414.444403
,-6.0,50,3414.713149
,-6.0,50,3414.996612
,-7.0,50,3415.258124
,-14.0,50,3415.558471
,-21.0,50,3417.314904
,-48.0,50,3419.116619
,-17.0,50,3420.834645
,-13.0,50,3422.677551
,-11.0,50,3424.397561
,-50.0,50,3426.171338
,-17.0,50,3427.988087
,-25.0,50,3429.784333
,-43.0,50,3431.51792
,-50.0,50,3433.298494
,-50.0,50,3435.091425
,-50.0,50,3436.820747
,-44.0,50,3438.588839
,-14.0,50,3440.411153
,-44.0,50,3442.178913
,-35.0,50,3443.929649
,-50.0,50,3445.737982
,-10.0,50,3447.506525
,-40.0,50,3449.279426
,-47.0,50,3451.031618
,-38.0,50,3452.828023
,-9.0,50,3454.579479
,-15.0,50,3456.333044
,-22.0,50,3458.167536
,-50.0,50,3459.885993
,-19.0,50,3461.691751
,-33.0,50,3463.477844
,-39.0,50,3465.260793
,-50.0,50,3467.04003
,-27.0,50,3468.793788
,0.0,50,3470.58202
,-50.0,50,3472.363058
,-33.0,50,3474.150835
,-14.0,50,3475.947157
,-27.0,50,3477.699663
,-40.0,50,3479.429518
,-32.0,50,3481.271228
,-22.0,50,3483.015644
,-50.0,50,3484.769008
,-37.0,50,3486.579669
,-11.0,50,3488.297529
,-50.0,50,3490.08777
,-8.0,50,3491.910646
,-17.0,50,3493.649103
,-50.0,50,3495.446204
,-11.0,50,3497.335704
,-46.0,50,3499.052531
,-50.0,50,3500.849362
,-50.0,50,3502.679891
,0.0,50,3504.476672
,-7.0,50,3504.738604
,-9.0,50,3505.033786
,-9.0,50,3505.312637
,-3.0,50,3505.579232
,-17.0,50,3505.850025
,-11.0,50,3506.128281
,-7.0,50,3506.406831
,-13.0,50,3506.681165
,-5.0,50,3506.962136
