#{"t_start": 1583227541.3947349, "env_id": "FetchPickAndPlace-v1"}
s,r,l,t
,-50.0,50,5.384099
,-50.0,50,7.256461
,-50.0,50,8.869298
,-50.0,50,10.492981
,-50.0,50,12.082761
,-50.0,50,13.659902
,0.0,50,15.271193
,-50.0,50,16.887215
,-50.0,50,18.523455
,-50.0,50,20.084083
,-50.0,50,21.693291
,-50.0,50,23.302341
,-50.0,50,24.893416
,-50.0,50,26.502673
,-50.0,50,28.099241
,-50.0,50,29.664842
,-50.0,50,31.288721
,-50.0,50,32.870169
,-50.0,50,34.487485
,-50.0,50,36.073075
,-50.0,50,37.682451
,-50.0,50,39.274266
,-50.0,50,40.88011
,-50.0,50,42.457796
,-50.0,50,44.077059
,-50.0,50,45.684752
,-50.0,50,47.276544
,-50.0,50,48.885817
,-50.0,50,50.489995
,-50.0,50,52.080433
,-50.0,50,53.684609
,-50.0,50,55.273846
,-50.0,50,56.874841
,-50.0,50,58.494433
,-50.0,50,60.080365
,-50.0,50,61.691719
,-50.0,50,63.300141
,-50.0,50,64.879655
,-50.0,50,66.474449
,-50.0,50,68.063504
,-50.0,50,69.669289
,-50.0,50,71.28426
,-50.0,50,72.878881
,-50.0,50,74.474299
,-50.0,50,76.087319
,-50.0,50,77.672858
,-50.0,50,79.264967
,-50.0,50,80.864596
,-50.0,50,82.478624
,-50.0,50,84.077979
,-50.0,50,85.716709
,-50.0,50,85.965854
,-50.0,50,86.228908
,-50.0,50,86.481964
,-50.0,50,86.743024
,-50.0,50,87.009373
,-50.0,50,87.28859
,-50.0,50,87.548597
,0.0,50,87.814305
,-50.0,50,88.082509
,-50.0,50,88.473314
,-50.0,50,90.083999
,-50.0,50,91.708925
,-50.0,50,93.285479
,-50.0,50,94.898792
,-50.0,50,96.513649
,-50.0,50,98.111438
,-50.0,50,99.705653
,-50.0,50,101.343532
,-50.0,50,102.93314
,-50.0,50,104.530806
,-50.0,50,106.163895
,-50.0,50,107.795923
,-50.0,50,109.395808
,0.0,50,111.017544
,-50.0,50,112.608231
,-50.0,50,114.21778
,-50.0,50,115.847402
,-50.0,50,117.453013
,-50.0,50,119.065716
,-50.0,50,120.662879
,-50.0,50,122.300071
,-50.0,50,123.893924
,-50.0,50,125.51101
,-50.0,50,127.112338
,-50.0,50,128.75474
,-50.0,50,130.371366
,-50.0,50,132.005201
,-50.0,50,133.631293
,-50.0,50,135.232088
,-50.0,50,136.839218
,-50.0,50,138.46035
,-50.0,50,140.071274
,-50.0,50,141.710217
,-50.0,50,143.323751
,-50.0,50,144.940639
,-50.0,50,146.535429
,-50.0,50,148.149196
,-50.0,50,149.769064
,-50.0,50,151.369233
,-50.0,50,152.978719
,-50.0,50,154.618597
,-50.0,50,156.225086
,-50.0,50,157.843811
,-50.0,50,159.446254
,-50.0,50,161.103138
,-50.0,50,162.701907
,-50.0,50,164.31906
,-50.0,50,165.955514
,-50.0,50,167.565554
,-50.0,50,169.202845
,-50.0,50,169.478044
,-50.0,50,169.73345
,-50.0,50,170.01431
,-50.0,50,170.263747
,-50.0,50,170.52225
,-50.0,50,170.784551
,-50.0,50,171.045208
,-50.0,50,171.297313
,-50.0,50,171.542564
,-50.0,50,171.855009
,-50.0,50,173.491889
,-50.0,50,175.10326
,-50.0,50,176.725495
,-50.0,50,178.335235
,-50.0,50,179.97403
,-50.0,50,181.601687
,-50.0,50,183.18559
,-50.0,50,184.824556
,-50.0,50,186.430965
,-50.0,50,188.030461
,-50.0,50,189.641516
,-50.0,50,191.305876
,-50.0,50,192.903927
,-50.0,50,194.552793
,-50.0,50,196.124996
,-50.0,50,197.778838
,-50.0,50,199.408565
,-50.0,50,201.016746
,-50.0,50,202.63198
,-27.0,50,204.233252
,-50.0,50,205.886982
,-50.0,50,207.504961
,-50.0,50,209.145748
,0.0,50,210.752183
,0.0,50,212.368773
,-50.0,50,213.997386
,-50.0,50,215.637973
,0.0,50,217.274838
,-50.0,50,218.853001
,-50.0,50,220.474203
,-50.0,50,222.133435
,-50.0,50,223.731092
,-50.0,50,225.342877
,-50.0,50,226.983671
,-50.0,50,228.58947
,-50.0,50,230.224622
,-50.0,50,231.82264
,-50.0,50,233.468573
,-50.0,50,235.068665
,-50.0,50,236.677159
,-50.0,50,238.316178
,-50.0,50,239.923408
,-50.0,50,241.577598
,-50.0,50,243.163613
,-50.0,50,244.794623
,-50.0,50,246.406918
,-50.0,50,248.012732
,-50.0,50,249.632236
,-50.0,50,251.236576
,-50.0,50,252.880189
,-50.0,50,253.136831
,-50.0,50,253.39359
,-50.0,50,253.66342
,-50.0,50,253.922511
,-50.0,50,254.209478
,-50.0,50,254.48805
,-50.0,50,254.762489
,-50.0,50,255.024628
,-50.0,50,255.260181
,-50.0,50,255.56147
,-50.0,50,257.20348
,-50.0,50,258.814549
,-50.0,50,260.440071
,-50.0,50,262.055111
,-50.0,50,263.705927
,0.0,50,265.295636
,-50.0,50,266.901736
,-50.0,50,268.541473
,-50.0,50,270.168249
,-50.0,50,271.779198
,-50.0,50,273.384663
,-50.0,50,275.036719
,-50.0,50,276.656818
,-50.0,50,278.301194
,-50.0,50,279.909717
,-50.0,50,281.555623
,-50.0,50,283.193328
,-50.0,50,284.819386
,-50.0,50,286.403939
,-50.0,50,288.087752
,-50.0,50,289.696906
,-50.0,50,291.30992
,-50.0,50,292.928454
,-50.0,50,294.547664
,-50.0,50,296.165855
,-50.0,50,297.782812
,-50.0,50,299.394763
,-50.0,50,301.034032
,-50.0,50,302.680076
,-50.0,50,304.298158
,-50.0,50,305.929559
,-50.0,50,307.589715
,-50.0,50,309.218494
,-50.0,50,310.834903
,-50.0,50,312.457987
,-50.0,50,314.110692
,0.0,50,315.720945
,0.0,50,317.364618
,-50.0,50,319.005206
,0.0,50,320.654742
,-50.0,50,322.284573
,0.0,50,323.897837
,-50.0,50,325.535966
,-50.0,50,327.184163
,-50.0,50,328.78555
,-50.0,50,330.456465
,-50.0,50,332.084029
,-50.0,50,333.710054
,-50.0,50,335.304594
,-50.0,50,337.023853
,-50.0,50,337.283862
,-50.0,50,337.536469
,-50.0,50,337.787925
,-50.0,50,338.054536
,-50.0,50,338.334439
,-50.0,50,338.597983
,-50.0,50,338.84389
,-50.0,50,339.106056
,-50.0,50,339.385701
,-49.0,50,339.726252
,-50.0,50,341.362633
,-50.0,50,342.994406
,-50.0,50,344.633764
,-50.0,50,346.243423
,-50.0,50,347.874161
,-50.0,50,349.51596
,-50.0,50,351.1734
,-50.0,50,352.812791
,-50.0,50,354.433374
,-50.0,50,356.052792
,-50.0,50,357.713734
,-50.0,50,359.344248
,-50.0,50,360.972959
,-50.0,50,362.591606
,-50.0,50,364.215546
,-50.0,50,365.81909
,-50.0,50,367.493209
,-50.0,50,369.11645
,-50.0,50,370.732043
,-50.0,50,372.411806
,-50.0,50,374.035055
,-50.0,50,375.660662
,-50.0,50,377.287404
,-50.0,50,378.953261
,-50.0,50,380.562832
,-50.0,50,382.241477
,-50.0,50,383.885161
,-50.0,50,385.516281
,-50.0,50,387.139769
,-50.0,50,388.760331
,-50.0,50,390.387077
,-50.0,50,392.028122
,-50.0,50,393.681427
,-50.0,50,395.315883
,-50.0,50,396.949889
,-50.0,50,398.567887
,-50.0,50,400.198622
,-50.0,50,401.852628
,-50.0,50,403.494912
,-50.0,50,405.107547
,-50.0,50,406.760303
,-50.0,50,408.396939
,-50.0,50,410.035534
,-50.0,50,411.659321
,-50.0,50,413.282791
,-50.0,50,414.936368
,-50.0,50,416.583037
,-50.0,50,418.223972
,-50.0,50,419.813644
,-50.0,50,421.512103
,-50.0,50,421.783298
,-50.0,50,422.030911
,-50.0,50,422.312348
,-10.0,50,422.590064
,-50.0,50,422.852546
,-50.0,50,423.114368
,-50.0,50,423.347662
,-50.0,50,423.599957
,0.0,50,423.853121
,-50.0,50,424.279461
,-17.0,50,425.903072
,-50.0,50,427.518695
,-50.0,50,429.156868
,-50.0,50,430.803372
,-50.0,50,432.424838
,0.0,50,434.081307
,-50.0,50,435.718562
,-50.0,50,437.353233
,-50.0,50,439.016513
,-50.0,50,440.619849
,-50.0,50,442.245177
,-50.0,50,443.940327
,-50.0,50,445.578539
,-50.0,50,447.195709
,-50.0,50,448.859529
,-50.0,50,450.527778
,-50.0,50,452.117977
,-50.0,50,453.764434
,-50.0,50,455.454751
,0.0,50,457.063029
,-50.0,50,458.718704
,-50.0,50,460.359578
,-50.0,50,461.962646
,0.0,50,463.597857
,-50.0,50,465.258313
,-50.0,50,466.894325
,-50.0,50,468.532363
,0.0,50,470.186143
,-50.0,50,471.859529
,-50.0,50,473.471416
,-50.0,50,475.130904
,-50.0,50,476.785636
,-50.0,50,478.416672
,-50.0,50,480.0512
,-50.0,50,481.668464
,-50.0,50,483.279817
,-50.0,50,484.99095
,-50.0,50,486.588012
,-50.0,50,488.239025
,-50.0,50,489.885704
,-50.0,50,491.551665
,-36.0,50,493.19387
,-50.0,50,494.816839
,0.0,50,496.440707
,-50.0,50,498.10413
,-50.0,50,499.73613
,-50.0,50,501.410588
,-50.0,50,503.03052
,-50.0,50,504.652885
,-50.0,50,506.366515
,-50.0,50,506.633835
,-50.0,50,506.930869
,-50.0,50,507.197827
,-50.0,50,507.513065
,-50.0,50,507.782919
,-50.0,50,508.051008
,-50.0,50,508.313107
,-50.0,50,508.585119
,-50.0,50,508.863071
,0.0,50,509.189709
,-50.0,50,510.839739
,-50.0,50,512.457316
,-50.0,50,514.137981
,-50.0,50,515.797367
,-50.0,50,517.420732
,-50.0,50,519.068719
,-50.0,50,520.734904
,-50.0,50,522.385858
,-50.0,50,524.011087
,-48.0,50,525.640564
,-20.0,50,527.30964
,-50.0,50,528.953545
,-50.0,50,530.586182
,-50.0,50,532.221149
,-50.0,50,533.873117
,0.0,50,535.505212
,-50.0,50,537.118239
,-50.0,50,538.792234
,-50.0,50,540.44433
,-50.0,50,542.107526
,-50.0,50,543.730823
,-50.0,50,545.341408
,-50.0,50,546.994525
,-50.0,50,548.624515
,-50.0,50,550.295417
,-49.0,50,551.95813
,-50.0,50,553.599306
,-28.0,50,555.249252
,0.0,50,556.855605
,-50.0,50,558.507862
,-50.0,50,560.210869
,-50.0,50,561.795247
,-50.0,50,563.493305
,-50.0,50,565.12564
,-50.0,50,566.756721
,-48.0,50,568.407512
,-50.0,50,570.072847
,-50.0,50,571.762139
,-50.0,50,573.376892
,-50.0,50,575.008892
,-50.0,50,576.693279
,-23.0,50,578.338619
,-50.0,50,580.017869
,-50.0,50,581.640755
,-50.0,50,583.281579
,-50.0,50,584.922455
,-50.0,50,586.573116
,-50.0,50,588.194295
,-50.0,50,589.818192
,-50.0,50,591.566376
,-50.0,50,591.847593
,-50.0,50,592.106599
,-48.0,50,592.373844
,-50.0,50,592.653446
,-50.0,50,592.916207
,-50.0,50,593.173634
,-50.0,50,593.425843
,-50.0,50,593.712519
,-50.0,50,593.97999
,-50.0,50,594.315662
,-50.0,50,595.952322
,-50.0,50,597.611598
,-5.0,50,599.230196
,-50.0,50,600.876111
,-50.0,50,602.50501
,-50.0,50,604.174343
,-50.0,50,605.809985
,-50.0,50,607.425672
,-50.0,50,609.108965
,-50.0,50,610.72259
,-50.0,50,612.418355
,-50.0,50,614.064089
,-50.0,50,615.694293
,-50.0,50,617.377824
,-50.0,50,619.033732
,-50.0,50,620.681272
,-50.0,50,622.343755
,-50.0,50,623.993476
,-50.0,50,625.62358
,-50.0,50,627.288386
,-36.0,50,628.924949
,-12.0,50,630.579443
,-50.0,50,632.24168
,-50.0,50,633.89635
,-50.0,50,635.55941
,-50.0,50,637.22239
,-50.0,50,638.857049
,-50.0,50,640.508828
,-50.0,50,642.149078
,-50.0,50,643.821479
,-50.0,50,645.496348
,-50.0,50,647.142691
,-50.0,50,648.801399
,-50.0,50,650.412979
,-50.0,50,652.118512
,-50.0,50,653.759501
,-50.0,50,655.441634
,-50.0,50,657.042509
,-50.0,50,658.725141
,-50.0,50,660.402334
,-50.0,50,662.052915
,-50.0,50,663.683623
,-50.0,50,665.327943
,-50.0,50,666.980876
,-50.0,50,668.646764
,-50.0,50,670.302116
,-50.0,50,671.916715
,-50.0,50,673.618954
,-50.0,50,675.251426
,-50.0,50,676.950442
,-7.0,50,677.207994
,-49.0,50,677.468684
,-50.0,50,677.807498
,-50.0,50,678.083571
,-50.0,50,678.398353
,-50.0,50,678.6707
,-9.0,50,678.969423
,-50.0,50,679.254486
,-50.0,50,679.481758
,-36.0,50,679.794889
,-50.0,50,681.476191
,-50.0,50,683.132466
,-50.0,50,684.792325
,-50.0,50,686.399468
,-24.0,50,688.083595
,-49.0,50,689.709454
,-50.0,50,691.368735
,-50.0,50,693.014439
,-50.0,50,694.680096
,-50.0,50,696.295788
,-50.0,50,697.965431
,-50.0,50,699.625004
,-50.0,50,701.302746
,-50.0,50,702.937733
,-49.0,50,704.595149
,-50.0,50,706.246946
,-50.0,50,707.912776
,-50.0,50,709.584425
,-50.0,50,711.221895
,0.0,50,712.836914
,-23.0,50,714.488108
,-50.0,50,716.159079
,0.0,50,717.782726
,-50.0,50,719.463257
,-50.0,50,721.107993
,-50.0,50,722.724117
,-50.0,50,724.39613
,-50.0,50,726.093676
,-50.0,50,727.72842
,-11.0,50,729.374419
,-50.0,50,731.028161
,-15.0,50,732.683426
,-16.0,50,734.362964
,-22.0,50,735.970868
,-46.0,50,737.623478
,-50.0,50,739.308283
,-50.0,50,740.924758
,-21.0,50,742.586724
,-26.0,50,744.250228
,-50.0,50,745.906972
,-50.0,50,747.585501
,-43.0,50,749.202509
,-50.0,50,750.851883
,-34.0,50,752.504207
,-49.0,50,754.139519
,-50.0,50,755.810698
,-50.0,50,757.524281
,-50.0,50,759.143105
,-50.0,50,760.805356
,-15.0,50,762.462968
,-50.0,50,762.736609
,-50.0,50,763.003919
,-50.0,50,763.270524
,-44.0,50,763.531133
,-50.0,50,763.787282
,-11.0,50,764.079309
,-49.0,50,764.363125
,-50.0,50,764.631444
,-50.0,50,764.88577
,-50.0,50,765.274198
,-50.0,50,766.934632
,-50.0,50,768.564414
,-49.0,50,770.228165
,-5.0,50,771.87515
,-50.0,50,773.470092
,-50.0,50,775.164601
,-50.0,50,776.800853
,0.0,50,778.456193
,-21.0,50,780.122891
,-50.0,50,781.795141
,-43.0,50,783.462331
,-50.0,50,785.120391
,-50.0,50,786.778823
,-50.0,50,788.441643
,-50.0,50,790.047503
,-50.0,50,791.756721
,-50.0,50,793.375467
,-47.0,50,795.054689
,-50.0,50,796.720496
,-50.0,50,798.333129
,-50.0,50,799.992559
,-50.0,50,801.675646
,-50.0,50,803.301854
,-30.0,50,804.956962
,-50.0,50,806.604441
,-31.0,50,808.254917
,-50.0,50,809.915844
,-50.0,50,811.575707
,-32.0,50,813.261979
,-15.0,50,814.921781
,-15.0,50,816.57398
,-50.0,50,818.255074
,-18.0,50,819.916699
,-36.0,50,821.553873
,-50.0,50,823.209343
,-50.0,50,824.863327
,-50.0,50,826.525784
,-50.0,50,828.125848
,-50.0,50,829.840601
,0.0,50,831.487811
,-30.0,50,833.148964
,-50.0,50,834.800674
,-14.0,50,836.473681
,-50.0,50,838.104673
,-50.0,50,839.739274
,-50.0,50,841.417166
,-50.0,50,843.080397
,-50.0,50,844.7544
,-22.0,50,846.423737
,-50.0,50,848.051697
,-50.0,50,848.358243
,-50.0,50,848.632854
,-50.0,50,848.887783
,-50.0,50,849.15694
,-50.0,50,849.428128
,-9.0,50,849.711995
,-50.0,50,849.985806
,-31.0,50,850.262774
,-10.0,50,850.540078
,-50.0,50,850.911181
,-50.0,50,852.565846
,-43.0,50,854.216453
,-50.0,50,855.896139
,-39.0,50,857.559474
,-50.0,50,859.19877
,-50.0,50,860.86266
,-50.0,50,862.509142
,-50.0,50,864.176463
,-50.0,50,865.859159
,-16.0,50,867.50996
,-50.0,50,869.184006
,-50.0,50,870.795192
,-50.0,50,872.514916
,-50.0,50,874.152575
,-50.0,50,875.814159
,0.0,50,877.463957
,-50.0,50,879.115984
,-50.0,50,880.748251
,-50.0,50,882.465133
,-50.0,50,884.117258
,-50.0,50,885.749712
,-50.0,50,887.413725
,-50.0,50,889.086376
,-43.0,50,890.730304
,-50.0,50,892.357082
,-50.0,50,894.020209
,-15.0,50,895.676572
,-50.0,50,897.320634
,-48.0,50,899.016524
,-50.0,50,900.707194
,-40.0,50,902.338924
,-50.0,50,904.023634
,-26.0,50,905.693074
,-21.0,50,907.337098
,-10.0,50,908.988382
,-50.0,50,910.663001
,-50.0,50,912.328557
,-50.0,50,914.017521
,-50.0,50,915.663235
,-11.0,50,917.282141
,-47.0,50,918.921313
,-50.0,50,920.630833
,-50.0,50,922.313585
,-50.0,50,923.960637
,-50.0,50,925.608313
,-19.0,50,927.297151
,-50.0,50,928.962883
,-50.0,50,930.574157
,-22.0,50,932.289677
,-13.0,50,933.958345
,-50.0,50,934.219326
,-15.0,50,934.508245
,0.0,50,934.776567
,0.0,50,935.034823
,-32.0,50,935.346479
,-50.0,50,935.606645
,-50.0,50,935.856874
,-50.0,50,936.108858
,-50.0,50,936.378794
,-49.0,50,936.8155
,-50.0,50,938.484423
,-50.0,50,940.137289
,-50.0,50,941.812141
,-50.0,50,943.47276
,-18.0,50,945.126208
,-50.0,50,946.82853
,-50.0,50,948.467983
,-26.0,50,950.112817
,-50.0,50,951.770476
,-50.0,50,953.448862
,0.0,50,955.08881
,-50.0,50,956.780336
,-50.0,50,958.4203
,-50.0,50,960.096836
,-15.0,50,961.764832
,-50.0,50,963.406078
,-50.0,50,965.051841
,-9.0,50,966.734936
,-50.0,50,968.393916
,-7.0,50,970.039151
,-38.0,50,971.720079
,-47.0,50,973.371843
,-50.0,50,975.074678
,-50.0,50,976.706893
,-50.0,50,978.342752
,-30.0,50,980.059316
,-50.0,50,981.707695
,-50.0,50,983.368945
,-11.0,50,985.030058
,-50.0,50,986.707268
,-44.0,50,988.401915
,-50.0,50,990.057342
,-15.0,50,991.719723
,-43.0,50,993.406447
,-11.0,50,995.056873
,-50.0,50,996.691156
,-17.0,50,998.380204
,-22.0,50,1000.027081
,-50.0,50,1001.730648
,-50.0,50,1003.360169
,-35.0,50,1005.060846
,-9.0,50,1006.718552
,-24.0,50,1008.389513
,-50.0,50,1010.047794
,-50.0,50,1011.693024
,-15.0,50,1013.388935
,-39.0,50,1015.043148
,-41.0,50,1016.685344
,-24.0,50,1018.362442
,-50.0,50,1020.070368
,-50.0,50,1020.345783
,-50.0,50,1020.599097
,-50.0,50,1020.857415
,0.0,50,1021.114074
,-50.0,50,1021.369078
,-17.0,50,1021.633825
,-11.0,50,1021.951288
,-21.0,50,1022.254269
,-7.0,50,1022.541429
,-50.0,50,1022.914848
,-50.0,50,1024.612621
,-50.0,50,1026.268657
,-50.0,50,1027.953489
,-50.0,50,1029.608202
,-34.0,50,1031.289079
,-50.0,50,1032.939752
,-49.0,50,1034.589486
,-50.0,50,1036.240993
,-50.0,50,1037.934954
,-10.0,50,1039.561218
,-50.0,50,1041.24659
,-50.0,50,1042.921171
,-50.0,50,1044.587512
,-32.0,50,1046.280187
,-50.0,50,1047.883787
,-20.0,50,1049.607566
,-50.0,50,1051.277277
,-50.0,50,1052.961917
,-17.0,50,1054.626815
,-50.0,50,1056.246232
,-50.0,50,1057.943696
,-16.0,50,1059.607208
,-50.0,50,1061.267601
,-50.0,50,1062.910012
,-37.0,50,1064.627658
,-50.0,50,1066.272187
,-50.0,50,1067.938232
,-33.0,50,1069.601312
,-50.0,50,1071.293511
,-36.0,50,1072.97817
,-50.0,50,1074.660564
,-50.0,50,1076.302657
,-50.0,50,1078.007516
,-50.0,50,1079.654773
,-50.0,50,1081.359574
,-50.0,50,1083.009089
,-18.0,50,1084.753484
,0.0,50,1086.390194
,-50.0,50,1088.062897
,-49.0,50,1089.742995
,-12.0,50,1091.416175
,-50.0,50,1093.092625
,-50.0,50,1094.738763
,-27.0,50,1096.414576
,-50.0,50,1098.104494
,-13.0,50,1099.777998
,-39.0,50,1101.436007
,-50.0,50,1103.086087
,-46.0,50,1104.812248
,-50.0,50,1106.468406
,-6.0,50,1106.77208
,-12.0,50,1107.05584
,-7.0,50,1107.387958
,-5.0,50,1107.692349
,-9.0,50,1107.969696
,0.0,50,1108.219565
,-50.0,50,1108.494323
,-44.0,50,1108.777289
,-10.0,50,1109.0883
,-50.0,50,1109.367528
,-7.0,50,1111.075297
,-50.0,50,1112.692856
,0.0,50,1114.4025
,-50.0,50,1116.036171
,-16.0,50,1117.749672
,-40.0,50,1119.424519
,-45.0,50,1121.06697
,-46.0,50,1122.755966
,-30.0,50,1124.429112
,-12.0,50,1126.078499
,-16.0,50,1127.761513
,-50.0,50,1129.408046
,-50.0,50,1131.079591
,0.0,50,1132.756651
,-27.0,50,1134.399822
,-12.0,50,1136.096752
,-38.0,50,1137.721059
,-21.0,50,1139.485911
,-50.0,50,1141.128298
,-50.0,50,1142.862632
,-21.0,50,1144.489358
,-50.0,50,1146.176064
,-49.0,50,1147.863354
,-50.0,50,1149.565106
,-14.0,50,1151.206049
,-50.0,50,1152.835964
,-9.0,50,1154.56952
,-43.0,50,1156.252967
,-13.0,50,1157.916155
,0.0,50,1159.579704
,-9.0,50,1161.271199
,-42.0,50,1162.927278
,-27.0,50,1164.638481
,-50.0,50,1166.274119
,-19.0,50,1167.986012
,-24.0,50,1169.643936
,-18.0,50,1171.33589
,-36.0,50,1172.996622
,-50.0,50,1174.634457
,-50.0,50,1176.332464
,-10.0,50,1177.974035
,-11.0,50,1179.718201
,-50.0,50,1181.356877
,-25.0,50,1183.029255
,-50.0,50,1184.695688
,-33.0,50,1186.400957
,-50.0,50,1188.106277
,-49.0,50,1189.777001
,-48.0,50,1191.422543
,-7.0,50,1193.133079
,-11.0,50,1193.409565
,-8.0,50,1193.703451
,-5.0,50,1193.9794
,-50.0,50,1194.308271
,-18.0,50,1194.592023
,-10.0,50,1194.864098
,-4.0,50,1195.204989
,-6.0,50,1195.511113
,-50.0,50,1195.747936
,-50.0,50,1195.998118
,-50.0,50,1197.659773
,-46.0,50,1199.365136
,-50.0,50,1201.015017
,-50.0,50,1202.677522
,-50.0,50,1204.343426
,-6.0,50,1206.032013
,-28.0,50,1207.694033
,-30.0,50,1209.388984
,-50.0,50,1211.045109
,-13.0,50,1212.710823
,-44.0,50,1214.373909
,-13.0,50,1216.060941
,-14.0,50,1217.765585
,-48.0,50,1219.457223
,-50.0,50,1221.129197
,-47.0,50,1222.826029
,-50.0,50,1224.501658
,-50.0,50,1226.184595
,-48.0,50,1227.871723
,-50.0,50,1229.539395
,-50.0,50,1231.205897
,-50.0,50,1232.878477
,-50.0,50,1234.540448
,-50.0,50,1236.243555
,-50.0,50,1237.958784
,-50.0,50,1239.587208
,-12.0,50,1241.311928
,-5.0,50,1242.988296
,-50.0,50,1244.633426
,-50.0,50,1246.33024
,-36.0,50,1248.046189
,-37.0,50,1249.744682
,-39.0,50,1251.41522
,-8.0,50,1253.128251
,-30.0,50,1254.799827
,-50.0,50,1256.462736
,-24.0,50,1258.16816
,-21.0,50,1259.840964
,-10.0,50,1261.499205
,-34.0,50,1263.150638
,-10.0,50,1264.833618
,-11.0,50,1266.4958
,-42.0,50,1268.172534
,-50.0,50,1269.859362
,-50.0,50,1271.556007
,-44.0,50,1273.254013
,-50.0,50,1274.917167
,0.0,50,1276.589553
,0.0,50,1278.253023
,-7.0,50,1279.973126
,-5.0,50,1280.260974
,-15.0,50,1280.549156
,-50.0,50,1280.810467
,-6.0,50,1281.11753
,-5.0,50,1281.388292
,0.0,50,1281.643206
,-11.0,50,1281.925453
,-6.0,50,1282.24431
,-9.0,50,1282.488985
,-21.0,50,1282.940403
,-8.0,50,1284.641585
,-50.0,50,1286.27529
,-10.0,50,1287.933801
,-19.0,50,1289.615166
,-49.0,50,1291.309617
,-50.0,50,1292.962919
,-37.0,50,1294.672146
,-48.0,50,1296.36187
,-17.0,50,1298.024235
,-50.0,50,1299.682081
,-37.0,50,1301.355412
,-12.0,50,1303.053618
,-10.0,50,1304.755335
,-27.0,50,1306.415819
,-46.0,50,1308.135884
,-8.0,50,1309.802854
,-23.0,50,1311.499897
,-25.0,50,1313.179863
,-32.0,50,1314.845877
,-49.0,50,1316.584767
,-50.0,50,1318.244063
,-44.0,50,1319.912867
,-32.0,50,1321.643627
,-24.0,50,1323.345322
,-38.0,50,1325.006019
,-50.0,50,1326.67549
,-24.0,50,1328.369321
,-23.0,50,1330.066812
,-50.0,50,1331.753407
,-50.0,50,1333.453932
,-16.0,50,1335.107258
,-26.0,50,1336.827964
,-9.0,50,1338.4997
,-9.0,50,1340.154719
,-42.0,50,1341.86014
,-12.0,50,1343.543433
,-50.0,50,1345.239168
,-39.0,50,1346.935753
,-36.0,50,1348.644232
,-16.0,50,1350.31843
,-28.0,50,1352.03562
,-8.0,50,1353.727236
,-6.0,50,1355.402041
,-50.0,50,1357.088948
,0.0,50,1358.762025
,-42.0,50,1360.441833
,0.0,50,1362.0613
,-5.0,50,1363.760367
,-16.0,50,1365.466605
,-50.0,50,1367.201597
,-10.0,50,1367.494938
,-18.0,50,1367.792991
,-17.0,50,1368.090456
,-9.0,50,1368.400842
,-9.0,50,1368.708962
,-14.0,50,1369.005172
,-12.0,50,1369.290696
,-5.0,50,1369.613703
,-9.0,50,1369.940276
,-12.0,50,1370.191635
,-14.0,50,1371.897616
,-50.0,50,1373.619001
,-9.0,50,1375.284508
,-50.0,50,1376.972189
,-43.0,50,1378.631379
,-50.0,50,1380.348224
,-50.0,50,1382.049429
,-37.0,50,1383.754764
,-50.0,50,1385.465117
,-50.0,50,1387.120745
,-14.0,50,1388.766313
,-9.0,50,1390.484984
,-50.0,50,1392.199942
,-33.0,50,1393.888168
,-50.0,50,1395.54428
,-20.0,50,1397.275478
,-47.0,50,1399.024417
,-12.0,50,1400.708406
,-44.0,50,1402.409139
,-17.0,50,1404.089918
,-33.0,50,1405.776534
,-42.0,50,1407.493578
,-14.0,50,1409.189913
,-50.0,50,1410.880168
,-50.0,50,1412.543582
,-50.0,50,1414.245452
,-10.0,50,1415.932382
,-35.0,50,1417.632465
,-36.0,50,1419.346626
,-38.0,50,1421.016226
,-39.0,50,1422.695237
,-50.0,50,1424.41598
,-50.0,50,1426.113818
,-50.0,50,1427.833788
,0.0,50,1429.505236
,-50.0,50,1431.156017
,-20.0,50,1432.868758
,-12.0,50,1434.542514
,-23.0,50,1436.28101
,-46.0,50,1437.958083
,-40.0,50,1439.669214
,-42.0,50,1441.318709
,-50.0,50,1443.084355
,-45.0,50,1444.801239
,-33.0,50,1446.464292
,-38.0,50,1448.147931
,-50.0,50,1449.873346
,-22.0,50,1451.539314
,-15.0,50,1453.2383
,-15.0,50,1454.942175
,-8.0,50,1455.229029
,-11.0,50,1455.53526
,0.0,50,1455.78506
,-14.0,50,1456.07767
,-9.0,50,1456.38317
,-50.0,50,1456.669296
,-9.0,50,1456.993771
,-20.0,50,1457.282263
,-15.0,50,1457.574332
,-20.0,50,1457.943205
,-33.0,50,1459.648883
,-50.0,50,1461.329184
,-32.0,50,1463.046277
,-34.0,50,1464.737446
,-50.0,50,1466.409043
,-9.0,50,1468.071325
,0.0,50,1469.775972
,-44.0,50,1471.499554
,-17.0,50,1473.169243
,-50.0,50,1474.903094
,-26.0,50,1476.555287
,-29.0,50,1478.276999
,-50.0,50,1480.00277
,-30.0,50,1481.726371
,-36.0,50,1483.398231
,-14.0,50,1485.09172
,-14.0,50,1486.77121
,-41.0,50,1488.45538
,-15.0,50,1490.16662
,-50.0,50,1491.866342
,-14.0,50,1493.534761
,-20.0,50,1495.232036
,-50.0,50,1496.948646
,-46.0,50,1498.663693
,-50.0,50,1500.318897
,-18.0,50,1502.027682
,-32.0,50,1503.728259
,-11.0,50,1505.436717
,-10.0,50,1507.111522
,-11.0,50,1508.770592
,-23.0,50,1510.496391
,0.0,50,1512.184386
,-24.0,50,1513.903119
,-29.0,50,1515.597754
,-50.0,50,1517.283061
,-46.0,50,1518.975147
,0.0,50,1520.689454
,-34.0,50,1522.388281
,-16.0,50,1524.104295
,-17.0,50,1525.78264
,-44.0,50,1527.479785
,-47.0,50,1529.207611
,-50.0,50,1530.8529
,-31.0,50,1532.588646
,-30.0,50,1534.273231
,-50.0,50,1536.020049
,-17.0,50,1537.691939
,-47.0,50,1539.37667
,-32.0,50,1541.089001
,-7.0,50,1542.80664
,-10.0,50,1543.115448
,-10.0,50,1543.397667
,-13.0,50,1543.685911
,-46.0,50,1543.971794
,-15.0,50,1544.25341
,-4.0,50,1544.561844
,-6.0,50,1544.836029
,-11.0,50,1545.125535
,-12.0,50,1545.420428
,-16.0,50,1545.73582
,-16.0,50,1547.409778
,-14.0,50,1549.116516
,0.0,50,1550.770084
,-41.0,50,1552.496635
,-38.0,50,1554.225593
,-15.0,50,1555.913421
,-46.0,50,1557.590929
,-50.0,50,1559.285688
,-14.0,50,1560.985834
,-14.0,50,1562.631962
,-15.0,50,1564.332259
,-43.0,50,1566.030932
,-46.0,50,1567.743394
,-9.0,50,1569.480604
,-42.0,50,1571.140412
,-31.0,50,1572.899688
,-42.0,50,1574.54454
,-45.0,50,1576.267849
,-38.0,50,1577.972912
,-50.0,50,1579.641315
,-50.0,50,1581.386503
,-44.0,50,1583.054859
,-17.0,50,1584.739371
,-14.0,50,1586.430003
,-22.0,50,1588.16925
,-9.0,50,1589.888944
,0.0,50,1591.511122
,-12.0,50,1593.262796
,-11.0,50,1594.919886
,-39.0,50,1596.646401
,-37.0,50,1598.351592
,-31.0,50,1600.038898
,-7.0,50,1601.714437
,-20.0,50,1603.423029
,-50.0,50,1605.156118
,-10.0,50,1606.837927
,-36.0,50,1608.582292
,-47.0,50,1610.286369
,-21.0,50,1611.98819
,-24.0,50,1613.697008
,-10.0,50,1615.423314
,-20.0,50,1617.120891
,-31.0,50,1618.827748
,-25.0,50,1620.5291
,-11.0,50,1622.260969
,-12.0,50,1624.012527
,-50.0,50,1625.685301
,-50.0,50,1627.370264
,-18.0,50,1629.109734
,-9.0,50,1630.808135
,-13.0,50,1631.090099
,-8.0,50,1631.352006
,-7.0,50,1631.637198
,-6.0,50,1631.910785
,-4.0,50,1632.176553
,-49.0,50,1632.532223
,-50.0,50,1632.832006
,0.0,50,1633.094465
,-9.0,50,1633.370569
,-44.0,50,1633.735713
,-41.0,50,1635.419399
,-50.0,50,1637.113262
,-50.0,50,1638.850494
,-44.0,50,1640.543737
,-45.0,50,1642.232118
,-26.0,50,1643.927896
,-24.0,50,1645.645518
,-17.0,50,1647.366925
,-50.0,50,1649.064913
,-50.0,50,1650.736921
,-27.0,50,1652.479201
,-11.0,50,1654.174134
,-20.0,50,1655.866761
,-25.0,50,1657.570065
,-42.0,50,1659.274911
,-13.0,50,1660.979908
,0.0,50,1662.639298
,-12.0,50,1664.368133
,-50.0,50,1666.127154
,-30.0,50,1667.807648
,-4.0,50,1669.52286
,-8.0,50,1671.226739
,-26.0,50,1672.95535
,-50.0,50,1674.632873
,-50.0,50,1676.330525
,-50.0,50,1678.055253
,-33.0,50,1679.741882
,-26.0,50,1681.504831
,-21.0,50,1683.190732
,-44.0,50,1684.841824
,-11.0,50,1686.584204
,-16.0,50,1688.330508
,0.0,50,1690.001276
,-36.0,50,1691.695464
,-50.0,50,1693.458145
,-50.0,50,1695.166147
,-46.0,50,1696.867432
,-21.0,50,1698.53931
,-50.0,50,1700.251431
,-47.0,50,1701.942658
,-13.0,50,1703.64365
,-16.0,50,1705.3989
,-27.0,50,1707.101132
,-50.0,50,1708.781009
,-42.0,50,1710.523702
,-17.0,50,1712.184971
,-46.0,50,1713.951155
,-8.0,50,1715.598729
,-50.0,50,1717.339404
,-10.0,50,1719.076781
,-10.0,50,1719.34414
,-9.0,50,1719.596919
,-6.0,50,1719.880647
,-9.0,50,1720.193403
,-6.0,50,1720.479981
,-8.0,50,1720.793607
,-15.0,50,1721.144416
,-8.0,50,1721.438689
,-12.0,50,1721.693067
,-35.0,50,1722.024014
,-23.0,50,1723.693876
,-29.0,50,1725.419364
,-43.0,50,1727.079475
,-14.0,50,1728.829592
,-27.0,50,1730.508291
,-50.0,50,1732.25286
,-38.0,50,1733.92772
,-44.0,50,1735.618494
,-44.0,50,1737.357526
,-9.0,50,1739.011978
,-10.0,50,1740.719825
,-47.0,50,1742.479813
,-37.0,50,1744.19322
,-50.0,50,1745.894186
,-46.0,50,1747.616122
,-50.0,50,1749.294243
,-13.0,50,1750.995326
,-38.0,50,1752.681088
,-42.0,50,1754.433142
,-20.0,50,1756.087861
,-50.0,50,1757.837835
,-45.0,50,1759.502933
,-10.0,50,1761.228322
,-25.0,50,1762.915732
,-38.0,50,1764.651856
,-27.0,50,1766.357389
,-50.0,50,1768.035866
,-10.0,50,1769.77573
,-22.0,50,1771.461821
,-42.0,50,1773.170363
,-11.0,50,1774.899624
,-40.0,50,1776.602581
,-48.0,50,1778.260396
,-40.0,50,1779.964483
,-20.0,50,1781.727724
,-50.0,50,1783.451934
,-12.0,50,1785.115781
,-42.0,50,1786.868502
,-32.0,50,1788.551899
,-16.0,50,1790.228296
,-42.0,50,1791.979422
,-30.0,50,1793.689832
,-9.0,50,1795.399836
,-36.0,50,1797.106427
,-20.0,50,1798.847214
,-20.0,50,1800.50867
,-50.0,50,1802.229186
,-50.0,50,1803.964231
,-44.0,50,1805.679197
,-10.0,50,1807.43393
,-35.0,50,1807.722629
,-7.0,50,1808.019906
,-5.0,50,1808.296327
,-10.0,50,1808.617668
,-44.0,50,1808.897788
,-6.0,50,1809.203614
,-6.0,50,1809.498522
,-12.0,50,1809.77387
,-7.0,50,1810.035643
,-50.0,50,1810.320285
,-14.0,50,1812.027707
,-50.0,50,1813.758453
,-14.0,50,1815.407418
,-46.0,50,1817.173017
,-35.0,50,1818.882326
,-10.0,50,1820.567381
,-46.0,50,1822.270951
,-34.0,50,1824.015234
,-30.0,50,1825.711514
,-42.0,50,1827.435972
,-50.0,50,1829.1451
,-50.0,50,1830.871129
,0.0,50,1832.534483
,-47.0,50,1834.274476
,-46.0,50,1836.006006
,-33.0,50,1837.68926
,-45.0,50,1839.43562
,-41.0,50,1841.09825
,-13.0,50,1842.836335
,-40.0,50,1844.536972
,-13.0,50,1846.25992
,-31.0,50,1847.99563
,-16.0,50,1849.690427
,-28.0,50,1851.372184
,-22.0,50,1853.076383
,-15.0,50,1854.799509
,-36.0,50,1856.540518
,-50.0,50,1858.259036
,-43.0,50,1859.95792
,-30.0,50,1861.65802
,-47.0,50,1863.429274
,0.0,50,1865.104851
,-20.0,50,1866.879832
,-25.0,50,1868.585028
,-9.0,50,1870.287907
,-50.0,50,1872.004757
,-16.0,50,1873.755559
,-34.0,50,1875.457376
,-50.0,50,1877.127715
,-45.0,50,1878.808992
,-43.0,50,1880.56019
,-19.0,50,1882.282397
,-34.0,50,1883.989077
,-39.0,50,1885.725489
,-7.0,50,1887.403502
,-17.0,50,1889.118851
,-17.0,50,1890.819268
,-8.0,50,1892.560653
,-8.0,50,1894.214121
,-45.0,50,1896.041561
,-5.0,50,1896.355096
,-10.0,50,1896.641578
,-10.0,50,1896.934161
,-41.0,50,1897.218377
,-7.0,50,1897.480612
,-11.0,50,1897.748533
,-8.0,50,1898.047208
,-8.0,50,1898.318234
,-10.0,50,1898.581183
,-35.0,50,1898.933049
,-10.0,50,1900.598316
,-31.0,50,1902.333593
,-15.0,50,1904.046626
,-50.0,50,1905.714471
,-44.0,50,1907.455158
,-11.0,50,1909.12883
,-5.0,50,1910.899494
,-45.0,50,1912.593686
,-50.0,50,1914.307673
,-45.0,50,1916.014936
,-42.0,50,1917.774756
,-50.0,50,1919.420599
,-7.0,50,1921.155055
,0.0,50,1922.898485
,-18.0,50,1924.57248
,-37.0,50,1926.315881
,-45.0,50,1928.030432
,-14.0,50,1929.743423
,-50.0,50,1931.482326
,-42.0,50,1933.163892
,-21.0,50,1934.909733
,-50.0,50,1936.612436
,-36.0,50,1938.356906
,-41.0,50,1940.059239
,-11.0,50,1941.782965
,-34.0,50,1943.481714
,-50.0,50,1945.223208
,-15.0,50,1946.928063
,-12.0,50,1948.631799
,-30.0,50,1950.372272
,-50.0,50,1952.06147
,-47.0,50,1953.830623
,-44.0,50,1955.541094
,-36.0,50,1957.262145
,-19.0,50,1959.010431
,-46.0,50,1960.662671
,-50.0,50,1962.395056
,-45.0,50,1964.168532
,-34.0,50,1965.834903
,-16.0,50,1967.600661
,-29.0,50,1969.292686
,-50.0,50,1970.989457
,-37.0,50,1972.687102
,-19.0,50,1974.459432
,-14.0,50,1976.169519
,0.0,50,1977.863991
,-28.0,50,1979.549636
,-20.0,50,1981.362404
,-8.0,50,1983.071204
,-12.0,50,1984.807039
,-14.0,50,1985.096583
,-4.0,50,1985.344392
,0.0,50,1985.598742
,-37.0,50,1985.912383
,-8.0,50,1986.20375
,-47.0,50,1986.527877
,-10.0,50,1986.869887
,-32.0,50,1987.183605
,-12.0,50,1987.453639
,-50.0,50,1987.707771
,-11.0,50,1989.435644
,0.0,50,1991.180259
,-15.0,50,1992.869141
,-20.0,50,1994.644421
,-16.0,50,1996.361717
,-50.0,50,1998.109884
,-34.0,50,1999.776859
,-24.0,50,2001.575178
,-48.0,50,2003.300924
,-25.0,50,2005.011343
,-50.0,50,2006.716081
,-30.0,50,2008.430357
,-28.0,50,2010.150685
,0.0,50,2011.827919
,-12.0,50,2013.564879
,-32.0,50,2015.287259
,-30.0,50,2017.006546
,-16.0,50,2018.706035
,-36.0,50,2020.442831
,-10.0,50,2022.165531
,-15.0,50,2023.909496
,-50.0,50,2025.594875
,-29.0,50,2027.355679
,-35.0,50,2029.020823
,-50.0,50,2030.765192
,-17.0,50,2032.494247
,-21.0,50,2034.176982
,-13.0,50,2035.878667
,-42.0,50,2037.66421
,0.0,50,2039.333566
,-29.0,50,2041.067847
,-50.0,50,2042.813402
,-50.0,50,2044.498759
,-20.0,50,2046.245284
,-39.0,50,2047.930527
,-9.0,50,2049.643462
,-50.0,50,2051.377043
,-13.0,50,2053.107316
,-38.0,50,2054.829152
,-47.0,50,2056.567321
,-16.0,50,2058.27496
,-50.0,50,2060.011756
,-39.0,50,2061.725677
,-10.0,50,2063.375955
,-50.0,50,2065.138546
,-50.0,50,2066.865217
,-19.0,50,2068.636655
,-45.0,50,2070.361842
,-16.0,50,2072.063621
,-5.0,50,2073.781327
,-10.0,50,2074.043641
,-9.0,50,2074.334867
,-8.0,50,2074.611225
,-6.0,50,2074.870338
,-15.0,50,2075.162117
,-10.0,50,2075.433854
,-9.0,50,2075.711581
,-15.0,50,2076.026265
,-36.0,50,2076.306654
,-26.0,50,2076.73862
,-15.0,50,2078.439756
,-40.0,50,2080.174299
,-23.0,50,2081.899712
,-39.0,50,2083.651103
,-39.0,50,2085.350291
,-50.0,50,2087.098501
,-40.0,50,2088.828628
,-50.0,50,2090.584409
,-26.0,50,2092.269084
,-27.0,50,2093.987215
,-50.0,50,2095.705199
,-42.0,50,2097.45572
,-11.0,50,2099.176454
,-47.0,50,2100.895906
,-7.0,50,2102.581804
,-21.0,50,2104.362999
,-50.0,50,2106.067589
,-13.0,50,2107.802246
,-8.0,50,2109.536162
,-37.0,50,2111.272089
,0.0,50,2112.963587
,-40.0,50,2114.68008
,-50.0,50,2116.415339
,-5.0,50,2118.165594
,-17.0,50,2119.873353
,-20.0,50,2121.594301
,-50.0,50,2123.348152
,-15.0,50,2125.085722
,-50.0,50,2126.832598
,-50.0,50,2128.52508
,-26.0,50,2130.268242
,-47.0,50,2131.998107
,-50.0,50,2133.684393
,-47.0,50,2135.41977
,-50.0,50,2137.164091
,-29.0,50,2138.902615
,-50.0,50,2140.625714
,-48.0,50,2142.286932
,-20.0,50,2144.069924
,-25.0,50,2145.754102
,-47.0,50,2147.569187
,-12.0,50,2149.296237
,-4.0,50,2151.023898
,-45.0,50,2152.738523
,-50.0,50,2154.494638
,-50.0,50,2156.178986
,-14.0,50,2157.92098
,-36.0,50,2159.637786
,-45.0,50,2161.363189
,-7.0,50,2163.088337
,-6.0,50,2163.379571
,-8.0,50,2163.652067
,-45.0,50,2163.939471
,-10.0,50,2164.220766
,-12.0,50,2164.54849
,-9.0,50,2164.850158
,-32.0,50,2165.120819
,-5.0,50,2165.39738
,-14.0,50,2165.654497
,-37.0,50,2166.052021
,-35.0,50,2167.77776
,-28.0,50,2169.51381
,-2.0,50,2171.202414
,-16.0,50,2172.969967
,-20.0,50,2174.647829
,-9.0,50,2176.379273
,-15.0,50,2178.14766
,-44.0,50,2179.875849
,-38.0,50,2181.601772
,-12.0,50,2183.332212
,-50.0,50,2185.064548
,-37.0,50,2186.862417
,-16.0,50,2188.525814
,-50.0,50,2190.249759
,-50.0,50,2191.99291
,-50.0,50,2193.7467
,-50.0,50,2195.475964
,-50.0,50,2197.215596
,-35.0,50,2198.936687
,0.0,50,2200.656904
,-22.0,50,2202.412777
,-37.0,50,2204.110181
,-13.0,50,2205.835121
,-48.0,50,2207.571976
,-50.0,50,2209.282342
,-18.0,50,2210.999557
,-44.0,50,2212.718824
,0.0,50,2214.478982
,-50.0,50,2216.232175
,0.0,50,2217.957405
,-48.0,50,2219.674309
,-15.0,50,2221.461971
,-29.0,50,2223.170823
,-20.0,50,2224.887822
,-38.0,50,2226.587049
,-34.0,50,2228.324139
,-16.0,50,2230.036324
,-42.0,50,2231.793697
,-14.0,50,2233.477795
,-11.0,50,2235.204571
,0.0,50,2236.918407
,-42.0,50,2238.685768
,-25.0,50,2240.394537
,-43.0,50,2242.13317
,-31.0,50,2243.889749
,-31.0,50,2245.601106
,-24.0,50,2247.311723
,-9.0,50,2249.09497
,-17.0,50,2250.782738
,-5.0,50,2252.553776
,-7.0,50,2252.83288
,-8.0,50,2253.110913
,-10.0,50,2253.418452
,-8.0,50,2253.716455
,-5.0,50,2253.999937
,-19.0,50,2254.255406
,-10.0,50,2254.542367
,-6.0,50,2254.818318
,-11.0,50,2255.106841
,-50.0,50,2255.505271
,-17.0,50,2257.193838
,-41.0,50,2258.892154
,-37.0,50,2260.663447
,-25.0,50,2262.399082
,-29.0,50,2264.117587
,-10.0,50,2265.878422
,-50.0,50,2267.588156
,-50.0,50,2269.348772
,-50.0,50,2271.104172
,-49.0,50,2272.779744
,-48.0,50,2274.556082
,-15.0,50,2276.257309
,-28.0,50,2278.003191
,-27.0,50,2279.736751
,-50.0,50,2281.437445
,-16.0,50,2283.15976
,-7.0,50,2284.907995
,-50.0,50,2286.616833
,-50.0,50,2288.35552
,-43.0,50,2290.085759
,0.0,50,2291.82066
,-49.0,50,2293.520698
,-40.0,50,2295.285842
,-50.0,50,2297.043874
,-33.0,50,2298.747785
,-13.0,50,2300.490575
,-48.0,50,2302.190573
,-12.0,50,2303.958127
,-45.0,50,2305.695807
,-50.0,50,2307.444587
,-19.0,50,2309.160691
,-50.0,50,2310.955265
,-17.0,50,2312.654388
,-50.0,50,2314.377122
,-19.0,50,2316.108932
,-16.0,50,2317.840589
,-50.0,50,2319.622328
,-8.0,50,2321.371079
,-50.0,50,2323.109656
,-44.0,50,2324.854197
,-44.0,50,2326.559121
,-23.0,50,2328.280005
,-16.0,50,2330.0445
,-15.0,50,2331.752083
,-11.0,50,2333.509922
,-20.0,50,2335.224273
,-14.0,50,2336.984766
,-29.0,50,2338.710758
,-12.0,50,2340.467092
,-5.0,50,2342.192836
,-8.0,50,2342.469073
,-12.0,50,2342.739172
,0.0,50,2342.999805
,-10.0,50,2343.29429
,-8.0,50,2343.558885
,-8.0,50,2343.841502
,-10.0,50,2344.116115
,-4.0,50,2344.378443
,-9.0,50,2344.647116
,0.0,50,2345.150283
,-9.0,50,2346.866307
,-45.0,50,2348.592034
,-11.0,50,2350.384562
,-19.0,50,2352.162106
,-47.0,50,2353.853976
,-50.0,50,2355.553711
,-18.0,50,2357.309013
,-45.0,50,2359.03011
,-50.0,50,2360.827893
,-47.0,50,2362.562172
,-50.0,50,2364.267482
,-50.0,50,2365.970565
,-8.0,50,2367.764392
,-50.0,50,2369.472416
,-20.0,50,2371.200258
,-50.0,50,2373.001197
,-46.0,50,2374.751841
,-48.0,50,2376.453757
,-48.0,50,2378.188663
,-26.0,50,2379.894086
,-50.0,50,2381.686563
,-37.0,50,2383.470378
,-11.0,50,2385.160081
,0.0,50,2386.892964
,-18.0,50,2388.598064
,-15.0,50,2390.369965
,-47.0,50,2392.062359
,-48.0,50,2393.835838
,-50.0,50,2395.574175
,-13.0,50,2397.328701
,-50.0,50,2399.086373
,-45.0,50,2400.867717
,-50.0,50,2402.569557
,-47.0,50,2404.364675
,-50.0,50,2406.039258
,-36.0,50,2407.819803
,-48.0,50,2409.532489
,-9.0,50,2411.246739
,-15.0,50,2412.971177
,-34.0,50,2414.743421
,-19.0,50,2416.48835
,-15.0,50,2418.239263
,-45.0,50,2419.968357
,-15.0,50,2421.706999
,-50.0,50,2423.394884
,-45.0,50,2425.109659
,-37.0,50,2426.86114
,-10.0,50,2428.670266
,-45.0,50,2430.328895
,-10.0,50,2432.108351
,-14.0,50,2432.385392
,-45.0,50,2432.720601
,-7.0,50,2432.996473
,-4.0,50,2433.271953
,-11.0,50,2433.560405
,-11.0,50,2433.832301
,-16.0,50,2434.116261
,-10.0,50,2434.38009
,-9.0,50,2434.672798
,-16.0,50,2435.054112
,-10.0,50,2436.758868
,-44.0,50,2438.516146
,-50.0,50,2440.237745
,-28.0,50,2442.05418
,0.0,50,2443.731768
,-43.0,50,2445.527481
,-50.0,50,2447.249844
,-50.0,50,2448.968836
,-23.0,50,2450.703596
,-49.0,50,2452.444166
,-48.0,50,2454.188951
,-21.0,50,2455.89097
,0.0,50,2457.680977
,0.0,50,2459.3889
,-7.0,50,2461.131568
,-21.0,50,2462.8883
,-50.0,50,2464.611983
,-8.0,50,2466.37149
,-50.0,50,2468.106249
,-15.0,50,2469.818399
,-50.0,50,2471.526367
,-13.0,50,2473.326754
,-35.0,50,2475.032236
,-50.0,50,2476.762666
,-41.0,50,2478.552639
,-34.0,50,2480.264259
,-41.0,50,2482.048766
,-20.0,50,2483.771662
,-14.0,50,2485.512656
,-23.0,50,2487.238006
,-49.0,50,2488.955015
,-50.0,50,2490.662008
,-25.0,50,2492.406742
,-13.0,50,2494.144778
,-49.0,50,2495.890988
,-12.0,50,2497.587287
,0.0,50,2499.341566
,-42.0,50,2501.093344
,-43.0,50,2502.824734
,-50.0,50,2504.591007
,-50.0,50,2506.322641
,-46.0,50,2508.058542
,-49.0,50,2509.829973
,-13.0,50,2511.540789
,-10.0,50,2513.30672
,-50.0,50,2515.063385
,-48.0,50,2516.763926
,-8.0,50,2518.531506
,-42.0,50,2520.294877
,-5.0,50,2522.034506
,-11.0,50,2522.302147
,-8.0,50,2522.581615
,-6.0,50,2522.897051
,-17.0,50,2523.175494
,-8.0,50,2523.457875
,-9.0,50,2523.71614
,-12.0,50,2523.984876
,-15.0,50,2524.270631
,-10.0,50,2524.53753
,-20.0,50,2524.883447
,-46.0,50,2526.613069
,-14.0,50,2528.373079
,-22.0,50,2530.134349
,-2.0,50,2531.871053
,-12.0,50,2533.662242
,-6.0,50,2535.387944
,-40.0,50,2537.116021
,-44.0,50,2538.896047
,0.0,50,2540.640609
,-48.0,50,2542.352601
,-15.0,50,2544.092642
,-10.0,50,2545.905903
,-26.0,50,2547.6325
,-50.0,50,2549.355653
,-9.0,50,2551.078101
,-50.0,50,2552.825434
,-50.0,50,2554.562985
,0.0,50,2556.331237
,-44.0,50,2558.022533
,-13.0,50,2559.76885
,-50.0,50,2561.484552
,-34.0,50,2563.205146
,-9.0,50,2564.982434
,-50.0,50,2566.744383
,-14.0,50,2568.476176
,-26.0,50,2570.17729
,0.0,50,2571.941839
,-48.0,50,2573.686069
,-2.0,50,2575.403785
,-47.0,50,2577.168305
,-34.0,50,2578.902795
,-12.0,50,2580.633659
,-36.0,50,2582.400058
,0.0,50,2584.100265
,-33.0,50,2585.864015
,-28.0,50,2587.645368
,-40.0,50,2589.372832
,0.0,50,2591.143531
,-27.0,50,2592.835586
,-20.0,50,2594.620509
,-9.0,50,2596.368003
,-13.0,50,2598.056115
,-42.0,50,2599.840796
,-50.0,50,2601.548316
,-49.0,50,2603.301435
,-8.0,50,2605.066624
,-50.0,50,2606.793541
,-38.0,50,2608.524727
,-24.0,50,2610.336808
,-7.0,50,2612.128511
,-7.0,50,2612.38046
,-4.0,50,2612.642629
,-46.0,50,2612.946538
,-8.0,50,2613.220726
,0.0,50,2613.48993
,-6.0,50,2613.761105
,-12.0,50,2614.036695
,-32.0,50,2614.319461
,-9.0,50,2614.610637
,-50.0,50,2614.99664
,-50.0,50,2616.748673
,-50.0,50,2618.442288
,-50.0,50,2620.253988
,-32.0,50,2621.980129
,-46.0,50,2623.690536
,-50.0,50,2625.473774
,-50.0,50,2627.236748
,-50.0,50,2628.954049
,-19.0,50,2630.748231
,-39.0,50,2632.454406
,-35.0,50,2634.2054
,-31.0,50,2635.922581
,-47.0,50,2637.653981
,-47.0,50,2639.403075
,-47.0,50,2641.165039
,-5.0,50,2642.87401
,0.0,50,2644.630362
,-24.0,50,2646.366223
,-7.0,50,2648.120934
,-13.0,50,2649.826906
,-17.0,50,2651.610824
,-34.0,50,2653.41399
,-50.0,50,2655.151252
,-50.0,50,2656.855213
,-23.0,50,2658.606559
,-21.0,50,2660.362481
,-41.0,50,2662.113859
,-14.0,50,2663.793307
,-15.0,50,2665.569829
,-18.0,50,2667.351832
,-50.0,50,2669.081523
,-43.0,50,2670.792466
,-14.0,50,2672.595204
,0.0,50,2674.322076
,-45.0,50,2676.115074
,-9.0,50,2677.836251
,-50.0,50,2679.543371
,-7.0,50,2681.337666
,0.0,50,2683.073786
,-44.0,50,2684.829047
,-43.0,50,2686.56719
,-37.0,50,2688.358067
,-50.0,50,2690.114027
,-49.0,50,2691.890019
,-13.0,50,2693.577863
,-19.0,50,2695.366045
,-44.0,50,2697.120984
,-48.0,50,2698.837071
,-17.0,50,2700.556537
,0.0,50,2702.368283
,-9.0,50,2702.642661
,-14.0,50,2702.926509
,-13.0,50,2703.193568
,-39.0,50,2703.476223
,-4.0,50,2703.776454
,-9.0,50,2704.053095
,-45.0,50,2704.365589
,-11.0,50,2704.632087
,-12.0,50,2704.906721
,-35.0,50,2705.291105
,-31.0,50,2707.039301
,-25.0,50,2708.742486
,-23.0,50,2710.564883
,-20.0,50,2712.32223
,-50.0,50,2714.016875
,-46.0,50,2715.803916
,-50.0,50,2717.518627
,-46.0,50,2719.33558
,-13.0,50,2721.050941
,-41.0,50,2722.843703
,-16.0,50,2724.620837
,-40.0,50,2726.351699
,-42.0,50,2728.139785
,-13.0,50,2729.817002
,-45.0,50,2731.580701
,0.0,50,2733.326173
,-42.0,50,2735.084936
,-42.0,50,2736.819444
,-42.0,50,2738.597522
,-50.0,50,2740.350566
,0.0,50,2742.076684
,-10.0,50,2743.814325
,-12.0,50,2745.567299
,-8.0,50,2747.329491
,-50.0,50,2749.095631
,-33.0,50,2750.876807
,-20.0,50,2752.599654
,-50.0,50,2754.422763
,-49.0,50,2756.125196
,-50.0,50,2757.911242
,-24.0,50,2759.666436
,-45.0,50,2761.404606
,-18.0,50,2763.204695
,-20.0,50,2764.938665
,-50.0,50,2766.683931
,-13.0,50,2768.477852
,-19.0,50,2770.214294
,-49.0,50,2771.940303
,-36.0,50,2773.733345
,-50.0,50,2775.49171
,-50.0,50,2777.20735
,-39.0,50,2778.972631
,-9.0,50,2780.742167
,-35.0,50,2782.537182
,-20.0,50,2784.289204
,-23.0,50,2786.077923
,-49.0,50,2787.823437
,-50.0,50,2789.609763
,-32.0,50,2791.345692
,-9.0,50,2793.13445
,-8.0,50,2793.447412
,-4.0,50,2793.715329
,-9.0,50,2793.975029
,-8.0,50,2794.25248
,-14.0,50,2794.545105
,-35.0,50,2794.835996
,-9.0,50,2795.116092
,-7.0,50,2795.413921
,-7.0,50,2795.68223
,-50.0,50,2796.063255
,-7.0,50,2797.771303
,-47.0,50,2799.555696
,-25.0,50,2801.290961
,-50.0,50,2803.036404
,-50.0,50,2804.796248
,-9.0,50,2806.547037
,-50.0,50,2808.373088
,-10.0,50,2810.105388
,-50.0,50,2811.851803
,-15.0,50,2813.566338
,0.0,50,2815.287434
,-21.0,50,2817.042964
,-28.0,50,2818.823248
,-10.0,50,2820.614529
,-18.0,50,2822.339422
,-19.0,50,2824.090727
,-50.0,50,2825.857231
,-20.0,50,2827.631332
,-50.0,50,2829.351918
,-50.0,50,2831.109902
,-43.0,50,2832.873196
,-50.0,50,2834.664344
,-50.0,50,2836.407734
,-48.0,50,2838.155928
,-50.0,50,2839.93927
,-50.0,50,2841.697642
,-39.0,50,2843.411955
,-50.0,50,2845.18763
,-45.0,50,2846.920978
,-44.0,50,2848.688596
,-46.0,50,2850.451105
,-25.0,50,2852.245858
,-29.0,50,2854.03949
,-36.0,50,2855.797149
,-12.0,50,2857.521996
,-26.0,50,2859.254107
,-41.0,50,2861.019969
,-14.0,50,2862.819325
,-47.0,50,2864.612638
,-50.0,50,2866.322732
,-10.0,50,2868.086176
,-24.0,50,2869.864017
,-15.0,50,2871.571391
,-28.0,50,2873.334016
,-41.0,50,2875.102034
,-10.0,50,2876.868737
,-50.0,50,2878.624809
,-47.0,50,2880.352317
,-10.0,50,2882.091719
,-11.0,50,2883.937255
,-10.0,50,2884.240852
,-14.0,50,2884.514004
,-13.0,50,2884.824583
,-5.0,50,2885.094711
,-9.0,50,2885.378887
,-9.0,50,2885.634395
,-12.0,50,2885.906236
,-5.0,50,2886.180034
,-10.0,50,2886.463331
,-15.0,50,2886.766388
,-50.0,50,2888.548099
,-50.0,50,2890.254528
,-47.0,50,2892.075932
,-6.0,50,2893.806059
,-13.0,50,2895.532596
,-33.0,50,2897.325542
,-18.0,50,2899.12134
,-8.0,50,2900.884049
,-12.0,50,2902.599135
,-50.0,50,2904.370581
,-50.0,50,2906.15008
,-15.0,50,2907.881737
,-50.0,50,2909.618575
,-39.0,50,2911.378351
,-37.0,50,2913.134951
,-11.0,50,2914.93915
,-15.0,50,2916.643517
,-46.0,50,2918.423299
,-44.0,50,2920.164616
,-50.0,50,2921.918086
,-50.0,50,2923.706585
,-50.0,50,2925.461416
,-48.0,50,2927.236593
,-45.0,50,2929.024432
,-4.0,50,2930.780633
,-20.0,50,2932.490995
,-18.0,50,2934.259237
,-45.0,50,2936.02305
,-47.0,50,2937.748406
,-50.0,50,2939.486584
,-45.0,50,2941.272112
,-48.0,50,2943.051111
,-33.0,50,2944.796699
,-50.0,50,2946.564445
,-16.0,50,2948.34882
,-38.0,50,2950.110382
,-50.0,50,2951.858634
,-23.0,50,2953.610103
,-37.0,50,2955.398399
,-42.0,50,2957.140959
,-49.0,50,2958.903545
,-20.0,50,2960.683624
,-44.0,50,2962.511957
,-14.0,50,2964.213777
,-33.0,50,2966.019268
,-40.0,50,2967.785082
,-17.0,50,2969.495239
,-22.0,50,2971.321573
,-16.0,50,2973.035306
,-6.0,50,2974.798996
,-5.0,50,2975.069128
,-6.0,50,2975.345787
,0.0,50,2975.614145
,-13.0,50,2975.881188
,-6.0,50,2976.143346
,-3.0,50,2976.40134
,-4.0,50,2976.708899
,-43.0,50,2977.014407
,-10.0,50,2977.331402
,-47.0,50,2977.763919
,-22.0,50,2979.521271
,-11.0,50,2981.280403
,-41.0,50,2983.041669
,-11.0,50,2984.776295
,-8.0,50,2986.544991
,-50.0,50,2988.282992
,-37.0,50,2990.086825
,-48.0,50,2991.85311
,-48.0,50,2993.661233
,-28.0,50,2995.374788
,-50.0,50,2997.111853
,-29.0,50,2998.883171
,-50.0,50,3000.679402
,-31.0,50,3002.401367
,-13.0,50,3004.151027
,-50.0,50,3005.951761
,-12.0,50,3007.668122
,-27.0,50,3009.418417
,-38.0,50,3011.211627
,-11.0,50,3012.970826
,-26.0,50,3014.750746
,-15.0,50,3016.520702
,-23.0,50,3018.296077
,-50.0,50,3020.045182
,-14.0,50,3021.827732
,-50.0,50,3023.55058
,-19.0,50,3025.316457
,-19.0,50,3027.112673
,-50.0,50,3028.893903
,-43.0,50,3030.691282
,-22.0,50,3032.447995
,0.0,50,3034.253383
,-9.0,50,3036.008015
,-50.0,50,3037.708595
,-30.0,50,3039.56827
,-13.0,50,3041.339234
,-18.0,50,3043.129767
,-19.0,50,3044.89684
,-18.0,50,3046.619926
,-28.0,50,3048.372029
,-50.0,50,3050.101514
,-14.0,50,3051.874828
,-50.0,50,3053.669462
,-50.0,50,3055.425973
,-50.0,50,3057.199399
,-50.0,50,3059.015258
,-42.0,50,3060.768602
,-47.0,50,3062.542056
,-31.0,50,3064.319949
,-3.0,50,3066.090301
,-8.0,50,3066.38673
,-5.0,50,3066.680495
,-4.0,50,3066.968027
,-17.0,50,3067.317097
,-5.0,50,3067.574904
,-7.0,50,3067.880867
,-9.0,50,3068.137366
,-16.0,50,3068.419257
,-12.0,50,3068.73428
,0.0,50,3068.999652
,-28.0,50,3070.797743
,-31.0,50,3072.514731
,-25.0,50,3074.329233
,0.0,50,3076.062705
,-7.0,50,3077.820808
,-9.0,50,3079.56024
,-21.0,50,3081.370525
,-15.0,50,3083.143499
,-50.0,50,3084.923945
,-20.0,50,3086.642483
,-39.0,50,3088.528079
,-26.0,50,3090.257244
,-50.0,50,3092.065971
,-17.0,50,3093.774893
,-50.0,50,3095.525296
,-15.0,50,3097.35376
,-50.0,50,3099.061868
,-18.0,50,3100.902542
,-50.0,50,3102.662475
,-45.0,50,3104.44776
,-24.0,50,3106.210623
,-26.0,50,3107.954249
,-50.0,50,3109.744811
,-50.0,50,3111.463382
,-13.0,50,3113.234285
,-27.0,50,3115.043722
,-15.0,50,3116.783348
,-7.0,50,3118.526556
,-8.0,50,3120.312166
,-50.0,50,3122.109249
,-43.0,50,3123.86729
,-45.0,50,3125.670907
,-31.0,50,3127.460595
,-33.0,50,3129.241272
,-28.0,50,3131.015635
,-30.0,50,3132.8141
,-21.0,50,3134.565346
,-13.0,50,3136.295702
,-50.0,50,3138.114568
,-38.0,50,3139.874504
,-13.0,50,3141.661216
,-46.0,50,3143.452915
,-36.0,50,3145.228112
,-45.0,50,3146.980621
,-49.0,50,3148.778854
,-16.0,50,3150.554701
,-50.0,50,3152.24964
,-44.0,50,3154.066761
,-14.0,50,3155.780844
,-8.0,50,3157.619892
,-19.0,50,3157.919425
,-8.0,50,3158.201095
,-8.0,50,3158.485406
,-9.0,50,3158.799607
,-6.0,50,3159.088727
,-11.0,50,3159.39422
,-10.0,50,3159.67819
,-9.0,50,3159.947912
,-10.0,50,3160.221702
,-6.0,50,3160.536839
,-50.0,50,3162.298835
,-5.0,50,3164.06057
,-8.0,50,3165.863157
,-41.0,50,3167.664054
,-50.0,50,3169.4029
,-13.0,50,3171.217026
,-50.0,50,3172.917744
,-50.0,50,3174.707646
,-50.0,50,3176.473443
,-50.0,50,3178.262599
,-15.0,50,3179.993213
,-42.0,50,3181.75491
,-50.0,50,3183.589256
,-42.0,50,3185.352778
,-50.0,50,3187.15219
,-50.0,50,3188.908172
,-48.0,50,3190.644333
,-43.0,50,3192.383046
,-50.0,50,3194.174793
,-27.0,50,3195.934727
,-38.0,50,3197.729892
,-29.0,50,3199.506528
,-13.0,50,3201.273465
,-11.0,50,3203.048614
,-10.0,50,3204.882852
,-50.0,50,3206.597601
,-14.0,50,3208.38449
,-14.0,50,3210.157641
,-50.0,50,3211.968373
,-16.0,50,3213.771506
,-30.0,50,3215.542037
,0.0,50,3217.33035
,-50.0,50,3219.113313
,-50.0,50,3220.884077
,-48.0,50,3222.65519
,-42.0,50,3224.399699
,-49.0,50,3226.188792
,-41.0,50,3227.975962
,-30.0,50,3229.730005
,-50.0,50,3231.531212
,-7.0,50,3233.274557
,-45.0,50,3235.062297
,-13.0,50,3236.857303
,-50.0,50,3238.619887
,-18.0,50,3240.45169
,-13.0,50,3242.194145
,-32.0,50,3243.981057
,-50.0,50,3245.744609
,-37.0,50,3247.570631
,-14.0,50,3249.366823
,-8.0,50,3249.636269
,-9.0,50,3249.916322
,-11.0,50,3250.21438
,-8.0,50,3250.484181
,-5.0,50,3250.744113
,0.0,50,3251.015996
,-8.0,50,3251.276077
,-14.0,50,3251.554274
,-7.0,50,3251.820514
,-50.0,50,3252.32692
,-12.0,50,3254.065087
,-16.0,50,3255.872126
,-45.0,50,3257.6538
,-10.0,50,3259.482925
,-9.0,50,3261.256115
,-12.0,50,3263.031545
,-50.0,50,3264.771483
,-18.0,50,3266.555257
,-50.0,50,3268.334966
,-14.0,50,3270.133483
,-50.0,50,3271.918672
,-50.0,50,3273.64099
,-50.0,50,3275.478667
,-28.0,50,3277.212532
,-35.0,50,3278.991447
,-13.0,50,3280.815882
,-50.0,50,3282.601742
,-23.0,50,3284.377583
,-45.0,50,3286.122294
,-42.0,50,3287.886685
,-8.0,50,3289.709246
,-45.0,50,3291.450399
,-50.0,50,3293.258316
,-50.0,50,3295.066508
,-12.0,50,3296.829494
,-20.0,50,3298.650803
,0.0,50,3300.381826
,-50.0,50,3302.251937
,-50.0,50,3303.960581
,-8.0,50,3305.775966
,0.0,50,3307.523035
,-42.0,50,3309.318542
,-18.0,50,3311.13222
,-50.0,50,3312.854086
,-50.0,50,3314.637235
,-46.0,50,3316.433136
,-22.0,50,3318.21844
,-41.0,50,3320.025848
,-42.0,50,3321.798659
,-42.0,50,3323.615746
,-29.0,50,3325.382214
,-45.0,50,3327.179617
,-48.0,50,3328.982238
,0.0,50,3330.720517
,0.0,50,3332.532811
,-11.0,50,3334.298942
,-11.0,50,3336.102381
,-50.0,50,3337.931229
,-5.0,50,3339.712661
,-11.0,50,3341.505174
,-8.0,50,3341.762537
,-7.0,50,3342.04645
,-10.0,50,3342.357135
,-24.0,50,3342.613101
,-5.0,50,3342.903041
,-8.0,50,3343.174603
,-10.0,50,3343.467439
,-6.0,50,3343.751227
,-7.0,50,3344.046469
,-39.0,50,3344.349826
,-50.0,50,3346.134722
,-25.0,50,3347.93183
,-23.0,50,3349.730029
,-24.0,50,3351.531025
,-33.0,50,3353.278959
,-50.0,50,3355.042527
,-33.0,50,3356.907217
,0.0,50,3358.650877
,-50.0,50,3360.447825
,-7.0,50,3362.200732
,-18.0,50,3364.031647
,-12.0,50,3365.775624
,-50.0,50,3367.570077
,-22.0,50,3369.365734
,-47.0,50,3371.205807
,-16.0,50,3372.999938
,-25.0,50,3374.743122
,-20.0,50,3376.515545
,-19.0,50,3378.324202
,-50.0,50,3380.125758
,-50.0,50,3381.916587
,-50.0,50,3383.66739
,-15.0,50,3385.428012
,0.0,50,3387.216131
,-12.0,50,3388.995581
,-13.0,50,3390.806323
,-14.0,50,3392.606108
,-27.0,50,3394.345806
,-24.0,50,3396.166064
,-19.0,50,3397.957459
,-50.0,50,3399.67517
,-35.0,50,3401.486103
,-21.0,50,3403.265146
,-5.0,50,3405.059263
,-27.0,50,3406.855418
,-17.0,50,3408.624522
,-27.0,50,3410.455017
,-48.0,50,3412.255605
,-20.0,50,3414.00792
,-18.0,50,3415.831393
,-45.0,50,3417.586919
,-46.0,50,3419.412365
,-32.0,50,3421.216709
,-22.0,50,3422.984881
,-9.0,50,3424.758739
,-43.0,50,3426.562482
,-31.0,50,3428.323184
,-13.0,50,3430.168714
,0.0,50,3431.920618
,-8.0,50,3433.678202
,-6.0,50,3433.932215
,-15.0,50,3434.229388
,-6.0,50,3434.496085
,-45.0,50,3434.781447
,-5.0,50,3435.05134
,0.0,50,3435.309746
,-8.0,50,3435.616887
,-12.0,50,3435.874336
,-6.0,50,3436.138586
,-37.0,50,3436.636477
,-17.0,50,3438.385107
,-28.0,50,3440.183467
,-21.0,50,3442.019623
,-50.0,50,3443.768018
,-13.0,50,3445.544651
,-39.0,50,3447.410745
,-43.0,50,3449.22
,-16.0,50,3450.99361
,-22.0,50,3452.792556
,-47.0,50,3454.570048
,-50.0,50,3456.386157
,-35.0,50,3458.173172
,-9.0,50,3459.913175
,-50.0,50,3461.738634
,-38.0,50,3463.494846
,-18.0,50,3465.309313
,-24.0,50,3467.07654
,-21.0,50,3468.886026
,-35.0,50,3470.684296
,-23.0,50,3472.444434
,-50.0,50,3474.292756
,-41.0,50,3476.074208
,-50.0,50,3477.84333
,-48.0,50,3479.590759
,-50.0,50,3481.40332
,-50.0,50,3483.226614
,-26.0,50,3485.008898
,-16.0,50,3486.824639
,-15.0,50,3488.651074
,-13.0,50,3490.435982
,-32.0,50,3492.243337
,-39.0,50,3494.059596
,-26.0,50,3495.806766
,-50.0,50,3497.624921
,-44.0,50,3499.434302
,-13.0,50,3501.229862
,-14.0,50,3503.064015
,-35.0,50,3504.897052
,-16.0,50,3506.651155
,-21.0,50,3508.490191
,-16.0,50,3510.255092
,-50.0,50,3512.060486
,-50.0,50,3513.829643
,-28.0,50,3515.639297
,-38.0,50,3517.438631
,-15.0,50,3519.159213
,-50.0,50,3521.042589
,-14.0,50,3522.808846
,-50.0,50,3524.568422
,-40.0,50,3526.498493
,0.0,50,3526.789791
,-6.0,50,3527.095171
,-8.0,50,3527.36716
,-10.0,50,3527.638908
,-4.0,50,3527.911503
,-3.0,50,3528.175512
,-12.0,50,3528.515671
,-9.0,50,3528.793478
,-43.0,50,3529.049091
