#{"t_start": 1582923764.2974048, "env_id": "FetchPush-v1"}
s,r,l,t
,-50.0,50,5.326533
,-50.0,50,7.225945
,-50.0,50,8.858409
,-50.0,50,10.46889
,-50.0,50,12.099372
,-50.0,50,13.743338
,-50.0,50,15.355776
,-50.0,50,16.946401
,-50.0,50,18.612648
,-50.0,50,20.237961
,-50.0,50,21.846085
,-50.0,50,23.435827
,-50.0,50,25.033929
,-50.0,50,26.643075
,-50.0,50,28.242561
,-50.0,50,29.871064
,0.0,50,31.505678
,-50.0,50,33.09777
,-50.0,50,34.717592
,-50.0,50,36.379546
,-50.0,50,37.9706
,-50.0,50,39.612584
,-50.0,50,41.237603
,-50.0,50,42.865541
,-50.0,50,44.454278
,-50.0,50,46.118712
,-50.0,50,47.719791
,-50.0,50,49.306113
,-50.0,50,50.949036
,-50.0,50,52.516383
,-50.0,50,54.150632
,-50.0,50,55.760344
,-50.0,50,57.393102
,-50.0,50,58.983602
,-50.0,50,60.623019
,0.0,50,62.271812
,-50.0,50,63.847399
,-50.0,50,65.494656
,0.0,50,67.117342
,-50.0,50,68.747763
,-50.0,50,70.330571
,-50.0,50,71.949236
,-50.0,50,73.580315
,-50.0,50,75.205988
,-50.0,50,76.801136
,-50.0,50,78.376661
,-50.0,50,80.040771
,-50.0,50,81.697484
,-50.0,50,83.281455
,-50.0,50,84.910317
,-50.0,50,86.622447
,-50.0,50,86.915231
,-50.0,50,87.178543
,-50.0,50,87.469565
,-50.0,50,87.729118
,-50.0,50,88.014602
,-50.0,50,88.325794
,-50.0,50,88.603566
,-50.0,50,88.882878
,-50.0,50,89.170046
,-50.0,50,89.631641
,-50.0,50,91.284757
,-50.0,50,92.870336
,-50.0,50,94.519747
,-50.0,50,96.098424
,-50.0,50,97.707203
,-50.0,50,99.356025
,-50.0,50,100.981951
,-50.0,50,102.662697
,-50.0,50,104.252444
,-50.0,50,105.889587
,0.0,50,107.517117
,-50.0,50,109.106215
,-50.0,50,110.715767
,-50.0,50,112.389071
,-50.0,50,113.979424
,-50.0,50,115.62191
,-50.0,50,117.258305
,0.0,50,118.838187
,-50.0,50,120.484434
,-50.0,50,122.135125
,-50.0,50,123.760674
,-50.0,50,125.383381
,-50.0,50,127.029205
,-50.0,50,128.67401
,-50.0,50,130.272404
,-50.0,50,131.918966
,-50.0,50,133.516306
,0.0,50,135.174765
,-50.0,50,136.771853
,-50.0,50,138.444225
,-50.0,50,140.071768
,-50.0,50,141.653487
,-50.0,50,143.290828
,-50.0,50,144.943985
,-50.0,50,146.582605
,-50.0,50,148.208637
,-50.0,50,149.811862
,0.0,50,151.410277
,-50.0,50,153.047287
,-50.0,50,154.68733
,-50.0,50,156.324788
,0.0,50,157.921457
,-50.0,50,159.604812
,-50.0,50,161.213439
,-50.0,50,162.815994
,0.0,50,164.482834
,-50.0,50,166.108175
,0.0,50,167.679623
,-50.0,50,169.324382
,-50.0,50,171.02322
,-50.0,50,171.327293
,-50.0,50,171.609266
,-50.0,50,171.882228
,-50.0,50,172.163881
,-50.0,50,172.447354
,-50.0,50,172.753944
,-50.0,50,173.030835
,-50.0,50,173.325166
,-50.0,50,173.605443
,-50.0,50,173.876604
,-50.0,50,175.492352
,-50.0,50,177.116724
,-50.0,50,178.744852
,-50.0,50,180.351388
,-50.0,50,181.970363
,-50.0,50,183.582517
,-50.0,50,185.187445
,-50.0,50,186.853763
,-50.0,50,188.454399
,-50.0,50,190.083097
,-50.0,50,191.689089
,-50.0,50,193.327557
,-50.0,50,194.924603
,-50.0,50,196.554051
,-50.0,50,198.193233
,-50.0,50,199.810115
,-50.0,50,201.427776
,-50.0,50,203.075103
,-50.0,50,204.681391
,-50.0,50,206.282918
,-50.0,50,207.927263
,-50.0,50,209.529169
,-50.0,50,211.204834
,-50.0,50,212.789839
,-50.0,50,214.425273
,-50.0,50,216.073656
,-50.0,50,217.698464
,-50.0,50,219.353569
,-50.0,50,220.950105
,-50.0,50,222.58436
,-50.0,50,224.235946
,-50.0,50,225.873014
,-50.0,50,227.457069
,-50.0,50,229.092482
,-50.0,50,230.718686
,-50.0,50,232.326209
,-50.0,50,233.976008
,-50.0,50,235.610668
,-50.0,50,237.239317
,-50.0,50,238.869651
,-50.0,50,240.492821
,-50.0,50,242.167439
,-50.0,50,243.769413
,-50.0,50,245.363257
,-50.0,50,247.067045
,-50.0,50,248.698845
,-50.0,50,250.32108
,-50.0,50,251.963315
,-50.0,50,253.557878
,-50.0,50,255.224939
,-50.0,50,255.51724
,-50.0,50,255.775571
,0.0,50,256.100707
,-50.0,50,256.440176
,-50.0,50,256.696223
,-50.0,50,256.976869
,-50.0,50,257.256674
,0.0,50,257.542799
,-50.0,50,257.823088
,-50.0,50,258.117317
,-50.0,50,259.739296
,-50.0,50,261.336613
,-50.0,50,262.968895
,-50.0,50,264.628108
,-50.0,50,266.224943
,0.0,50,267.83649
,-50.0,50,269.506544
,-50.0,50,271.177653
,-50.0,50,272.792862
,-50.0,50,274.418684
,-50.0,50,276.058464
,-50.0,50,277.705096
,0.0,50,279.339617
,-50.0,50,280.958135
,-50.0,50,282.584247
,-50.0,50,284.200307
,-50.0,50,285.832424
,-50.0,50,287.449017
,-50.0,50,289.103477
,-50.0,50,290.74178
,-50.0,50,292.381997
,-7.0,50,294.014491
,-50.0,50,295.652102
,-50.0,50,297.285694
,0.0,50,298.875925
,-50.0,50,300.564984
,-50.0,50,302.199914
,-50.0,50,303.847357
,-50.0,50,305.487097
,-50.0,50,307.07459
,-50.0,50,308.733311
,-50.0,50,310.408818
,-50.0,50,312.042699
,-50.0,50,313.695035
,-50.0,50,315.384509
,-50.0,50,317.006224
,0.0,50,318.657604
,-50.0,50,320.286716
,-50.0,50,321.924918
,-50.0,50,323.533211
,-50.0,50,325.215432
,-50.0,50,326.827837
,-50.0,50,328.479631
,-50.0,50,330.077334
,-50.0,50,331.705557
,-50.0,50,333.372879
,-50.0,50,335.000603
,-50.0,50,336.686641
,-50.0,50,338.316746
,0.0,50,339.950791
,-50.0,50,340.226035
,-50.0,50,340.500737
,-50.0,50,340.739238
,0.0,50,340.992815
,-50.0,50,341.283208
,-50.0,50,341.544797
,-50.0,50,341.822752
,-50.0,50,342.112842
,-50.0,50,342.381548
,-50.0,50,342.839552
,-50.0,50,344.483752
,-50.0,50,346.116511
,-49.0,50,347.81051
,-50.0,50,349.428453
,-50.0,50,351.073293
,-50.0,50,352.692351
,-50.0,50,354.350998
,-50.0,50,355.980485
,-50.0,50,357.636717
,-50.0,50,359.260868
,-50.0,50,360.88305
,-50.0,50,362.504176
,-50.0,50,364.140207
,-50.0,50,365.817599
,-50.0,50,367.443936
,0.0,50,369.107008
,-50.0,50,370.773554
,-50.0,50,372.416057
,-50.0,50,374.020195
,-50.0,50,375.684558
,-50.0,50,377.320964
,0.0,50,378.921788
,-50.0,50,380.603661
,-50.0,50,382.259055
,-50.0,50,383.891642
,-50.0,50,385.548981
,-50.0,50,387.172899
,-50.0,50,388.838994
,-19.0,50,390.477256
,-50.0,50,392.107166
,-50.0,50,393.722758
,-50.0,50,395.400136
,-50.0,50,397.086021
,-50.0,50,398.70769
,-50.0,50,400.348632
,-50.0,50,402.017258
,-50.0,50,403.654504
,-50.0,50,405.316355
,-50.0,50,406.965236
,-50.0,50,408.566707
,-50.0,50,410.170857
,-50.0,50,411.804693
,-50.0,50,413.501567
,-50.0,50,415.11417
,-50.0,50,416.801064
,-50.0,50,418.414165
,-50.0,50,420.09684
,0.0,50,421.710569
,0.0,50,423.363475
,-50.0,50,425.058199
,-50.0,50,425.322489
,-50.0,50,425.602929
,0.0,50,425.885124
,-50.0,50,426.161315
,-50.0,50,426.444516
,-50.0,50,426.739931
,-50.0,50,427.033632
,-50.0,50,427.311649
,-50.0,50,427.596923
,-50.0,50,427.98544
,-6.0,50,429.630559
,-50.0,50,431.311217
,-50.0,50,432.956623
,-50.0,50,434.567808
,-50.0,50,436.261958
,-50.0,50,437.879813
,-50.0,50,439.509271
,-50.0,50,441.183714
,-50.0,50,442.841038
,-50.0,50,444.470792
,-50.0,50,446.13572
,-50.0,50,447.767047
,-50.0,50,449.40049
,-50.0,50,451.048619
,-50.0,50,452.683502
,-50.0,50,454.371939
,-50.0,50,455.994617
,-50.0,50,457.621517
,-50.0,50,459.280438
,-50.0,50,460.911305
,-50.0,50,462.576515
,-50.0,50,464.185564
,-50.0,50,465.855924
,-50.0,50,467.470592
,-50.0,50,469.121001
,-50.0,50,470.799106
,-50.0,50,472.418195
,-50.0,50,474.084239
,-50.0,50,475.707448
,-50.0,50,477.374811
,-20.0,50,479.01298
,-21.0,50,480.642318
,-12.0,50,482.333429
,-50.0,50,483.968032
,-19.0,50,485.590624
,-50.0,50,487.228361
,-50.0,50,488.889599
,-50.0,50,490.525198
,-50.0,50,492.159453
,-35.0,50,493.79588
,-50.0,50,495.409176
,-50.0,50,497.04753
,-50.0,50,498.749764
,0.0,50,500.430585
,-50.0,50,502.069407
,0.0,50,503.704671
,-50.0,50,505.363893
,-50.0,50,507.034834
,-50.0,50,508.624127
,-50.0,50,510.343697
,-50.0,50,510.642191
,-50.0,50,510.912838
,-12.0,50,511.194057
,-50.0,50,511.456717
,-50.0,50,511.750453
,-50.0,50,512.040727
,-46.0,50,512.329661
,-50.0,50,512.6054
,-50.0,50,512.885746
,-50.0,50,513.2594
,-50.0,50,514.910601
,-50.0,50,516.541133
,-50.0,50,518.213092
,-50.0,50,519.831995
,-50.0,50,521.483555
,-48.0,50,523.200206
,-50.0,50,524.803689
,-50.0,50,526.450476
,-34.0,50,528.156999
,-50.0,50,529.784249
,-50.0,50,531.422234
,-50.0,50,533.05044
,-50.0,50,534.712279
,0.0,50,536.339891
,-50.0,50,538.0063
,-50.0,50,539.661429
,-10.0,50,541.261825
,-50.0,50,542.940122
,-50.0,50,544.574261
,-50.0,50,546.22688
,-50.0,50,547.887323
,-50.0,50,549.541795
,-50.0,50,551.224863
,-50.0,50,552.828303
,-50.0,50,554.53524
,-38.0,50,556.178272
,0.0,50,557.779338
,-50.0,50,559.467493
,-50.0,50,561.073755
,-31.0,50,562.723008
,-50.0,50,564.388279
,-50.0,50,566.076646
,-45.0,50,567.689721
,-18.0,50,569.360653
,-16.0,50,571.015463
,-50.0,50,572.708114
,-8.0,50,574.350936
,-50.0,50,575.972773
,-50.0,50,577.62114
,-50.0,50,579.253007
,-50.0,50,580.906645
,-22.0,50,582.553325
,0.0,50,584.163302
,-50.0,50,585.845433
,0.0,50,587.499002
,-50.0,50,589.151054
,-50.0,50,590.779512
,-50.0,50,592.384597
,-50.0,50,594.058901
,-23.0,50,595.728513
,-50.0,50,595.989645
,-9.0,50,596.256958
,-50.0,50,596.540624
,-50.0,50,596.81253
,-50.0,50,597.080425
,-50.0,50,597.405107
,-50.0,50,597.671414
,-18.0,50,597.989223
,-50.0,50,598.284167
,-50.0,50,598.611191
,-45.0,50,600.304692
,0.0,50,601.90401
,-32.0,50,603.594176
,-50.0,50,605.229758
,-50.0,50,606.876835
,0.0,50,608.570777
,-50.0,50,610.192266
,-50.0,50,611.874045
,0.0,50,613.545541
,-12.0,50,615.171492
,0.0,50,616.809369
,-48.0,50,618.462552
,-10.0,50,620.123246
,-50.0,50,621.792619
,-50.0,50,623.416878
,-50.0,50,625.0585
,-17.0,50,626.715395
,-24.0,50,628.413762
,-50.0,50,630.035886
,-19.0,50,631.68257
,-19.0,50,633.349503
,-30.0,50,634.99265
,-12.0,50,636.615627
,-50.0,50,638.30102
,-9.0,50,639.899278
,-48.0,50,641.583709
,-30.0,50,643.220883
,-50.0,50,644.891504
,-26.0,50,646.577488
,0.0,50,648.201453
,-6.0,50,649.855056
,-50.0,50,651.527263
,-50.0,50,653.147242
,0.0,50,654.811944
,-47.0,50,656.504833
,-11.0,50,658.136049
,-11.0,50,659.768554
,-18.0,50,661.401144
,-13.0,50,663.064059
,-17.0,50,664.775193
,-48.0,50,666.45013
,-35.0,50,668.081846
,-13.0,50,669.736023
,-50.0,50,671.367179
,0.0,50,673.026474
,-13.0,50,674.659681
,-50.0,50,676.345497
,-39.0,50,678.036421
,-50.0,50,679.655131
,-5.0,50,681.332376
,-50.0,50,681.606237
,-4.0,50,681.876756
,-50.0,50,682.148547
,-13.0,50,682.424363
,-50.0,50,682.732562
,-50.0,50,683.023133
,-50.0,50,683.308521
,-9.0,50,683.582515
,0.0,50,683.865091
,-28.0,50,684.220134
,-50.0,50,685.887034
,-8.0,50,687.535317
,0.0,50,689.167054
,-34.0,50,690.839087
,-50.0,50,692.487411
,-16.0,50,694.141454
,0.0,50,695.777493
,-16.0,50,697.466847
,-50.0,50,699.127765
,-17.0,50,700.80489
,-47.0,50,702.452777
,0.0,50,704.136131
,-47.0,50,705.749634
,-23.0,50,707.447184
,-3.0,50,709.075586
,0.0,50,710.734614
,-21.0,50,712.405958
,0.0,50,714.052775
,0.0,50,715.686228
,-28.0,50,717.32701
,0.0,50,718.985965
,-50.0,50,720.661996
,-32.0,50,722.283315
,0.0,50,723.934477
,-50.0,50,725.570955
,0.0,50,727.221715
,-9.0,50,728.867808
,-50.0,50,730.558917
,-27.0,50,732.233746
,-10.0,50,733.869596
,-34.0,50,735.524168
,-13.0,50,737.19938
,-14.0,50,738.842636
,-28.0,50,740.523536
,-35.0,50,742.147577
,-14.0,50,743.783233
,-29.0,50,745.455881
,-15.0,50,747.128161
,-48.0,50,748.793888
,-2.0,50,750.438105
,-36.0,50,752.064577
,-26.0,50,753.726909
,-21.0,50,755.406202
,-45.0,50,757.061551
,-21.0,50,758.678448
,-8.0,50,760.333139
,-15.0,50,761.982765
,-18.0,50,763.633178
,-18.0,50,765.327503
,-50.0,50,766.987126
,-13.0,50,767.244963
,-8.0,50,767.521379
,-31.0,50,767.837843
,-19.0,50,768.122727
,-24.0,50,768.413461
,0.0,50,768.66845
,-15.0,50,768.966223
,-23.0,50,769.224751
,-50.0,50,769.530155
,-14.0,50,769.916186
,-17.0,50,771.522874
,-50.0,50,773.203922
,-40.0,50,774.844777
,0.0,50,776.487625
,-5.0,50,778.184977
,-33.0,50,779.815651
,-50.0,50,781.473351
,-50.0,50,783.158025
,-50.0,50,784.840463
,-10.0,50,786.456969
,-32.0,50,788.140971
,-15.0,50,789.773028
,-50.0,50,791.446119
,-22.0,50,793.105947
,-9.0,50,794.743833
,-17.0,50,796.40675
,-50.0,50,798.081813
,-50.0,50,799.750211
,-13.0,50,801.381937
,-50.0,50,803.062912
,-13.0,50,804.757482
,-48.0,50,806.392042
,-18.0,50,808.060458
,-19.0,50,809.730503
,-50.0,50,811.360838
,-27.0,50,813.013934
,-21.0,50,814.722028
,-50.0,50,816.335339
,-16.0,50,818.052165
,-28.0,50,819.705999
,-23.0,50,821.415284
,-31.0,50,823.062812
,0.0,50,824.690257
,-11.0,50,826.382839
,0.0,50,828.038063
,-29.0,50,829.682703
,-21.0,50,831.302236
,-9.0,50,833.019693
,-14.0,50,834.674915
,-9.0,50,836.313454
,-25.0,50,837.98074
,-48.0,50,839.660216
,-24.0,50,841.331306
,-32.0,50,842.989996
,-16.0,50,844.647017
,-18.0,50,846.304906
,-47.0,50,847.944894
,-18.0,50,849.605781
,-10.0,50,851.275624
,-11.0,50,853.008965
,-11.0,50,853.268861
,-10.0,50,853.544863
,-12.0,50,853.814153
,-11.0,50,854.111044
,0.0,50,854.377569
,-10.0,50,854.648382
,-7.0,50,854.936106
,-17.0,50,855.200094
,-13.0,50,855.476041
,-24.0,50,855.87618
,-50.0,50,857.56261
,-19.0,50,859.214315
,0.0,50,860.837328
,-18.0,50,862.50788
,-29.0,50,864.165011
,0.0,50,865.859911
,-23.0,50,867.488776
,-11.0,50,869.136831
,0.0,50,870.821995
,-50.0,50,872.5111
,-25.0,50,874.138278
,-19.0,50,875.781624
,-18.0,50,877.413564
,-19.0,50,879.15373
,-50.0,50,880.771859
,0.0,50,882.43741
,-13.0,50,884.124747
,-16.0,50,885.782728
,-20.0,50,887.419373
,-19.0,50,889.103733
,-50.0,50,890.76887
,-16.0,50,892.440262
,-6.0,50,894.112722
,-22.0,50,895.746038
,-50.0,50,897.463238
,-10.0,50,899.106945
,-26.0,50,900.756305
,0.0,50,902.460608
,-29.0,50,904.129397
,-24.0,50,905.789349
,-9.0,50,907.485261
,-23.0,50,909.132579
,-50.0,50,910.777703
,-26.0,50,912.483368
,-25.0,50,914.099612
,-27.0,50,915.747001
,-18.0,50,917.438545
,0.0,50,919.135689
,-16.0,50,920.805653
,-22.0,50,922.445068
,-15.0,50,924.159294
,-25.0,50,925.796762
,-44.0,50,927.44425
,-28.0,50,929.135899
,-39.0,50,930.792904
,-21.0,50,932.467671
,-17.0,50,934.092374
,-23.0,50,935.78753
,-6.0,50,937.418771
,-4.0,50,939.105848
,-14.0,50,939.377745
,-15.0,50,939.650524
,-12.0,50,939.913069
,-6.0,50,940.185018
,-18.0,50,940.470147
,-7.0,50,940.762649
,-9.0,50,941.036335
,-49.0,50,941.321124
,-10.0,50,941.602208
,-19.0,50,941.992258
,-36.0,50,943.693626
,-32.0,50,945.333132
,-36.0,50,947.038792
,-20.0,50,948.727767
,-24.0,50,950.365511
,-49.0,50,952.024151
,-18.0,50,953.698677
,0.0,50,955.375155
,-31.0,50,957.048405
,-15.0,50,958.703363
,-13.0,50,960.354717
,0.0,50,962.035835
,-26.0,50,963.7082
,0.0,50,965.366529
,-13.0,50,966.995637
,-9.0,50,968.682801
,-21.0,50,970.385906
,0.0,50,972.039617
,-42.0,50,973.732486
,-27.0,50,975.359307
,0.0,50,977.056273
,-42.0,50,978.743711
,-44.0,50,980.398494
,-49.0,50,982.043823
,-13.0,50,983.731292
,-10.0,50,985.386426
,-19.0,50,987.066068
,-4.0,50,988.752439
,-20.0,50,990.428706
,-13.0,50,992.077039
,-24.0,50,993.73728
,-20.0,50,995.459064
,-35.0,50,997.116857
,-50.0,50,998.75
,-17.0,50,1000.419255
,-26.0,50,1002.1365
,-12.0,50,1003.747428
,-49.0,50,1005.427012
,-10.0,50,1007.103418
,-50.0,50,1008.765006
,-9.0,50,1010.468437
,-15.0,50,1012.109097
,-46.0,50,1013.776807
,-46.0,50,1015.429037
,-48.0,50,1017.130487
,-27.0,50,1018.754038
,-13.0,50,1020.452993
,-47.0,50,1022.122518
,-50.0,50,1023.817902
,-9.0,50,1025.520098
,-12.0,50,1025.787907
,-3.0,50,1026.063584
,-10.0,50,1026.33413
,-11.0,50,1026.605197
,-8.0,50,1026.893699
,-11.0,50,1027.158787
,-14.0,50,1027.41455
,-10.0,50,1027.71543
,-11.0,50,1027.998587
,-48.0,50,1028.329229
,-12.0,50,1029.994706
,-29.0,50,1031.706734
,-15.0,50,1033.374875
,-17.0,50,1035.040936
,-27.0,50,1036.670748
,-23.0,50,1038.359727
,-6.0,50,1040.049533
,-50.0,50,1041.690154
,-8.0,50,1043.352942
,-13.0,50,1045.035643
,-11.0,50,1046.700151
,-14.0,50,1048.372378
,-10.0,50,1050.036278
,-37.0,50,1051.698302
,-23.0,50,1053.341133
,-14.0,50,1055.016379
,-9.0,50,1056.68561
,-19.0,50,1058.400778
,-23.0,50,1060.033119
,-18.0,50,1061.719715
,-42.0,50,1063.400635
,-7.0,50,1065.075835
,0.0,50,1066.715822
,-17.0,50,1068.439883
,-24.0,50,1070.115136
,-6.0,50,1071.813706
,-22.0,50,1073.472506
,-33.0,50,1075.109602
,-19.0,50,1076.803822
,-17.0,50,1078.451819
,-14.0,50,1080.116818
,-14.0,50,1081.775047
,-21.0,50,1083.477832
,-13.0,50,1085.169788
,-22.0,50,1086.806785
,-12.0,50,1088.48948
,-19.0,50,1090.147161
,-19.0,50,1091.794476
,-48.0,50,1093.516213
,-50.0,50,1095.162047
,-29.0,50,1096.826986
,-23.0,50,1098.471945
,-34.0,50,1100.204969
,-15.0,50,1101.866916
,-27.0,50,1103.502342
,-16.0,50,1105.172196
,-14.0,50,1106.864681
,0.0,50,1108.523621
,0.0,50,1110.173637
,-13.0,50,1111.845246
,0.0,50,1112.114303
,0.0,50,1112.39273
,-7.0,50,1112.655644
,-12.0,50,1112.917852
,-27.0,50,1113.19142
,-12.0,50,1113.484708
,-6.0,50,1113.771571
,-5.0,50,1114.045936
,-10.0,50,1114.317495
,-14.0,50,1114.69293
,-20.0,50,1116.339774
,-50.0,50,1118.04099
,-15.0,50,1119.715084
,-19.0,50,1121.386506
,-10.0,50,1123.076979
,-26.0,50,1124.777232
,0.0,50,1126.416161
,-21.0,50,1128.091598
,-48.0,50,1129.819335
,-15.0,50,1131.456979
,-31.0,50,1133.147497
,-12.0,50,1134.795945
,-12.0,50,1136.51184
,-50.0,50,1138.159595
,-16.0,50,1139.835842
,-26.0,50,1141.486947
,-20.0,50,1143.22224
,-14.0,50,1144.882853
,-18.0,50,1146.543274
,-25.0,50,1148.210746
,0.0,50,1149.936619
,0.0,50,1151.554579
,-24.0,50,1153.278096
,0.0,50,1154.910781
,-22.0,50,1156.595927
,0.0,50,1158.295774
,-26.0,50,1159.917697
,-19.0,50,1161.646574
,-17.0,50,1163.309327
,-17.0,50,1164.984185
,-39.0,50,1166.660055
,-8.0,50,1168.326256
,-29.0,50,1170.031806
,-9.0,50,1171.70445
,-50.0,50,1173.392258
,-12.0,50,1175.0655
,-13.0,50,1176.746398
,0.0,50,1178.412608
,-9.0,50,1180.065395
,-34.0,50,1181.786442
,-13.0,50,1183.429522
,-10.0,50,1185.086519
,-7.0,50,1186.802046
,-11.0,50,1188.453184
,-8.0,50,1190.177842
,-21.0,50,1191.864336
,-23.0,50,1193.565753
,-6.0,50,1195.219121
,-24.0,50,1196.869143
,-7.0,50,1198.559768
,-19.0,50,1198.829037
,-7.0,50,1199.106175
,-6.0,50,1199.379497
,-47.0,50,1199.644264
,-9.0,50,1199.938913
,-12.0,50,1200.196997
,-12.0,50,1200.468062
,-29.0,50,1200.746737
,-6.0,50,1201.020719
,-18.0,50,1201.43875
,0.0,50,1203.112377
,-19.0,50,1204.811918
,-25.0,50,1206.501185
,-21.0,50,1208.190435
,-12.0,50,1209.884488
,-24.0,50,1211.540579
,-6.0,50,1213.194195
,-14.0,50,1214.869153
,-22.0,50,1216.565351
,-5.0,50,1218.232495
,-20.0,50,1219.887874
,-17.0,50,1221.536056
,-9.0,50,1223.209435
,-7.0,50,1224.937115
,-14.0,50,1226.61085
,-21.0,50,1228.285584
,-24.0,50,1229.956104
,-13.0,50,1231.668795
,-11.0,50,1233.344433
,-29.0,50,1235.012943
,-23.0,50,1236.667891
,-22.0,50,1238.37632
,-26.0,50,1240.013414
,-12.0,50,1241.698789
,-10.0,50,1243.363727
,-23.0,50,1245.041335
,-17.0,50,1246.708192
,-19.0,50,1248.391026
,-38.0,50,1250.095293
,-13.0,50,1251.769808
,-5.0,50,1253.44165
,-18.0,50,1255.107261
,0.0,50,1256.779942
,-15.0,50,1258.492184
,-5.0,50,1260.119748
,-20.0,50,1261.833941
,-30.0,50,1263.515075
,-29.0,50,1265.220926
,-8.0,50,1266.878541
,-27.0,50,1268.585439
,-27.0,50,1270.274557
,-26.0,50,1271.933793
,0.0,50,1273.595014
,-14.0,50,1275.319269
,-9.0,50,1276.964457
,-7.0,50,1278.667629
,-14.0,50,1280.306271
,-25.0,50,1282.020879
,-31.0,50,1283.661418
,-16.0,50,1285.374418
,-36.0,50,1285.655665
,-7.0,50,1285.922107
,-8.0,50,1286.194832
,-11.0,50,1286.478517
,-11.0,50,1286.763382
,-14.0,50,1287.102576
,-10.0,50,1287.385913
,-12.0,50,1287.653502
,-12.0,50,1287.919617
,-9.0,50,1288.241056
,-14.0,50,1289.88995
,-43.0,50,1291.591893
,-17.0,50,1293.277242
,-33.0,50,1294.927363
,-25.0,50,1296.622162
,-18.0,50,1298.296366
,-29.0,50,1299.988927
,-12.0,50,1301.679828
,-18.0,50,1303.376947
,-9.0,50,1305.053031
,-18.0,50,1306.719241
,-13.0,50,1308.374793
,-25.0,50,1310.103924
,-43.0,50,1311.757693
,0.0,50,1313.431827
,-18.0,50,1315.118255
,-15.0,50,1316.819816
,-8.0,50,1318.488662
,-7.0,50,1320.148443
,-16.0,50,1321.842328
,0.0,50,1323.513607
,-22.0,50,1325.19126
,-9.0,50,1326.888872
,-33.0,50,1328.580411
,-20.0,50,1330.25363
,-11.0,50,1331.962336
,-21.0,50,1333.653612
,-37.0,50,1335.341496
,-19.0,50,1337.034196
,-46.0,50,1338.733219
,-17.0,50,1340.404735
,-24.0,50,1342.111862
,-43.0,50,1343.750805
,-8.0,50,1345.44665
,-13.0,50,1347.180222
,-14.0,50,1348.836886
,-13.0,50,1350.557552
,-9.0,50,1352.226441
,-21.0,50,1353.927869
,-27.0,50,1355.587252
,-23.0,50,1357.310583
,-23.0,50,1358.97687
,-20.0,50,1360.710648
,-7.0,50,1362.360689
,-21.0,50,1364.074081
,-8.0,50,1365.713371
,-25.0,50,1367.450468
,-9.0,50,1369.096755
,-50.0,50,1370.78477
,-9.0,50,1372.526669
,-11.0,50,1372.81345
,-14.0,50,1373.15044
,-11.0,50,1373.450681
,-10.0,50,1373.70273
,-11.0,50,1373.963814
,-7.0,50,1374.263375
,-11.0,50,1374.540041
,-11.0,50,1374.815644
,-11.0,50,1375.107725
,-12.0,50,1375.389937
,-12.0,50,1377.088247
,-15.0,50,1378.736164
,-17.0,50,1380.443221
,-21.0,50,1382.159344
,-24.0,50,1383.844349
,-41.0,50,1385.537832
,-49.0,50,1387.169219
,0.0,50,1388.902526
,-11.0,50,1390.540555
,-24.0,50,1392.263675
,-21.0,50,1393.960629
,-16.0,50,1395.675253
,-20.0,50,1397.348802
,-21.0,50,1399.002687
,-13.0,50,1400.757624
,-28.0,50,1402.437368
,-13.0,50,1404.11551
,-22.0,50,1405.777853
,-8.0,50,1407.509737
,-21.0,50,1409.221073
,-30.0,50,1410.895197
,-26.0,50,1412.592081
,-48.0,50,1414.288437
,-48.0,50,1415.934153
,-25.0,50,1417.618577
,-19.0,50,1419.316752
,-11.0,50,1421.022004
,-27.0,50,1422.711871
,-40.0,50,1424.381492
,-19.0,50,1426.089332
,-12.0,50,1427.741985
,0.0,50,1429.445964
,-23.0,50,1431.162921
,-29.0,50,1432.865132
,-21.0,50,1434.517266
,0.0,50,1436.23805
,-27.0,50,1437.917005
,-24.0,50,1439.595408
,-7.0,50,1441.278197
,-15.0,50,1442.977465
,-13.0,50,1444.655661
,-22.0,50,1446.334639
,-23.0,50,1448.052631
,-30.0,50,1449.76343
,-50.0,50,1451.476265
,-9.0,50,1453.182199
,-14.0,50,1454.838393
,-16.0,50,1456.547382
,-45.0,50,1458.231486
,-10.0,50,1459.947254
,-10.0,50,1460.221233
,-14.0,50,1460.498333
,-10.0,50,1460.774981
,-30.0,50,1461.038509
,-10.0,50,1461.29348
,-12.0,50,1461.56334
,-12.0,50,1461.839838
,-6.0,50,1462.112903
,0.0,50,1462.393827
,-24.0,50,1462.76816
,-15.0,50,1464.482161
,-16.0,50,1466.148064
,-17.0,50,1467.856706
,-27.0,50,1469.489605
,-7.0,50,1471.206154
,-16.0,50,1472.878141
,-23.0,50,1474.592612
,-8.0,50,1476.23438
,-22.0,50,1477.933126
,-13.0,50,1479.64565
,-16.0,50,1481.351101
,-28.0,50,1483.003066
,-29.0,50,1484.723065
,-12.0,50,1486.387499
,-8.0,50,1488.091933
,-16.0,50,1489.827937
,-24.0,50,1491.552603
,-13.0,50,1493.225237
,-20.0,50,1494.875301
,-24.0,50,1496.612252
,-23.0,50,1498.328866
,-16.0,50,1500.004858
,0.0,50,1501.671428
,-19.0,50,1503.369922
,-21.0,50,1505.071946
,-23.0,50,1506.802306
,-13.0,50,1508.510043
,-41.0,50,1510.235153
,-14.0,50,1511.886845
,-2.0,50,1513.63544
,0.0,50,1515.338895
,-20.0,50,1517.008797
,-14.0,50,1518.703203
,-45.0,50,1520.395302
,-6.0,50,1522.161756
,-24.0,50,1523.814884
,-13.0,50,1525.549262
,0.0,50,1527.247432
,-16.0,50,1528.935628
,-9.0,50,1530.628544
,-20.0,50,1532.305358
,-15.0,50,1533.999479
,-12.0,50,1535.684041
,-44.0,50,1537.393243
,-33.0,50,1539.116008
,-29.0,50,1540.810401
,-50.0,50,1542.495862
,-9.0,50,1544.164433
,-20.0,50,1545.90841
,-11.0,50,1547.583622
,-19.0,50,1547.858305
,-12.0,50,1548.154427
,-18.0,50,1548.437674
,-11.0,50,1548.702658
,0.0,50,1548.999153
,-10.0,50,1549.280113
,-11.0,50,1549.549128
,-15.0,50,1549.820744
,-11.0,50,1550.114836
,-8.0,50,1550.438692
,-14.0,50,1552.149132
,-9.0,50,1553.850688
,-15.0,50,1555.532894
,-10.0,50,1557.200092
,-14.0,50,1558.922224
,0.0,50,1560.624774
,-38.0,50,1562.295213
,-23.0,50,1563.993847
,-14.0,50,1565.652405
,-26.0,50,1567.387245
,-39.0,50,1569.074007
,-17.0,50,1570.807412
,-34.0,50,1572.465653
,-19.0,50,1574.169963
,-15.0,50,1575.870726
,-13.0,50,1577.631198
,-48.0,50,1579.308133
,-15.0,50,1581.045857
,0.0,50,1582.734676
,-23.0,50,1584.419903
,-13.0,50,1586.136791
,-16.0,50,1587.823624
,-16.0,50,1589.501664
,-41.0,50,1591.232073
,-18.0,50,1592.882208
,-18.0,50,1594.612925
,-9.0,50,1596.311787
,0.0,50,1597.962521
,-20.0,50,1599.65904
,-41.0,50,1601.375947
,-20.0,50,1603.121859
,-7.0,50,1604.801761
,-11.0,50,1606.518269
,-15.0,50,1608.219919
,-25.0,50,1609.909946
,-10.0,50,1611.624586
,-16.0,50,1613.355471
,-42.0,50,1614.98452
,-8.0,50,1616.741615
,-30.0,50,1618.417521
,-9.0,50,1620.082971
,-20.0,50,1621.791739
,-13.0,50,1623.544381
,-6.0,50,1625.18242
,-14.0,50,1626.883614
,-11.0,50,1628.609689
,-45.0,50,1630.346044
,-7.0,50,1632.040421
,-24.0,50,1633.732398
,-12.0,50,1635.44556
,-2.0,50,1635.714167
,-10.0,50,1635.992455
,-11.0,50,1636.254368
,-21.0,50,1636.54977
,-3.0,50,1636.837977
,-9.0,50,1637.113554
,-5.0,50,1637.411336
,-11.0,50,1637.673952
,-9.0,50,1637.935286
,-21.0,50,1638.261908
,-18.0,50,1639.968802
,-24.0,50,1641.719829
,-15.0,50,1643.373164
,-23.0,50,1645.106886
,-18.0,50,1646.7897
,-16.0,50,1648.501249
,-16.0,50,1650.192429
,-29.0,50,1651.880071
,-16.0,50,1653.586676
,-19.0,50,1655.284882
,-10.0,50,1657.059033
,-16.0,50,1658.717439
,-19.0,50,1660.412575
,-17.0,50,1662.11421
,-15.0,50,1663.787016
,-11.0,50,1665.503303
,-12.0,50,1667.197272
,0.0,50,1668.888346
,-36.0,50,1670.569288
,-17.0,50,1672.28634
,-17.0,50,1673.98276
,-36.0,50,1675.673758
,-11.0,50,1677.361172
,0.0,50,1679.072886
,-5.0,50,1680.75899
,-22.0,50,1682.445773
,-29.0,50,1684.16695
,-11.0,50,1685.871377
,0.0,50,1687.57497
,-10.0,50,1689.271365
,-14.0,50,1691.036219
,-12.0,50,1692.707004
,-14.0,50,1694.419656
,-18.0,50,1696.100374
,-20.0,50,1697.829862
,-15.0,50,1699.530062
,0.0,50,1701.210108
,-50.0,50,1702.913018
,-8.0,50,1704.624786
,-33.0,50,1706.325915
,-13.0,50,1708.031406
,-5.0,50,1709.74869
,-14.0,50,1711.433921
,-16.0,50,1713.102797
,-18.0,50,1714.844332
,-15.0,50,1716.518943
,-6.0,50,1718.244112
,-14.0,50,1719.95568
,-19.0,50,1721.675167
,-10.0,50,1723.382846
,-11.0,50,1723.677283
,-11.0,50,1723.937127
,0.0,50,1724.211235
,0.0,50,1724.486097
,-14.0,50,1724.755167
,0.0,50,1725.043135
,-13.0,50,1725.335782
,-7.0,50,1725.594893
,-11.0,50,1725.854787
,-13.0,50,1726.204769
,-10.0,50,1727.898484
,-20.0,50,1729.615896
,-30.0,50,1731.326775
,-11.0,50,1733.021206
,-22.0,50,1734.691505
,-15.0,50,1736.404898
,-14.0,50,1738.170073
,-39.0,50,1739.812779
,-50.0,50,1741.550446
,-20.0,50,1743.225991
,-18.0,50,1744.987819
,-20.0,50,1746.64983
,-15.0,50,1748.364695
,-50.0,50,1750.096142
,-26.0,50,1751.784162
,-8.0,50,1753.556061
,-13.0,50,1755.236439
,-23.0,50,1756.977314
,-18.0,50,1758.679035
,-26.0,50,1760.344915
,-16.0,50,1762.0434
,-10.0,50,1763.7873
,-20.0,50,1765.45887
,-21.0,50,1767.172959
,-17.0,50,1768.863192
,0.0,50,1770.586498
,-18.0,50,1772.314546
,-18.0,50,1773.956867
,-23.0,50,1775.674335
,-18.0,50,1777.429668
,-47.0,50,1779.128398
,-14.0,50,1780.895345
,-12.0,50,1782.567317
,-9.0,50,1784.257809
,-34.0,50,1786.011434
,-47.0,50,1787.709657
,-27.0,50,1789.463362
,-35.0,50,1791.159118
,-14.0,50,1792.871812
,-16.0,50,1794.545784
,-13.0,50,1796.239336
,-21.0,50,1797.972947
,-15.0,50,1799.654242
,-15.0,50,1801.450656
,-25.0,50,1803.132376
,-27.0,50,1804.862083
,-23.0,50,1806.561504
,-18.0,50,1808.218098
,-23.0,50,1809.929323
,-12.0,50,1811.667235
,-7.0,50,1811.950907
,0.0,50,1812.225863
,-8.0,50,1812.49958
,-9.0,50,1812.766548
,-13.0,50,1813.033516
,-11.0,50,1813.329182
,-12.0,50,1813.62934
,-10.0,50,1813.915597
,-5.0,50,1814.187382
,-24.0,50,1814.511243
,-25.0,50,1816.271092
,-11.0,50,1817.95048
,-10.0,50,1819.668247
,-13.0,50,1821.357243
,0.0,50,1823.029256
,-16.0,50,1824.794802
,-21.0,50,1826.494853
,-8.0,50,1828.228776
,-13.0,50,1829.930686
,-24.0,50,1831.64308
,-16.0,50,1833.355705
,-26.0,50,1835.068557
,-24.0,50,1836.817788
,-48.0,50,1838.477888
,-21.0,50,1840.24404
,-11.0,50,1841.921994
,-11.0,50,1843.657167
,-15.0,50,1845.343121
,-6.0,50,1847.055285
,-14.0,50,1848.811398
,-11.0,50,1850.511847
,-19.0,50,1852.277323
,-20.0,50,1854.003305
,-12.0,50,1855.697114
,-32.0,50,1857.432626
,-37.0,50,1859.162324
,-13.0,50,1860.864352
,-45.0,50,1862.55366
,-18.0,50,1864.263019
,-25.0,50,1865.955632
,0.0,50,1867.656044
,-7.0,50,1869.418989
,-29.0,50,1871.089224
,-15.0,50,1872.841188
,-13.0,50,1874.542204
,-23.0,50,1876.25626
,-18.0,50,1877.932282
,-29.0,50,1879.662824
,-10.0,50,1881.362835
,-32.0,50,1883.079127
,-8.0,50,1884.822686
,-15.0,50,1886.520583
,-28.0,50,1888.218454
,0.0,50,1889.965361
,-32.0,50,1891.696068
,-10.0,50,1893.420086
,-19.0,50,1895.088884
,-34.0,50,1896.784314
,-12.0,50,1898.523278
,-12.0,50,1900.243849
,-9.0,50,1900.504882
,-14.0,50,1900.788962
,-7.0,50,1901.075476
,-5.0,50,1901.339242
,-10.0,50,1901.620141
,-6.0,50,1901.900494
,-10.0,50,1902.199275
,-12.0,50,1902.467801
,-9.0,50,1902.73301
,-18.0,50,1903.090226
,-6.0,50,1904.771021
,-20.0,50,1906.51305
,-10.0,50,1908.21918
,-18.0,50,1909.941562
,-13.0,50,1911.615675
,-12.0,50,1913.36868
,-23.0,50,1915.063813
,-15.0,50,1916.77739
,-20.0,50,1918.491948
,-26.0,50,1920.21571
,-21.0,50,1921.989805
,-18.0,50,1923.665174
,-9.0,50,1925.419135
,-13.0,50,1927.084763
,-12.0,50,1928.823921
,-22.0,50,1930.483143
,-21.0,50,1932.249958
,-18.0,50,1933.939693
,-16.0,50,1935.69299
,-20.0,50,1937.381421
,-26.0,50,1939.139763
,-16.0,50,1940.826996
,-5.0,50,1942.568632
,-20.0,50,1944.272659
,-21.0,50,1945.98364
,-14.0,50,1947.68063
,-12.0,50,1949.356141
,0.0,50,1951.129514
,-13.0,50,1952.857179
,-19.0,50,1954.515673
,-25.0,50,1956.273339
,-18.0,50,1957.960386
,-14.0,50,1959.659077
,-12.0,50,1961.421092
,-36.0,50,1963.084109
,-21.0,50,1964.868791
,0.0,50,1966.583317
,-20.0,50,1968.288426
,-17.0,50,1969.988799
,-9.0,50,1971.681425
,-22.0,50,1973.415076
,-13.0,50,1975.106298
,-22.0,50,1976.850188
,-17.0,50,1978.576726
,-21.0,50,1980.260069
,-9.0,50,1981.97256
,-10.0,50,1983.689922
,0.0,50,1985.433391
,-9.0,50,1987.162662
,-9.0,50,1988.910145
,-11.0,50,1989.188846
,-50.0,50,1989.459518
,-8.0,50,1989.714262
,0.0,50,1989.987667
,-8.0,50,1990.247284
,-10.0,50,1990.520837
,-5.0,50,1990.786898
,-5.0,50,1991.074484
,-12.0,50,1991.358786
,-10.0,50,1991.728988
,-7.0,50,1993.490067
,-15.0,50,1995.180056
,-18.0,50,1996.938587
,-26.0,50,1998.638451
,-25.0,50,2000.366724
,-16.0,50,2002.125399
,-23.0,50,2003.806343
,-9.0,50,2005.559381
,-12.0,50,2007.234991
,-23.0,50,2008.94311
,-19.0,50,2010.610632
,-10.0,50,2012.365256
,-9.0,50,2014.110116
,-18.0,50,2015.792713
,-18.0,50,2017.551197
,-6.0,50,2019.27485
,-13.0,50,2020.956949
,-17.0,50,2022.708413
,-14.0,50,2024.447358
,-23.0,50,2026.179772
,-12.0,50,2027.916197
,-28.0,50,2029.618359
,-23.0,50,2031.325284
,-23.0,50,2033.000546
,-15.0,50,2034.748489
,-23.0,50,2036.444506
,-6.0,50,2038.17853
,-7.0,50,2039.876276
,-17.0,50,2041.620023
,-30.0,50,2043.297078
,-14.0,50,2045.047905
,-15.0,50,2046.76826
,-38.0,50,2048.47473
,-9.0,50,2050.175931
,-22.0,50,2051.903217
,-17.0,50,2053.614271
,-14.0,50,2055.362567
,-21.0,50,2057.059651
,-16.0,50,2058.772173
,-50.0,50,2060.510605
,-30.0,50,2062.215022
,-25.0,50,2063.929751
,-23.0,50,2065.685828
,-25.0,50,2067.405194
,-17.0,50,2069.087738
,-23.0,50,2070.813298
,-8.0,50,2072.561414
,-28.0,50,2074.260282
,-18.0,50,2076.00607
,-7.0,50,2077.730535
,-9.0,50,2078.00743
,-11.0,50,2078.30886
,-7.0,50,2078.578841
,-7.0,50,2078.859307
,-12.0,50,2079.158763
,-13.0,50,2079.427346
,0.0,50,2079.716747
,-11.0,50,2080.010743
,-12.0,50,2080.274176
,-31.0,50,2080.528905
,-9.0,50,2082.237314
,-20.0,50,2083.972495
,-19.0,50,2085.697519
,-29.0,50,2087.436696
,-11.0,50,2089.18967
,-7.0,50,2090.882422
,-12.0,50,2092.590464
,-16.0,50,2094.351321
,0.0,50,2096.043135
,-8.0,50,2097.78728
,-41.0,50,2099.527619
,-21.0,50,2101.23744
,-10.0,50,2102.975035
,-22.0,50,2104.672345
,-44.0,50,2106.421031
,-15.0,50,2108.133001
,-12.0,50,2109.901224
,-20.0,50,2111.643634
,-11.0,50,2113.292302
,-17.0,50,2115.073067
,-21.0,50,2116.747726
,-20.0,50,2118.508004
,-45.0,50,2120.217949
,-48.0,50,2122.006127
,-34.0,50,2123.710452
,-14.0,50,2125.41479
,-30.0,50,2127.124111
,-10.0,50,2128.826693
,-16.0,50,2130.512351
,-17.0,50,2132.270648
,-20.0,50,2134.002253
,-16.0,50,2135.708902
,-33.0,50,2137.442134
,-19.0,50,2139.116563
,-17.0,50,2140.888448
,-19.0,50,2142.650242
,-43.0,50,2144.382273
,-22.0,50,2146.145856
,-28.0,50,2147.826583
,-10.0,50,2149.578307
,-40.0,50,2151.288074
,-18.0,50,2153.059003
,-10.0,50,2154.746652
,-7.0,50,2156.497857
,-19.0,50,2158.222272
,-11.0,50,2159.900871
,-18.0,50,2161.593539
,0.0,50,2163.375829
,-4.0,50,2165.063239
,0.0,50,2166.842589
,-9.0,50,2167.106252
,-7.0,50,2167.384311
,-20.0,50,2167.668514
,-9.0,50,2167.934892
,-14.0,50,2168.227878
,-50.0,50,2168.579945
,-13.0,50,2168.850642
,-10.0,50,2169.118299
,-10.0,50,2169.385346
,-25.0,50,2169.680351
,-15.0,50,2171.414013
,-22.0,50,2173.162836
,-8.0,50,2174.947281
,-21.0,50,2176.643258
,-15.0,50,2178.330389
,-19.0,50,2180.058112
,-30.0,50,2181.800076
,-28.0,50,2183.48718
,-13.0,50,2185.24579
,-24.0,50,2186.989519
,-26.0,50,2188.673281
,-14.0,50,2190.407701
,-35.0,50,2192.154146
,0.0,50,2193.83609
,-13.0,50,2195.53351
,-38.0,50,2197.270739
,-12.0,50,2199.003382
,-12.0,50,2200.699498
,-12.0,50,2202.471886
,-26.0,50,2204.183323
,-12.0,50,2205.850262
,0.0,50,2207.615852
,-27.0,50,2209.360992
,-18.0,50,2211.100914
,-12.0,50,2212.839346
,-26.0,50,2214.524179
,-14.0,50,2216.318202
,0.0,50,2218.058405
,-11.0,50,2219.76498
,-37.0,50,2221.493856
,-26.0,50,2223.259301
,-10.0,50,2224.989453
,-17.0,50,2226.695084
,-32.0,50,2228.446517
,-12.0,50,2230.195781
,-16.0,50,2231.927311
,-23.0,50,2233.656198
,-15.0,50,2235.376256
,-16.0,50,2237.087869
,-16.0,50,2238.823173
,-15.0,50,2240.571356
,-14.0,50,2242.313102
,-20.0,50,2244.033299
,-8.0,50,2245.737284
,-7.0,50,2247.432133
,-21.0,50,2249.216482
,-21.0,50,2250.909582
,-22.0,50,2252.605168
,-32.0,50,2254.344519
,-7.0,50,2256.164873
,0.0,50,2256.425028
,-12.0,50,2256.700829
,-6.0,50,2256.973788
,-13.0,50,2257.269049
,-7.0,50,2257.555508
,-15.0,50,2257.857099
,0.0,50,2258.122436
,-10.0,50,2258.393217
,-9.0,50,2258.665282
,-13.0,50,2258.990704
,-9.0,50,2260.689245
,-50.0,50,2262.466167
,-16.0,50,2264.164594
,0.0,50,2265.9093
,-11.0,50,2267.628798
,-15.0,50,2269.384166
,-15.0,50,2271.113731
,-15.0,50,2272.866799
,-8.0,50,2274.614351
,-10.0,50,2276.303457
,-9.0,50,2278.021004
,-29.0,50,2279.749106
,-18.0,50,2281.50265
,-7.0,50,2283.202705
,-16.0,50,2284.950751
,-50.0,50,2286.700151
,-20.0,50,2288.412683
,-10.0,50,2290.197261
,-11.0,50,2291.916126
,-30.0,50,2293.614238
,-19.0,50,2295.377359
,-17.0,50,2297.107053
,0.0,50,2298.819235
,-19.0,50,2300.547134
,0.0,50,2302.336458
,-18.0,50,2304.065522
,-16.0,50,2305.814317
,-12.0,50,2307.550576
,-11.0,50,2309.266593
,-27.0,50,2311.049205
,-16.0,50,2312.77126
,-12.0,50,2314.506238
,-20.0,50,2316.239856
,-20.0,50,2318.010154
,-17.0,50,2319.701101
,-9.0,50,2321.441751
,-18.0,50,2323.213163
,-14.0,50,2324.971666
,-21.0,50,2326.714482
,-20.0,50,2328.409749
,-22.0,50,2330.118522
,-35.0,50,2331.911172
,-12.0,50,2333.602278
,-10.0,50,2335.381536
,-13.0,50,2337.062697
,0.0,50,2338.80108
,-46.0,50,2340.493651
,-17.0,50,2342.243604
,-6.0,50,2343.976139
,-7.0,50,2345.790925
,-12.0,50,2346.081366
,-13.0,50,2346.359263
,-7.0,50,2346.653018
,-8.0,50,2346.914094
,-10.0,50,2347.17507
,-14.0,50,2347.455608
,-1.0,50,2347.735073
,-6.0,50,2348.007188
,-11.0,50,2348.297071
,-22.0,50,2348.579334
,-22.0,50,2350.360137
,-13.0,50,2352.058709
,-10.0,50,2353.794706
,-7.0,50,2355.555669
,0.0,50,2357.312332
,-15.0,50,2359.016343
,-8.0,50,2360.771319
,-14.0,50,2362.496595
,-19.0,50,2364.242119
,0.0,50,2365.954965
,-13.0,50,2367.73006
,0.0,50,2369.479718
,-42.0,50,2371.24232
,-16.0,50,2372.916493
,-16.0,50,2374.684183
,-17.0,50,2376.394049
,-20.0,50,2378.135351
,-12.0,50,2379.868212
,-9.0,50,2381.610489
,-16.0,50,2383.375645
,-21.0,50,2385.071743
,0.0,50,2386.810116
,-14.0,50,2388.531314
,-21.0,50,2390.260634
,-25.0,50,2392.036731
,-13.0,50,2393.746321
,-18.0,50,2395.51183
,-7.0,50,2397.217582
,-7.0,50,2398.956837
,-31.0,50,2400.715645
,-29.0,50,2402.454783
,-13.0,50,2404.187125
,-12.0,50,2405.933545
,-8.0,50,2407.704907
,-21.0,50,2409.415016
,-21.0,50,2411.17318
,-46.0,50,2412.946906
,-40.0,50,2414.654447
,-15.0,50,2416.354646
,-19.0,50,2418.127935
,-14.0,50,2419.862402
,-24.0,50,2421.600788
,-19.0,50,2423.330102
,-20.0,50,2425.061197
,-11.0,50,2426.822963
,-11.0,50,2428.549053
,-8.0,50,2430.292686
,-7.0,50,2432.076205
,-13.0,50,2433.752096
,-11.0,50,2435.537458
,-13.0,50,2435.81169
,-10.0,50,2436.076718
,-11.0,50,2436.356917
,-20.0,50,2436.627183
,-9.0,50,2436.912485
,-13.0,50,2437.169461
,-13.0,50,2437.437556
,-6.0,50,2437.70945
,-5.0,50,2437.994211
,-28.0,50,2438.392795
,-20.0,50,2440.151023
,-26.0,50,2441.850486
,-7.0,50,2443.587301
,-26.0,50,2445.312879
,-6.0,50,2447.08736
,-32.0,50,2448.859996
,-35.0,50,2450.580878
,-11.0,50,2452.35468
,-21.0,50,2454.067172
,-13.0,50,2455.80442
,-16.0,50,2457.564569
,-15.0,50,2459.261038
,-17.0,50,2460.964205
,-18.0,50,2462.777174
,-20.0,50,2464.464643
,-29.0,50,2466.266581
,-7.0,50,2468.023208
,-25.0,50,2469.709136
,-41.0,50,2471.504128
,-21.0,50,2473.272499
,-9.0,50,2475.011799
,0.0,50,2476.702864
,-47.0,50,2478.481848
,-7.0,50,2480.228817
,-18.0,50,2481.988026
,-18.0,50,2483.707111
,-23.0,50,2485.394424
,-23.0,50,2487.154757
,-6.0,50,2488.950897
,-8.0,50,2490.666782
,-22.0,50,2492.394376
,-14.0,50,2494.146286
,-20.0,50,2495.854383
,-34.0,50,2497.607697
,-13.0,50,2499.361999
,-15.0,50,2501.062279
,-8.0,50,2502.813351
,-14.0,50,2504.594338
,-16.0,50,2506.354447
,-14.0,50,2508.060719
,-16.0,50,2509.802913
,-13.0,50,2511.579862
,-16.0,50,2513.295703
,-22.0,50,2515.043073
,-24.0,50,2516.748794
,-27.0,50,2518.516558
,0.0,50,2520.249059
,-18.0,50,2522.03846
,-31.0,50,2523.742366
,-8.0,50,2525.532193
,-9.0,50,2525.789181
,-6.0,50,2526.109459
,0.0,50,2526.40556
,-10.0,50,2526.668926
,-7.0,50,2526.972607
,-8.0,50,2527.241243
,-9.0,50,2527.505032
,-12.0,50,2527.79856
,-11.0,50,2528.049757
,-17.0,50,2528.344516
,-18.0,50,2530.039202
,-23.0,50,2531.849359
,-9.0,50,2533.570726
,-19.0,50,2535.344617
,-12.0,50,2537.093277
,0.0,50,2538.785232
,-25.0,50,2540.611459
,-8.0,50,2542.324503
,0.0,50,2544.055855
,-28.0,50,2545.79855
,-22.0,50,2547.55722
,-30.0,50,2549.355837
,-11.0,50,2551.057156
,-12.0,50,2552.766994
,-15.0,50,2554.502786
,-14.0,50,2556.27869
,-7.0,50,2558.002639
,-32.0,50,2559.742447
,-8.0,50,2561.482003
,-25.0,50,2563.264105
,-31.0,50,2565.050186
,-20.0,50,2566.75181
,-12.0,50,2568.524477
,-18.0,50,2570.316924
,-16.0,50,2572.067583
,-15.0,50,2573.771172
,-17.0,50,2575.537308
,-18.0,50,2577.291861
,-24.0,50,2579.033383
,-24.0,50,2580.718326
,-44.0,50,2582.531274
,0.0,50,2584.279792
,-21.0,50,2586.010261
,-22.0,50,2587.772484
,-12.0,50,2589.513427
,-37.0,50,2591.290374
,-12.0,50,2593.071741
,-22.0,50,2594.78696
,-16.0,50,2596.55075
,-10.0,50,2598.266915
,-12.0,50,2600.085784
,-16.0,50,2601.775394
,-9.0,50,2603.541405
,-23.0,50,2605.232585
,-36.0,50,2607.032632
,-35.0,50,2608.849238
,-25.0,50,2610.581522
,-40.0,50,2612.34287
,-14.0,50,2614.07529
,-9.0,50,2615.90669
,-25.0,50,2616.191849
,-12.0,50,2616.450462
,-6.0,50,2616.7166
,-11.0,50,2616.991889
,-11.0,50,2617.261564
,0.0,50,2617.539903
,-10.0,50,2617.819684
,-7.0,50,2618.09912
,-13.0,50,2618.386789
,-13.0,50,2618.698756
,0.0,50,2620.51372
,-14.0,50,2622.248344
,-50.0,50,2623.980422
,-7.0,50,2625.716224
,-30.0,50,2627.50556
,-12.0,50,2629.270275
,-25.0,50,2630.99266
,-27.0,50,2632.783581
,-13.0,50,2634.509189
,-18.0,50,2636.278033
,-11.0,50,2638.071234
,0.0,50,2639.798823
,-15.0,50,2641.529239
,0.0,50,2643.301154
,-13.0,50,2645.045064
,-16.0,50,2646.768254
,-8.0,50,2648.555766
,-9.0,50,2650.263504
,-23.0,50,2652.071904
,-11.0,50,2653.803711
,-10.0,50,2655.568375
,-27.0,50,2657.345538
,-22.0,50,2659.130641
,-18.0,50,2660.830066
,-15.0,50,2662.622396
,-17.0,50,2664.370338
,-15.0,50,2666.177748
,-31.0,50,2667.890906
,-12.0,50,2669.633964
,-7.0,50,2671.398569
,0.0,50,2673.143773
,-27.0,50,2674.887339
,-19.0,50,2676.682408
,-8.0,50,2678.42355
,-2.0,50,2680.132946
,-17.0,50,2681.897022
,-27.0,50,2683.660774
,-13.0,50,2685.412778
,0.0,50,2687.115215
,-8.0,50,2688.924692
,-35.0,50,2690.679802
,-48.0,50,2692.437066
,-5.0,50,2694.176744
,-13.0,50,2695.943492
,-22.0,50,2697.745369
,-10.0,50,2699.442414
,-19.0,50,2701.201353
,-22.0,50,2703.006459
,-14.0,50,2704.740859
,-11.0,50,2706.480696
,-19.0,50,2706.758743
,-6.0,50,2707.036795
,-10.0,50,2707.314062
,-7.0,50,2707.591692
,-12.0,50,2707.870987
,-8.0,50,2708.154506
,-7.0,50,2708.426955
,-12.0,50,2708.692085
,0.0,50,2708.969626
,-23.0,50,2709.366679
,-12.0,50,2711.090995
,-18.0,50,2712.835696
,-23.0,50,2714.600562
,-32.0,50,2716.412938
,-11.0,50,2718.122444
,0.0,50,2719.898263
,-19.0,50,2721.677567
,-50.0,50,2723.430797
,-20.0,50,2725.117018
,-15.0,50,2726.889856
,-37.0,50,2728.716545
,-16.0,50,2730.455801
,-25.0,50,2732.137809
,-19.0,50,2733.922503
,-16.0,50,2735.706028
,-3.0,50,2737.495337
,-7.0,50,2739.200851
,0.0,50,2741.056178
,-13.0,50,2742.748958
,-25.0,50,2744.52854
,-15.0,50,2746.346485
,-13.0,50,2748.038908
,-13.0,50,2749.810185
,-6.0,50,2751.5464
,-21.0,50,2753.27862
,-11.0,50,2755.115726
,-13.0,50,2756.819097
,-45.0,50,2758.583278
,-15.0,50,2760.347321
,-23.0,50,2762.131573
,0.0,50,2763.906497
,0.0,50,2765.666939
,-16.0,50,2767.42736
,-19.0,50,2769.165983
,-6.0,50,2770.908156
,-13.0,50,2772.627949
,-10.0,50,2774.414996
,-14.0,50,2776.127311
,-12.0,50,2777.887732
,-22.0,50,2779.652193
,-12.0,50,2781.43877
,0.0,50,2783.181357
,-16.0,50,2784.906315
,-12.0,50,2786.661296
,-15.0,50,2788.365135
,-21.0,50,2790.144109
,-39.0,50,2791.911607
,-48.0,50,2793.670354
,-14.0,50,2795.426151
,-8.0,50,2797.191646
,-6.0,50,2797.466467
,-14.0,50,2797.774405
,-14.0,50,2798.053321
,-12.0,50,2798.330945
,-11.0,50,2798.617851
,-11.0,50,2798.885176
,-9.0,50,2799.162131
,-10.0,50,2799.43262
,-8.0,50,2799.709417
,-19.0,50,2800.039113
,-24.0,50,2801.780631
,-26.0,50,2803.554711
,-12.0,50,2805.252805
,-22.0,50,2807.034683
,-12.0,50,2808.775252
,-12.0,50,2810.539691
,-26.0,50,2812.282751
,-12.0,50,2814.072365
,-16.0,50,2815.857326
,-17.0,50,2817.568229
,-22.0,50,2819.365556
,-20.0,50,2821.09017
,-41.0,50,2822.858435
,-12.0,50,2824.605999
,-28.0,50,2826.36251
,-12.0,50,2828.141342
,-18.0,50,2829.913221
,-7.0,50,2831.68943
,-8.0,50,2833.384319
,-15.0,50,2835.183508
,-35.0,50,2836.942213
,-12.0,50,2838.708171
,-14.0,50,2840.468468
,-13.0,50,2842.227039
,-29.0,50,2844.018561
,-32.0,50,2845.73653
,-19.0,50,2847.543041
,-28.0,50,2849.231908
,-19.0,50,2850.985498
,-3.0,50,2852.744835
,-17.0,50,2854.564802
,-9.0,50,2856.252908
,-14.0,50,2858.027313
,-14.0,50,2859.790549
,-19.0,50,2861.550742
,-19.0,50,2863.318452
,-27.0,50,2865.078511
,-19.0,50,2866.826136
,-12.0,50,2868.61229
,-31.0,50,2870.298916
,-12.0,50,2872.075139
,-15.0,50,2873.873837
,-11.0,50,2875.629977
,-11.0,50,2877.416605
,-12.0,50,2879.17264
,-11.0,50,2880.938633
,-13.0,50,2882.659677
,0.0,50,2884.487093
,-7.0,50,2886.21686
,-7.0,50,2888.051355
,-8.0,50,2888.308277
,-8.0,50,2888.583431
,-14.0,50,2888.853043
,-9.0,50,2889.1283
,-12.0,50,2889.413432
,-10.0,50,2889.686738
,-10.0,50,2889.962495
,-13.0,50,2890.257446
,-11.0,50,2890.526463
,-11.0,50,2890.843486
,-14.0,50,2892.600567
,-20.0,50,2894.354264
,-14.0,50,2896.070304
,-8.0,50,2897.838605
,-50.0,50,2899.636532
,-6.0,50,2901.443255
,0.0,50,2903.21592
,-14.0,50,2904.96263
,-27.0,50,2906.719143
,-13.0,50,2908.492277
,-18.0,50,2910.270999
,-13.0,50,2912.04032
,-13.0,50,2913.780629
,-13.0,50,2915.493259
,-16.0,50,2917.302174
,0.0,50,2919.062032
,-41.0,50,2920.810996
,-18.0,50,2922.587853
,-24.0,50,2924.426909
,-14.0,50,2926.159816
,-28.0,50,2927.920208
,-19.0,50,2929.648408
,-19.0,50,2931.448958
,-15.0,50,2933.234573
,-30.0,50,2935.005596
,-8.0,50,2936.807213
,-29.0,50,2938.532995
,-10.0,50,2940.32928
,-16.0,50,2942.106063
,-42.0,50,2943.890195
,-15.0,50,2945.674896
,-17.0,50,2947.371346
,-7.0,50,2949.254304
,-12.0,50,2950.989625
,-22.0,50,2952.749549
,-12.0,50,2954.544965
,-10.0,50,2956.298675
,-22.0,50,2958.091046
,-14.0,50,2959.854815
,-10.0,50,2961.612558
,-16.0,50,2963.370328
,-11.0,50,2965.142496
,-23.0,50,2966.89554
,-12.0,50,2968.651486
,-34.0,50,2970.451679
,-16.0,50,2972.216112
,-22.0,50,2973.966078
,-15.0,50,2975.766629
,0.0,50,2977.481685
,-12.0,50,2979.295272
,-8.0,50,2979.560804
,-4.0,50,2979.829533
,-8.0,50,2980.10946
,-11.0,50,2980.36738
,-12.0,50,2980.629687
,-11.0,50,2980.899868
,-15.0,50,2981.217035
,0.0,50,2981.50594
,-21.0,50,2981.808357
,-16.0,50,2982.189934
,-13.0,50,2983.96039
,-17.0,50,2985.685096
,-22.0,50,2987.477783
,0.0,50,2989.254034
,-15.0,50,2991.005705
,-15.0,50,2992.794467
,-16.0,50,2994.507514
,-30.0,50,2996.30344
,-16.0,50,2998.086123
,-20.0,50,2999.838887
,-18.0,50,3001.621222
,-14.0,50,3003.364024
,-13.0,50,3005.136289
,-19.0,50,3006.943151
,-8.0,50,3008.711011
,0.0,50,3010.480357
,-19.0,50,3012.255455
,0.0,50,3013.9983
,-20.0,50,3015.76305
,-24.0,50,3017.515375
,-22.0,50,3019.29154
,-19.0,50,3021.060392
,-15.0,50,3022.834291
,-21.0,50,3024.726146
,0.0,50,3026.444898
,-14.0,50,3028.242092
,-35.0,50,3030.010289
,-15.0,50,3031.75403
,-9.0,50,3033.49748
,-47.0,50,3035.277059
,-17.0,50,3037.084721
,-13.0,50,3038.889566
,-17.0,50,3040.648974
,-10.0,50,3042.446397
,-10.0,50,3044.14555
,-24.0,50,3045.961264
,-15.0,50,3047.710969
,-24.0,50,3049.569725
,-13.0,50,3051.269789
,0.0,50,3053.076341
,-29.0,50,3054.814676
,-9.0,50,3056.636451
,-28.0,50,3058.370799
,-10.0,50,3060.114764
,-11.0,50,3061.888342
,-11.0,50,3063.709041
,-29.0,50,3065.44939
,-11.0,50,3067.225271
,-9.0,50,3068.962852
,-10.0,50,3070.725869
,-6.0,50,3070.987579
,-5.0,50,3071.260546
,-11.0,50,3071.551452
,0.0,50,3071.833906
,-10.0,50,3072.115773
,-9.0,50,3072.383069
,-7.0,50,3072.647522
,-20.0,50,3072.932426
,-7.0,50,3073.202284
,-26.0,50,3073.601273
,-11.0,50,3075.336854
,-17.0,50,3077.154022
,-14.0,50,3078.942205
,-15.0,50,3080.704003
,-18.0,50,3082.448989
,-30.0,50,3084.257084
,-29.0,50,3086.042296
,-15.0,50,3087.780392
,-21.0,50,3089.540158
,-26.0,50,3091.339817
,-14.0,50,3093.106221
,-14.0,50,3094.897977
,-31.0,50,3096.700238
,-20.0,50,3098.495576
,-29.0,50,3100.236112
,-26.0,50,3102.065066
,-21.0,50,3103.795358
,0.0,50,3105.55165
,-19.0,50,3107.311458
,-50.0,50,3109.139392
,-16.0,50,3110.847281
,-7.0,50,3112.647512
,-9.0,50,3114.442483
,-14.0,50,3116.186928
,-14.0,50,3117.929933
,-11.0,50,3119.686653
,-17.0,50,3121.45874
,-17.0,50,3123.3183
,-13.0,50,3125.049472
,-19.0,50,3126.826538
,-15.0,50,3128.597904
,-24.0,50,3130.345097
,-23.0,50,3132.199444
,-17.0,50,3133.924436
,-12.0,50,3135.762182
,-9.0,50,3137.522583
,-29.0,50,3139.270681
,-15.0,50,3141.018699
,-13.0,50,3142.756158
,-9.0,50,3144.603576
,-17.0,50,3146.370577
,-39.0,50,3148.112435
,-15.0,50,3149.892731
,-19.0,50,3151.687075
,-23.0,50,3153.474146
,-12.0,50,3155.295425
,-15.0,50,3157.041766
,-48.0,50,3158.830286
,-13.0,50,3160.584938
,-6.0,50,3162.390297
,-11.0,50,3162.669038
,-6.0,50,3162.940257
,-11.0,50,3163.224683
,-7.0,50,3163.504596
,0.0,50,3163.779815
,0.0,50,3164.047318
,-8.0,50,3164.319056
,-14.0,50,3164.597095
,-9.0,50,3164.876257
,-15.0,50,3165.223483
,-10.0,50,3166.968677
,-18.0,50,3168.748794
,-41.0,50,3170.52458
,-19.0,50,3172.317863
,-10.0,50,3174.116996
,-11.0,50,3175.880821
,-15.0,50,3177.677204
,-6.0,50,3179.425574
,-17.0,50,3181.2047
,-18.0,50,3183.012163
,-13.0,50,3184.757128
,-14.0,50,3186.515575
,-25.0,50,3188.315929
,-14.0,50,3190.081886
,-19.0,50,3191.845556
,-16.0,50,3193.666435
,-12.0,50,3195.469021
,-26.0,50,3197.291356
,-11.0,50,3199.006315
,-23.0,50,3200.826235
,-13.0,50,3202.617508
,-9.0,50,3204.345484
,-7.0,50,3206.169576
,-15.0,50,3207.928149
,-15.0,50,3209.672333
,-19.0,50,3211.461072
,-9.0,50,3213.310339
,-26.0,50,3215.05349
,-18.0,50,3216.798458
,-18.0,50,3218.564569
,-35.0,50,3220.364447
,0.0,50,3222.130318
,-13.0,50,3223.975554
,-9.0,50,3225.712364
,-24.0,50,3227.517586
,-14.0,50,3229.289568
,-12.0,50,3231.134114
,-11.0,50,3232.835636
,-50.0,50,3234.675405
,-12.0,50,3236.431394
,-11.0,50,3238.235806
,-27.0,50,3239.982933
,-18.0,50,3241.773588
,-29.0,50,3243.522181
,0.0,50,3245.297598
,-34.0,50,3247.091265
,-12.0,50,3248.897221
,-17.0,50,3250.67276
,-17.0,50,3252.434747
,-7.0,50,3254.200187
,-9.0,50,3254.468317
,-11.0,50,3254.737548
,-10.0,50,3255.010211
,-11.0,50,3255.318067
,-7.0,50,3255.604317
,-15.0,50,3255.886169
,-7.0,50,3256.170159
,-11.0,50,3256.431207
,0.0,50,3256.714857
,-30.0,50,3257.036602
,-19.0,50,3258.805135
,-13.0,50,3260.599809
,-5.0,50,3262.365348
,-8.0,50,3264.141646
,-26.0,50,3265.918879
,-48.0,50,3267.777658
,-17.0,50,3269.52299
,-21.0,50,3271.32521
,-14.0,50,3273.028729
,-14.0,50,3274.910385
,-24.0,50,3276.636433
,-18.0,50,3278.402484
,-27.0,50,3280.21347
,-11.0,50,3281.9973
,-6.0,50,3283.727869
,0.0,50,3285.526268
,-19.0,50,3287.333486
,-29.0,50,3289.139648
,-26.0,50,3290.916609
,-16.0,50,3292.711042
,-13.0,50,3294.438608
,-17.0,50,3296.229922
,-21.0,50,3298.044246
,-18.0,50,3299.87299
,-18.0,50,3301.622121
,-10.0,50,3303.435472
,-25.0,50,3305.195344
,-24.0,50,3306.95192
,-14.0,50,3308.731658
,-9.0,50,3310.547363
,-16.0,50,3312.302307
,-8.0,50,3314.127372
,-21.0,50,3315.922316
,-14.0,50,3317.736763
,-18.0,50,3319.484655
,-12.0,50,3321.259029
,-30.0,50,3323.1167
,-18.0,50,3324.94071
,-22.0,50,3326.672237
,-33.0,50,3328.5152
,-17.0,50,3330.272689
,-40.0,50,3332.077688
,-9.0,50,3333.863708
,-16.0,50,3335.626522
,-18.0,50,3337.481954
,-22.0,50,3339.251585
,-14.0,50,3341.009698
,-15.0,50,3342.801945
,-22.0,50,3344.622113
,-11.0,50,3346.383465
,-12.0,50,3346.654555
,-7.0,50,3346.954542
,-5.0,50,3347.219476
,-10.0,50,3347.506176
,-6.0,50,3347.761244
,-7.0,50,3348.035758
,-5.0,50,3348.319489
,-11.0,50,3348.605246
,-12.0,50,3348.876568
,-24.0,50,3349.223416
,-14.0,50,3351.002667
,-3.0,50,3352.788696
,-36.0,50,3354.577688
,-14.0,50,3356.331526
,-9.0,50,3358.108206
,-13.0,50,3359.913904
,-15.0,50,3361.73887
,-33.0,50,3363.534902
,-25.0,50,3365.295454
,-14.0,50,3367.094401
,-18.0,50,3368.877264
,-13.0,50,3370.66745
,-18.0,50,3372.511837
,-15.0,50,3374.297271
,-13.0,50,3376.046001
,-26.0,50,3377.838181
,-21.0,50,3379.625987
,-10.0,50,3381.414022
,-17.0,50,3383.20015
,-20.0,50,3385.006931
,-18.0,50,3386.785558
,-12.0,50,3388.544964
,-12.0,50,3390.4043
,-21.0,50,3392.20735
,-18.0,50,3393.966313
,-14.0,50,3395.818984
,-35.0,50,3397.570454
,-10.0,50,3399.337242
,-20.0,50,3401.115387
,-12.0,50,3402.932256
,-7.0,50,3404.788473
,-28.0,50,3406.531267
,0.0,50,3408.36864
,-19.0,50,3410.21301
,-20.0,50,3411.939247
,-20.0,50,3413.732695
,-7.0,50,3415.548381
,-50.0,50,3417.359021
,-28.0,50,3419.141506
,-30.0,50,3420.915706
,-15.0,50,3422.667354
,-31.0,50,3424.47006
,-22.0,50,3426.314942
,-20.0,50,3428.088576
,-35.0,50,3429.903864
,-10.0,50,3431.677013
,-14.0,50,3433.467934
,0.0,50,3435.263329
,-41.0,50,3437.041548
,-5.0,50,3438.844016
,-8.0,50,3439.125978
,-6.0,50,3439.408776
,-9.0,50,3439.672414
,-9.0,50,3439.933446
,-7.0,50,3440.229078
,-6.0,50,3440.512532
,-12.0,50,3440.806663
,-15.0,50,3441.085107
,-11.0,50,3441.376791
,-13.0,50,3441.682978
,-11.0,50,3443.446781
,-38.0,50,3445.270652
,0.0,50,3447.107342
,-12.0,50,3448.843424
,0.0,50,3450.615338
,-23.0,50,3452.433607
,-17.0,50,3454.236012
,-24.0,50,3455.999352
,-21.0,50,3457.795065
,-16.0,50,3459.590423
,-15.0,50,3461.364242
,-19.0,50,3463.131506
,-11.0,50,3464.932535
,-22.0,50,3466.739204
,-20.0,50,3468.490378
,-7.0,50,3470.260848
,-13.0,50,3472.040285
,0.0,50,3473.892619
,-14.0,50,3475.663714
,-17.0,50,3477.427524
,-9.0,50,3479.276868
,-22.0,50,3481.074405
,-21.0,50,3482.863742
,-38.0,50,3484.661821
,0.0,50,3486.42726
,-14.0,50,3488.21603
,-16.0,50,3489.995429
,-12.0,50,3491.788028
,-20.0,50,3493.5891
,-18.0,50,3495.366331
,-12.0,50,3497.157573
,-17.0,50,3498.90622
,-23.0,50,3500.773855
,-13.0,50,3502.5271
,0.0,50,3504.330064
,-10.0,50,3506.148509
,-26.0,50,3507.941923
,-17.0,50,3509.693007
,-15.0,50,3511.493297
,0.0,50,3513.249388
,-13.0,50,3515.030259
,-9.0,50,3516.838305
,-10.0,50,3518.657301
,-8.0,50,3520.475748
,-14.0,50,3522.263571
,-11.0,50,3524.093339
,-19.0,50,3525.8698
,-19.0,50,3527.66901
,-31.0,50,3529.487661
,-11.0,50,3531.289581
,-15.0,50,3531.578956
,-13.0,50,3531.847667
,-6.0,50,3532.126601
,-9.0,50,3532.41148
,-9.0,50,3532.688644
,-6.0,50,3532.957148
,-4.0,50,3533.227156
,-7.0,50,3533.502746
,-5.0,50,3533.785989
