#{"t_start": 1583044983.872493, "env_id": "FetchPush-v1"}
s,r,l,t
,-50.0,50,5.086706
,-50.0,50,6.97443
,-50.0,50,8.607528
,-50.0,50,10.23918
,-50.0,50,11.830941
,-50.0,50,13.431449
,-50.0,50,15.05493
,-50.0,50,16.665419
,-50.0,50,18.255918
,-50.0,50,19.871149
,-50.0,50,21.527982
,-50.0,50,23.12582
,-50.0,50,24.753163
,-50.0,50,26.357926
,-50.0,50,27.960954
,-50.0,50,29.625284
,-50.0,50,31.20925
,-50.0,50,32.826183
,-50.0,50,34.455497
,-50.0,50,36.042747
,-50.0,50,37.690572
,-50.0,50,39.281801
,-50.0,50,40.90328
,-50.0,50,42.537206
,-50.0,50,44.128366
,-50.0,50,45.757928
,-50.0,50,47.343391
,-50.0,50,48.99347
,-50.0,50,50.612988
,0.0,50,52.256312
,-50.0,50,53.856958
,-50.0,50,55.494913
,-50.0,50,57.131229
,-50.0,50,58.720824
,-50.0,50,60.367707
,-50.0,50,61.963445
,-50.0,50,63.56903
,-50.0,50,65.158022
,-50.0,50,66.798072
,0.0,50,68.405668
,-50.0,50,70.04253
,-50.0,50,71.624179
,-50.0,50,73.289642
,-50.0,50,74.908338
,-50.0,50,76.537534
,-50.0,50,78.158909
,-50.0,50,79.740124
,-50.0,50,81.401753
,-50.0,50,83.015284
,-50.0,50,84.61494
,-50.0,50,86.264624
,-50.0,50,86.549555
,-50.0,50,86.783882
,0.0,50,87.063878
,-50.0,50,87.32091
,-50.0,50,87.574094
,-50.0,50,87.846201
,-50.0,50,88.135202
,-50.0,50,88.393706
,-50.0,50,88.654871
,-50.0,50,89.253027
,0.0,50,90.866257
,-50.0,50,92.510423
,-50.0,50,94.149862
,-50.0,50,95.785478
,-50.0,50,97.413512
,-50.0,50,99.038639
,0.0,50,100.66989
,-50.0,50,102.291335
,0.0,50,103.948509
,-50.0,50,105.57062
,-50.0,50,107.222448
,-50.0,50,108.846151
,-50.0,50,110.504097
,-50.0,50,112.132448
,-50.0,50,113.775493
,-50.0,50,115.374436
,-50.0,50,116.987086
,-50.0,50,118.663545
,-50.0,50,120.239892
,-50.0,50,121.874939
,-50.0,50,123.530671
,-50.0,50,125.155599
,-50.0,50,126.778556
,-50.0,50,128.402863
,-50.0,50,130.070653
,-50.0,50,131.69261
,-50.0,50,133.282657
,-50.0,50,134.949531
,-50.0,50,136.576835
,-50.0,50,138.166594
,-50.0,50,139.82667
,-50.0,50,141.451728
,-50.0,50,143.075551
,-50.0,50,144.74289
,-50.0,50,146.381711
,0.0,50,148.018832
,-50.0,50,149.625628
,-50.0,50,151.25392
,-50.0,50,152.872449
,-50.0,50,154.495824
,-50.0,50,156.108203
,-50.0,50,157.735649
,-50.0,50,159.377176
,-50.0,50,161.012311
,-50.0,50,162.648615
,0.0,50,164.286566
,0.0,50,165.88358
,-50.0,50,167.513203
,-50.0,50,169.107497
,-50.0,50,170.758191
,-50.0,50,171.020652
,-50.0,50,171.302843
,-50.0,50,171.591142
,-50.0,50,171.891025
,-50.0,50,172.160383
,-50.0,50,172.437562
,-50.0,50,172.725332
,-50.0,50,172.984174
,-50.0,50,173.291957
,-50.0,50,173.631291
,-50.0,50,175.280701
,-50.0,50,176.905911
,-50.0,50,178.516876
,-50.0,50,180.204157
,-37.0,50,181.814758
,-50.0,50,183.448271
,-50.0,50,185.053532
,-50.0,50,186.721229
,-50.0,50,188.37157
,0.0,50,189.98271
,-50.0,50,191.654297
,-50.0,50,193.248643
,-50.0,50,194.884156
,-50.0,50,196.517089
,-50.0,50,198.152721
,-50.0,50,199.778369
,-50.0,50,201.409604
,-50.0,50,203.060026
,-50.0,50,204.668906
,-50.0,50,206.308435
,-50.0,50,207.924135
,-50.0,50,209.557007
,-50.0,50,211.201938
,0.0,50,212.803548
,-50.0,50,214.481267
,-50.0,50,216.097454
,-50.0,50,217.750267
,-50.0,50,219.359056
,-50.0,50,221.014431
,-50.0,50,222.622246
,-50.0,50,224.274677
,-50.0,50,225.952372
,-50.0,50,227.574561
,-2.0,50,229.230201
,-50.0,50,230.85316
,-50.0,50,232.503917
,0.0,50,234.115936
,-50.0,50,235.782975
,-50.0,50,237.386605
,-50.0,50,239.024849
,0.0,50,240.671219
,-50.0,50,242.298173
,-50.0,50,243.902993
,-50.0,50,245.53177
,-50.0,50,247.161306
,-50.0,50,248.860664
,-50.0,50,250.470432
,-50.0,50,252.102052
,-50.0,50,253.754653
,-50.0,50,255.361185
,-50.0,50,255.634647
,-50.0,50,255.881765
,0.0,50,256.163983
,-50.0,50,256.43729
,-50.0,50,256.695536
,-50.0,50,257.01304
,-50.0,50,257.278242
,-50.0,50,257.551459
,-50.0,50,257.82128
,-50.0,50,258.227214
,-50.0,50,259.831139
,-50.0,50,261.499499
,-50.0,50,263.141673
,-50.0,50,264.764436
,-50.0,50,266.422451
,-50.0,50,268.05517
,-50.0,50,269.636836
,-50.0,50,271.288255
,-50.0,50,272.943601
,-50.0,50,274.584421
,-50.0,50,276.213153
,-50.0,50,277.815587
,-50.0,50,279.48889
,0.0,50,281.141311
,-50.0,50,282.796318
,-50.0,50,284.414063
,-50.0,50,286.034822
,-50.0,50,287.657134
,-50.0,50,289.318637
,-50.0,50,290.959452
,-50.0,50,292.613109
,-50.0,50,294.224187
,-50.0,50,295.909605
,-26.0,50,297.539905
,-50.0,50,299.169159
,-50.0,50,300.798452
,0.0,50,302.438157
,-50.0,50,304.094499
,-50.0,50,305.763182
,-50.0,50,307.376018
,-50.0,50,309.0323
,-21.0,50,310.633518
,-50.0,50,312.322093
,-50.0,50,313.940963
,-11.0,50,315.603073
,-50.0,50,317.279825
,-50.0,50,318.881737
,-50.0,50,320.501894
,-50.0,50,322.188629
,-50.0,50,323.80327
,-50.0,50,325.445019
,-50.0,50,327.103708
,-50.0,50,328.741083
,-50.0,50,330.40187
,-50.0,50,332.0369
,-50.0,50,333.681911
,-50.0,50,335.290752
,-50.0,50,336.959365
,-50.0,50,338.607611
,-50.0,50,340.281706
,0.0,50,340.576725
,-50.0,50,340.850147
,-50.0,50,341.102554
,-50.0,50,341.378181
,-50.0,50,341.691355
,-50.0,50,341.982887
,-50.0,50,342.266512
,-50.0,50,342.543052
,-50.0,50,342.811562
,0.0,50,343.155238
,-50.0,50,344.832778
,-50.0,50,346.46972
,-50.0,50,348.095494
,-50.0,50,349.741427
,-50.0,50,351.374485
,-50.0,50,353.019931
,-50.0,50,354.626474
,-50.0,50,356.341043
,-50.0,50,357.967708
,-50.0,50,359.595995
,-50.0,50,361.235908
,-50.0,50,362.890159
,-11.0,50,364.503039
,-50.0,50,366.128261
,-50.0,50,367.773508
,-50.0,50,369.452972
,-50.0,50,371.09061
,-50.0,50,372.738377
,-50.0,50,374.379721
,-50.0,50,376.037441
,0.0,50,377.676871
,-50.0,50,379.284021
,-50.0,50,380.940522
,-50.0,50,382.603139
,-50.0,50,384.212481
,-50.0,50,385.850155
,-50.0,50,387.496674
,-50.0,50,389.157151
,-50.0,50,390.808616
,-50.0,50,392.395783
,-50.0,50,394.039768
,-50.0,50,395.667525
,-50.0,50,397.358142
,-50.0,50,399.016384
,-50.0,50,400.685457
,-50.0,50,402.309412
,-50.0,50,403.956819
,-50.0,50,405.611065
,-50.0,50,407.261334
,-50.0,50,408.88414
,-50.0,50,410.575254
,-50.0,50,412.179014
,-50.0,50,413.837908
,-50.0,50,415.50869
,-50.0,50,417.142943
,-9.0,50,418.801074
,-50.0,50,420.466122
,-50.0,50,422.114102
,0.0,50,423.789692
,-50.0,50,425.471004
,-50.0,50,425.756533
,-50.0,50,426.036345
,-50.0,50,426.351541
,-50.0,50,426.668005
,-50.0,50,426.975965
,-9.0,50,427.261488
,-50.0,50,427.531486
,-50.0,50,427.820858
,-50.0,50,428.063963
,-50.0,50,428.369759
,-24.0,50,430.036866
,-50.0,50,431.637718
,-50.0,50,433.299548
,-50.0,50,434.933273
,-50.0,50,436.606807
,-50.0,50,438.270977
,-50.0,50,439.906673
,0.0,50,441.529739
,-50.0,50,443.191199
,-3.0,50,444.820192
,-50.0,50,446.488219
,-50.0,50,448.165471
,-21.0,50,449.818465
,-50.0,50,451.455556
,-50.0,50,453.098758
,-50.0,50,454.76669
,-50.0,50,456.390587
,0.0,50,458.074673
,-50.0,50,459.71521
,-50.0,50,461.387103
,0.0,50,463.080311
,-50.0,50,464.695048
,-50.0,50,466.353162
,-50.0,50,467.98317
,-4.0,50,469.669599
,-50.0,50,471.298398
,-50.0,50,472.973476
,-50.0,50,474.670019
,-50.0,50,476.302386
,-50.0,50,477.968687
,-50.0,50,479.613193
,-16.0,50,481.297593
,-50.0,50,482.965388
,-50.0,50,484.60902
,-50.0,50,486.245396
,-50.0,50,487.907902
,-50.0,50,489.53046
,-50.0,50,491.202013
,-50.0,50,492.874295
,-50.0,50,494.516393
,-50.0,50,496.123253
,-50.0,50,497.775337
,-50.0,50,499.456372
,-50.0,50,501.065182
,-50.0,50,502.773798
,-50.0,50,504.443136
,-20.0,50,506.101098
,-50.0,50,507.767041
,-50.0,50,509.38654
,0.0,50,511.070029
,-21.0,50,511.365486
,-50.0,50,511.644178
,-9.0,50,511.941251
,-50.0,50,512.226523
,-50.0,50,512.515699
,-50.0,50,512.790208
,-50.0,50,513.061345
,-50.0,50,513.397186
,-32.0,50,513.682895
,-50.0,50,513.95593
,-50.0,50,515.617788
,-50.0,50,517.250286
,-50.0,50,518.887103
,0.0,50,520.548957
,-50.0,50,522.219847
,-50.0,50,523.884556
,-50.0,50,525.482058
,-50.0,50,527.15705
,-50.0,50,528.814617
,0.0,50,530.467995
,-50.0,50,532.126553
,-18.0,50,533.767654
,-50.0,50,535.47032
,-47.0,50,537.09002
,0.0,50,538.749483
,-17.0,50,540.414907
,-50.0,50,542.072864
,-50.0,50,543.713923
,-50.0,50,545.376073
,0.0,50,547.060791
,-50.0,50,548.692262
,-37.0,50,550.343872
,0.0,50,551.984704
,-50.0,50,553.643581
,-50.0,50,555.282551
,-50.0,50,556.939838
,-50.0,50,558.59627
,-50.0,50,560.261801
,-50.0,50,561.909884
,-50.0,50,563.545112
,-50.0,50,565.220487
,-50.0,50,566.878879
,-50.0,50,568.530188
,0.0,50,570.186132
,-20.0,50,571.821697
,0.0,50,573.485833
,-50.0,50,575.151861
,-50.0,50,576.799437
,-50.0,50,578.493377
,0.0,50,580.188334
,-50.0,50,581.845274
,-50.0,50,583.49374
,-50.0,50,585.150433
,-50.0,50,586.830046
,0.0,50,588.493458
,-50.0,50,590.110582
,-50.0,50,591.792545
,-50.0,50,593.414866
,-50.0,50,595.100912
,-50.0,50,596.77226
,-50.0,50,597.061499
,-50.0,50,597.380051
,-50.0,50,597.648554
,-50.0,50,597.956964
,-50.0,50,598.238518
,-50.0,50,598.547465
,-50.0,50,598.86298
,-50.0,50,599.148263
,-36.0,50,599.400047
,-12.0,50,599.661857
,-34.0,50,601.332687
,-50.0,50,602.988564
,-48.0,50,604.6527
,-50.0,50,606.308173
,-50.0,50,607.905096
,-50.0,50,609.563659
,0.0,50,611.22324
,-50.0,50,612.838669
,-50.0,50,614.495566
,-50.0,50,616.146106
,-50.0,50,617.822734
,-50.0,50,619.452492
,0.0,50,621.151766
,-50.0,50,622.820584
,-50.0,50,624.441652
,-49.0,50,626.13396
,0.0,50,627.777214
,-9.0,50,629.446873
,0.0,50,631.075641
,-14.0,50,632.722454
,-49.0,50,634.410858
,-50.0,50,636.04843
,-48.0,50,637.705412
,-24.0,50,639.35835
,-3.0,50,641.00075
,-13.0,50,642.67622
,-50.0,50,644.384844
,-50.0,50,645.984621
,-29.0,50,647.665162
,-48.0,50,649.300802
,-50.0,50,650.984561
,-32.0,50,652.614334
,-50.0,50,654.276393
,-50.0,50,655.924829
,-50.0,50,657.595044
,-6.0,50,659.24991
,-50.0,50,660.910998
,-50.0,50,662.555888
,-50.0,50,664.244983
,-50.0,50,665.887246
,-35.0,50,667.596663
,-50.0,50,669.20532
,-12.0,50,670.903358
,-50.0,50,672.523978
,-50.0,50,674.232019
,-41.0,50,675.8848
,-50.0,50,677.552572
,-30.0,50,679.218194
,-50.0,50,680.883772
,-50.0,50,682.53207
,-50.0,50,682.819326
,-50.0,50,683.070297
,-50.0,50,683.399506
,-50.0,50,683.665195
,-50.0,50,683.945059
,-50.0,50,684.216848
,-11.0,50,684.522974
,-4.0,50,684.813639
,-14.0,50,685.090077
,-50.0,50,685.465926
,-9.0,50,687.116337
,-8.0,50,688.771637
,-4.0,50,690.413627
,-7.0,50,692.079286
,-22.0,50,693.730104
,-44.0,50,695.443448
,-14.0,50,697.078249
,-14.0,50,698.768262
,-50.0,50,700.415749
,-50.0,50,702.081091
,-50.0,50,703.705374
,-50.0,50,705.375659
,-40.0,50,707.027982
,-8.0,50,708.664593
,-50.0,50,710.316926
,-50.0,50,711.989034
,-50.0,50,713.637258
,-50.0,50,715.257993
,-50.0,50,716.934161
,0.0,50,718.614766
,-42.0,50,720.262321
,-21.0,50,721.91164
,-50.0,50,723.619172
,-50.0,50,725.270689
,-12.0,50,726.959386
,-50.0,50,728.596537
,-50.0,50,730.249913
,-50.0,50,731.92615
,-50.0,50,733.581444
,-50.0,50,735.231627
,-28.0,50,736.932922
,-50.0,50,738.593621
,-50.0,50,740.28705
,-9.0,50,741.938264
,-50.0,50,743.606935
,-35.0,50,745.279648
,-50.0,50,746.924507
,-15.0,50,748.562541
,-50.0,50,750.258495
,-28.0,50,751.890809
,0.0,50,753.592168
,-42.0,50,755.236506
,-20.0,50,756.910141
,-50.0,50,758.533211
,-14.0,50,760.267011
,-25.0,50,761.892536
,-50.0,50,763.557196
,-50.0,50,765.206213
,-17.0,50,766.901437
,-3.0,50,768.637199
,0.0,50,768.923168
,-9.0,50,769.196092
,-50.0,50,769.49832
,-11.0,50,769.764612
,-50.0,50,770.067137
,-50.0,50,770.357022
,-11.0,50,770.636445
,-10.0,50,770.930456
,-10.0,50,771.199825
,-50.0,50,771.553053
,0.0,50,773.213594
,-50.0,50,774.867214
,-45.0,50,776.597975
,-50.0,50,778.251843
,-50.0,50,779.899681
,-16.0,50,781.560426
,-22.0,50,783.233446
,-50.0,50,784.885247
,-8.0,50,786.5539
,-9.0,50,788.186172
,-21.0,50,789.903851
,-35.0,50,791.523651
,-12.0,50,793.233686
,-33.0,50,794.878732
,-20.0,50,796.546596
,-50.0,50,798.221017
,-22.0,50,799.890259
,-24.0,50,801.546256
,-28.0,50,803.252209
,-15.0,50,804.906581
,-15.0,50,806.617394
,-26.0,50,808.240646
,-12.0,50,809.907605
,-50.0,50,811.573728
,-16.0,50,813.255581
,-17.0,50,814.946645
,-50.0,50,816.616746
,-50.0,50,818.312016
,-12.0,50,819.964462
,-50.0,50,821.633877
,-14.0,50,823.358076
,-32.0,50,825.019017
,-18.0,50,826.665247
,-16.0,50,828.348438
,-16.0,50,829.985814
,-50.0,50,831.684599
,-48.0,50,833.320929
,-19.0,50,834.979126
,-6.0,50,836.652381
,-11.0,50,838.298681
,-9.0,50,839.978317
,-17.0,50,841.607029
,-50.0,50,843.327871
,-12.0,50,844.947889
,0.0,50,846.651838
,-13.0,50,848.344589
,-45.0,50,849.995489
,-10.0,50,851.641026
,-49.0,50,853.353635
,-12.0,50,854.988888
,-10.0,50,855.279258
,-10.0,50,855.569928
,0.0,50,855.879412
,-8.0,50,856.152779
,-11.0,50,856.438652
,-24.0,50,856.704641
,0.0,50,857.003634
,-29.0,50,857.291075
,-14.0,50,857.530606
,-50.0,50,857.847758
,-18.0,50,859.525328
,-35.0,50,861.214537
,-19.0,50,862.881744
,-17.0,50,864.548398
,-14.0,50,866.224731
,-9.0,50,867.861138
,-50.0,50,869.558089
,-11.0,50,871.254064
,-21.0,50,872.904934
,-18.0,50,874.554498
,-33.0,50,876.232614
,0.0,50,877.90951
,-13.0,50,879.598125
,-16.0,50,881.257762
,-18.0,50,882.928785
,-50.0,50,884.586345
,-21.0,50,886.242238
,-26.0,50,887.921839
,-5.0,50,889.585684
,-14.0,50,891.247919
,-15.0,50,892.90897
,-50.0,50,894.591961
,-46.0,50,896.237119
,-24.0,50,897.92247
,-12.0,50,899.555191
,-50.0,50,901.265978
,-19.0,50,902.914321
,-32.0,50,904.596354
,-47.0,50,906.21976
,-25.0,50,907.901183
,-14.0,50,909.593872
,-30.0,50,911.252721
,-8.0,50,912.911107
,-14.0,50,914.622227
,-50.0,50,916.299926
,-16.0,50,917.964635
,-10.0,50,919.627253
,-22.0,50,921.255473
,-11.0,50,922.994984
,-18.0,50,924.68011
,-50.0,50,926.330645
,0.0,50,928.015586
,-13.0,50,929.673023
,-26.0,50,931.320287
,-15.0,50,932.963006
,-25.0,50,934.665594
,-20.0,50,936.365325
,0.0,50,938.0359
,-46.0,50,939.687281
,-14.0,50,941.372857
,-8.0,50,941.658915
,-12.0,50,941.927155
,-9.0,50,942.183661
,-9.0,50,942.446736
,-8.0,50,942.703581
,-50.0,50,942.969681
,-8.0,50,943.236231
,-17.0,50,943.490946
,-7.0,50,943.742103
,-48.0,50,944.243016
,0.0,50,945.879911
,-50.0,50,947.547758
,-14.0,50,949.208217
,-11.0,50,950.896123
,-27.0,50,952.546168
,-21.0,50,954.203429
,-19.0,50,955.864788
,-18.0,50,957.506796
,-47.0,50,959.193181
,-50.0,50,960.812049
,-19.0,50,962.519105
,-5.0,50,964.144799
,-34.0,50,965.848268
,-14.0,50,967.499662
,-23.0,50,969.169593
,-22.0,50,970.807599
,-50.0,50,972.521069
,-29.0,50,974.146681
,-18.0,50,975.838245
,-32.0,50,977.489247
,-34.0,50,979.226811
,-12.0,50,980.877894
,-50.0,50,982.515256
,0.0,50,984.198294
,-50.0,50,985.87685
,-22.0,50,987.560549
,-31.0,50,989.236858
,-17.0,50,990.880974
,-17.0,50,992.531431
,-14.0,50,994.219872
,0.0,50,995.866765
,-9.0,50,997.542027
,-10.0,50,999.221465
,-39.0,50,1000.87561
,-50.0,50,1002.549118
,-16.0,50,1004.210682
,-26.0,50,1005.896783
,-10.0,50,1007.563352
,-50.0,50,1009.200402
,-24.0,50,1010.893214
,-15.0,50,1012.542509
,-22.0,50,1014.241424
,-33.0,50,1015.909911
,-23.0,50,1017.565132
,-49.0,50,1019.262465
,-16.0,50,1020.897589
,-16.0,50,1022.610901
,-12.0,50,1024.247647
,-17.0,50,1025.93002
,-13.0,50,1027.636384
,-8.0,50,1027.896874
,-19.0,50,1028.170782
,0.0,50,1028.431416
,0.0,50,1028.702108
,-7.0,50,1028.958777
,-11.0,50,1029.232402
,-19.0,50,1029.517301
,-8.0,50,1029.805036
,-14.0,50,1030.075572
,-17.0,50,1030.449846
,-9.0,50,1032.132205
,0.0,50,1033.809654
,-14.0,50,1035.458263
,-23.0,50,1037.160597
,-22.0,50,1038.800552
,-44.0,50,1040.470836
,-31.0,50,1042.190111
,-17.0,50,1043.84195
,-26.0,50,1045.527562
,-24.0,50,1047.176546
,-27.0,50,1048.851689
,-12.0,50,1050.508844
,-34.0,50,1052.191407
,-27.0,50,1053.872034
,-19.0,50,1055.52721
,-15.0,50,1057.186393
,-49.0,50,1058.883929
,-50.0,50,1060.550669
,-17.0,50,1062.227158
,-27.0,50,1063.876485
,-13.0,50,1065.536175
,-8.0,50,1067.297023
,-48.0,50,1068.928438
,-24.0,50,1070.613628
,-20.0,50,1072.312616
,-22.0,50,1073.94566
,-19.0,50,1075.623884
,-18.0,50,1077.32986
,-20.0,50,1079.003033
,-15.0,50,1080.672511
,-15.0,50,1082.398343
,-16.0,50,1084.066394
,-14.0,50,1085.708717
,-25.0,50,1087.425638
,-22.0,50,1089.055073
,-50.0,50,1090.725732
,-11.0,50,1092.42855
,-15.0,50,1094.084244
,-19.0,50,1095.767783
,-50.0,50,1097.489297
,-37.0,50,1099.166181
,-17.0,50,1100.844997
,-46.0,50,1102.492059
,-21.0,50,1104.234453
,-25.0,50,1105.870208
,-47.0,50,1107.554158
,-11.0,50,1109.252882
,-17.0,50,1110.888691
,-16.0,50,1112.574111
,-10.0,50,1114.294279
,-12.0,50,1114.558075
,-13.0,50,1114.827364
,-23.0,50,1115.106261
,-10.0,50,1115.357903
,0.0,50,1115.622497
,-8.0,50,1115.897158
,-18.0,50,1116.177946
,-14.0,50,1116.451249
,-9.0,50,1116.741511
,-46.0,50,1117.103647
,-14.0,50,1118.748379
,-14.0,50,1120.451375
,-10.0,50,1122.091324
,-11.0,50,1123.843326
,-21.0,50,1125.480599
,-50.0,50,1127.191128
,-18.0,50,1128.859494
,-46.0,50,1130.523258
,-39.0,50,1132.224153
,-19.0,50,1133.894566
,-6.0,50,1135.559474
,-49.0,50,1137.23189
,-11.0,50,1138.915121
,-28.0,50,1140.595957
,-20.0,50,1142.25524
,-10.0,50,1143.963104
,-13.0,50,1145.654156
,-8.0,50,1147.320351
,0.0,50,1148.999069
,-14.0,50,1150.695591
,-35.0,50,1152.378353
,-15.0,50,1154.060766
,-29.0,50,1155.716111
,-12.0,50,1157.391309
,-11.0,50,1159.050048
,-16.0,50,1160.747931
,-11.0,50,1162.423864
,-50.0,50,1164.101639
,-14.0,50,1165.771433
,-21.0,50,1167.452311
,-29.0,50,1169.142822
,-4.0,50,1170.801825
,-39.0,50,1172.507395
,-14.0,50,1174.132171
,-13.0,50,1175.806306
,-27.0,50,1177.509866
,-21.0,50,1179.18201
,-18.0,50,1180.864381
,-21.0,50,1182.558045
,-5.0,50,1184.208933
,-23.0,50,1185.922264
,-13.0,50,1187.568547
,-7.0,50,1189.227969
,0.0,50,1190.944426
,-43.0,50,1192.623693
,-13.0,50,1194.288411
,-31.0,50,1195.98481
,-16.0,50,1197.666848
,-16.0,50,1199.358287
,-13.0,50,1201.076052
,-10.0,50,1201.34367
,-14.0,50,1201.621674
,0.0,50,1201.900359
,0.0,50,1202.194233
,-5.0,50,1202.443361
,-10.0,50,1202.711812
,-9.0,50,1203.016144
,-24.0,50,1203.304183
,-9.0,50,1203.547989
,-17.0,50,1203.845368
,-29.0,50,1205.521701
,-22.0,50,1207.211519
,-13.0,50,1208.870808
,-50.0,50,1210.542063
,-24.0,50,1212.227074
,-22.0,50,1213.90096
,0.0,50,1215.592252
,-16.0,50,1217.285867
,-11.0,50,1218.959698
,-18.0,50,1220.625111
,-16.0,50,1222.301265
,-18.0,50,1223.969876
,-13.0,50,1225.673959
,0.0,50,1227.355024
,-38.0,50,1229.029471
,-50.0,50,1230.716861
,-15.0,50,1232.345393
,-20.0,50,1234.037941
,-12.0,50,1235.688623
,-33.0,50,1237.378099
,-21.0,50,1239.095924
,-19.0,50,1240.739131
,0.0,50,1242.441459
,-25.0,50,1244.092893
,-12.0,50,1245.763407
,-19.0,50,1247.464338
,-50.0,50,1249.12144
,0.0,50,1250.810072
,-12.0,50,1252.49015
,-41.0,50,1254.172124
,-13.0,50,1255.829247
,-20.0,50,1257.491937
,0.0,50,1259.204391
,-22.0,50,1260.877373
,-20.0,50,1262.531748
,-18.0,50,1264.243022
,-18.0,50,1265.919243
,-16.0,50,1267.587356
,-4.0,50,1269.296988
,-15.0,50,1270.956963
,0.0,50,1272.624499
,-21.0,50,1274.297185
,-14.0,50,1276.000595
,-40.0,50,1277.644299
,-26.0,50,1279.339852
,-25.0,50,1281.013397
,-47.0,50,1282.710194
,-15.0,50,1284.377246
,-38.0,50,1286.092888
,-14.0,50,1287.76697
,-7.0,50,1288.022671
,-13.0,50,1288.300117
,-12.0,50,1288.559253
,-17.0,50,1288.825844
,-20.0,50,1289.113651
,-10.0,50,1289.400898
,-8.0,50,1289.685405
,-11.0,50,1289.962953
,-23.0,50,1290.26585
,-30.0,50,1290.650036
,-28.0,50,1292.369068
,-10.0,50,1294.046914
,-12.0,50,1295.710656
,-38.0,50,1297.392928
,-31.0,50,1299.10027
,-41.0,50,1300.789929
,-17.0,50,1302.443874
,-17.0,50,1304.135967
,-18.0,50,1305.782362
,-7.0,50,1307.491709
,-15.0,50,1309.13476
,-8.0,50,1310.820415
,-12.0,50,1312.532479
,-28.0,50,1314.18099
,-33.0,50,1315.879352
,-40.0,50,1317.53563
,-15.0,50,1319.245712
,-29.0,50,1320.952285
,-23.0,50,1322.587932
,-25.0,50,1324.281623
,-44.0,50,1326.000323
,-36.0,50,1327.643866
,-11.0,50,1329.359498
,-10.0,50,1331.026477
,-30.0,50,1332.714822
,0.0,50,1334.382268
,-41.0,50,1336.087774
,-8.0,50,1337.748903
,0.0,50,1339.426557
,-21.0,50,1341.186568
,-14.0,50,1342.851711
,-12.0,50,1344.533746
,-22.0,50,1346.243009
,-5.0,50,1347.922094
,0.0,50,1349.618778
,-28.0,50,1351.301642
,-6.0,50,1352.98969
,-21.0,50,1354.657794
,-43.0,50,1356.390299
,-23.0,50,1358.041442
,-16.0,50,1359.718463
,-10.0,50,1361.424452
,-12.0,50,1363.106761
,0.0,50,1364.755094
,-12.0,50,1366.497814
,-12.0,50,1368.174888
,-24.0,50,1369.857637
,-19.0,50,1371.536692
,-29.0,50,1373.251002
,0.0,50,1374.943939
,-10.0,50,1375.219161
,-14.0,50,1375.490843
,-10.0,50,1375.758658
,-8.0,50,1376.031083
,-7.0,50,1376.308495
,-12.0,50,1376.579386
,-10.0,50,1376.823519
,-14.0,50,1377.112339
,-11.0,50,1377.398056
,-4.0,50,1377.826509
,-13.0,50,1379.537574
,-11.0,50,1381.207909
,-12.0,50,1382.930031
,-17.0,50,1384.607604
,-46.0,50,1386.278374
,-18.0,50,1387.968307
,-19.0,50,1389.632437
,-7.0,50,1391.326202
,-14.0,50,1392.998847
,-18.0,50,1394.662356
,-23.0,50,1396.395614
,-30.0,50,1398.099548
,-18.0,50,1399.768005
,0.0,50,1401.450496
,-22.0,50,1403.173741
,-18.0,50,1404.849318
,-43.0,50,1406.538828
,0.0,50,1408.236399
,-13.0,50,1409.904153
,-15.0,50,1411.583615
,-10.0,50,1413.298612
,-7.0,50,1414.990749
,-8.0,50,1416.688817
,-25.0,50,1418.395484
,0.0,50,1420.090766
,-16.0,50,1421.755026
,-6.0,50,1423.502251
,-32.0,50,1425.199012
,-15.0,50,1426.851666
,-50.0,50,1428.515384
,-23.0,50,1430.24331
,-27.0,50,1431.897241
,-23.0,50,1433.616502
,-20.0,50,1435.303176
,-32.0,50,1437.04003
,-13.0,50,1438.714644
,-9.0,50,1440.403263
,-50.0,50,1442.116254
,-12.0,50,1443.818899
,-31.0,50,1445.5207
,-20.0,50,1447.216934
,-11.0,50,1448.89819
,-10.0,50,1450.59794
,-18.0,50,1452.266393
,-12.0,50,1453.96065
,-25.0,50,1455.6817
,-35.0,50,1457.393903
,-19.0,50,1459.098114
,-16.0,50,1460.749166
,-8.0,50,1462.442807
,-10.0,50,1462.726629
,-8.0,50,1463.001282
,-8.0,50,1463.295175
,-5.0,50,1463.57444
,-9.0,50,1463.846775
,-8.0,50,1464.10698
,-15.0,50,1464.383925
,-9.0,50,1464.650104
,-11.0,50,1464.924815
,-28.0,50,1465.292713
,-13.0,50,1466.986792
,-13.0,50,1468.686553
,-28.0,50,1470.40217
,-15.0,50,1472.07218
,-24.0,50,1473.778052
,-17.0,50,1475.481649
,0.0,50,1477.15765
,0.0,50,1478.888739
,-20.0,50,1480.576104
,-10.0,50,1482.283192
,-32.0,50,1483.987588
,-14.0,50,1485.682648
,-15.0,50,1487.358799
,0.0,50,1489.059904
,0.0,50,1490.748
,-41.0,50,1492.44333
,-14.0,50,1494.13855
,-13.0,50,1495.866137
,-22.0,50,1497.554666
,-20.0,50,1499.221656
,-17.0,50,1500.916964
,-14.0,50,1502.653141
,-20.0,50,1504.331617
,-24.0,50,1506.025738
,-22.0,50,1507.731968
,-36.0,50,1509.415962
,0.0,50,1511.091145
,-11.0,50,1512.832537
,-14.0,50,1514.52159
,-21.0,50,1516.205365
,-10.0,50,1517.853701
,-16.0,50,1519.597412
,-28.0,50,1521.306511
,-22.0,50,1523.00079
,-13.0,50,1524.65487
,-10.0,50,1526.395218
,-17.0,50,1528.083102
,-12.0,50,1529.852858
,0.0,50,1531.550323
,-34.0,50,1533.255848
,-11.0,50,1534.965928
,-19.0,50,1536.706764
,-9.0,50,1538.41212
,-12.0,50,1540.121923
,-11.0,50,1541.796817
,-21.0,50,1543.482767
,-15.0,50,1545.190416
,-20.0,50,1546.933728
,-21.0,50,1548.599075
,-12.0,50,1550.340973
,-12.0,50,1550.63068
,-18.0,50,1550.914418
,-8.0,50,1551.170893
,-7.0,50,1551.456416
,-8.0,50,1551.710783
,-14.0,50,1551.982538
,0.0,50,1552.276138
,-12.0,50,1552.555594
,0.0,50,1552.837597
,-15.0,50,1553.136925
,-15.0,50,1554.847125
,-25.0,50,1556.555604
,-8.0,50,1558.245398
,0.0,50,1559.963888
,-10.0,50,1561.59762
,-15.0,50,1563.319676
,-12.0,50,1565.015839
,-14.0,50,1566.706777
,-32.0,50,1568.392915
,-22.0,50,1570.113319
,-20.0,50,1571.792743
,-18.0,50,1573.512355
,-8.0,50,1575.157105
,-20.0,50,1576.868655
,-19.0,50,1578.602042
,-11.0,50,1580.286071
,-11.0,50,1581.975966
,-11.0,50,1583.704177
,-37.0,50,1585.353537
,-10.0,50,1587.083406
,-19.0,50,1588.823905
,-33.0,50,1590.475306
,-24.0,50,1592.205578
,-30.0,50,1593.862278
,-21.0,50,1595.590817
,-16.0,50,1597.270703
,-13.0,50,1598.986015
,-15.0,50,1600.726311
,-18.0,50,1602.410692
,-23.0,50,1604.121962
,-12.0,50,1605.76877
,-15.0,50,1607.544431
,-7.0,50,1609.213192
,-38.0,50,1610.923096
,-11.0,50,1612.632833
,-20.0,50,1614.347021
,-22.0,50,1616.032031
,-17.0,50,1617.729412
,-10.0,50,1619.496296
,-24.0,50,1621.186529
,-6.0,50,1622.933357
,-18.0,50,1624.592568
,-20.0,50,1626.301487
,-24.0,50,1628.006627
,-28.0,50,1629.705112
,-24.0,50,1631.428912
,-14.0,50,1633.096617
,-20.0,50,1634.816193
,-12.0,50,1636.527084
,-30.0,50,1638.26985
,-11.0,50,1638.561537
,-16.0,50,1638.847234
,-12.0,50,1639.133806
,-6.0,50,1639.407133
,-17.0,50,1639.679029
,-14.0,50,1639.942194
,-10.0,50,1640.210071
,-13.0,50,1640.494723
,-9.0,50,1640.772276
,-13.0,50,1641.145158
,0.0,50,1642.830976
,-9.0,50,1644.492072
,-29.0,50,1646.202148
,0.0,50,1647.932874
,-22.0,50,1649.606066
,-8.0,50,1651.336654
,-35.0,50,1652.990246
,-15.0,50,1654.714077
,-39.0,50,1656.412602
,-12.0,50,1658.111288
,-45.0,50,1659.828684
,-12.0,50,1661.503153
,-40.0,50,1663.225732
,-23.0,50,1664.890419
,0.0,50,1666.615292
,-19.0,50,1668.314987
,-23.0,50,1670.023345
,-19.0,50,1671.725827
,-13.0,50,1673.416749
,-12.0,50,1675.108526
,-17.0,50,1676.829343
,-14.0,50,1678.552733
,-12.0,50,1680.253421
,-15.0,50,1681.944965
,-28.0,50,1683.629958
,-12.0,50,1685.392761
,-8.0,50,1687.077239
,-16.0,50,1688.812188
,-28.0,50,1690.488505
,-21.0,50,1692.227979
,-15.0,50,1693.888794
,0.0,50,1695.610658
,-27.0,50,1697.385498
,-16.0,50,1699.07404
,-10.0,50,1700.722712
,0.0,50,1702.451557
,-14.0,50,1704.155407
,-32.0,50,1705.847255
,-14.0,50,1707.549226
,-19.0,50,1709.29601
,-17.0,50,1710.994015
,-48.0,50,1712.733316
,-17.0,50,1714.434636
,-36.0,50,1716.123537
,-23.0,50,1717.845603
,-21.0,50,1719.506651
,-22.0,50,1721.190937
,-18.0,50,1722.918634
,-5.0,50,1724.620162
,-9.0,50,1726.324249
,-13.0,50,1726.584331
,-9.0,50,1726.862835
,-10.0,50,1727.138191
,-9.0,50,1727.420567
,-10.0,50,1727.69415
,-12.0,50,1727.950044
,-8.0,50,1728.223109
,-8.0,50,1728.494616
,-10.0,50,1728.760386
,0.0,50,1729.20535
,-13.0,50,1730.90196
,-14.0,50,1732.59946
,-19.0,50,1734.312427
,-20.0,50,1736.027239
,-7.0,50,1737.721878
,-14.0,50,1739.448684
,0.0,50,1741.144786
,-28.0,50,1742.858825
,-22.0,50,1744.542058
,-14.0,50,1746.245118
,-15.0,50,1748.005882
,-39.0,50,1749.684815
,-19.0,50,1751.364923
,-13.0,50,1753.071441
,-20.0,50,1754.792439
,-18.0,50,1756.525808
,-7.0,50,1758.191451
,-13.0,50,1759.93737
,-20.0,50,1761.592064
,-35.0,50,1763.294508
,-19.0,50,1765.013803
,-14.0,50,1766.718455
,-27.0,50,1768.437639
,-17.0,50,1770.16605
,-13.0,50,1771.852482
,-40.0,50,1773.567943
,-15.0,50,1775.277277
,-11.0,50,1776.984653
,-15.0,50,1778.682018
,-22.0,50,1780.393781
,-13.0,50,1782.068325
,-24.0,50,1783.771425
,-23.0,50,1785.432801
,-46.0,50,1787.142333
,-15.0,50,1788.846347
,-13.0,50,1790.564097
,-41.0,50,1792.245391
,-24.0,50,1793.966843
,-16.0,50,1795.657303
,-15.0,50,1797.336676
,-21.0,50,1799.045958
,-13.0,50,1800.760933
,-24.0,50,1802.447156
,-11.0,50,1804.172152
,-10.0,50,1805.867122
,-50.0,50,1807.561266
,-12.0,50,1809.254472
,-12.0,50,1810.971418
,-13.0,50,1812.69124
,-9.0,50,1814.422496
,-12.0,50,1814.716038
,-12.0,50,1814.983631
,-8.0,50,1815.270884
,-6.0,50,1815.54887
,-6.0,50,1815.849259
,-11.0,50,1816.124197
,-6.0,50,1816.393567
,-6.0,50,1816.671638
,-9.0,50,1816.924012
,-10.0,50,1817.237729
,-27.0,50,1818.953113
,-17.0,50,1820.692364
,-13.0,50,1822.436438
,-19.0,50,1824.073151
,-44.0,50,1825.820342
,-15.0,50,1827.520986
,-10.0,50,1829.207227
,-13.0,50,1830.972381
,-42.0,50,1832.689591
,-8.0,50,1834.376943
,-10.0,50,1836.075131
,-15.0,50,1837.806882
,-10.0,50,1839.539149
,-16.0,50,1841.213507
,-16.0,50,1842.959782
,-24.0,50,1844.656466
,-10.0,50,1846.389693
,-11.0,50,1848.051415
,-21.0,50,1849.799224
,0.0,50,1851.50806
,-29.0,50,1853.262105
,-9.0,50,1854.951096
,-7.0,50,1856.627903
,-29.0,50,1858.377261
,0.0,50,1860.103002
,-4.0,50,1861.819674
,-32.0,50,1863.545896
,-28.0,50,1865.208141
,-17.0,50,1866.928212
,-14.0,50,1868.634512
,-14.0,50,1870.416683
,-42.0,50,1872.108923
,-19.0,50,1873.834209
,-27.0,50,1875.508595
,-11.0,50,1877.266638
,-24.0,50,1879.004499
,-9.0,50,1880.689258
,-20.0,50,1882.3793
,-32.0,50,1884.099461
,-21.0,50,1885.805112
,-18.0,50,1887.507587
,-18.0,50,1889.214088
,-18.0,50,1890.905642
,-24.0,50,1892.640357
,-35.0,50,1894.385911
,-22.0,50,1896.127169
,-10.0,50,1897.851885
,-14.0,50,1899.508398
,-5.0,50,1901.282129
,-9.0,50,1903.025319
,-11.0,50,1903.30897
,-6.0,50,1903.592946
,-11.0,50,1903.856659
,-7.0,50,1904.160358
,0.0,50,1904.43274
,0.0,50,1904.713233
,-47.0,50,1905.006655
,-17.0,50,1905.285116
,-14.0,50,1905.530017
,0.0,50,1905.827273
,0.0,50,1907.566655
,-23.0,50,1909.277771
,-16.0,50,1910.972515
,-19.0,50,1912.677189
,-11.0,50,1914.352839
,-10.0,50,1916.049986
,-36.0,50,1917.830325
,-11.0,50,1919.539279
,-25.0,50,1921.234436
,-20.0,50,1922.966377
,0.0,50,1924.698503
,-13.0,50,1926.371202
,0.0,50,1928.098791
,-39.0,50,1929.817612
,-19.0,50,1931.541244
,-44.0,50,1933.24667
,0.0,50,1934.952221
,-13.0,50,1936.701061
,-25.0,50,1938.422707
,-11.0,50,1940.155179
,-7.0,50,1941.823883
,-7.0,50,1943.546889
,0.0,50,1945.287369
,-14.0,50,1946.965854
,-12.0,50,1948.685895
,-16.0,50,1950.418419
,-18.0,50,1952.174067
,-17.0,50,1953.878024
,-9.0,50,1955.615194
,-18.0,50,1957.334824
,-29.0,50,1959.014317
,-9.0,50,1960.727214
,0.0,50,1962.469779
,-23.0,50,1964.197432
,-32.0,50,1965.927521
,-17.0,50,1967.615826
,-22.0,50,1969.309371
,-10.0,50,1971.01314
,-22.0,50,1972.743285
,-12.0,50,1974.49425
,-15.0,50,1976.216953
,0.0,50,1977.9465
,-21.0,50,1979.605901
,-3.0,50,1981.296332
,-12.0,50,1983.035223
,-25.0,50,1984.743396
,-11.0,50,1986.494322
,0.0,50,1988.207908
,-14.0,50,1989.912937
,-11.0,50,1991.669196
,-15.0,50,1991.938869
,-9.0,50,1992.223345
,-8.0,50,1992.489614
,-13.0,50,1992.757959
,-6.0,50,1993.025112
,-9.0,50,1993.311883
,-13.0,50,1993.59708
,-7.0,50,1993.867535
,-17.0,50,1994.148774
,-18.0,50,1994.486448
,-35.0,50,1996.195226
,0.0,50,1997.913263
,-24.0,50,1999.638429
,-25.0,50,2001.387242
,-35.0,50,2003.06913
,-13.0,50,2004.802385
,-26.0,50,2006.483814
,-7.0,50,2008.238581
,-9.0,50,2009.930457
,-27.0,50,2011.636709
,-23.0,50,2013.372513
,-16.0,50,2015.07664
,-15.0,50,2016.831095
,0.0,50,2018.550236
,-47.0,50,2020.289403
,-18.0,50,2022.018794
,-28.0,50,2023.685909
,-21.0,50,2025.445892
,-13.0,50,2027.14411
,-21.0,50,2028.83403
,-12.0,50,2030.574433
,-27.0,50,2032.304977
,-16.0,50,2034.057469
,-19.0,50,2035.727651
,-16.0,50,2037.471666
,-10.0,50,2039.213516
,-11.0,50,2040.91312
,-9.0,50,2042.639771
,-26.0,50,2044.360691
,-15.0,50,2046.074919
,-21.0,50,2047.864045
,-20.0,50,2049.543069
,-29.0,50,2051.267252
,-18.0,50,2052.9836
,-14.0,50,2054.775612
,-27.0,50,2056.483198
,0.0,50,2058.16784
,-24.0,50,2059.915105
,-18.0,50,2061.609448
,-7.0,50,2063.359026
,-10.0,50,2065.07499
,-23.0,50,2066.818341
,-20.0,50,2068.496661
,-11.0,50,2070.234702
,0.0,50,2071.960946
,-11.0,50,2073.679888
,-41.0,50,2075.405022
,-8.0,50,2077.17445
,-5.0,50,2078.882726
,-13.0,50,2080.683666
,0.0,50,2080.967171
,-10.0,50,2081.261132
,-22.0,50,2081.559503
,-12.0,50,2081.823967
,-10.0,50,2082.093089
,-6.0,50,2082.376461
,-11.0,50,2082.635443
,-7.0,50,2082.893755
,-4.0,50,2083.148892
,-14.0,50,2083.452364
,-11.0,50,2085.166006
,-21.0,50,2086.922464
,-21.0,50,2088.60596
,-21.0,50,2090.352227
,-10.0,50,2092.1197
,-29.0,50,2093.850063
,-20.0,50,2095.580026
,-12.0,50,2097.343692
,-21.0,50,2099.039378
,-13.0,50,2100.744978
,-23.0,50,2102.46418
,-13.0,50,2104.199893
,-34.0,50,2105.951986
,-37.0,50,2107.702997
,0.0,50,2109.380877
,-5.0,50,2111.16437
,-5.0,50,2112.865159
,-24.0,50,2114.659128
,0.0,50,2116.340907
,-7.0,50,2118.030655
,-8.0,50,2119.794923
,0.0,50,2121.485504
,-9.0,50,2123.277326
,-11.0,50,2124.969156
,-10.0,50,2126.74289
,-5.0,50,2128.409044
,0.0,50,2130.154565
,-18.0,50,2131.87306
,-14.0,50,2133.580146
,-44.0,50,2135.362102
,-47.0,50,2137.103128
,-21.0,50,2138.80898
,-24.0,50,2140.566984
,-21.0,50,2142.276326
,-34.0,50,2143.99622
,-17.0,50,2145.769586
,-12.0,50,2147.520337
,-42.0,50,2149.183332
,0.0,50,2150.940935
,-30.0,50,2152.682885
,-40.0,50,2154.410774
,-17.0,50,2156.120121
,-34.0,50,2157.825613
,-39.0,50,2159.610415
,-8.0,50,2161.314038
,0.0,50,2163.028145
,-18.0,50,2164.72559
,-15.0,50,2166.49544
,-25.0,50,2168.232005
,-10.0,50,2169.973723
,-12.0,50,2170.262717
,-15.0,50,2170.543014
,-8.0,50,2170.81185
,-13.0,50,2171.082691
,-10.0,50,2171.353255
,0.0,50,2171.634399
,-14.0,50,2171.973792
,0.0,50,2172.255902
,0.0,50,2172.509862
,-48.0,50,2172.805441
,-41.0,50,2174.543195
,-16.0,50,2176.27363
,-16.0,50,2178.019457
,-24.0,50,2179.740023
,-21.0,50,2181.447426
,-13.0,50,2183.184002
,-17.0,50,2184.910503
,-5.0,50,2186.658158
,-4.0,50,2188.381995
,-27.0,50,2190.084793
,-13.0,50,2191.844836
,-20.0,50,2193.578128
,-4.0,50,2195.243241
,-10.0,50,2197.000934
,-17.0,50,2198.697408
,-16.0,50,2200.436798
,-17.0,50,2202.182912
,-16.0,50,2203.927033
,-7.0,50,2205.658272
,0.0,50,2207.384293
,-15.0,50,2209.068261
,-21.0,50,2210.803042
,-24.0,50,2212.526653
,-25.0,50,2214.290452
,-9.0,50,2216.029781
,-11.0,50,2217.720692
,-18.0,50,2219.450378
,-13.0,50,2221.228242
,-15.0,50,2222.961385
,-10.0,50,2224.670991
,-12.0,50,2226.390353
,-32.0,50,2228.190154
,-21.0,50,2229.872217
,0.0,50,2231.587176
,-20.0,50,2233.33587
,-12.0,50,2235.013381
,-21.0,50,2236.732876
,-36.0,50,2238.466572
,-15.0,50,2240.200834
,0.0,50,2241.942348
,-8.0,50,2243.749924
,-10.0,50,2245.408274
,0.0,50,2247.158413
,-19.0,50,2248.939177
,-18.0,50,2250.637863
,-31.0,50,2252.426981
,-15.0,50,2254.105091
,0.0,50,2255.841298
,-42.0,50,2257.561041
,-25.0,50,2259.342476
,-14.0,50,2259.616332
,-12.0,50,2259.891948
,-9.0,50,2260.168468
,-11.0,50,2260.465937
,-8.0,50,2260.753328
,-11.0,50,2261.02007
,-6.0,50,2261.288642
,-7.0,50,2261.568778
,-13.0,50,2261.859007
,-17.0,50,2262.160926
,-11.0,50,2263.897652
,-12.0,50,2265.619945
,-22.0,50,2267.40459
,-16.0,50,2269.095161
,-12.0,50,2270.843308
,-50.0,50,2272.559986
,-10.0,50,2274.308831
,-13.0,50,2276.041371
,-42.0,50,2277.788779
,-16.0,50,2279.54884
,-17.0,50,2281.264174
,-19.0,50,2282.988125
,-18.0,50,2284.704032
,-15.0,50,2286.478201
,-21.0,50,2288.147524
,-20.0,50,2289.912881
,-14.0,50,2291.655035
,-27.0,50,2293.340576
,-29.0,50,2295.083393
,-24.0,50,2296.820467
,-19.0,50,2298.5858
,-8.0,50,2300.288966
,-14.0,50,2302.028473
,-15.0,50,2303.723173
,-9.0,50,2305.527689
,-25.0,50,2307.25222
,-14.0,50,2308.945684
,-19.0,50,2310.681443
,-18.0,50,2312.429956
,-37.0,50,2314.152044
,-20.0,50,2315.875782
,-12.0,50,2317.646739
,-24.0,50,2319.367888
,-26.0,50,2321.12786
,-9.0,50,2322.838691
,-25.0,50,2324.600012
,-18.0,50,2326.290575
,-6.0,50,2328.04829
,-22.0,50,2329.76039
,-20.0,50,2331.439461
,-31.0,50,2333.214526
,-18.0,50,2334.925018
,-17.0,50,2336.703169
,-13.0,50,2338.445569
,-23.0,50,2340.178561
,-16.0,50,2341.892157
,-14.0,50,2343.568036
,-12.0,50,2345.375905
,-7.0,50,2347.086154
,-10.0,50,2348.804189
,-10.0,50,2349.085649
,-14.0,50,2349.343094
,-4.0,50,2349.624261
,0.0,50,2349.886387
,-7.0,50,2350.19278
,-9.0,50,2350.473884
,-10.0,50,2350.730327
,-9.0,50,2350.994614
,-13.0,50,2351.268262
,-15.0,50,2351.67848
,-10.0,50,2353.398274
,-11.0,50,2355.139819
,-10.0,50,2356.906786
,-12.0,50,2358.580893
,-17.0,50,2360.323848
,-9.0,50,2362.106477
,-20.0,50,2363.813397
,-11.0,50,2365.615849
,-25.0,50,2367.361548
,-9.0,50,2369.121347
,-17.0,50,2370.840623
,-15.0,50,2372.608584
,-30.0,50,2374.326135
,-24.0,50,2376.128842
,-17.0,50,2377.792032
,-19.0,50,2379.567132
,-11.0,50,2381.329786
,-50.0,50,2383.044456
,-11.0,50,2384.818697
,-10.0,50,2386.520347
,-28.0,50,2388.316454
,-42.0,50,2390.018288
,-20.0,50,2391.780365
,-10.0,50,2393.482792
,-29.0,50,2395.287679
,-18.0,50,2396.981147
,-14.0,50,2398.738424
,-12.0,50,2400.511958
,-24.0,50,2402.284956
,-18.0,50,2403.981426
,-12.0,50,2405.770899
,-50.0,50,2407.47729
,-16.0,50,2409.248564
,-50.0,50,2411.018636
,-30.0,50,2412.740526
,-12.0,50,2414.482076
,-29.0,50,2416.217664
,-12.0,50,2418.021841
,-6.0,50,2419.735493
,-7.0,50,2421.491852
,-16.0,50,2423.221559
,-9.0,50,2424.967206
,-18.0,50,2426.72129
,-44.0,50,2428.500793
,-21.0,50,2430.230935
,-19.0,50,2431.953244
,-21.0,50,2433.751916
,0.0,50,2435.45479
,-7.0,50,2437.165986
,-7.0,50,2438.943563
,-11.0,50,2439.216284
,-7.0,50,2439.489957
,-9.0,50,2439.748603
,-9.0,50,2440.010954
,-11.0,50,2440.291527
,-9.0,50,2440.561383
,-15.0,50,2440.829568
,-12.0,50,2441.124768
,-8.0,50,2441.420275
,-15.0,50,2441.744459
,-26.0,50,2443.494823
,-5.0,50,2445.199439
,-9.0,50,2446.951676
,-19.0,50,2448.706189
,-19.0,50,2450.479337
,-46.0,50,2452.161459
,-15.0,50,2453.931873
,-13.0,50,2455.656322
,-40.0,50,2457.413235
,-18.0,50,2459.166847
,-20.0,50,2460.879833
,-29.0,50,2462.599019
,-26.0,50,2464.357697
,-50.0,50,2466.108809
,-16.0,50,2467.870601
,-19.0,50,2469.646596
,-16.0,50,2471.370658
,-26.0,50,2473.088483
,-13.0,50,2474.856463
,-15.0,50,2476.561342
,-7.0,50,2478.360192
,-9.0,50,2480.115412
,-21.0,50,2481.816995
,-7.0,50,2483.563584
,-26.0,50,2485.300268
,-20.0,50,2487.076573
,-18.0,50,2488.824033
,0.0,50,2490.5581
,-27.0,50,2492.274348
,-14.0,50,2494.075621
,-10.0,50,2495.794387
,-11.0,50,2497.558958
,-11.0,50,2499.302233
,-50.0,50,2501.020159
,-15.0,50,2502.756606
,-20.0,50,2504.472348
,-15.0,50,2506.223827
,-16.0,50,2507.986146
,-11.0,50,2509.734086
,-25.0,50,2511.490935
,0.0,50,2513.230136
,0.0,50,2514.968989
,-15.0,50,2516.724311
,-31.0,50,2518.439385
,-23.0,50,2520.261497
,-11.0,50,2521.956811
,-5.0,50,2523.670465
,-24.0,50,2525.43731
,-14.0,50,2527.153331
,-8.0,50,2528.942924
,-6.0,50,2529.222386
,-15.0,50,2529.518897
,-11.0,50,2529.798797
,0.0,50,2530.054188
,-10.0,50,2530.330293
,-13.0,50,2530.623139
,-6.0,50,2530.915331
,-10.0,50,2531.191494
,0.0,50,2531.454723
,-29.0,50,2531.747516
,0.0,50,2533.481993
,-14.0,50,2535.215324
,0.0,50,2536.977844
,-30.0,50,2538.679941
,-19.0,50,2540.43732
,0.0,50,2542.17719
,-25.0,50,2543.957895
,-7.0,50,2545.716971
,-20.0,50,2547.435016
,-27.0,50,2549.128836
,-16.0,50,2550.920577
,0.0,50,2552.644771
,-26.0,50,2554.419703
,-10.0,50,2556.18168
,-30.0,50,2557.875304
,-14.0,50,2559.638059
,-19.0,50,2561.425042
,-17.0,50,2563.194667
,-13.0,50,2564.882863
,-14.0,50,2566.681505
,-50.0,50,2568.39001
,0.0,50,2570.087885
,-13.0,50,2571.925801
,-33.0,50,2573.638754
,-14.0,50,2575.361761
,0.0,50,2577.129746
,-25.0,50,2578.941433
,-12.0,50,2580.642345
,0.0,50,2582.419489
,-9.0,50,2584.122819
,-21.0,50,2585.922369
,-22.0,50,2587.65026
,0.0,50,2589.364559
,-10.0,50,2591.151198
,-5.0,50,2592.877625
,-20.0,50,2594.611263
,-8.0,50,2596.358715
,-8.0,50,2598.137298
,-19.0,50,2599.906275
,-15.0,50,2601.600968
,0.0,50,2603.364823
,-11.0,50,2605.114625
,-31.0,50,2606.892128
,-7.0,50,2608.571625
,0.0,50,2610.333729
,-16.0,50,2612.109779
,-14.0,50,2613.831206
,-10.0,50,2615.5395
,-14.0,50,2617.28018
,-6.0,50,2619.02973
,-11.0,50,2619.302485
,-6.0,50,2619.595076
,-10.0,50,2619.878847
,-21.0,50,2620.175692
,-10.0,50,2620.453067
,-9.0,50,2620.737183
,-9.0,50,2621.015744
,-8.0,50,2621.313601
,-4.0,50,2621.555506
,-17.0,50,2621.881377
,-13.0,50,2623.621226
,0.0,50,2625.349968
,-26.0,50,2627.094677
,-18.0,50,2628.88744
,-18.0,50,2630.588189
,-25.0,50,2632.385832
,-15.0,50,2634.162052
,-7.0,50,2635.852127
,0.0,50,2637.652012
,-13.0,50,2639.386861
,-11.0,50,2641.107847
,-11.0,50,2642.883001
,-27.0,50,2644.633084
,-9.0,50,2646.383139
,-13.0,50,2648.166978
,-9.0,50,2649.893876
,-13.0,50,2651.685863
,-24.0,50,2653.402242
,0.0,50,2655.123087
,-6.0,50,2656.924385
,-8.0,50,2658.627512
,-30.0,50,2660.404312
,-18.0,50,2662.173816
,-13.0,50,2663.911208
,-10.0,50,2665.669296
,-14.0,50,2667.41996
,0.0,50,2669.213912
,-10.0,50,2670.924485
,-11.0,50,2672.64698
,-6.0,50,2674.432941
,-15.0,50,2676.162717
,-11.0,50,2677.994895
,-16.0,50,2679.766046
,-10.0,50,2681.520786
,-16.0,50,2683.244215
,-9.0,50,2685.009764
,-25.0,50,2686.745109
,-22.0,50,2688.542915
,-17.0,50,2690.243101
,-16.0,50,2692.019341
,-23.0,50,2693.749838
,-9.0,50,2695.476006
,-21.0,50,2697.287201
,-17.0,50,2699.030029
,-17.0,50,2700.802981
,-10.0,50,2702.577701
,-14.0,50,2704.334301
,-15.0,50,2706.099946
,-23.0,50,2707.843648
,-5.0,50,2709.569504
,-12.0,50,2709.851959
,-7.0,50,2710.129146
,-11.0,50,2710.410901
,-4.0,50,2710.685766
,-10.0,50,2710.951324
,-14.0,50,2711.231064
,-11.0,50,2711.508048
,-4.0,50,2711.78516
,-12.0,50,2712.058358
,-24.0,50,2712.374173
,-6.0,50,2714.153687
,-16.0,50,2715.898758
,-36.0,50,2717.687762
,-16.0,50,2719.431365
,-16.0,50,2721.159698
,-20.0,50,2722.898387
,-31.0,50,2724.658025
,0.0,50,2726.386722
,-10.0,50,2728.15134
,-16.0,50,2729.88694
,-11.0,50,2731.669187
,-43.0,50,2733.442546
,-19.0,50,2735.157871
,-28.0,50,2736.968804
,-11.0,50,2738.720746
,-5.0,50,2740.46848
,-16.0,50,2742.184642
,-8.0,50,2743.896983
,-18.0,50,2745.703575
,-19.0,50,2747.47393
,-14.0,50,2749.197687
,-11.0,50,2750.990845
,-11.0,50,2752.72504
,-22.0,50,2754.473407
,-12.0,50,2756.230412
,-9.0,50,2757.990331
,-16.0,50,2759.733476
,-32.0,50,2761.521814
,-15.0,50,2763.231748
,-11.0,50,2764.981174
,-13.0,50,2766.765057
,-19.0,50,2768.488165
,-17.0,50,2770.270105
,-16.0,50,2771.992806
,-22.0,50,2773.760368
,-20.0,50,2775.511931
,-18.0,50,2777.290801
,-10.0,50,2779.014885
,-31.0,50,2780.804727
,-44.0,50,2782.542642
,-11.0,50,2784.27697
,-15.0,50,2786.058562
,-9.0,50,2787.762424
,-15.0,50,2789.561101
,-19.0,50,2791.370788
,-31.0,50,2793.112644
,-19.0,50,2794.876675
,-16.0,50,2796.627354
,-20.0,50,2798.375588
,-9.0,50,2800.145774
,-7.0,50,2800.419205
,-6.0,50,2800.704535
,-12.0,50,2800.971313
,-13.0,50,2801.246335
,-11.0,50,2801.516254
,-16.0,50,2801.780713
,-6.0,50,2802.054312
,-11.0,50,2802.318228
,0.0,50,2802.586064
,0.0,50,2802.943662
,-12.0,50,2804.699999
,-18.0,50,2806.489059
,-18.0,50,2808.226525
,-10.0,50,2809.973496
,-29.0,50,2811.788809
,-46.0,50,2813.498513
,-17.0,50,2815.273187
,-26.0,50,2817.069098
,-17.0,50,2818.776819
,-18.0,50,2820.540863
,-25.0,50,2822.283713
,-28.0,50,2824.090436
,0.0,50,2825.83128
,-23.0,50,2827.637804
,-33.0,50,2829.3555
,-17.0,50,2831.105091
,-22.0,50,2832.912538
,-29.0,50,2834.610034
,-28.0,50,2836.377686
,-16.0,50,2838.152349
,-11.0,50,2839.880709
,-14.0,50,2841.646044
,-15.0,50,2843.396717
,-22.0,50,2845.213666
,-14.0,50,2846.937778
,0.0,50,2848.694689
,-22.0,50,2850.438833
,-6.0,50,2852.223593
,-11.0,50,2854.000655
,-11.0,50,2855.724203
,-15.0,50,2857.491166
,-16.0,50,2859.223854
,-26.0,50,2861.004258
,-23.0,50,2862.76342
,-15.0,50,2864.497
,-13.0,50,2866.264009
,-24.0,50,2868.008693
,-6.0,50,2869.800769
,-18.0,50,2871.555031
,-32.0,50,2873.318835
,-23.0,50,2875.062454
,-20.0,50,2876.829445
,-19.0,50,2878.617038
,-31.0,50,2880.357813
,-25.0,50,2882.142823
,-17.0,50,2883.888979
,-20.0,50,2885.697925
,-11.0,50,2887.408998
,-17.0,50,2889.153096
,-9.0,50,2890.925924
,-11.0,50,2891.1847
,-6.0,50,2891.444006
,-13.0,50,2891.733778
,-15.0,50,2892.023312
,-8.0,50,2892.310591
,-7.0,50,2892.59359
,-10.0,50,2892.877389
,0.0,50,2893.139028
,-9.0,50,2893.411772
,-27.0,50,2893.728496
,-12.0,50,2895.474075
,-24.0,50,2897.29322
,-13.0,50,2899.016332
,-11.0,50,2900.80723
,-18.0,50,2902.516522
,-7.0,50,2904.336967
,-8.0,50,2906.068604
,-17.0,50,2907.847142
,-30.0,50,2909.588562
,-14.0,50,2911.428998
,0.0,50,2913.166905
,-30.0,50,2914.951001
,-29.0,50,2916.717677
,-17.0,50,2918.508502
,-27.0,50,2920.224385
,-18.0,50,2921.955497
,-32.0,50,2923.734995
,-17.0,50,2925.487237
,-17.0,50,2927.293206
,-7.0,50,2929.084609
,-11.0,50,2930.774244
,-27.0,50,2932.580117
,-12.0,50,2934.33127
,-13.0,50,2936.09018
,-31.0,50,2937.849407
,-13.0,50,2939.650665
,-31.0,50,2941.401064
,-19.0,50,2943.204875
,-22.0,50,2944.983161
,-15.0,50,2946.697422
,-8.0,50,2948.457229
,0.0,50,2950.280274
,-10.0,50,2951.989028
,-7.0,50,2953.765603
,-36.0,50,2955.575391
,-16.0,50,2957.31665
,-12.0,50,2959.077274
,-23.0,50,2960.879977
,0.0,50,2962.58879
,-20.0,50,2964.411287
,0.0,50,2966.151572
,-21.0,50,2967.944002
,-12.0,50,2969.697702
,-22.0,50,2971.497048
,-17.0,50,2973.196799
,-24.0,50,2975.024913
,-18.0,50,2976.776423
,-15.0,50,2978.52294
,-23.0,50,2980.322183
,-10.0,50,2982.137041
,-10.0,50,2982.431846
,-4.0,50,2982.718284
,-9.0,50,2983.032862
,-6.0,50,2983.321262
,-6.0,50,2983.566896
,0.0,50,2983.84474
,-5.0,50,2984.127864
,-13.0,50,2984.401538
,-16.0,50,2984.656386
,-29.0,50,2984.94583
,-28.0,50,2986.726624
,-12.0,50,2988.431994
,-21.0,50,2990.20687
,-15.0,50,2991.964686
,0.0,50,2993.741645
,-18.0,50,2995.461121
,-24.0,50,2997.25927
,-37.0,50,2999.012991
,-10.0,50,3000.75825
,-9.0,50,3002.555685
,-9.0,50,3004.318126
,-7.0,50,3006.067903
,-11.0,50,3007.841765
,0.0,50,3009.613706
,-23.0,50,3011.403986
,-11.0,50,3013.195575
,-13.0,50,3014.911021
,-6.0,50,3016.731454
,-22.0,50,3018.493807
,-33.0,50,3020.251532
,0.0,50,3022.026525
,-10.0,50,3023.762991
,-12.0,50,3025.521951
,-22.0,50,3027.339745
,0.0,50,3029.132487
,-29.0,50,3030.913185
,-14.0,50,3032.6403
,-5.0,50,3034.4592
,-7.0,50,3036.19112
,-32.0,50,3037.932181
,-10.0,50,3039.715264
,-18.0,50,3041.502975
,0.0,50,3043.275395
,-29.0,50,3045.017132
,-15.0,50,3046.781315
,-14.0,50,3048.549969
,-18.0,50,3050.335193
,-18.0,50,3052.115173
,-8.0,50,3053.850591
,-10.0,50,3055.628369
,-13.0,50,3057.427712
,-30.0,50,3059.244895
,-13.0,50,3061.014594
,-15.0,50,3062.753486
,-12.0,50,3064.567012
,-19.0,50,3066.291888
,-24.0,50,3068.055609
,-20.0,50,3069.811298
,0.0,50,3071.610115
,-6.0,50,3073.357246
,-4.0,50,3073.637172
,-7.0,50,3073.909727
,-7.0,50,3074.208576
,-7.0,50,3074.484261
,-7.0,50,3074.757481
,-17.0,50,3075.025249
,-7.0,50,3075.294763
,-11.0,50,3075.553801
,0.0,50,3075.850767
,-12.0,50,3076.203387
,-12.0,50,3078.007375
,-22.0,50,3079.733186
,0.0,50,3081.517572
,-13.0,50,3083.324558
,-27.0,50,3085.121908
,-17.0,50,3086.879715
,-6.0,50,3088.68868
,-8.0,50,3090.443516
,-21.0,50,3092.196557
,-13.0,50,3093.991656
,-11.0,50,3095.772427
,-21.0,50,3097.491086
,-15.0,50,3099.301073
,-25.0,50,3101.124467
,-14.0,50,3102.886061
,-23.0,50,3104.684457
,-27.0,50,3106.445057
,-12.0,50,3108.268749
,-27.0,50,3110.071282
,0.0,50,3111.801673
,-15.0,50,3113.574347
,-16.0,50,3115.369882
,-1.0,50,3117.168336
,-18.0,50,3118.888175
,-14.0,50,3120.669442
,-5.0,50,3122.522517
,-18.0,50,3124.250591
,-12.0,50,3126.051472
,-27.0,50,3127.83087
,-7.0,50,3129.592446
,-8.0,50,3131.376603
,-9.0,50,3133.110271
,-37.0,50,3134.895534
,-27.0,50,3136.668884
,-10.0,50,3138.455139
,-6.0,50,3140.244813
,-14.0,50,3142.029106
,-3.0,50,3143.745255
,-44.0,50,3145.549332
,-18.0,50,3147.323514
,-21.0,50,3149.105977
,-13.0,50,3150.817953
,-17.0,50,3152.607867
,-10.0,50,3154.400555
,-8.0,50,3156.1619
,-9.0,50,3157.924398
,-19.0,50,3159.700583
,-20.0,50,3161.487225
,-12.0,50,3163.230969
,-6.0,50,3165.069354
,-6.0,50,3165.353577
,-7.0,50,3165.651959
,-12.0,50,3165.935412
,-14.0,50,3166.248156
,-11.0,50,3166.528813
,-11.0,50,3166.822144
,-6.0,50,3167.094429
,-9.0,50,3167.366091
,-11.0,50,3167.620282
,-11.0,50,3167.909382
,-8.0,50,3169.667731
,-8.0,50,3171.490322
,-30.0,50,3173.218821
,-21.0,50,3174.977114
,-20.0,50,3176.812611
,-12.0,50,3178.573037
,-44.0,50,3180.386178
,-21.0,50,3182.186301
,-21.0,50,3183.949366
,-24.0,50,3185.684242
,-19.0,50,3187.504482
,0.0,50,3189.215048
,-10.0,50,3191.02643
,-17.0,50,3192.818143
,0.0,50,3194.616567
,-5.0,50,3196.402699
,-37.0,50,3198.143693
,-19.0,50,3199.967241
,-11.0,50,3201.775882
,-11.0,50,3203.568127
,-11.0,50,3205.348999
,-50.0,50,3207.078306
,-8.0,50,3208.87554
,-13.0,50,3210.69002
,-26.0,50,3212.460928
,-7.0,50,3214.24803
,-18.0,50,3216.056413
,-12.0,50,3217.826133
,-31.0,50,3219.637031
,-17.0,50,3221.382386
,-22.0,50,3223.165054
,-25.0,50,3224.938525
,-17.0,50,3226.750035
,0.0,50,3228.46707
,0.0,50,3230.226766
,-9.0,50,3232.093826
,-21.0,50,3233.819971
,-30.0,50,3235.609016
,-13.0,50,3237.408369
,-26.0,50,3239.226602
,-14.0,50,3240.977212
,-15.0,50,3242.757069
,-8.0,50,3244.568941
,-17.0,50,3246.291366
,-11.0,50,3248.11378
,-25.0,50,3249.851228
,-11.0,50,3251.670388
,-17.0,50,3253.434877
,-21.0,50,3255.239974
,-10.0,50,3257.051234
,0.0,50,3257.347345
,-12.0,50,3257.625737
,-12.0,50,3257.907752
,-12.0,50,3258.174587
,-9.0,50,3258.452999
,-6.0,50,3258.726268
,-5.0,50,3259.013507
,0.0,50,3259.298413
,-14.0,50,3259.584702
,-18.0,50,3259.847653
,-8.0,50,3261.641335
,-30.0,50,3263.499681
,-15.0,50,3265.236255
,-16.0,50,3267.007341
,-28.0,50,3268.811612
,-50.0,50,3270.662859
,-36.0,50,3272.410135
,-23.0,50,3274.209313
,-10.0,50,3275.949221
,-12.0,50,3277.788745
,-36.0,50,3279.581678
,-7.0,50,3281.338024
,-31.0,50,3283.108796
,-20.0,50,3284.921077
,-23.0,50,3286.647609
,-50.0,50,3288.49892
,-17.0,50,3290.200837
,-39.0,50,3292.007915
,0.0,50,3293.79312
,-7.0,50,3295.549466
,-16.0,50,3297.330338
,-13.0,50,3299.115762
,0.0,50,3300.897057
,-22.0,50,3302.685357
,-18.0,50,3304.417706
,-19.0,50,3306.250419
,-23.0,50,3308.0305
,-11.0,50,3309.854753
,-5.0,50,3311.607872
,-22.0,50,3313.387652
,0.0,50,3315.193433
,0.0,50,3316.946594
,-6.0,50,3318.775542
,-10.0,50,3320.500866
,-23.0,50,3322.319561
,0.0,50,3324.081514
,-31.0,50,3325.821261
,-24.0,50,3327.685601
,-37.0,50,3329.488496
,-19.0,50,3331.252091
,-14.0,50,3333.042968
,-23.0,50,3334.81285
,-12.0,50,3336.580867
,-10.0,50,3338.397175
,0.0,50,3340.196684
,-20.0,50,3341.986894
,-15.0,50,3343.752412
,-11.0,50,3345.562232
,0.0,50,3347.391323
,-9.0,50,3349.133292
,-10.0,50,3349.423664
,-16.0,50,3349.706541
,-13.0,50,3349.977096
,-7.0,50,3350.24922
,-11.0,50,3350.53694
,0.0,50,3350.817882
,-15.0,50,3351.092232
,-10.0,50,3351.370534
,-10.0,50,3351.63017
,-19.0,50,3352.026168
,-10.0,50,3353.787292
,-14.0,50,3355.574646
,-21.0,50,3357.406304
,-22.0,50,3359.220611
,-13.0,50,3360.998478
,-12.0,50,3362.766119
,-16.0,50,3364.565269
,-11.0,50,3366.365939
,-12.0,50,3368.187632
,-10.0,50,3369.925674
,-30.0,50,3371.803224
,-23.0,50,3373.581932
,-20.0,50,3375.358014
,-17.0,50,3377.153983
,-50.0,50,3378.882224
,-6.0,50,3380.697736
,-16.0,50,3382.432355
,-17.0,50,3384.26027
,0.0,50,3386.001736
,-14.0,50,3387.797605
,-17.0,50,3389.611738
,-19.0,50,3391.470347
,-26.0,50,3393.23085
,0.0,50,3394.976461
,-20.0,50,3396.75749
,-24.0,50,3398.610282
,-18.0,50,3400.38468
,-25.0,50,3402.148625
,-32.0,50,3403.980012
,-22.0,50,3405.791139
,-26.0,50,3407.518957
,-10.0,50,3409.346529
,-5.0,50,3411.105432
,-24.0,50,3412.904395
,-21.0,50,3414.687699
,-38.0,50,3416.494674
,0.0,50,3418.28427
,-24.0,50,3420.04851
,-16.0,50,3421.872912
,0.0,50,3423.654503
,-30.0,50,3425.516737
,-24.0,50,3427.281775
,-22.0,50,3429.116274
,-20.0,50,3430.881052
,-7.0,50,3432.692724
,-14.0,50,3434.456004
,-8.0,50,3436.265094
,-8.0,50,3438.027895
,-22.0,50,3439.825457
,-8.0,50,3441.665105
,-14.0,50,3441.98407
,-11.0,50,3442.265851
,0.0,50,3442.580177
,-11.0,50,3442.850938
,-12.0,50,3443.126256
,-7.0,50,3443.388807
,0.0,50,3443.642565
,-9.0,50,3443.906103
,0.0,50,3444.165126
,-31.0,50,3444.446708
,-24.0,50,3446.204607
,-28.0,50,3448.029458
,-14.0,50,3449.815162
,-17.0,50,3451.554773
,-9.0,50,3453.355508
,-6.0,50,3455.156939
,-18.0,50,3456.921621
,-21.0,50,3458.716763
,-44.0,50,3460.571629
,0.0,50,3462.333884
,-18.0,50,3464.145417
,-9.0,50,3465.926733
,-16.0,50,3467.802173
,-18.0,50,3469.556809
,-28.0,50,3471.319263
,-18.0,50,3473.142288
,-10.0,50,3474.932366
,-14.0,50,3476.681886
,-16.0,50,3478.508667
,-23.0,50,3480.262702
,-14.0,50,3482.113499
,-21.0,50,3483.836768
,-10.0,50,3485.643207
,-18.0,50,3487.486797
,-22.0,50,3489.234267
,-18.0,50,3491.080724
,-14.0,50,3492.840216
,-8.0,50,3494.603307
,-33.0,50,3496.476875
,-17.0,50,3498.219768
,-9.0,50,3500.032789
,-10.0,50,3501.830095
,-21.0,50,3503.582873
,-16.0,50,3505.403449
,-24.0,50,3507.222252
,-37.0,50,3508.992205
,-9.0,50,3510.757621
,-43.0,50,3512.573913
,-32.0,50,3514.415259
,-7.0,50,3516.186826
,0.0,50,3518.022222
,-21.0,50,3519.784603
,-12.0,50,3521.599123
,-10.0,50,3523.40568
,-17.0,50,3525.199098
,-14.0,50,3527.020926
,-13.0,50,3528.795336
,-12.0,50,3530.61285
,0.0,50,3532.35464
,0.0,50,3534.200253
,-11.0,50,3534.498262
,-10.0,50,3534.764902
,-11.0,50,3535.018892
,-7.0,50,3535.306674
,0.0,50,3535.586795
,-11.0,50,3535.854041
,-11.0,50,3536.125605
,-11.0,50,3536.385129
,0.0,50,3536.672015
