#{"t_start": 1583439972.9331055, "env_id": "FetchPickAndPlace-v1"}
s,r,l,t
,-50.0,50,5.690845
,-50.0,50,7.49434
,-50.0,50,9.105928
,-50.0,50,10.69421
,-50.0,50,12.33079
,-50.0,50,13.925901
,-50.0,50,15.529088
,-50.0,50,17.126569
,-50.0,50,18.729466
,-50.0,50,20.316399
,-50.0,50,21.913185
,-50.0,50,23.509049
,-50.0,50,25.12244
,-50.0,50,26.742857
,-50.0,50,28.333208
,-50.0,50,29.900882
,-50.0,50,31.540504
,-50.0,50,33.123441
,-50.0,50,34.729472
,-50.0,50,36.330623
,-50.0,50,37.951234
,-50.0,50,39.536623
,-50.0,50,41.140283
,-50.0,50,42.773148
,-50.0,50,44.353318
,-50.0,50,45.963058
,-50.0,50,47.559373
,-50.0,50,49.143162
,-50.0,50,50.760573
,-50.0,50,52.344796
,-50.0,50,53.965505
,-50.0,50,55.545142
,-50.0,50,57.189605
,-50.0,50,58.763509
,-50.0,50,60.388976
,-50.0,50,61.976492
,-50.0,50,63.588483
,-50.0,50,65.201218
,-50.0,50,66.799605
,-50.0,50,68.384537
,-50.0,50,70.007299
,-50.0,50,71.616261
,-50.0,50,73.218513
,-50.0,50,74.82903
,-50.0,50,76.43199
,-50.0,50,78.015169
,-50.0,50,79.626607
,-50.0,50,81.220629
,-50.0,50,82.835405
,-50.0,50,84.45172
,-50.0,50,86.102067
,-50.0,50,86.369284
,-50.0,50,86.631804
,-50.0,50,86.908767
,-50.0,50,87.165807
,-50.0,50,87.412617
,-50.0,50,87.683372
,-50.0,50,87.938562
,-50.0,50,88.212515
,-50.0,50,88.462281
,-50.0,50,88.847622
,-50.0,50,90.476639
,-50.0,50,92.065831
,-50.0,50,93.727534
,-50.0,50,95.323571
,-50.0,50,96.93403
,-50.0,50,98.552453
,0.0,50,100.132549
,-50.0,50,101.749188
,-50.0,50,103.339592
,-50.0,50,104.956682
,-50.0,50,106.601259
,-50.0,50,108.177948
,-50.0,50,109.837929
,-50.0,50,111.429741
,-50.0,50,113.032647
,-50.0,50,114.652809
,-50.0,50,116.236293
,-50.0,50,117.869442
,-50.0,50,119.504938
,-50.0,50,121.112099
,-50.0,50,122.705548
,-50.0,50,124.323761
,-50.0,50,125.906006
,-50.0,50,127.498034
,-50.0,50,129.138811
,0.0,50,130.729287
,-50.0,50,132.358228
,-50.0,50,133.969711
,-50.0,50,135.546034
,-50.0,50,137.177432
,-50.0,50,138.760798
,-50.0,50,140.394168
,-50.0,50,142.001817
,-50.0,50,143.619085
,-50.0,50,145.228955
,-50.0,50,146.86012
,-50.0,50,148.485688
,-50.0,50,150.0855
,-50.0,50,151.68233
,-50.0,50,153.287016
,-50.0,50,154.941563
,-50.0,50,156.556467
,-50.0,50,158.148066
,-50.0,50,159.779812
,-50.0,50,161.368342
,-50.0,50,162.987671
,-50.0,50,164.637948
,-50.0,50,166.213469
,-50.0,50,167.845343
,-50.0,50,169.474788
,-50.0,50,169.757561
,-50.0,50,170.015538
,-50.0,50,170.272226
,-50.0,50,170.522627
,-50.0,50,170.784803
,-50.0,50,171.043827
,-50.0,50,171.297506
,-50.0,50,171.573389
,-50.0,50,171.847818
,-50.0,50,172.213497
,-50.0,50,173.842525
,-50.0,50,175.445539
,-50.0,50,177.044594
,-50.0,50,178.666132
,-50.0,50,180.264043
,-50.0,50,181.899079
,-50.0,50,183.483277
,-50.0,50,185.122783
,-50.0,50,186.745523
,0.0,50,188.360696
,-50.0,50,189.978182
,-50.0,50,191.613392
,-50.0,50,193.21093
,-50.0,50,194.82965
,-50.0,50,196.436779
,-50.0,50,198.065777
,-50.0,50,199.657637
,-50.0,50,201.286064
,-50.0,50,202.953582
,-50.0,50,204.558734
,-50.0,50,206.191015
,-50.0,50,207.80901
,-50.0,50,209.405521
,-50.0,50,211.057903
,-50.0,50,212.68141
,-50.0,50,214.301081
,-50.0,50,215.909175
,-50.0,50,217.514017
,-50.0,50,219.136429
,-50.0,50,220.77682
,-50.0,50,222.392098
,-50.0,50,223.998565
,-50.0,50,225.642606
,-50.0,50,227.240888
,-50.0,50,228.858618
,-50.0,50,230.514922
,-50.0,50,232.13958
,-50.0,50,233.783278
,-50.0,50,235.390678
,-50.0,50,236.995457
,-50.0,50,238.622181
,-50.0,50,240.210135
,-50.0,50,241.85693
,0.0,50,243.474947
,-50.0,50,245.05745
,-50.0,50,246.713515
,-50.0,50,248.349905
,-46.0,50,249.950793
,-50.0,50,251.555275
,-50.0,50,253.182072
,-50.0,50,253.452427
,-50.0,50,253.703661
,-50.0,50,253.962317
,-50.0,50,254.223287
,-50.0,50,254.512606
,-50.0,50,254.798563
,-50.0,50,255.052551
,-50.0,50,255.312573
,-50.0,50,255.569666
,-50.0,50,255.93689
,-50.0,50,257.570434
,-50.0,50,259.167028
,-50.0,50,260.767916
,-50.0,50,262.38268
,-50.0,50,264.009198
,-50.0,50,265.620505
,-50.0,50,267.235585
,-50.0,50,268.872501
,-50.0,50,270.5132
,-50.0,50,272.116965
,-50.0,50,273.734587
,-50.0,50,275.335117
,-50.0,50,276.991979
,-50.0,50,278.59682
,-50.0,50,280.219913
,-50.0,50,281.838177
,-7.0,50,283.474317
,-50.0,50,285.103932
,0.0,50,286.723605
,-50.0,50,288.329326
,-50.0,50,289.957347
,-50.0,50,291.575132
,-50.0,50,293.175178
,0.0,50,294.78365
,-50.0,50,296.417264
,-50.0,50,298.047549
,-50.0,50,299.685758
,-50.0,50,301.316049
,-50.0,50,302.951223
,0.0,50,304.532152
,-50.0,50,306.152902
,-50.0,50,307.796096
,-50.0,50,309.399832
,-50.0,50,311.033901
,-50.0,50,312.707479
,-50.0,50,314.325865
,-50.0,50,315.922211
,-50.0,50,317.580576
,-50.0,50,319.195987
,-50.0,50,320.828114
,-50.0,50,322.444739
,-50.0,50,324.08847
,-50.0,50,325.704043
,-50.0,50,327.309803
,-50.0,50,328.938738
,-50.0,50,330.56785
,-50.0,50,332.175259
,-50.0,50,333.799791
,-50.0,50,335.4331
,0.0,50,337.069328
,-50.0,50,337.336742
,-50.0,50,337.610974
,-50.0,50,337.884574
,-50.0,50,338.195886
,-50.0,50,338.469167
,-50.0,50,338.751442
,-50.0,50,339.039575
,-50.0,50,339.335796
,0.0,50,339.593729
,-50.0,50,339.855592
,-50.0,50,341.486062
,-50.0,50,343.09923
,-50.0,50,344.752918
,0.0,50,346.412976
,-50.0,50,348.007664
,-50.0,50,349.655473
,0.0,50,351.252929
,-50.0,50,352.905776
,-50.0,50,354.506915
,-50.0,50,356.126543
,-50.0,50,357.755445
,-50.0,50,359.389174
,-50.0,50,361.045153
,-50.0,50,362.686559
,-50.0,50,364.287337
,-50.0,50,365.968811
,-50.0,50,367.56721
,-50.0,50,369.195512
,-50.0,50,370.770308
,-50.0,50,372.412558
,-50.0,50,374.071681
,0.0,50,375.701231
,-50.0,50,377.319421
,-50.0,50,378.970304
,0.0,50,380.554431
,-50.0,50,382.195451
,-50.0,50,383.791778
,-50.0,50,385.447016
,-50.0,50,387.054945
,-50.0,50,388.699866
,-50.0,50,390.302926
,-50.0,50,391.941746
,-8.0,50,393.584208
,-50.0,50,395.21591
,-50.0,50,396.811562
,0.0,50,398.441136
,-50.0,50,400.081957
,-50.0,50,401.670218
,0.0,50,403.312134
,-50.0,50,404.920828
,-50.0,50,406.614836
,-50.0,50,408.239064
,-50.0,50,409.860173
,-50.0,50,411.474264
,-50.0,50,413.149566
,-50.0,50,414.770247
,0.0,50,416.377722
,-50.0,50,418.037837
,0.0,50,419.694654
,-50.0,50,421.345841
,-50.0,50,421.605497
,-50.0,50,421.850386
,-50.0,50,422.121902
,-50.0,50,422.417952
,-50.0,50,422.665351
,-50.0,50,422.928356
,-50.0,50,423.201229
,-50.0,50,423.476157
,-50.0,50,423.740708
,0.0,50,424.012722
,-50.0,50,425.682378
,0.0,50,427.28717
,-50.0,50,428.983562
,-50.0,50,430.575501
,-50.0,50,432.219307
,-50.0,50,433.855969
,-50.0,50,435.5051
,-50.0,50,437.101791
,-50.0,50,438.754319
,-50.0,50,440.38956
,-50.0,50,442.039428
,-50.0,50,443.671887
,-50.0,50,445.312171
,-50.0,50,446.936355
,-50.0,50,448.571578
,-50.0,50,450.237674
,-50.0,50,451.832214
,-50.0,50,453.468737
,-50.0,50,455.062218
,-50.0,50,456.691815
,-50.0,50,458.379263
,-50.0,50,460.006195
,-50.0,50,461.63821
,-47.0,50,463.310682
,-50.0,50,464.970674
,-50.0,50,466.583104
,-50.0,50,468.215204
,-50.0,50,469.875521
,-50.0,50,471.488116
,-50.0,50,473.109308
,-50.0,50,474.746137
,-50.0,50,476.395207
,-50.0,50,478.058222
,0.0,50,479.656911
,-50.0,50,481.260596
,-50.0,50,482.952917
,-50.0,50,484.549047
,-50.0,50,486.190091
,-50.0,50,487.822438
,-50.0,50,489.461679
,-15.0,50,491.120625
,-50.0,50,492.757474
,-50.0,50,494.379993
,-50.0,50,495.993584
,-50.0,50,497.618128
,-50.0,50,499.263243
,-50.0,50,500.954926
,-50.0,50,502.562395
,-50.0,50,504.198626
,-50.0,50,505.868797
,-50.0,50,506.126974
,-50.0,50,506.388839
,-50.0,50,506.65713
,-50.0,50,506.934308
,-50.0,50,507.194612
,-50.0,50,507.475026
,-50.0,50,507.741726
,-50.0,50,508.010463
,-50.0,50,508.303282
,-50.0,50,508.669474
,-50.0,50,510.264467
,-50.0,50,511.925145
,-50.0,50,513.589202
,-50.0,50,515.227671
,-50.0,50,516.825696
,-50.0,50,518.485729
,-50.0,50,520.135344
,-50.0,50,521.797384
,-50.0,50,523.447949
,-50.0,50,525.080385
,-50.0,50,526.699658
,-50.0,50,528.335941
,-50.0,50,529.975877
,-50.0,50,531.63673
,-50.0,50,533.269935
,-50.0,50,534.934176
,-50.0,50,536.588946
,-50.0,50,538.271017
,-50.0,50,539.89187
,-50.0,50,541.535254
,-50.0,50,543.162588
,-50.0,50,544.805423
,-50.0,50,546.465833
,-50.0,50,548.103295
,-50.0,50,549.729976
,-50.0,50,551.376091
,0.0,50,553.025099
,-50.0,50,554.639389
,-50.0,50,556.292088
,-50.0,50,557.955217
,-50.0,50,559.578519
,-50.0,50,561.218609
,-50.0,50,562.861495
,-50.0,50,564.519308
,-50.0,50,566.14218
,-11.0,50,567.806995
,-50.0,50,569.433676
,-50.0,50,571.059509
,-50.0,50,572.6823
,-50.0,50,574.404962
,-33.0,50,576.024115
,-50.0,50,577.639553
,-50.0,50,579.334177
,-50.0,50,580.962516
,0.0,50,582.645713
,-50.0,50,584.293712
,-50.0,50,585.896624
,-50.0,50,587.529523
,-50.0,50,589.214752
,-50.0,50,590.837039
,-8.0,50,591.115692
,-50.0,50,591.391809
,-50.0,50,591.650287
,-50.0,50,591.945665
,-50.0,50,592.261606
,-23.0,50,592.544538
,-50.0,50,592.837417
,-50.0,50,593.114
,-50.0,50,593.397366
,-50.0,50,593.715871
,-50.0,50,595.339706
,0.0,50,596.995868
,-50.0,50,598.659982
,0.0,50,600.292198
,-50.0,50,601.934128
,-50.0,50,603.590977
,0.0,50,605.231866
,-50.0,50,606.851261
,-50.0,50,608.507056
,-50.0,50,610.133082
,-50.0,50,611.803689
,-50.0,50,613.481084
,-12.0,50,615.174547
,-50.0,50,616.787903
,-50.0,50,618.441231
,-50.0,50,620.086757
,-50.0,50,621.709196
,-50.0,50,623.324641
,-50.0,50,625.048348
,-50.0,50,626.663125
,-50.0,50,628.297881
,-50.0,50,629.949322
,-50.0,50,631.624063
,-50.0,50,633.253377
,-50.0,50,634.856193
,-50.0,50,636.50797
,-50.0,50,638.144394
,-47.0,50,639.834658
,-50.0,50,641.452535
,-50.0,50,643.135278
,-50.0,50,644.798636
,-50.0,50,646.401124
,-50.0,50,648.086402
,-35.0,50,649.711173
,-50.0,50,651.362113
,-50.0,50,652.992432
,-50.0,50,654.679064
,-50.0,50,656.2862
,-50.0,50,657.919148
,-50.0,50,659.573414
,-13.0,50,661.20873
,-50.0,50,662.851526
,-50.0,50,664.500164
,-50.0,50,666.158037
,-48.0,50,667.783525
,-50.0,50,669.422844
,-50.0,50,671.081842
,-50.0,50,672.772893
,-50.0,50,674.415542
,-50.0,50,676.075058
,-39.0,50,676.338645
,-50.0,50,676.602237
,-50.0,50,676.840993
,-14.0,50,677.11228
,-50.0,50,677.374273
,-50.0,50,677.664423
,-50.0,50,677.93967
,-50.0,50,678.208458
,-50.0,50,678.492079
,-50.0,50,678.903672
,-50.0,50,680.555971
,-50.0,50,682.212529
,-50.0,50,683.859403
,-50.0,50,685.53628
,-50.0,50,687.166623
,-35.0,50,688.801044
,-50.0,50,690.449564
,-50.0,50,692.11782
,0.0,50,693.716159
,-50.0,50,695.372603
,-50.0,50,697.036999
,0.0,50,698.637939
,-50.0,50,700.316551
,-33.0,50,701.979011
,-50.0,50,703.60806
,-45.0,50,705.251163
,-10.0,50,706.896335
,-18.0,50,708.499691
,-50.0,50,710.152051
,-50.0,50,711.811445
,-50.0,50,713.48059
,-50.0,50,715.097789
,-7.0,50,716.736051
,-50.0,50,718.373565
,-50.0,50,720.07005
,-50.0,50,721.722595
,-38.0,50,723.345121
,-11.0,50,724.966699
,-50.0,50,726.635329
,-50.0,50,728.303425
,-50.0,50,729.954856
,-50.0,50,731.5946
,-50.0,50,733.261505
,-50.0,50,734.860651
,-50.0,50,736.535198
,-50.0,50,738.200639
,-50.0,50,739.835971
,-50.0,50,741.473961
,-50.0,50,743.109067
,-50.0,50,744.766641
,-50.0,50,746.385239
,-50.0,50,748.076523
,-50.0,50,749.710266
,-50.0,50,751.365985
,-50.0,50,753.008265
,-50.0,50,754.632934
,-50.0,50,756.306236
,-50.0,50,757.965593
,-50.0,50,759.614974
,-50.0,50,761.260993
,-50.0,50,761.574664
,-48.0,50,761.859895
,-36.0,50,762.128354
,-50.0,50,762.394459
,-50.0,50,762.670503
,-50.0,50,762.965664
,-5.0,50,763.211381
,-50.0,50,763.465732
,-50.0,50,763.713278
,-50.0,50,764.086579
,-50.0,50,765.695732
,-12.0,50,767.345294
,-44.0,50,769.064482
,-50.0,50,770.716972
,-50.0,50,772.354577
,-25.0,50,774.051805
,-50.0,50,775.679144
,-50.0,50,777.354802
,0.0,50,778.982471
,-27.0,50,780.635643
,-31.0,50,782.265819
,-50.0,50,783.955253
,-50.0,50,785.581756
,-50.0,50,787.206298
,-50.0,50,788.884269
,-50.0,50,790.514726
,-21.0,50,792.173485
,-50.0,50,793.85373
,-50.0,50,795.51265
,-1.0,50,797.140347
,-50.0,50,798.818025
,-12.0,50,800.483111
,-50.0,50,802.116677
,-50.0,50,803.776982
,-50.0,50,805.446319
,-8.0,50,807.103963
,-13.0,50,808.747162
,-50.0,50,810.389885
,-50.0,50,812.011466
,-50.0,50,813.684248
,-50.0,50,815.345755
,-49.0,50,816.991932
,-25.0,50,818.703536
,0.0,50,820.300078
,-50.0,50,821.998633
,-50.0,50,823.628142
,-50.0,50,825.296091
,-50.0,50,826.961751
,-50.0,50,828.592424
,-18.0,50,830.255128
,-50.0,50,831.92661
,-35.0,50,833.571809
,-50.0,50,835.213473
,-50.0,50,836.854627
,-50.0,50,838.521815
,-50.0,50,840.202323
,-50.0,50,841.849433
,-37.0,50,843.513681
,-45.0,50,845.156996
,-50.0,50,846.868483
,-48.0,50,847.144185
,-50.0,50,847.434731
,-50.0,50,847.669561
,-11.0,50,847.98792
,-50.0,50,848.237863
,-50.0,50,848.52352
,-50.0,50,848.777389
,-19.0,50,849.069998
,-19.0,50,849.349146
,-50.0,50,849.651081
,-50.0,50,851.28988
,-50.0,50,852.986744
,-13.0,50,854.601641
,-16.0,50,856.280804
,-50.0,50,857.944722
,-50.0,50,859.554763
,-26.0,50,861.234763
,-49.0,50,862.922171
,-49.0,50,864.583205
,-50.0,50,866.198105
,-50.0,50,867.886979
,-50.0,50,869.533082
,-50.0,50,871.202414
,-50.0,50,872.86141
,-50.0,50,874.481318
,-50.0,50,876.146262
,-50.0,50,877.752551
,-50.0,50,879.437145
,-50.0,50,881.094136
,-47.0,50,882.771183
,-50.0,50,884.41324
,-50.0,50,886.068496
,-50.0,50,887.742182
,-50.0,50,889.397362
,-50.0,50,891.070921
,-50.0,50,892.703668
,-22.0,50,894.348202
,-50.0,50,895.998676
,-50.0,50,897.712302
,-50.0,50,899.324735
,-50.0,50,901.004007
,-50.0,50,902.63604
,-36.0,50,904.323562
,-50.0,50,905.950553
,-16.0,50,907.618791
,-50.0,50,909.288923
,-50.0,50,910.956944
,-40.0,50,912.622472
,-50.0,50,914.271545
,-21.0,50,915.921567
,-50.0,50,917.581547
,-50.0,50,919.232723
,-18.0,50,920.880054
,-50.0,50,922.548668
,-50.0,50,924.186078
,-50.0,50,925.874888
,-10.0,50,927.501741
,-50.0,50,929.171399
,0.0,50,930.850971
,-7.0,50,932.474585
,-13.0,50,932.741845
,-16.0,50,933.001764
,-50.0,50,933.286519
,-50.0,50,933.597377
,-50.0,50,933.85722
,-50.0,50,934.118093
,-50.0,50,934.375745
,-50.0,50,934.624732
,-14.0,50,934.911781
,-50.0,50,935.276736
,-30.0,50,936.953189
,-50.0,50,938.57774
,-18.0,50,940.256049
,-50.0,50,941.922356
,-50.0,50,943.581082
,-50.0,50,945.262219
,-16.0,50,946.925476
,-47.0,50,948.535028
,-50.0,50,950.251819
,-50.0,50,951.900801
,-44.0,50,953.538898
,-50.0,50,955.144533
,-19.0,50,956.863877
,-50.0,50,958.485976
,-50.0,50,960.142663
,-50.0,50,961.84731
,-50.0,50,963.467786
,-50.0,50,965.143445
,-50.0,50,966.7877
,-50.0,50,968.442291
,0.0,50,970.070812
,-50.0,50,971.757209
,-37.0,50,973.43773
,-34.0,50,975.100095
,-50.0,50,976.750047
,-18.0,50,978.384147
,-50.0,50,980.052593
,-50.0,50,981.716279
,-50.0,50,983.33995
,-46.0,50,985.031421
,-9.0,50,986.73673
,-50.0,50,988.356008
,-50.0,50,990.046836
,-50.0,50,991.714531
,-49.0,50,993.374025
,-14.0,50,995.046752
,-50.0,50,996.703837
,-50.0,50,998.382676
,-17.0,50,1000.032712
,-17.0,50,1001.703229
,-50.0,50,1003.355571
,-8.0,50,1005.032497
,-33.0,50,1006.708549
,-50.0,50,1008.33745
,-39.0,50,1009.982759
,-40.0,50,1011.683583
,-12.0,50,1013.338562
,-50.0,50,1015.03077
,-50.0,50,1016.67276
,-50.0,50,1018.349155
,-9.0,50,1018.62495
,-50.0,50,1018.922349
,-18.0,50,1019.173741
,-50.0,50,1019.44823
,-50.0,50,1019.70127
,-17.0,50,1020.015871
,-50.0,50,1020.312268
,-50.0,50,1020.572804
,-50.0,50,1020.837334
,-50.0,50,1021.191959
,-16.0,50,1022.905414
,-50.0,50,1024.495798
,-50.0,50,1026.236068
,-10.0,50,1027.911899
,-24.0,50,1029.584654
,-20.0,50,1031.242111
,-50.0,50,1032.907335
,-50.0,50,1034.5486
,-50.0,50,1036.235525
,-50.0,50,1037.918587
,-50.0,50,1039.558369
,-50.0,50,1041.225739
,-47.0,50,1042.88411
,-50.0,50,1044.540916
,-9.0,50,1046.164296
,-50.0,50,1047.82611
,-49.0,50,1049.478893
,0.0,50,1051.153277
,-46.0,50,1052.839448
,-50.0,50,1054.513879
,-49.0,50,1056.145825
,-50.0,50,1057.800971
,-15.0,50,1059.469898
,-50.0,50,1061.130245
,-50.0,50,1062.805214
,-50.0,50,1064.480549
,-50.0,50,1066.160981
,-42.0,50,1067.81574
,0.0,50,1069.421845
,-20.0,50,1071.10309
,-12.0,50,1072.749862
,-49.0,50,1074.425832
,-30.0,50,1076.04837
,-50.0,50,1077.742141
,-22.0,50,1079.414596
,-44.0,50,1081.075671
,-37.0,50,1082.75687
,-50.0,50,1084.453791
,-48.0,50,1086.105752
,-50.0,50,1087.734014
,0.0,50,1089.407766
,-45.0,50,1091.07665
,-50.0,50,1092.771532
,-36.0,50,1094.451534
,-27.0,50,1096.125377
,-50.0,50,1097.808666
,-27.0,50,1099.472683
,-50.0,50,1101.126016
,-50.0,50,1102.746538
,-50.0,50,1104.464497
,-50.0,50,1104.743894
,-50.0,50,1105.012563
,-13.0,50,1105.26418
,-50.0,50,1105.529532
,-50.0,50,1105.783628
,-7.0,50,1106.049582
,-50.0,50,1106.341932
,-50.0,50,1106.606751
,-50.0,50,1106.879317
,-43.0,50,1107.328862
,-18.0,50,1108.982356
,-50.0,50,1110.635241
,-18.0,50,1112.2889
,-50.0,50,1113.993543
,-50.0,50,1115.647122
,-16.0,50,1117.276162
,-50.0,50,1118.976322
,-50.0,50,1120.637124
,-50.0,50,1122.248061
,-50.0,50,1123.905137
,-36.0,50,1125.567734
,-37.0,50,1127.25114
,-31.0,50,1128.95911
,-50.0,50,1130.602627
,-50.0,50,1132.29113
,-40.0,50,1133.94665
,-50.0,50,1135.626138
,-14.0,50,1137.286824
,-50.0,50,1138.985427
,-17.0,50,1140.637609
,-47.0,50,1142.315671
,-50.0,50,1143.963844
,-50.0,50,1145.627316
,-48.0,50,1147.267497
,-50.0,50,1148.942128
,-39.0,50,1150.627227
,-50.0,50,1152.251971
,-31.0,50,1153.910764
,-50.0,50,1155.611569
,-13.0,50,1157.293039
,-47.0,50,1158.935328
,-50.0,50,1160.585745
,-50.0,50,1162.27124
,-50.0,50,1163.920422
,-50.0,50,1165.593741
,-11.0,50,1167.263372
,-45.0,50,1168.955311
,-50.0,50,1170.60539
,-50.0,50,1172.254121
,-15.0,50,1173.939735
,-50.0,50,1175.625794
,-50.0,50,1177.236729
,-36.0,50,1178.922655
,-19.0,50,1180.59334
,-39.0,50,1182.262141
,-50.0,50,1183.92982
,-20.0,50,1185.583768
,-17.0,50,1187.249606
,-17.0,50,1188.959907
,-50.0,50,1190.640384
,-50.0,50,1190.899766
,-5.0,50,1191.179331
,-6.0,50,1191.419738
,-30.0,50,1191.700213
,-12.0,50,1191.97338
,-50.0,50,1192.255674
,-50.0,50,1192.535274
,-50.0,50,1192.820334
,-7.0,50,1193.151843
,-16.0,50,1193.487901
,-50.0,50,1195.175644
,-50.0,50,1196.815926
,-50.0,50,1198.491429
,-35.0,50,1200.121943
,-16.0,50,1201.813725
,-29.0,50,1203.470441
,-45.0,50,1205.14094
,-50.0,50,1206.854499
,-50.0,50,1208.524348
,-50.0,50,1210.164295
,-50.0,50,1211.828473
,-48.0,50,1213.48096
,-18.0,50,1215.172817
,-28.0,50,1216.817324
,-26.0,50,1218.514769
,-33.0,50,1220.177201
,-50.0,50,1221.893113
,-50.0,50,1223.551443
,-43.0,50,1225.213972
,-18.0,50,1226.877488
,-18.0,50,1228.575841
,-37.0,50,1230.239962
,-50.0,50,1231.944339
,-24.0,50,1233.569927
,-50.0,50,1235.285876
,-38.0,50,1236.957267
,-18.0,50,1238.589518
,-16.0,50,1240.27959
,-5.0,50,1241.923567
,-50.0,50,1243.609446
,-50.0,50,1245.284113
,-23.0,50,1246.975652
,-50.0,50,1248.626213
,-19.0,50,1250.328097
,-50.0,50,1251.972568
,-50.0,50,1253.66629
,-31.0,50,1255.310549
,-50.0,50,1256.974506
,-12.0,50,1258.656987
,-30.0,50,1260.324646
,-50.0,50,1261.995485
,-50.0,50,1263.653303
,-50.0,50,1265.376477
,-50.0,50,1267.037375
,-50.0,50,1268.713408
,-50.0,50,1270.368431
,-50.0,50,1272.061958
,-50.0,50,1273.758208
,-50.0,50,1275.428835
,-5.0,50,1277.138536
,-10.0,50,1277.413719
,-50.0,50,1277.672474
,-10.0,50,1277.943957
,-14.0,50,1278.226753
,-9.0,50,1278.535973
,-50.0,50,1278.81169
,-50.0,50,1279.067734
,-50.0,50,1279.313379
,-16.0,50,1279.59763
,-9.0,50,1280.004747
,-12.0,50,1281.686583
,-37.0,50,1283.367924
,-25.0,50,1285.04317
,-25.0,50,1286.688536
,-44.0,50,1288.360514
,-24.0,50,1290.017959
,-17.0,50,1291.714963
,-28.0,50,1293.403426
,-50.0,50,1295.054605
,-23.0,50,1296.736477
,-20.0,50,1298.448167
,-22.0,50,1300.092053
,-50.0,50,1301.753242
,-50.0,50,1303.450072
,-40.0,50,1305.096692
,-21.0,50,1306.778605
,-50.0,50,1308.435938
,-50.0,50,1310.13891
,-20.0,50,1311.790807
,-50.0,50,1313.430788
,-19.0,50,1315.116245
,-11.0,50,1316.788836
,-49.0,50,1318.484307
,-27.0,50,1320.201228
,-22.0,50,1321.829815
,-50.0,50,1323.568274
,-50.0,50,1325.212268
,-27.0,50,1326.896141
,-9.0,50,1328.610533
,-18.0,50,1330.245111
,-21.0,50,1331.924834
,-12.0,50,1333.583678
,-21.0,50,1335.271139
,-14.0,50,1336.997973
,-30.0,50,1338.652486
,-22.0,50,1340.317669
,-20.0,50,1341.993704
,-18.0,50,1343.652293
,-50.0,50,1345.361253
,-50.0,50,1347.044467
,-28.0,50,1348.67422
,-11.0,50,1350.42099
,-24.0,50,1352.090779
,-50.0,50,1353.741658
,-50.0,50,1355.424736
,-50.0,50,1357.123344
,-32.0,50,1358.816563
,-50.0,50,1360.440227
,-50.0,50,1362.134531
,-7.0,50,1363.866439
,-6.0,50,1364.124144
,-50.0,50,1364.382521
,-50.0,50,1364.694477
,-7.0,50,1364.944387
,-13.0,50,1365.224966
,-8.0,50,1365.504319
,-6.0,50,1365.836175
,-5.0,50,1366.107188
,-8.0,50,1366.40126
,-21.0,50,1366.723862
,-50.0,50,1368.399676
,-50.0,50,1370.055717
,-15.0,50,1371.783135
,-28.0,50,1373.414921
,-50.0,50,1375.095859
,-42.0,50,1376.81452
,-50.0,50,1378.476904
,-49.0,50,1380.158828
,-29.0,50,1381.824308
,-18.0,50,1383.525206
,-18.0,50,1385.182853
,-48.0,50,1386.891026
,-50.0,50,1388.565608
,-20.0,50,1390.257699
,-40.0,50,1391.887296
,-15.0,50,1393.623276
,-11.0,50,1395.279037
,-28.0,50,1396.967874
,-46.0,50,1398.670497
,-12.0,50,1400.353677
,-17.0,50,1402.006655
,-50.0,50,1403.687196
,-17.0,50,1405.346555
,-50.0,50,1407.058986
,0.0,50,1408.720747
,-50.0,50,1410.40554
,-10.0,50,1412.04391
,-15.0,50,1413.790109
,-7.0,50,1415.45752
,-12.0,50,1417.133283
,-14.0,50,1418.819474
,-49.0,50,1420.531243
,-28.0,50,1422.227681
,-50.0,50,1423.927858
,-50.0,50,1425.591355
,-48.0,50,1427.293905
,-29.0,50,1428.993953
,-50.0,50,1430.695927
,-50.0,50,1432.339571
,-50.0,50,1434.026378
,-20.0,50,1435.722432
,-47.0,50,1437.418132
,-50.0,50,1439.132233
,-50.0,50,1440.848644
,-17.0,50,1442.496212
,-29.0,50,1444.235459
,-50.0,50,1445.925122
,-50.0,50,1447.556669
,-31.0,50,1449.272717
,-50.0,50,1450.953139
,-8.0,50,1451.228665
,-9.0,50,1451.492242
,-50.0,50,1451.754478
,-50.0,50,1452.03747
,-4.0,50,1452.380796
,-50.0,50,1452.639537
,-9.0,50,1452.966109
,-13.0,50,1453.233111
,-15.0,50,1453.55364
,-11.0,50,1453.936756
,-50.0,50,1455.623223
,-4.0,50,1457.325253
,-17.0,50,1459.040136
,-50.0,50,1460.680829
,-7.0,50,1462.401377
,-38.0,50,1464.090836
,-33.0,50,1465.767524
,-46.0,50,1467.47263
,-12.0,50,1469.157669
,-20.0,50,1470.809104
,-50.0,50,1472.553426
,-50.0,50,1474.221277
,-30.0,50,1475.899433
,-8.0,50,1477.555841
,-13.0,50,1479.249016
,-42.0,50,1481.010309
,-50.0,50,1482.692024
,-50.0,50,1484.342859
,-50.0,50,1486.041239
,-12.0,50,1487.688306
,-48.0,50,1489.406649
,-46.0,50,1491.182119
,-48.0,50,1492.839393
,-13.0,50,1494.531845
,-50.0,50,1496.223901
,-48.0,50,1497.873903
,-50.0,50,1499.538285
,-15.0,50,1501.243638
,-16.0,50,1502.918686
,-13.0,50,1504.613261
,-50.0,50,1506.29508
,-50.0,50,1507.942589
,-9.0,50,1509.645874
,-36.0,50,1511.367764
,-21.0,50,1513.039442
,-8.0,50,1514.733433
,-50.0,50,1516.458964
,-50.0,50,1518.153326
,-5.0,50,1519.809257
,-34.0,50,1521.516595
,-22.0,50,1523.210517
,-10.0,50,1524.851156
,-15.0,50,1526.527055
,-42.0,50,1528.239708
,-26.0,50,1529.934303
,-31.0,50,1531.627935
,-15.0,50,1533.336182
,-50.0,50,1534.977043
,-17.0,50,1536.681181
,-36.0,50,1538.397903
,-50.0,50,1538.6602
,-50.0,50,1538.941235
,-9.0,50,1539.228916
,-11.0,50,1539.486116
,-40.0,50,1539.786669
,0.0,50,1540.045976
,-6.0,50,1540.309194
,-15.0,50,1540.601418
,-30.0,50,1540.867707
,-50.0,50,1541.307344
,-14.0,50,1542.96744
,-50.0,50,1544.666709
,-43.0,50,1546.37841
,-20.0,50,1548.047329
,-43.0,50,1549.749347
,-26.0,50,1551.468398
,-43.0,50,1553.137325
,-13.0,50,1554.789124
,-16.0,50,1556.489311
,-5.0,50,1558.166755
,-24.0,50,1559.883725
,-14.0,50,1561.574294
,-50.0,50,1563.25947
,-50.0,50,1564.983936
,-15.0,50,1566.635896
,-34.0,50,1568.312406
,-12.0,50,1570.05853
,-26.0,50,1571.73315
,-47.0,50,1573.446566
,-24.0,50,1575.118499
,-50.0,50,1576.822319
,-50.0,50,1578.506419
,-13.0,50,1580.228151
,-22.0,50,1581.881891
,-50.0,50,1583.585505
,-20.0,50,1585.316319
,-41.0,50,1587.051726
,-49.0,50,1588.713964
,-9.0,50,1590.380943
,-27.0,50,1592.114227
,-27.0,50,1593.819263
,-16.0,50,1595.54772
,-28.0,50,1597.210086
,-50.0,50,1598.901787
,-50.0,50,1600.617078
,-50.0,50,1602.311651
,-22.0,50,1604.02632
,-44.0,50,1605.735173
,-8.0,50,1607.377765
,-13.0,50,1609.103323
,-50.0,50,1610.779949
,-50.0,50,1612.452492
,-14.0,50,1614.166145
,-50.0,50,1615.823595
,-16.0,50,1617.540886
,-10.0,50,1619.258997
,-15.0,50,1620.929743
,-50.0,50,1622.706826
,-50.0,50,1624.384943
,-16.0,50,1626.110752
,-50.0,50,1626.39045
,-50.0,50,1626.662846
,-50.0,50,1626.913727
,-11.0,50,1627.189831
,-16.0,50,1627.498107
,-7.0,50,1627.790728
,-4.0,50,1628.083542
,-47.0,50,1628.34648
,-50.0,50,1628.617902
,-14.0,50,1629.057348
,-15.0,50,1630.797604
,-50.0,50,1632.50891
,-50.0,50,1634.227923
,-26.0,50,1635.899568
,-37.0,50,1637.620728
,-11.0,50,1639.297731
,-34.0,50,1640.984067
,-48.0,50,1642.685275
,-7.0,50,1644.388453
,-9.0,50,1646.116379
,-17.0,50,1647.827303
,-23.0,50,1649.516541
,-50.0,50,1651.253111
,-49.0,50,1652.891405
,-5.0,50,1654.597289
,-16.0,50,1656.31134
,-10.0,50,1657.994857
,-41.0,50,1659.693702
,-11.0,50,1661.389909
,-19.0,50,1663.107303
,-42.0,50,1664.810209
,-47.0,50,1666.509274
,-36.0,50,1668.212716
,-50.0,50,1669.86549
,-50.0,50,1671.552464
,-20.0,50,1673.29312
,-17.0,50,1675.008788
,-25.0,50,1676.657737
,-42.0,50,1678.368443
,-29.0,50,1680.064593
,-50.0,50,1681.785025
,-41.0,50,1683.485167
,-14.0,50,1685.174805
,-50.0,50,1686.89896
,-24.0,50,1688.559733
,-50.0,50,1690.25067
,-50.0,50,1691.991656
,-19.0,50,1693.711854
,0.0,50,1695.358628
,-22.0,50,1697.076359
,-50.0,50,1698.756653
,-50.0,50,1700.455233
,-10.0,50,1702.170433
,-25.0,50,1703.879548
,-50.0,50,1705.574036
,-22.0,50,1707.284354
,-30.0,50,1708.93287
,-50.0,50,1710.697914
,-12.0,50,1712.355644
,-9.0,50,1714.131144
,-6.0,50,1714.418268
,-6.0,50,1714.70265
,-12.0,50,1714.988185
,-50.0,50,1715.258851
,-15.0,50,1715.533212
,-11.0,50,1715.814513
,-50.0,50,1716.084279
,-9.0,50,1716.386383
,-11.0,50,1716.672163
