#{"t_start": 1582923764.4439106, "env_id": "FetchPush-v1"}
s,r,l,t
,-50.0,50,5.195994
,-50.0,50,7.08045
,-50.0,50,8.685436
,-50.0,50,10.335665
,-50.0,50,11.96138
,-50.0,50,13.613626
,-50.0,50,15.217559
,-50.0,50,16.819565
,-50.0,50,18.438406
,-50.0,50,20.093229
,-50.0,50,21.678243
,-50.0,50,23.285143
,-50.0,50,24.905456
,-50.0,50,26.511215
,-50.0,50,28.113158
,-50.0,50,29.712711
,0.0,50,31.335054
,-50.0,50,32.942297
,-50.0,50,34.577567
,-50.0,50,36.197196
,-50.0,50,37.829178
,-50.0,50,39.48904
,-50.0,50,41.049943
,-50.0,50,42.710009
,-50.0,50,44.366552
,-50.0,50,45.950975
,-50.0,50,47.553556
,-50.0,50,49.181052
,0.0,50,50.754467
,-50.0,50,52.405672
,-50.0,50,54.027792
,-50.0,50,55.614114
,-50.0,50,57.251622
,-50.0,50,58.819492
,-50.0,50,60.498258
,-50.0,50,62.072206
,-50.0,50,63.718753
,-50.0,50,65.374464
,0.0,50,66.99565
,-50.0,50,68.604296
,-50.0,50,70.184349
,-50.0,50,71.825572
,-50.0,50,73.417546
,-50.0,50,75.064555
,-50.0,50,76.66296
,-50.0,50,78.28277
,-50.0,50,79.90707
,0.0,50,81.509034
,-50.0,50,83.141435
,-50.0,50,84.762871
,-50.0,50,86.491339
,-50.0,50,86.782913
,-50.0,50,87.074387
,-50.0,50,87.343678
,-50.0,50,87.656369
,-50.0,50,87.927941
,-50.0,50,88.222537
,-50.0,50,88.480083
,-50.0,50,88.763868
,-50.0,50,89.051691
,-50.0,50,89.47876
,-50.0,50,91.088699
,-50.0,50,92.746551
,-50.0,50,94.333356
,-50.0,50,95.967904
,-50.0,50,97.584682
,-50.0,50,99.222405
,-50.0,50,100.849744
,-50.0,50,102.498169
,-50.0,50,104.123839
,-50.0,50,105.747207
,-50.0,50,107.369794
,-50.0,50,108.970128
,-50.0,50,110.591668
,-50.0,50,112.202339
,-50.0,50,113.818136
,-50.0,50,115.475532
,-50.0,50,117.083763
,-50.0,50,118.729904
,-50.0,50,120.348994
,-50.0,50,121.996419
,-50.0,50,123.628973
,-50.0,50,125.251371
,-50.0,50,126.903822
,-50.0,50,128.537177
,-50.0,50,130.124902
,-50.0,50,131.770999
,0.0,50,133.380563
,-50.0,50,135.016112
,-50.0,50,136.676618
,-50.0,50,138.28431
,-50.0,50,139.919351
,-50.0,50,141.556925
,-50.0,50,143.173047
,-50.0,50,144.781964
,-50.0,50,146.417532
,-50.0,50,148.056609
,-50.0,50,149.671752
,-50.0,50,151.294607
,-50.0,50,152.915812
,-50.0,50,154.522114
,-50.0,50,156.162154
,-50.0,50,157.776268
,0.0,50,159.453196
,-50.0,50,161.059317
,-50.0,50,162.71678
,-50.0,50,164.299509
,-50.0,50,165.923839
,-50.0,50,167.567373
,-50.0,50,169.153959
,-50.0,50,170.837391
,-50.0,50,171.14461
,-50.0,50,171.424536
,-50.0,50,171.736053
,-50.0,50,172.02516
,-50.0,50,172.301522
,-50.0,50,172.574317
,-50.0,50,172.85548
,-50.0,50,173.113751
,-50.0,50,173.388049
,-50.0,50,173.74034
,-50.0,50,175.347728
,-50.0,50,176.957489
,-50.0,50,178.568908
,-50.0,50,180.217013
,-50.0,50,181.823143
,-50.0,50,183.429205
,0.0,50,185.059373
,-50.0,50,186.686482
,-50.0,50,188.303685
,-50.0,50,189.920674
,-50.0,50,191.566613
,-50.0,50,193.188804
,-50.0,50,194.805504
,-50.0,50,196.418323
,-50.0,50,198.030821
,-50.0,50,199.658942
,-50.0,50,201.308989
,-50.0,50,202.92642
,-50.0,50,204.556491
,-50.0,50,206.180948
,-50.0,50,207.818985
,-50.0,50,209.431626
,-50.0,50,211.023527
,-50.0,50,212.688982
,-50.0,50,214.32974
,-50.0,50,215.941711
,-50.0,50,217.562817
,-50.0,50,219.194703
,-50.0,50,220.826794
,-50.0,50,222.446581
,-50.0,50,224.094615
,-50.0,50,225.717149
,-50.0,50,227.339106
,-50.0,50,228.949769
,-50.0,50,230.601882
,-50.0,50,232.215395
,-50.0,50,233.823245
,-50.0,50,235.459704
,-50.0,50,237.068977
,-50.0,50,238.679677
,-50.0,50,240.354188
,-50.0,50,242.021807
,-50.0,50,243.630468
,0.0,50,245.289327
,-50.0,50,246.877015
,-50.0,50,248.543363
,-50.0,50,250.147627
,-50.0,50,251.832657
,-50.0,50,253.431432
,-50.0,50,255.041149
,-50.0,50,255.307128
,-50.0,50,255.601196
,-50.0,50,255.874197
,-50.0,50,256.160122
,-50.0,50,256.433596
,-50.0,50,256.707056
,-50.0,50,256.976867
,-50.0,50,257.241034
,-50.0,50,257.517051
,-50.0,50,257.941197
,-50.0,50,259.583796
,-50.0,50,261.193581
,-50.0,50,262.848495
,-50.0,50,264.436815
,-50.0,50,266.107093
,0.0,50,267.686877
,-50.0,50,269.370104
,-50.0,50,271.046885
,-50.0,50,272.643567
,-50.0,50,274.273678
,-50.0,50,275.944539
,-50.0,50,277.534308
,-50.0,50,279.205048
,-50.0,50,280.813273
,-50.0,50,282.418458
,-50.0,50,284.066207
,-50.0,50,285.695962
,0.0,50,287.324336
,-50.0,50,288.982566
,-50.0,50,290.6113
,-50.0,50,292.257504
,-50.0,50,293.891557
,-50.0,50,295.522728
,-50.0,50,297.117002
,-50.0,50,298.762827
,-50.0,50,300.448807
,-50.0,50,302.082021
,-50.0,50,303.678035
,-50.0,50,305.337131
,-50.0,50,306.928496
,-50.0,50,308.612839
,-50.0,50,310.265722
,-50.0,50,311.882732
,-50.0,50,313.543354
,-50.0,50,315.221379
,-50.0,50,316.862717
,-50.0,50,318.523458
,-50.0,50,320.136788
,-50.0,50,321.762388
,-50.0,50,323.425349
,-50.0,50,325.054241
,-50.0,50,326.676854
,-50.0,50,328.341158
,-50.0,50,329.954294
,-50.0,50,331.546845
,-50.0,50,333.229603
,0.0,50,334.890216
,-50.0,50,336.493515
,-50.0,50,338.157221
,-50.0,50,339.841943
,-50.0,50,340.103861
,-50.0,50,340.368351
,-50.0,50,340.62512
,-50.0,50,340.930494
,-50.0,50,341.211846
,-50.0,50,341.494327
,-50.0,50,341.7659
,-50.0,50,342.039838
,-50.0,50,342.360008
,-6.0,50,342.718518
,-50.0,50,344.355637
,-50.0,50,345.986459
,-50.0,50,347.640167
,0.0,50,349.272398
,-50.0,50,350.928523
,-50.0,50,352.540918
,-50.0,50,354.202629
,0.0,50,355.819463
,-50.0,50,357.480086
,-50.0,50,359.107199
,-50.0,50,360.744144
,-50.0,50,362.366534
,-50.0,50,364.018059
,-50.0,50,365.690717
,-7.0,50,367.348748
,-50.0,50,368.960671
,-27.0,50,370.599556
,-50.0,50,372.254694
,-50.0,50,373.889574
,-50.0,50,375.489726
,-50.0,50,377.191763
,-50.0,50,378.803796
,-50.0,50,380.473073
,-50.0,50,382.124718
,-50.0,50,383.757834
,-50.0,50,385.381371
,-50.0,50,387.043018
,-50.0,50,388.690426
,-50.0,50,390.300008
,-5.0,50,391.94091
,-50.0,50,393.591777
,0.0,50,395.284689
,-50.0,50,396.928487
,-50.0,50,398.575799
,-50.0,50,400.191657
,-50.0,50,401.848722
,-50.0,50,403.519919
,-50.0,50,405.185166
,-50.0,50,406.819536
,-50.0,50,408.431125
,-50.0,50,410.069913
,-50.0,50,411.686534
,-50.0,50,413.377636
,-50.0,50,414.990942
,-50.0,50,416.671107
,-50.0,50,418.282991
,-50.0,50,419.928194
,-50.0,50,421.580682
,-50.0,50,423.254279
,-50.0,50,424.894199
,-50.0,50,425.177579
,-50.0,50,425.460366
,-50.0,50,425.745081
,-50.0,50,426.056927
,-50.0,50,426.345423
,0.0,50,426.640866
,-50.0,50,426.902579
,-50.0,50,427.154469
,-50.0,50,427.457614
,-50.0,50,427.836983
,-50.0,50,429.51053
,-50.0,50,431.132193
,-50.0,50,432.79195
,-50.0,50,434.412695
,-50.0,50,436.068948
,0.0,50,437.761797
,0.0,50,439.384451
,-50.0,50,441.036918
,-50.0,50,442.683094
,-50.0,50,444.339556
,-50.0,50,445.986276
,-50.0,50,447.602935
,-50.0,50,449.258079
,-50.0,50,450.937106
,0.0,50,452.530663
,-20.0,50,454.215446
,-50.0,50,455.85153
,-50.0,50,457.487411
,-50.0,50,459.136943
,-50.0,50,460.774566
,-50.0,50,462.429762
,-50.0,50,464.044569
,-50.0,50,465.712776
,-50.0,50,467.345294
,-50.0,50,468.982459
,-50.0,50,470.616379
,-24.0,50,472.284856
,-18.0,50,473.907961
,-50.0,50,475.599016
,-50.0,50,477.223345
,-47.0,50,478.854913
,-50.0,50,480.519943
,-50.0,50,482.179537
,-50.0,50,483.776329
,-50.0,50,485.419473
,-50.0,50,487.077633
,-50.0,50,488.710725
,-50.0,50,490.374029
,-21.0,50,492.006318
,-50.0,50,493.636707
,-50.0,50,495.31927
,-3.0,50,496.9531
,-50.0,50,498.621288
,-50.0,50,500.230862
,-50.0,50,501.881204
,-50.0,50,503.55842
,-50.0,50,505.242526
,-50.0,50,506.884735
,-50.0,50,508.490141
,-50.0,50,510.163708
,-50.0,50,510.467699
,-3.0,50,510.735222
,-12.0,50,511.016073
,-6.0,50,511.282638
,-50.0,50,511.557931
,-50.0,50,511.834135
,-50.0,50,512.112356
,-50.0,50,512.367513
,-3.0,50,512.624333
,-50.0,50,513.114778
,-50.0,50,514.742953
,-50.0,50,516.414545
,-50.0,50,518.074936
,-23.0,50,519.717437
,0.0,50,521.356292
,-50.0,50,523.031839
,-50.0,50,524.652295
,-50.0,50,526.344039
,-48.0,50,528.001235
,-50.0,50,529.623825
,-50.0,50,531.266617
,-50.0,50,532.930928
,-14.0,50,534.55627
,-50.0,50,536.188905
,-43.0,50,537.86798
,-50.0,50,539.526587
,-50.0,50,541.167888
,-50.0,50,542.796364
,-19.0,50,544.453599
,-4.0,50,546.052143
,-50.0,50,547.749413
,-50.0,50,549.405423
,-50.0,50,551.083993
,0.0,50,552.667991
,-9.0,50,554.35634
,-50.0,50,555.991657
,-19.0,50,557.677757
,-50.0,50,559.306277
,-50.0,50,560.945292
,-21.0,50,562.611774
,-8.0,50,564.250515
,-50.0,50,565.911934
,-50.0,50,567.595827
,0.0,50,569.237757
,-50.0,50,570.847085
,-50.0,50,572.50816
,-50.0,50,574.180644
,-50.0,50,575.826632
,0.0,50,577.474264
,-4.0,50,579.098408
,-8.0,50,580.763123
,-50.0,50,582.402877
,-8.0,50,584.06813
,-50.0,50,585.696814
,-50.0,50,587.335666
,-50.0,50,588.991268
,-50.0,50,590.632956
,-48.0,50,592.244649
,-50.0,50,593.94517
,-50.0,50,595.597259
,-50.0,50,595.889212
,-50.0,50,596.154422
,-30.0,50,596.432867
,-15.0,50,596.727929
,-48.0,50,597.024411
,-50.0,50,597.298778
,-50.0,50,597.59239
,-6.0,50,597.885275
,-50.0,50,598.164472
,-50.0,50,598.494484
,-50.0,50,600.104969
,-50.0,50,601.757434
,-50.0,50,603.432838
,-36.0,50,605.109268
,-50.0,50,606.708271
,-50.0,50,608.365125
,0.0,50,610.030717
,-50.0,50,611.735803
,-14.0,50,613.384544
,-50.0,50,615.027169
,-40.0,50,616.650409
,-20.0,50,618.296907
,-30.0,50,619.972443
,-17.0,50,621.639438
,-14.0,50,623.277643
,-37.0,50,624.957923
,-33.0,50,626.577554
,-15.0,50,628.230771
,-50.0,50,629.886785
,-14.0,50,631.546524
,-50.0,50,633.170003
,-50.0,50,634.815564
,-50.0,50,636.48528
,-50.0,50,638.132697
,-50.0,50,639.792212
,-26.0,50,641.437249
,-50.0,50,643.073063
,-50.0,50,644.781618
,-13.0,50,646.448981
,-10.0,50,648.082003
,-12.0,50,649.734453
,-40.0,50,651.374027
,-50.0,50,653.022528
,-50.0,50,654.652569
,-11.0,50,656.338592
,-50.0,50,658.00815
,-24.0,50,659.635708
,-46.0,50,661.300391
,-13.0,50,662.929295
,-50.0,50,664.644819
,-36.0,50,666.31232
,-24.0,50,667.910042
,-39.0,50,669.598692
,-27.0,50,671.239451
,-50.0,50,672.887593
,-22.0,50,674.522547
,-17.0,50,676.186259
,0.0,50,677.879005
,0.0,50,679.522391
,-26.0,50,681.207345
,-17.0,50,681.486967
,-33.0,50,681.760319
,-30.0,50,682.057229
,0.0,50,682.32106
,-9.0,50,682.581057
,-11.0,50,682.869145
,-28.0,50,683.183012
,-5.0,50,683.457064
,-8.0,50,683.719176
,-12.0,50,684.097111
,-38.0,50,685.742298
,-50.0,50,687.367429
,-16.0,50,689.058836
,-14.0,50,690.6572
,-50.0,50,692.335659
,-48.0,50,694.011191
,0.0,50,695.632571
,-27.0,50,697.31262
,-50.0,50,699.006922
,-50.0,50,700.637269
,-50.0,50,702.330074
,-32.0,50,703.945104
,-50.0,50,705.628791
,-33.0,50,707.286448
,-50.0,50,708.93141
,-43.0,50,710.612188
,-11.0,50,712.237796
,-28.0,50,713.902288
,-50.0,50,715.553813
,-13.0,50,717.194147
,-48.0,50,718.856093
,-25.0,50,720.513136
,-10.0,50,722.163158
,-16.0,50,723.811896
,-47.0,50,725.4614
,-10.0,50,727.096438
,-21.0,50,728.741111
,0.0,50,730.397798
,-26.0,50,732.084423
,-50.0,50,733.700559
,-21.0,50,735.407684
,-26.0,50,737.066849
,0.0,50,738.722855
,-17.0,50,740.374308
,-34.0,50,742.017915
,0.0,50,743.661079
,-24.0,50,745.314799
,-22.0,50,746.981789
,-50.0,50,748.650474
,-16.0,50,750.295795
,-50.0,50,751.925237
,-47.0,50,753.58022
,-18.0,50,755.247506
,-15.0,50,756.874079
,-18.0,50,758.5458
,-50.0,50,760.19566
,-40.0,50,761.849984
,-50.0,50,763.498305
,-50.0,50,765.167366
,-5.0,50,766.86806
,-47.0,50,767.150686
,0.0,50,767.442735
,-9.0,50,767.708049
,-50.0,50,767.96113
,-15.0,50,768.255198
,-14.0,50,768.555292
,-12.0,50,768.841606
,0.0,50,769.100901
,-50.0,50,769.38573
,-48.0,50,769.749856
,-10.0,50,771.406066
,-29.0,50,773.068734
,-16.0,50,774.690668
,-28.0,50,776.344194
,-10.0,50,778.013138
,-29.0,50,779.686929
,-15.0,50,781.326913
,-2.0,50,783.028371
,-27.0,50,784.664261
,-50.0,50,786.311684
,-16.0,50,788.011956
,-50.0,50,789.644746
,-49.0,50,791.319245
,-8.0,50,792.955428
,-38.0,50,794.585638
,-20.0,50,796.269636
,-50.0,50,797.935958
,-18.0,50,799.594786
,-19.0,50,801.249858
,-48.0,50,802.933738
,-4.0,50,804.603731
,-24.0,50,806.23297
,-20.0,50,807.904899
,-18.0,50,809.583925
,-47.0,50,811.201808
,-50.0,50,812.865201
,-41.0,50,814.567222
,-41.0,50,816.202924
,-17.0,50,817.928696
,-12.0,50,819.551949
,-24.0,50,821.248291
,-48.0,50,822.914136
,-50.0,50,824.578393
,-12.0,50,826.229983
,-15.0,50,827.888837
,-14.0,50,829.528491
,-10.0,50,831.177333
,0.0,50,832.831629
,-38.0,50,834.540141
,-23.0,50,836.180077
,-14.0,50,837.852923
,-33.0,50,839.532145
,-6.0,50,841.178281
,-15.0,50,842.806536
,-12.0,50,844.498773
,-13.0,50,846.156585
,-24.0,50,847.812201
,-23.0,50,849.493208
,-23.0,50,851.16823
,-21.0,50,852.831004
,-10.0,50,853.11894
,-14.0,50,853.409483
,-11.0,50,853.677921
,-12.0,50,853.976081
,-6.0,50,854.226384
,-6.0,50,854.518628
,0.0,50,854.752152
,-49.0,50,855.03265
,0.0,50,855.306635
,-9.0,50,855.740318
,-28.0,50,857.407537
,-35.0,50,859.063026
,-13.0,50,860.715722
,-39.0,50,862.356686
,-48.0,50,864.028327
,-17.0,50,865.698042
,-50.0,50,867.336369
,-15.0,50,869.012021
,-17.0,50,870.684373
,-30.0,50,872.312508
,-50.0,50,874.004727
,-25.0,50,875.650539
,-48.0,50,877.280827
,-23.0,50,878.961544
,-23.0,50,880.627288
,-19.0,50,882.299419
,-25.0,50,883.995573
,-27.0,50,885.644182
,-50.0,50,887.271845
,-10.0,50,888.933964
,-28.0,50,890.639801
,-17.0,50,892.312338
,0.0,50,893.95512
,-32.0,50,895.615564
,-12.0,50,897.333295
,-8.0,50,898.955766
,-15.0,50,900.630794
,-18.0,50,902.32089
,-21.0,50,903.964822
,-43.0,50,905.642557
,-12.0,50,907.29299
,0.0,50,908.97078
,-46.0,50,910.659601
,-14.0,50,912.316949
,-14.0,50,913.985683
,-22.0,50,915.5963
,-50.0,50,917.311091
,0.0,50,918.954525
,-41.0,50,920.639216
,-20.0,50,922.302706
,-47.0,50,924.010486
,-50.0,50,925.629392
,0.0,50,927.305493
,-12.0,50,928.982989
,-36.0,50,930.658375
,-44.0,50,932.260342
,-32.0,50,933.963044
,-19.0,50,935.654135
,-13.0,50,937.321904
,-16.0,50,938.985725
,-12.0,50,939.262651
,-16.0,50,939.546431
,-9.0,50,939.810439
,-6.0,50,940.088157
,-16.0,50,940.383458
,-50.0,50,940.674708
,-9.0,50,940.939396
,-14.0,50,941.221955
,-23.0,50,941.512249
,-22.0,50,941.859468
,0.0,50,943.535877
,-38.0,50,945.211187
,0.0,50,946.847139
,-9.0,50,948.533386
,-46.0,50,950.221768
,-7.0,50,951.869764
,-40.0,50,953.570276
,-17.0,50,955.250994
,-19.0,50,956.876155
,-16.0,50,958.545955
,-16.0,50,960.184129
,-18.0,50,961.875298
,-22.0,50,963.550304
,-23.0,50,965.220123
,-13.0,50,966.85964
,-33.0,50,968.571125
,-30.0,50,970.22208
,-14.0,50,971.907283
,-9.0,50,973.532914
,-36.0,50,975.258104
,-15.0,50,976.912486
,-19.0,50,978.607726
,-36.0,50,980.278146
,-20.0,50,981.962374
,-21.0,50,983.575449
,-35.0,50,985.287218
,-11.0,50,986.928127
,-17.0,50,988.595616
,-9.0,50,990.279233
,-31.0,50,991.95575
,-36.0,50,993.612602
,-13.0,50,995.27276
,0.0,50,996.950751
,-30.0,50,998.628827
,-13.0,50,1000.249117
,-22.0,50,1001.983142
,-13.0,50,1003.655489
,-32.0,50,1005.283235
,-17.0,50,1006.993123
,-12.0,50,1008.658735
,-14.0,50,1010.288951
,0.0,50,1011.989185
,-6.0,50,1013.625578
,-11.0,50,1015.316173
,0.0,50,1016.986726
,-50.0,50,1018.646896
,-7.0,50,1020.289299
,-14.0,50,1021.986948
,-6.0,50,1023.682411
,-50.0,50,1025.342991
,-11.0,50,1025.650352
,-9.0,50,1025.932652
,-11.0,50,1026.199909
,-8.0,50,1026.464923
,-9.0,50,1026.741238
,-8.0,50,1027.039843
,-6.0,50,1027.322626
,-8.0,50,1027.592731
,-9.0,50,1027.863444
,-15.0,50,1028.198327
,-17.0,50,1029.900937
,0.0,50,1031.54704
,-9.0,50,1033.227434
,-9.0,50,1034.874767
,-18.0,50,1036.5232
,-25.0,50,1038.200431
,-25.0,50,1039.890869
,-14.0,50,1041.547394
,-26.0,50,1043.231422
,-50.0,50,1044.900255
,-16.0,50,1046.546053
,-13.0,50,1048.197649
,-13.0,50,1049.858251
,-24.0,50,1051.564586
,-10.0,50,1053.195383
,-17.0,50,1054.883834
,-14.0,50,1056.548661
,-22.0,50,1058.194089
,-22.0,50,1059.910283
,-6.0,50,1061.564379
,-11.0,50,1063.216874
,-5.0,50,1064.922181
,-15.0,50,1066.599245
,-16.0,50,1068.286196
,-8.0,50,1069.939457
,-22.0,50,1071.663044
,-19.0,50,1073.341154
,-15.0,50,1074.971414
,-15.0,50,1076.635181
,-19.0,50,1078.306344
,-22.0,50,1079.993955
,-15.0,50,1081.649134
,-27.0,50,1083.335807
,-22.0,50,1084.983738
,-19.0,50,1086.664121
,-15.0,50,1088.36173
,-20.0,50,1090.009792
,-17.0,50,1091.670456
,-24.0,50,1093.308507
,-11.0,50,1095.017966
,-23.0,50,1096.648152
,-50.0,50,1098.346576
,-15.0,50,1100.026039
,-29.0,50,1101.700259
,-23.0,50,1103.388526
,-11.0,50,1105.037302
,-33.0,50,1106.681236
,-14.0,50,1108.398179
,-21.0,50,1110.047846
,-16.0,50,1111.750937
,-7.0,50,1112.03793
,-8.0,50,1112.28405
,-9.0,50,1112.560038
,-7.0,50,1112.828392
,-10.0,50,1113.133527
,-5.0,50,1113.400787
,-10.0,50,1113.685337
,-8.0,50,1113.972246
,-9.0,50,1114.255405
,-10.0,50,1114.555679
,-16.0,50,1116.241174
,-14.0,50,1117.917839
,-14.0,50,1119.605754
,-14.0,50,1121.243748
,-18.0,50,1122.931348
,-16.0,50,1124.620813
,-15.0,50,1126.265538
,-27.0,50,1127.976831
,-9.0,50,1129.666655
,-26.0,50,1131.334502
,-7.0,50,1132.990691
,-32.0,50,1134.662729
,-21.0,50,1136.367414
,-20.0,50,1138.051154
,-2.0,50,1139.648486
,-50.0,50,1141.395809
,-16.0,50,1143.03452
,-27.0,50,1144.736866
,-12.0,50,1146.391282
,-18.0,50,1148.041171
,0.0,50,1149.755286
,-10.0,50,1151.418864
,-18.0,50,1153.108441
,-12.0,50,1154.753727
,-49.0,50,1156.465338
,-48.0,50,1158.135889
,-38.0,50,1159.833901
,-15.0,50,1161.460332
,0.0,50,1163.163175
,-19.0,50,1164.834736
,-8.0,50,1166.511904
,-31.0,50,1168.215656
,-29.0,50,1169.875484
,-9.0,50,1171.610521
,-19.0,50,1173.265266
,-5.0,50,1174.8935
,-19.0,50,1176.582462
,-15.0,50,1178.248948
,-21.0,50,1179.977545
,-10.0,50,1181.634883
,-15.0,50,1183.335084
,-50.0,50,1184.980997
,-35.0,50,1186.692752
,-18.0,50,1188.38397
,-6.0,50,1190.001831
,-15.0,50,1191.746688
,-13.0,50,1193.382004
,-16.0,50,1195.048229
,-14.0,50,1196.703834
,-10.0,50,1198.422226
,-14.0,50,1198.700716
,-23.0,50,1198.995971
,0.0,50,1199.265963
,-13.0,50,1199.54221
,-6.0,50,1199.811409
,-9.0,50,1200.081581
,-32.0,50,1200.355332
,-10.0,50,1200.631454
,0.0,50,1200.901742
,-18.0,50,1201.298218
,-32.0,50,1203.016994
,-12.0,50,1204.703322
,-23.0,50,1206.330828
,-12.0,50,1208.02305
,0.0,50,1209.731106
,-13.0,50,1211.405444
,0.0,50,1213.043643
,0.0,50,1214.744348
,-16.0,50,1216.396059
,-31.0,50,1218.048338
,-17.0,50,1219.715218
,-16.0,50,1221.418127
,-23.0,50,1223.109033
,-16.0,50,1224.775536
,-9.0,50,1226.48182
,-26.0,50,1228.153583
,-13.0,50,1229.814275
,-10.0,50,1231.492118
,-19.0,50,1233.19205
,-22.0,50,1234.829382
,-31.0,50,1236.545859
,-19.0,50,1238.202114
,-21.0,50,1239.877702
,-11.0,50,1241.561312
,-31.0,50,1243.241641
,-33.0,50,1244.92073
,-13.0,50,1246.528351
,-20.0,50,1248.291166
,-20.0,50,1249.934361
,-19.0,50,1251.618981
,-22.0,50,1253.319638
,-50.0,50,1254.97204
,-21.0,50,1256.619575
,-18.0,50,1258.300148
,-12.0,50,1260.021965
,-14.0,50,1261.682745
,-10.0,50,1263.377324
,-19.0,50,1265.061807
,0.0,50,1266.770622
,-9.0,50,1268.402224
,-16.0,50,1270.104065
,-31.0,50,1271.806959
,-14.0,50,1273.435479
,-21.0,50,1275.119956
,-16.0,50,1276.831887
,-13.0,50,1278.493377
,-14.0,50,1280.174414
,-12.0,50,1281.840663
,-21.0,50,1283.56208
,0.0,50,1285.276245
,-5.0,50,1285.539559
,-6.0,50,1285.830681
,-24.0,50,1286.134887
,-10.0,50,1286.403361
,-6.0,50,1286.666734
,-17.0,50,1286.925386
,-6.0,50,1287.20988
,-16.0,50,1287.466788
,0.0,50,1287.746244
,-10.0,50,1288.078117
,-16.0,50,1289.752957
,0.0,50,1291.44428
,-20.0,50,1293.10456
,-28.0,50,1294.800208
,-18.0,50,1296.479094
,-32.0,50,1298.170331
,-23.0,50,1299.839667
,-19.0,50,1301.540794
,-15.0,50,1303.20831
,-40.0,50,1304.914835
,-16.0,50,1306.584872
,0.0,50,1308.236891
,-19.0,50,1309.969686
,-15.0,50,1311.643208
,-18.0,50,1313.27497
,-13.0,50,1314.961551
,-37.0,50,1316.63379
,-12.0,50,1318.370561
,-27.0,50,1320.000805
,-13.0,50,1321.693356
,-16.0,50,1323.392816
,-18.0,50,1325.043706
,-25.0,50,1326.764579
,-14.0,50,1328.472438
,-19.0,50,1330.144541
,-25.0,50,1331.809143
,-21.0,50,1333.496223
,-31.0,50,1335.213692
,-24.0,50,1336.880069
,-31.0,50,1338.590993
,-12.0,50,1340.24294
,-12.0,50,1341.943235
,-8.0,50,1343.598605
,-14.0,50,1345.311558
,-4.0,50,1346.998378
,-11.0,50,1348.714948
,-15.0,50,1350.421876
,-14.0,50,1352.1002
,-7.0,50,1353.777979
,-9.0,50,1355.448467
,-30.0,50,1357.128656
,-16.0,50,1358.844946
,0.0,50,1360.515657
,-20.0,50,1362.212938
,-12.0,50,1363.927359
,-43.0,50,1365.620907
,-16.0,50,1367.283722
,-10.0,50,1368.95676
,-22.0,50,1370.676907
,-9.0,50,1372.366837
,-7.0,50,1372.652672
,-7.0,50,1372.918173
,-8.0,50,1373.209849
,-33.0,50,1373.494787
,-15.0,50,1373.767849
,-8.0,50,1374.033067
,-16.0,50,1374.306668
,-9.0,50,1374.586529
,-3.0,50,1374.889712
,-20.0,50,1375.257132
,-18.0,50,1376.917795
,-10.0,50,1378.612539
,0.0,50,1380.326904
,-31.0,50,1381.988635
,-24.0,50,1383.727403
,-27.0,50,1385.393853
,-10.0,50,1387.07695
,0.0,50,1388.734278
,-48.0,50,1390.415308
,-18.0,50,1392.12693
,-46.0,50,1393.807444
,-40.0,50,1395.483858
,-12.0,50,1397.199091
,-10.0,50,1398.864531
,-4.0,50,1400.569305
,-23.0,50,1402.295368
,-14.0,50,1404.002121
,-24.0,50,1405.669495
,-15.0,50,1407.367855
,0.0,50,1409.03518
,-31.0,50,1410.75813
,-20.0,50,1412.427835
,-50.0,50,1414.119842
,-23.0,50,1415.795813
,-22.0,50,1417.501349
,-18.0,50,1419.152782
,-15.0,50,1420.866099
,-29.0,50,1422.562726
,-20.0,50,1424.269845
,-12.0,50,1425.927352
,-15.0,50,1427.636772
,-15.0,50,1429.34125
,0.0,50,1430.986233
,-31.0,50,1432.702545
,-34.0,50,1434.360763
,-8.0,50,1436.034474
,-37.0,50,1437.766693
,0.0,50,1439.486058
,-15.0,50,1441.167445
,-21.0,50,1442.839355
,-7.0,50,1444.536939
,-13.0,50,1446.195726
,-18.0,50,1447.93347
,-19.0,50,1449.621385
,-26.0,50,1451.309572
,0.0,50,1453.008119
,-20.0,50,1454.719625
,-18.0,50,1456.391505
,-15.0,50,1458.070739
,-11.0,50,1459.786854
,-10.0,50,1460.077298
,-28.0,50,1460.338735
,-7.0,50,1460.598937
,0.0,50,1460.88895
,-13.0,50,1461.170997
,-5.0,50,1461.452012
,-8.0,50,1461.715768
,-9.0,50,1461.976981
,-8.0,50,1462.240164
,-11.0,50,1462.628992
,-50.0,50,1464.335435
,-8.0,50,1466.008044
,-16.0,50,1467.704964
,-15.0,50,1469.384625
,-35.0,50,1471.043214
,-9.0,50,1472.760453
,-7.0,50,1474.45506
,-10.0,50,1476.147589
,-11.0,50,1477.818565
,-13.0,50,1479.451663
,-23.0,50,1481.212962
,-19.0,50,1482.887165
,-9.0,50,1484.538071
,-17.0,50,1486.219716
,-17.0,50,1487.979297
,-31.0,50,1489.650936
,-30.0,50,1491.379579
,-11.0,50,1493.052771
,-22.0,50,1494.762376
,-28.0,50,1496.48468
,-33.0,50,1498.211834
,-11.0,50,1499.844947
,-14.0,50,1501.577932
,-9.0,50,1503.277906
,-19.0,50,1504.940599
,-27.0,50,1506.711529
,-8.0,50,1508.348253
,-20.0,50,1510.117903
,-50.0,50,1511.772522
,-10.0,50,1513.499759
,-20.0,50,1515.150172
,-34.0,50,1516.914126
,-22.0,50,1518.567904
,-21.0,50,1520.277601
,0.0,50,1521.96434
,0.0,50,1523.671891
,-22.0,50,1525.409942
,-10.0,50,1527.065095
,0.0,50,1528.782533
,-26.0,50,1530.489699
,-50.0,50,1532.189601
,-15.0,50,1533.871726
,-15.0,50,1535.542908
,-21.0,50,1537.253283
,-16.0,50,1538.947418
,-19.0,50,1540.668601
,-12.0,50,1542.335411
,-11.0,50,1544.010449
,-18.0,50,1545.720843
,-10.0,50,1547.439337
,-19.0,50,1547.725878
,-3.0,50,1547.974858
,-8.0,50,1548.268762
,-5.0,50,1548.532056
,-13.0,50,1548.822949
,-11.0,50,1549.09411
,-8.0,50,1549.366116
,-18.0,50,1549.654617
,-12.0,50,1549.934187
,-18.0,50,1550.323085
,-16.0,50,1551.981347
,-17.0,50,1553.707572
,-4.0,50,1555.41841
,-9.0,50,1557.083239
,-12.0,50,1558.761835
,0.0,50,1560.471315
,-11.0,50,1562.140231
,-9.0,50,1563.833299
,-18.0,50,1565.538167
,-22.0,50,1567.253222
,-10.0,50,1568.926505
,-29.0,50,1570.608788
,-22.0,50,1572.400987
,-12.0,50,1574.046405
,-15.0,50,1575.771805
,-15.0,50,1577.464349
,-25.0,50,1579.120255
,-21.0,50,1580.880525
,-40.0,50,1582.572712
,-14.0,50,1584.295139
,-29.0,50,1585.974088
,-14.0,50,1587.659891
,0.0,50,1589.390726
,-21.0,50,1591.028439
,-14.0,50,1592.772346
,-17.0,50,1594.484612
,-24.0,50,1596.114325
,0.0,50,1597.853815
,-27.0,50,1599.555633
,-32.0,50,1601.265487
,-17.0,50,1602.972612
,-30.0,50,1604.67311
,-26.0,50,1606.375557
,-22.0,50,1608.066097
,-8.0,50,1609.81189
,-14.0,50,1611.490816
,-13.0,50,1613.186736
,-19.0,50,1614.926081
,-14.0,50,1616.581082
,-19.0,50,1618.286007
,-18.0,50,1620.015964
,-6.0,50,1621.662806
,-19.0,50,1623.354822
,-24.0,50,1625.088551
,0.0,50,1626.796655
,-13.0,50,1628.490558
,-10.0,50,1630.179396
,-24.0,50,1631.86058
,-31.0,50,1633.556996
,-7.0,50,1635.304281
,0.0,50,1635.578347
,-20.0,50,1635.836736
,-24.0,50,1636.117658
,-20.0,50,1636.41968
,-7.0,50,1636.683563
,-9.0,50,1636.968014
,-9.0,50,1637.237211
,-12.0,50,1637.531543
,-11.0,50,1637.80044
,-15.0,50,1638.128338
,-11.0,50,1639.827213
,0.0,50,1641.520739
,-10.0,50,1643.241214
,-21.0,50,1644.95436
,-30.0,50,1646.629576
,-11.0,50,1648.375802
,-49.0,50,1650.077017
,-11.0,50,1651.7828
,-16.0,50,1653.442996
,-28.0,50,1655.131052
,0.0,50,1656.85957
,-15.0,50,1658.556045
,-22.0,50,1660.251187
,0.0,50,1661.957823
,-8.0,50,1663.612557
,-48.0,50,1665.348468
,-22.0,50,1667.070872
,-16.0,50,1668.765824
,-8.0,50,1670.435364
,-24.0,50,1672.154106
,-20.0,50,1673.837654
,-26.0,50,1675.484519
,-31.0,50,1677.255761
,-35.0,50,1678.884062
,-7.0,50,1680.612524
,-25.0,50,1682.32371
,-11.0,50,1684.010137
,-27.0,50,1685.759415
,-11.0,50,1687.407858
,-14.0,50,1689.131348
,-18.0,50,1690.836398
,-22.0,50,1692.554562
,-23.0,50,1694.275068
,-15.0,50,1695.966384
,-8.0,50,1697.687315
,-25.0,50,1699.377781
,-39.0,50,1701.030998
,-39.0,50,1702.78627
,-15.0,50,1704.454491
,-12.0,50,1706.171026
,-22.0,50,1707.899835
,-9.0,50,1709.547687
,-30.0,50,1711.303161
,-15.0,50,1712.987131
,-18.0,50,1714.670856
,-9.0,50,1716.390983
,-17.0,50,1718.086587
,-22.0,50,1719.800172
,-8.0,50,1721.515538
,0.0,50,1723.239669
,-7.0,50,1723.514303
,-16.0,50,1723.810601
,-10.0,50,1724.107404
,-6.0,50,1724.392206
,-12.0,50,1724.659173
,0.0,50,1724.912629
,-7.0,50,1725.207569
,-6.0,50,1725.480707
,-10.0,50,1725.72462
,-31.0,50,1726.07022
,-20.0,50,1727.77248
,-19.0,50,1729.454234
,-29.0,50,1731.149661
,-19.0,50,1732.860813
,-13.0,50,1734.569575
,-8.0,50,1736.254642
,-46.0,50,1737.981498
,-25.0,50,1739.720779
,-15.0,50,1741.402979
,-41.0,50,1743.131735
,-17.0,50,1744.811241
,-9.0,50,1746.508716
,-12.0,50,1748.217684
,-16.0,50,1749.951084
,-12.0,50,1751.670161
,-24.0,50,1753.406568
,0.0,50,1755.122063
,-41.0,50,1756.802424
,-7.0,50,1758.477171
,-15.0,50,1760.193834
,-17.0,50,1761.917286
,-37.0,50,1763.591448
,-10.0,50,1765.329679
,-15.0,50,1767.019413
,-12.0,50,1768.705534
,-14.0,50,1770.434691
,-15.0,50,1772.161732
,-15.0,50,1773.848756
,-14.0,50,1775.573214
,-6.0,50,1777.250958
,-18.0,50,1779.002346
,-29.0,50,1780.685118
,-29.0,50,1782.417161
,-24.0,50,1784.149317
,-16.0,50,1785.818391
,-23.0,50,1787.544523
,-17.0,50,1789.279177
,-14.0,50,1790.973806
,-16.0,50,1792.724668
,-18.0,50,1794.420758
,-24.0,50,1796.128757
,-27.0,50,1797.826005
,-11.0,50,1799.524485
,-21.0,50,1801.281694
,-14.0,50,1802.991734
,-15.0,50,1804.690183
,-19.0,50,1806.370621
,-35.0,50,1808.124859
,-46.0,50,1809.845254
,-10.0,50,1811.553166
,-11.0,50,1811.837188
,0.0,50,1812.111604
,-11.0,50,1812.410047
,-17.0,50,1812.687228
,-7.0,50,1812.998118
,-15.0,50,1813.270285
,-5.0,50,1813.535913
,-12.0,50,1813.81222
,-8.0,50,1814.08692
,-14.0,50,1814.421077
,-18.0,50,1816.106113
,-41.0,50,1817.81498
,-21.0,50,1819.512911
,-46.0,50,1821.22395
,-11.0,50,1822.910944
,-25.0,50,1824.645844
,-11.0,50,1826.369845
,-21.0,50,1828.096173
,-27.0,50,1829.785117
,-27.0,50,1831.535357
,-17.0,50,1833.196253
,0.0,50,1834.923452
,0.0,50,1836.62704
,-50.0,50,1838.357905
,-21.0,50,1840.099594
,-11.0,50,1841.826004
,-50.0,50,1843.487761
,-34.0,50,1845.207115
,-19.0,50,1846.913085
,-25.0,50,1848.70487
,-47.0,50,1850.38057
,-11.0,50,1852.084911
,-7.0,50,1853.813854
,-8.0,50,1855.535243
,-25.0,50,1857.235303
,-13.0,50,1859.000548
,-10.0,50,1860.69934
,-22.0,50,1862.416001
,-21.0,50,1864.115256
,-8.0,50,1865.828254
,-19.0,50,1867.497206
,-4.0,50,1869.243041
,-17.0,50,1871.008984
,-32.0,50,1872.661785
,-27.0,50,1874.384333
,-14.0,50,1876.087417
,-14.0,50,1877.785844
,-28.0,50,1879.528875
,-23.0,50,1881.215532
,-20.0,50,1882.941307
,-13.0,50,1884.671165
,-18.0,50,1886.39581
,-7.0,50,1888.078478
,-17.0,50,1889.79992
,-10.0,50,1891.530406
,0.0,50,1893.248415
,-7.0,50,1894.992957
,-15.0,50,1896.688267
,-22.0,50,1898.395985
,-9.0,50,1900.113426
,-7.0,50,1900.377016
,-11.0,50,1900.679008
,-5.0,50,1900.947267
,-12.0,50,1901.207831
,-12.0,50,1901.496379
,-5.0,50,1901.792177
,-11.0,50,1902.077324
,-5.0,50,1902.347816
,-12.0,50,1902.61132
,-45.0,50,1902.962046
,-8.0,50,1904.675975
,-15.0,50,1906.359755
,-26.0,50,1908.086941
,-13.0,50,1909.765272
,-33.0,50,1911.50292
,-15.0,50,1913.214917
,-9.0,50,1914.87435
,-38.0,50,1916.679189
,-11.0,50,1918.375473
,-33.0,50,1920.110296
,-8.0,50,1921.863213
,-39.0,50,1923.544831
,-19.0,50,1925.234161
,-20.0,50,1926.985238
,0.0,50,1928.662936
,-18.0,50,1930.386778
,-22.0,50,1932.072575
,-14.0,50,1933.849784
,-26.0,50,1935.553198
,-44.0,50,1937.252081
,-25.0,50,1938.977936
,-30.0,50,1940.702914
,-18.0,50,1942.400093
,-20.0,50,1944.073288
,-13.0,50,1945.792379
,-35.0,50,1947.526987
,0.0,50,1949.259858
,-16.0,50,1950.947557
,-14.0,50,1952.660836
,-12.0,50,1954.440689
,-23.0,50,1956.126817
,-19.0,50,1957.8124
,-33.0,50,1959.518922
,-10.0,50,1961.213203
,-18.0,50,1962.947971
,-25.0,50,1964.689094
,-12.0,50,1966.410994
,-35.0,50,1968.13144
,-12.0,50,1969.848125
,-20.0,50,1971.526321
,-11.0,50,1973.278516
,-10.0,50,1974.975873
,-21.0,50,1976.703782
,-35.0,50,1978.414646
,-13.0,50,1980.07759
,-16.0,50,1981.844001
,-11.0,50,1983.59791
,-30.0,50,1985.314712
,-42.0,50,1986.998043
,-7.0,50,1988.724526
,-9.0,50,1989.015394
,-11.0,50,1989.299955
,-7.0,50,1989.594314
,-20.0,50,1989.885595
,-47.0,50,1990.179704
,-11.0,50,1990.440211
,-8.0,50,1990.730568
,-9.0,50,1991.022793
,-7.0,50,1991.288344
,-14.0,50,1991.623582
,-21.0,50,1993.339772
,-18.0,50,1995.094922
,0.0,50,1996.761492
,-15.0,50,1998.530354
,-47.0,50,2000.225133
,-28.0,50,2001.965582
,-11.0,50,2003.679733
,-3.0,50,2005.401732
,-9.0,50,2007.085549
,-41.0,50,2008.782435
,0.0,50,2010.48294
,-17.0,50,2012.246792
,-11.0,50,2013.953727
,-16.0,50,2015.616792
,-14.0,50,2017.428909
,0.0,50,2019.100183
,-26.0,50,2020.810945
,-10.0,50,2022.576193
,-16.0,50,2024.327654
,-19.0,50,2026.050333
,-18.0,50,2027.739871
,-19.0,50,2029.423319
,0.0,50,2031.161911
,-26.0,50,2032.88874
,-19.0,50,2034.556873
,-18.0,50,2036.358978
,-19.0,50,2038.052425
,0.0,50,2039.739058
,-41.0,50,2041.487923
,-11.0,50,2043.216773
,-28.0,50,2044.908487
,0.0,50,2046.636885
,-16.0,50,2048.352167
,-22.0,50,2050.022681
,-10.0,50,2051.76734
,-19.0,50,2053.5141
,-45.0,50,2055.209242
,-8.0,50,2056.938357
,-10.0,50,2058.660692
,-13.0,50,2060.376142
,-11.0,50,2062.065986
,-42.0,50,2063.791276
,0.0,50,2065.508959
,-27.0,50,2067.240104
,-19.0,50,2068.977369
,-28.0,50,2070.663885
,-12.0,50,2072.342512
,-11.0,50,2074.063037
,-15.0,50,2075.832133
,-8.0,50,2077.556362
,-10.0,50,2077.815736
,0.0,50,2078.108492
,-9.0,50,2078.395368
,-11.0,50,2078.674083
,-17.0,50,2078.965803
,-11.0,50,2079.246972
,-9.0,50,2079.506348
,-14.0,50,2079.783037
,0.0,50,2080.053805
,-26.0,50,2080.430683
,-18.0,50,2082.107537
,-50.0,50,2083.806499
,0.0,50,2085.543737
,-25.0,50,2087.251187
,-48.0,50,2089.006257
,-20.0,50,2090.738649
,0.0,50,2092.474339
,-13.0,50,2094.209024
,-24.0,50,2095.885913
,-6.0,50,2097.654803
,-18.0,50,2099.390058
,-6.0,50,2101.080808
,-14.0,50,2102.816498
,-17.0,50,2104.578767
,-10.0,50,2106.242705
,-21.0,50,2108.010583
,-9.0,50,2109.719418
,-48.0,50,2111.449883
,-23.0,50,2113.186573
,-21.0,50,2114.881639
,-18.0,50,2116.598985
,-16.0,50,2118.366417
,-8.0,50,2120.054466
,-13.0,50,2121.842406
,0.0,50,2123.544311
,-18.0,50,2125.247537
,-26.0,50,2126.953212
,-28.0,50,2128.667524
,-11.0,50,2130.37997
,-38.0,50,2132.145901
,-17.0,50,2133.81842
,-23.0,50,2135.61073
,-6.0,50,2137.288993
,-16.0,50,2139.030484
,-28.0,50,2140.803891
,-21.0,50,2142.494777
,-19.0,50,2144.199101
,-15.0,50,2145.962192
,-10.0,50,2147.698899
,-22.0,50,2149.414401
,0.0,50,2151.1315
,-25.0,50,2152.886885
,-28.0,50,2154.576127
,-41.0,50,2156.311267
,-14.0,50,2158.075373
,-18.0,50,2159.766746
,-13.0,50,2161.462616
,-7.0,50,2163.211986
,-13.0,50,2164.960444
,-6.0,50,2166.686916
,-9.0,50,2166.988612
,-11.0,50,2167.238014
,-6.0,50,2167.518855
,-13.0,50,2167.779116
,-6.0,50,2168.054801
,-14.0,50,2168.339938
,-5.0,50,2168.627371
,-7.0,50,2168.878351
,-7.0,50,2169.129306
,0.0,50,2169.565929
,-8.0,50,2171.301971
,-16.0,50,2172.997143
,-3.0,50,2174.781934
,-23.0,50,2176.475581
,-9.0,50,2178.230686
,-15.0,50,2179.954029
,-25.0,50,2181.619454
,-27.0,50,2183.392396
,-21.0,50,2185.097411
,-13.0,50,2186.835132
,-14.0,50,2188.562141
,-12.0,50,2190.261914
,0.0,50,2191.95154
,-30.0,50,2193.681581
,-16.0,50,2195.380255
,-8.0,50,2197.13777
,-15.0,50,2198.873381
,-25.0,50,2200.582981
,-29.0,50,2202.276308
,-35.0,50,2204.027346
,-50.0,50,2205.745722
,-26.0,50,2207.519839
,-21.0,50,2209.180262
,-18.0,50,2210.941879
,-40.0,50,2212.684832
,-16.0,50,2214.393792
,-13.0,50,2216.195984
,-19.0,50,2217.932816
,-17.0,50,2219.654432
,-11.0,50,2221.354688
,-20.0,50,2223.081864
,-8.0,50,2224.841738
,-33.0,50,2226.57194
,-10.0,50,2228.322811
,-14.0,50,2230.044389
,-9.0,50,2231.771208
,-17.0,50,2233.496971
,-10.0,50,2235.246037
,-19.0,50,2236.960227
,-7.0,50,2238.681914
,-13.0,50,2240.449769
,-23.0,50,2242.142175
,-11.0,50,2243.849593
,-11.0,50,2245.567847
,-7.0,50,2247.305181
,-26.0,50,2249.015392
,-16.0,50,2250.730197
,-24.0,50,2252.517679
,-11.0,50,2254.234901
,-5.0,50,2256.001418
,-7.0,50,2256.252848
,-8.0,50,2256.530095
,-13.0,50,2256.806594
,-11.0,50,2257.069594
,-7.0,50,2257.352257
,-50.0,50,2257.625717
,-9.0,50,2257.906057
,-9.0,50,2258.16131
,-8.0,50,2258.4197
,-36.0,50,2258.857011
,0.0,50,2260.58759
,-11.0,50,2262.276639
,-13.0,50,2264.063189
,-19.0,50,2265.768633
,-25.0,50,2267.499947
,-33.0,50,2269.222304
,-15.0,50,2270.953171
,-10.0,50,2272.745966
,-14.0,50,2274.440958
,-18.0,50,2276.183695
,-14.0,50,2277.939141
,-17.0,50,2279.616633
,-21.0,50,2281.366235
,-12.0,50,2283.08532
,-18.0,50,2284.758391
,-7.0,50,2286.547783
,-23.0,50,2288.291864
,-23.0,50,2290.063094
,-22.0,50,2291.784061
,-16.0,50,2293.452307
,-31.0,50,2295.225502
,-26.0,50,2297.007188
,-18.0,50,2298.673098
,-12.0,50,2300.417586
,-23.0,50,2302.163636
,-14.0,50,2303.937337
,-3.0,50,2305.707721
,-38.0,50,2307.421128
,-23.0,50,2309.164565
,-4.0,50,2310.858138
,-15.0,50,2312.590445
,-12.0,50,2314.357546
,-10.0,50,2316.105248
,-13.0,50,2317.824353
,-14.0,50,2319.566322
,-42.0,50,2321.333387
,-12.0,50,2323.040761
,-8.0,50,2324.797206
,-10.0,50,2326.526569
,-21.0,50,2328.241919
,-7.0,50,2329.986018
,-10.0,50,2331.74293
,-13.0,50,2333.490395
,-8.0,50,2335.178061
,-23.0,50,2336.959967
,-6.0,50,2338.66624
,-11.0,50,2340.390009
,-27.0,50,2342.119288
,-11.0,50,2343.858433
,-8.0,50,2345.611933
,-8.0,50,2345.900283
,-7.0,50,2346.185682
,-8.0,50,2346.458551
,-6.0,50,2346.728388
,-14.0,50,2347.003311
,-8.0,50,2347.292732
,0.0,50,2347.589756
,0.0,50,2347.857925
,-6.0,50,2348.121537
,-34.0,50,2348.44216
,-23.0,50,2350.140949
,-16.0,50,2351.927865
,-19.0,50,2353.690722
,-33.0,50,2355.390922
,-23.0,50,2357.17772
,-29.0,50,2358.900455
,-22.0,50,2360.614062
,-13.0,50,2362.327673
,-19.0,50,2364.10155
,-13.0,50,2365.840109
,-9.0,50,2367.556962
,0.0,50,2369.292705
,-47.0,50,2371.036162
,-46.0,50,2372.805108
,0.0,50,2374.538266
,0.0,50,2376.269527
,-18.0,50,2377.973633
,-19.0,50,2379.747741
,-24.0,50,2381.476638
,-16.0,50,2383.187215
,-15.0,50,2384.893759
,-11.0,50,2386.653182
,-15.0,50,2388.409389
,-12.0,50,2390.131294
,-33.0,50,2391.846365
,0.0,50,2393.618806
,-9.0,50,2395.307716
,-8.0,50,2397.09252
,0.0,50,2398.841698
,-10.0,50,2400.599961
,-17.0,50,2402.333065
,-8.0,50,2404.034833
,-31.0,50,2405.827646
,-11.0,50,2407.564537
,-27.0,50,2409.311374
,-12.0,50,2411.008919
,-15.0,50,2412.749534
,-17.0,50,2414.515399
,-44.0,50,2416.236161
,-15.0,50,2417.951524
,-12.0,50,2419.678373
,-13.0,50,2421.4338
,-12.0,50,2423.178771
,-18.0,50,2424.910908
,-22.0,50,2426.688978
,-8.0,50,2428.4333
,-24.0,50,2430.145945
,-12.0,50,2431.936108
,-11.0,50,2433.652086
,-12.0,50,2435.406881
,-14.0,50,2435.673736
,-10.0,50,2435.953356
,-4.0,50,2436.236047
,-7.0,50,2436.512361
,-10.0,50,2436.790172
,-13.0,50,2437.072307
,-12.0,50,2437.359025
,-4.0,50,2437.62372
,-5.0,50,2437.910026
,-9.0,50,2438.268205
,-15.0,50,2439.946677
,-14.0,50,2441.758145
,-36.0,50,2443.472762
,-48.0,50,2445.235992
,-7.0,50,2446.953493
,-13.0,50,2448.68086
,-20.0,50,2450.431968
,-12.0,50,2452.219265
,-9.0,50,2453.917074
,-32.0,50,2455.646777
,-15.0,50,2457.407114
,-13.0,50,2459.13363
,-50.0,50,2460.848058
,-11.0,50,2462.585036
,-23.0,50,2464.313395
,-29.0,50,2466.07849
,0.0,50,2467.809165
,-23.0,50,2469.617371
,-30.0,50,2471.326586
,-26.0,50,2473.073379
,-28.0,50,2474.867225
,-14.0,50,2476.600086
,-26.0,50,2478.313258
,-12.0,50,2480.062849
,-8.0,50,2481.815139
,-14.0,50,2483.567421
,-26.0,50,2485.255319
,-20.0,50,2487.002947
,-24.0,50,2488.769441
,-13.0,50,2490.507612
,-22.0,50,2492.290439
,-7.0,50,2494.005276
,-16.0,50,2495.714387
,-23.0,50,2497.485381
,-12.0,50,2499.22737
,-18.0,50,2500.967047
,-10.0,50,2502.674851
,-12.0,50,2504.435838
,0.0,50,2506.199829
,-19.0,50,2507.958939
,-22.0,50,2509.693407
,-6.0,50,2511.433904
,-28.0,50,2513.19886
,-26.0,50,2514.915294
,0.0,50,2516.632396
,-21.0,50,2518.395749
,-15.0,50,2520.162787
,-34.0,50,2521.91214
,-19.0,50,2523.595278
,-7.0,50,2525.35112
,-9.0,50,2525.626257
,-6.0,50,2525.869609
,-10.0,50,2526.147986
,-8.0,50,2526.419183
,-9.0,50,2526.683289
,-10.0,50,2526.943332
,-11.0,50,2527.20636
,-4.0,50,2527.479805
,-12.0,50,2527.757367
,-21.0,50,2528.200247
,-24.0,50,2529.874003
,-19.0,50,2531.684403
,-14.0,50,2533.428041
,-9.0,50,2535.143858
,-28.0,50,2536.936229
,-16.0,50,2538.640535
,-38.0,50,2540.400639
,-27.0,50,2542.176743
,-6.0,50,2543.936985
,-32.0,50,2545.642287
,-19.0,50,2547.425876
,-19.0,50,2549.192671
,-16.0,50,2550.914996
,-22.0,50,2552.643947
,-22.0,50,2554.384449
,-15.0,50,2556.10205
,-13.0,50,2557.899502
,-40.0,50,2559.647355
,-10.0,50,2561.325507
,-21.0,50,2563.099209
,-35.0,50,2564.905547
,-28.0,50,2566.642545
,-18.0,50,2568.360023
,-8.0,50,2570.174124
,-15.0,50,2571.94088
,-11.0,50,2573.640226
,-15.0,50,2575.405677
,-13.0,50,2577.129696
,-23.0,50,2578.886877
,-22.0,50,2580.578715
,-8.0,50,2582.38364
,-9.0,50,2584.154237
,-20.0,50,2585.849971
,-19.0,50,2587.600066
,-18.0,50,2589.368389
,-8.0,50,2591.128605
,-20.0,50,2592.909567
,-26.0,50,2594.636263
,-10.0,50,2596.408536
,-7.0,50,2598.107697
,-18.0,50,2599.916805
,-12.0,50,2601.644603
,-20.0,50,2603.370806
,-11.0,50,2605.143869
,-37.0,50,2606.888451
,-20.0,50,2608.67454
,-5.0,50,2610.404903
,-11.0,50,2612.171453
,-15.0,50,2613.977103
,-11.0,50,2615.734665
,-13.0,50,2616.003735
,-11.0,50,2616.297005
,-17.0,50,2616.565024
,-22.0,50,2616.894519
,0.0,50,2617.172251
,-7.0,50,2617.440074
,-3.0,50,2617.716646
,-6.0,50,2618.011165
,-12.0,50,2618.283846
,-22.0,50,2618.567453
,-14.0,50,2620.337513
,-6.0,50,2622.073099
,-43.0,50,2623.810914
,-16.0,50,2625.553541
,-7.0,50,2627.321254
,-50.0,50,2629.089075
,-22.0,50,2630.841978
,-12.0,50,2632.608645
,-12.0,50,2634.365681
,-13.0,50,2636.128504
,-14.0,50,2637.850794
,-11.0,50,2639.688373
,-13.0,50,2641.451523
,-18.0,50,2643.157052
,-19.0,50,2644.870764
,-8.0,50,2646.656766
,-12.0,50,2648.386409
,-19.0,50,2650.147034
,-22.0,50,2651.914346
,-12.0,50,2653.632464
,-40.0,50,2655.415872
,-14.0,50,2657.238853
,-18.0,50,2658.986368
,-28.0,50,2660.70167
,-21.0,50,2662.463766
,0.0,50,2664.197866
,-18.0,50,2665.985357
,-12.0,50,2667.773792
,-22.0,50,2669.47413
,0.0,50,2671.284022
,-15.0,50,2673.044442
,-12.0,50,2674.759787
,-20.0,50,2676.507597
,0.0,50,2678.261949
,-9.0,50,2679.946113
,-18.0,50,2681.782605
,-33.0,50,2683.486902
,-23.0,50,2685.273992
,0.0,50,2686.990357
,0.0,50,2688.763169
,-23.0,50,2690.524417
,-7.0,50,2692.310347
,0.0,50,2694.047323
,-12.0,50,2695.790915
,-8.0,50,2697.567154
,-11.0,50,2699.285936
,-17.0,50,2701.078013
,-16.0,50,2702.83473
,-10.0,50,2704.615567
,-8.0,50,2706.360759
,-2.0,50,2706.644789
,-4.0,50,2706.905385
,-12.0,50,2707.170902
,-11.0,50,2707.426951
,-10.0,50,2707.709196
,-12.0,50,2707.979177
,-9.0,50,2708.255495
,-17.0,50,2708.576213
,0.0,50,2708.878614
,-16.0,50,2709.258497
,-8.0,50,2710.969475
,-25.0,50,2712.750369
,-10.0,50,2714.483908
,-21.0,50,2716.217412
,-38.0,50,2717.973678
,-12.0,50,2719.790195
,-19.0,50,2721.527993
,-30.0,50,2723.254283
,-14.0,50,2725.015774
,-11.0,50,2726.742974
,-33.0,50,2728.577659
,-23.0,50,2730.298221
,-11.0,50,2732.054175
,-16.0,50,2733.839638
,-27.0,50,2735.545527
,-26.0,50,2737.300054
,-21.0,50,2739.079847
,-36.0,50,2740.827353
,-22.0,50,2742.666673
,-9.0,50,2744.395471
,-6.0,50,2746.14687
,-18.0,50,2747.936938
,-24.0,50,2749.651203
,-27.0,50,2751.441497
,-24.0,50,2753.155792
,-9.0,50,2754.945936
,-23.0,50,2756.681645
,-8.0,50,2758.446239
,-20.0,50,2760.156178
,-18.0,50,2761.920232
,-9.0,50,2763.760065
,-19.0,50,2765.472572
,-16.0,50,2767.239121
,-21.0,50,2768.962336
,0.0,50,2770.772272
,-31.0,50,2772.490329
,-26.0,50,2774.2291
,-23.0,50,2776.016382
,-12.0,50,2777.749896
,-15.0,50,2779.528621
,-22.0,50,2781.245319
,-14.0,50,2783.010631
,-16.0,50,2784.766821
,-14.0,50,2786.528214
,-6.0,50,2788.290236
,-8.0,50,2790.007215
,-14.0,50,2791.791502
,-14.0,50,2793.562925
,-19.0,50,2795.280747
,-14.0,50,2797.050875
,-7.0,50,2797.335253
,-8.0,50,2797.620056
,-9.0,50,2797.89871
,-8.0,50,2798.186573
,-12.0,50,2798.448121
,-10.0,50,2798.713426
,-8.0,50,2799.022219
,-5.0,50,2799.296546
,-10.0,50,2799.572184
,-23.0,50,2799.87498
,-13.0,50,2801.648422
,-6.0,50,2803.414526
,-16.0,50,2805.135031
,-24.0,50,2806.873405
,-14.0,50,2808.620172
,-15.0,50,2810.434759
,0.0,50,2812.163551
,-15.0,50,2813.928505
,-11.0,50,2815.70542
,-15.0,50,2817.474504
,-50.0,50,2819.204669
,-24.0,50,2820.94361
,-14.0,50,2822.709319
,-10.0,50,2824.454625
,0.0,50,2826.21969
,-17.0,50,2827.998548
,-11.0,50,2829.729637
,-19.0,50,2831.487713
,-14.0,50,2833.303903
,-25.0,50,2835.057007
,-22.0,50,2836.786849
,-27.0,50,2838.550362
,-29.0,50,2840.29669
,-17.0,50,2842.062863
,-29.0,50,2843.853284
,-22.0,50,2845.588996
,-14.0,50,2847.309358
,-11.0,50,2849.11422
,-5.0,50,2850.827313
,-14.0,50,2852.640115
,-22.0,50,2854.327024
,-22.0,50,2856.142067
,-20.0,50,2857.904368
,-23.0,50,2859.682597
,0.0,50,2861.368362
,-5.0,50,2863.151083
,-10.0,50,2864.940098
,-33.0,50,2866.675122
,-23.0,50,2868.420963
,0.0,50,2870.173903
,-11.0,50,2871.966141
,-12.0,50,2873.700353
,-28.0,50,2875.512363
,-23.0,50,2877.260425
,-19.0,50,2879.020467
,-13.0,50,2880.809841
,-13.0,50,2882.516086
,-23.0,50,2884.358541
,-18.0,50,2886.074727
,0.0,50,2887.846634
,-4.0,50,2888.121764
,-6.0,50,2888.402739
,-22.0,50,2888.679442
,-6.0,50,2888.95433
,-7.0,50,2889.243183
,-10.0,50,2889.531574
,-10.0,50,2889.80884
,0.0,50,2890.066527
,-4.0,50,2890.366224
,-12.0,50,2890.739873
,-17.0,50,2892.494272
,-26.0,50,2894.225652
,-20.0,50,2895.946788
,-22.0,50,2897.707964
,-48.0,50,2899.497748
,-8.0,50,2901.280004
,-7.0,50,2903.046496
,-50.0,50,2904.831755
,-15.0,50,2906.584785
,-20.0,50,2908.290624
,-29.0,50,2910.161292
,-15.0,50,2911.888904
,-12.0,50,2913.601042
,-9.0,50,2915.386384
,-16.0,50,2917.138049
,-10.0,50,2918.922563
,-31.0,50,2920.67886
,-15.0,50,2922.534345
,-25.0,50,2924.246667
,-18.0,50,2926.015732
,0.0,50,2927.764256
,-15.0,50,2929.562432
,-11.0,50,2931.312629
,-18.0,50,2933.068236
,-14.0,50,2934.841438
,-20.0,50,2936.596408
,-17.0,50,2938.383506
,-11.0,50,2940.16315
,-48.0,50,2941.939286
,-22.0,50,2943.75474
,0.0,50,2945.510368
,-32.0,50,2947.292016
,-16.0,50,2949.08199
,0.0,50,2950.84851
,0.0,50,2952.6365
,-10.0,50,2954.40552
,-18.0,50,2956.137987
,-8.0,50,2957.934159
,-22.0,50,2959.668739
,-25.0,50,2961.433495
,-9.0,50,2963.171825
,-15.0,50,2964.971399
,-40.0,50,2966.76259
,-21.0,50,2968.520627
,-47.0,50,2970.327227
,-15.0,50,2972.092413
,-34.0,50,2973.820413
,-27.0,50,2975.572689
,-4.0,50,2977.379148
,-6.0,50,2979.173042
,-6.0,50,2979.42439
,-11.0,50,2979.70502
,-13.0,50,2979.983812
,-13.0,50,2980.267156
,0.0,50,2980.547757
,-11.0,50,2980.825893
,-9.0,50,2981.104795
,-10.0,50,2981.381555
,-8.0,50,2981.649415
,-38.0,50,2982.062861
,-7.0,50,2983.806941
,-25.0,50,2985.534747
,-22.0,50,2987.27108
,-21.0,50,2989.085067
,-4.0,50,2990.821815
,-13.0,50,2992.615575
,-19.0,50,2994.378008
,-25.0,50,2996.164829
,-14.0,50,2997.950381
,-21.0,50,2999.686981
,-18.0,50,3001.469718
,-33.0,50,3003.215424
,0.0,50,3005.000719
,-13.0,50,3006.763893
,-21.0,50,3008.522617
,-12.0,50,3010.330256
,-6.0,50,3012.105106
,-11.0,50,3013.841109
,-17.0,50,3015.597834
,-14.0,50,3017.404844
,-30.0,50,3019.135191
,-6.0,50,3021.009062
,-15.0,50,3022.732186
,-13.0,50,3024.493894
,-20.0,50,3026.292115
,-34.0,50,3028.085609
,-23.0,50,3029.814239
,-9.0,50,3031.645963
,-34.0,50,3033.353023
,-30.0,50,3035.169926
,-27.0,50,3036.929249
,-18.0,50,3038.686519
,-11.0,50,3040.464243
,-24.0,50,3042.274118
,-27.0,50,3044.029025
,-11.0,50,3045.794365
,-28.0,50,3047.638983
,-25.0,50,3049.378607
,-20.0,50,3051.148336
,-21.0,50,3052.930275
,-28.0,50,3054.712646
,-30.0,50,3056.481938
,-14.0,50,3058.266395
,-31.0,50,3060.006318
,-17.0,50,3061.774409
,-11.0,50,3063.506124
,0.0,50,3065.298329
,-19.0,50,3067.053134
,-15.0,50,3068.790069
,-11.0,50,3070.592177
,-9.0,50,3070.835748
,-8.0,50,3071.104652
,-10.0,50,3071.382278
,-16.0,50,3071.670305
,-13.0,50,3071.938812
,-9.0,50,3072.216175
,-3.0,50,3072.49285
,-11.0,50,3072.759686
,-11.0,50,3073.043471
,-16.0,50,3073.446561
,-25.0,50,3075.21926
,-15.0,50,3076.949747
,-25.0,50,3078.786281
,-23.0,50,3080.558351
,-15.0,50,3082.285757
,-8.0,50,3084.115526
,-19.0,50,3085.888895
,-13.0,50,3087.654133
,-4.0,50,3089.429348
,-24.0,50,3091.213116
,-33.0,50,3092.929879
,-19.0,50,3094.744006
,-13.0,50,3096.547758
,-22.0,50,3098.310905
,-7.0,50,3100.088246
,-12.0,50,3101.870367
,-25.0,50,3103.641644
,-15.0,50,3105.379151
,-14.0,50,3107.159983
,-28.0,50,3108.921094
,-34.0,50,3110.75279
,-16.0,50,3112.469352
,-45.0,50,3114.291947
,-12.0,50,3116.028892
,-22.0,50,3117.769555
,-32.0,50,3119.584983
,-14.0,50,3121.330491
,-15.0,50,3123.163449
,-28.0,50,3124.91292
,0.0,50,3126.703077
,-20.0,50,3128.42524
,-25.0,50,3130.249433
,-21.0,50,3131.990097
,-24.0,50,3133.800244
,-23.0,50,3135.55024
,-8.0,50,3137.370785
,-23.0,50,3139.136427
,-15.0,50,3140.907108
,-11.0,50,3142.637134
,-9.0,50,3144.410078
,-19.0,50,3146.230319
,-27.0,50,3147.949551
,-20.0,50,3149.8417
,0.0,50,3151.574343
,-18.0,50,3153.378111
,-18.0,50,3155.174528
,-5.0,50,3156.929149
,-6.0,50,3158.729264
,-19.0,50,3160.462036
,-9.0,50,3162.234411
,-10.0,50,3162.520222
,-6.0,50,3162.799774
,0.0,50,3163.091908
,-10.0,50,3163.350532
,-6.0,50,3163.632527
,0.0,50,3163.93134
,-9.0,50,3164.203403
,-11.0,50,3164.457884
,-12.0,50,3164.726762
,0.0,50,3165.091779
,-19.0,50,3166.858717
,-9.0,50,3168.60956
,-10.0,50,3170.450952
,-16.0,50,3172.170948
,-22.0,50,3173.950759
,-17.0,50,3175.718524
,-37.0,50,3177.520558
,-25.0,50,3179.325263
,-27.0,50,3181.044091
,-11.0,50,3182.791941
,-36.0,50,3184.588055
,0.0,50,3186.39413
,-18.0,50,3188.166255
,-16.0,50,3189.990741
,-10.0,50,3191.762872
,-20.0,50,3193.503151
,-11.0,50,3195.291132
,-18.0,50,3197.092962
,-21.0,50,3198.892899
,-17.0,50,3200.639529
,-13.0,50,3202.480733
,-27.0,50,3204.215171
,-33.0,50,3206.01769
,-47.0,50,3207.778859
,-40.0,50,3209.580669
,-9.0,50,3211.305807
,-4.0,50,3213.09052
,-33.0,50,3214.87183
,-5.0,50,3216.664538
,-25.0,50,3218.420558
,-10.0,50,3220.225319
,-41.0,50,3222.047802
,-25.0,50,3223.778665
,-27.0,50,3225.555222
,-22.0,50,3227.395457
,-19.0,50,3229.126776
,-14.0,50,3230.912317
,-11.0,50,3232.769084
,-17.0,50,3234.534985
,-12.0,50,3236.2606
,-47.0,50,3238.061044
,-17.0,50,3239.872686
,-14.0,50,3241.629866
,-24.0,50,3243.396894
,-29.0,50,3245.161552
,-20.0,50,3246.927362
,-12.0,50,3248.795722
,-22.0,50,3250.521878
,-11.0,50,3252.299616
,-2.0,50,3254.077968
,-7.0,50,3254.379477
,0.0,50,3254.685093
,-9.0,50,3254.955208
,0.0,50,3255.258198
,-9.0,50,3255.530777
,-8.0,50,3255.814198
,-8.0,50,3256.080681
,-6.0,50,3256.341018
,-8.0,50,3256.596547
,-13.0,50,3256.905145
,-10.0,50,3258.664923
,-10.0,50,3260.452635
,-3.0,50,3262.196928
,-9.0,50,3264.018483
,-20.0,50,3265.786064
,-20.0,50,3267.598641
,-17.0,50,3269.316508
,-9.0,50,3271.179106
,-16.0,50,3272.94402
,-21.0,50,3274.734836
,-23.0,50,3276.495715
,-17.0,50,3278.295107
,-11.0,50,3280.021928
,-16.0,50,3281.791528
,-15.0,50,3283.62142
,-6.0,50,3285.3625
,-8.0,50,3287.158759
,-19.0,50,3288.968379
,-15.0,50,3290.734343
,-40.0,50,3292.537429
,-18.0,50,3294.360748
,-18.0,50,3296.106766
,-17.0,50,3297.887367
,-10.0,50,3299.688024
,-12.0,50,3301.426895
,-21.0,50,3303.241257
,0.0,50,3305.058064
,-14.0,50,3306.814584
,-38.0,50,3308.66449
,-19.0,50,3310.410934
,-15.0,50,3312.171576
,0.0,50,3313.978958
,-50.0,50,3315.768808
,-7.0,50,3317.52507
,-13.0,50,3319.363753
,0.0,50,3321.146768
,-26.0,50,3322.930075
,-33.0,50,3324.740156
,-21.0,50,3326.530404
,-27.0,50,3328.320814
,-24.0,50,3330.106105
,-12.0,50,3331.915288
,-9.0,50,3333.688568
,-18.0,50,3335.510297
,-16.0,50,3337.310809
,-19.0,50,3339.095138
,0.0,50,3340.913532
,-21.0,50,3342.64295
,-15.0,50,3344.432883
,0.0,50,3346.215114
,-9.0,50,3346.469404
,-10.0,50,3346.738741
,-5.0,50,3347.01402
,-9.0,50,3347.283871
,-6.0,50,3347.538029
,-4.0,50,3347.82541
,-11.0,50,3348.074205
,0.0,50,3348.373881
,-5.0,50,3348.67586
,-15.0,50,3349.083602
,-5.0,50,3350.880374
,-32.0,50,3352.632619
,-20.0,50,3354.426686
,-13.0,50,3356.177512
,-14.0,50,3357.994547
,-14.0,50,3359.789098
,-23.0,50,3361.560268
,-11.0,50,3363.374716
,-39.0,50,3365.170952
,-29.0,50,3366.991607
,-28.0,50,3368.76444
,-14.0,50,3370.527283
,-16.0,50,3372.287519
,-17.0,50,3374.086358
,-15.0,50,3375.947463
,-21.0,50,3377.711817
,-22.0,50,3379.488519
,-34.0,50,3381.296983
,-10.0,50,3383.041862
,-17.0,50,3384.87104
,-23.0,50,3386.672384
,-11.0,50,3388.440948
,-11.0,50,3390.30128
,-23.0,50,3392.051174
,-19.0,50,3393.847225
,-35.0,50,3395.598657
,-7.0,50,3397.390814
,-22.0,50,3399.201513
,0.0,50,3401.011456
,-9.0,50,3402.803852
,-18.0,50,3404.567829
,-25.0,50,3406.379062
,-4.0,50,3408.21813
,-13.0,50,3410.003801
,-6.0,50,3411.823905
,-11.0,50,3413.631349
,-11.0,50,3415.384463
,-11.0,50,3417.195489
,-17.0,50,3418.998223
,-11.0,50,3420.742304
,-32.0,50,3422.583544
,-31.0,50,3424.363374
,-19.0,50,3426.175846
,-13.0,50,3427.986234
,0.0,50,3429.72755
,-25.0,50,3431.533134
,-23.0,50,3433.302202
,-50.0,50,3435.116463
,-23.0,50,3436.880453
,-9.0,50,3438.686339
,-7.0,50,3438.963884
,-9.0,50,3439.227096
,-7.0,50,3439.534847
,-15.0,50,3439.827404
,-5.0,50,3440.130739
,-9.0,50,3440.395404
,-12.0,50,3440.6791
,-10.0,50,3440.96235
,-9.0,50,3441.246421
,-16.0,50,3441.55099
,-39.0,50,3443.319482
,-18.0,50,3445.173348
,-20.0,50,3446.954706
,-17.0,50,3448.691692
,-23.0,50,3450.471353
,-6.0,50,3452.288058
,-12.0,50,3454.066803
,-25.0,50,3455.846181
,-23.0,50,3457.659673
,-32.0,50,3459.410537
,-12.0,50,3461.266654
,-10.0,50,3462.994889
,-25.0,50,3464.813991
,-19.0,50,3466.609232
,-4.0,50,3468.35407
,-24.0,50,3470.139278
,-10.0,50,3471.879531
,-21.0,50,3473.748117
,-18.0,50,3475.552191
,-18.0,50,3477.300159
,-14.0,50,3479.079675
,-19.0,50,3480.907005
,-12.0,50,3482.678175
,0.0,50,3484.486542
,-11.0,50,3486.24433
,-9.0,50,3488.073229
,-5.0,50,3489.85115
,-20.0,50,3491.625738
,-26.0,50,3493.424092
,-31.0,50,3495.23394
,-29.0,50,3496.994096
,-15.0,50,3498.800768
,-16.0,50,3500.593303
,-12.0,50,3502.36605
,-11.0,50,3504.218409
,-13.0,50,3505.942699
,-10.0,50,3507.772458
,-21.0,50,3509.548294
,-12.0,50,3511.368062
,-20.0,50,3513.133345
,-15.0,50,3514.943843
,-17.0,50,3516.712026
,-43.0,50,3518.531475
,-10.0,50,3520.366596
,-18.0,50,3522.126969
,-11.0,50,3523.964672
,0.0,50,3525.694498
,-7.0,50,3527.514934
,0.0,50,3529.367808
,-13.0,50,3531.115558
,0.0,50,3531.423641
,-8.0,50,3531.683179
,-13.0,50,3531.967162
,-15.0,50,3532.27269
,-10.0,50,3532.565074
,-8.0,50,3532.825282
,-11.0,50,3533.129689
,-11.0,50,3533.42028
,-10.0,50,3533.710776
