#{"t_start": 1582987516.230218, "env_id": "FetchPush-v1"}
s,r,l,t
,-50.0,50,5.987194
,-50.0,50,7.837143
,-50.0,50,9.484134
,-50.0,50,11.081839
,-50.0,50,12.714283
,-50.0,50,14.305653
,-50.0,50,15.939177
,-50.0,50,17.556745
,-50.0,50,19.165386
,-50.0,50,20.74616
,-50.0,50,22.391777
,-50.0,50,23.986007
,-50.0,50,25.584994
,-50.0,50,27.208735
,-50.0,50,28.817024
,-50.0,50,30.389134
,-50.0,50,32.003514
,-50.0,50,33.649265
,-50.0,50,35.233212
,-50.0,50,36.847931
,-50.0,50,38.496715
,-50.0,50,40.131607
,-50.0,50,41.710365
,-50.0,50,43.357298
,-50.0,50,44.941576
,-50.0,50,46.533016
,-50.0,50,48.16087
,-50.0,50,49.818051
,-50.0,50,51.403054
,-50.0,50,53.055137
,-50.0,50,54.646651
,-50.0,50,56.269164
,-50.0,50,57.898298
,-50.0,50,59.51146
,0.0,50,61.124681
,-50.0,50,62.69919
,-50.0,50,64.356746
,-50.0,50,65.957621
,-50.0,50,67.551018
,-50.0,50,69.150128
,-50.0,50,70.746501
,-50.0,50,72.394294
,-50.0,50,73.976991
,-50.0,50,75.592692
,-50.0,50,77.226776
,0.0,50,78.842523
,-50.0,50,80.421932
,-50.0,50,82.052693
,-50.0,50,83.690517
,-50.0,50,85.265767
,-50.0,50,86.985506
,-50.0,50,87.26432
,0.0,50,87.5683
,-50.0,50,87.858688
,-50.0,50,88.115299
,-50.0,50,88.385829
,-50.0,50,88.6554
,-50.0,50,88.946665
,-50.0,50,89.247655
,-50.0,50,89.483376
,-50.0,50,89.855388
,0.0,50,91.497844
,-50.0,50,93.109531
,-50.0,50,94.737369
,-50.0,50,96.366796
,-50.0,50,97.960871
,-50.0,50,99.555079
,-50.0,50,101.193463
,-50.0,50,102.818802
,-50.0,50,104.421982
,-50.0,50,106.064182
,-50.0,50,107.675693
,-50.0,50,109.252975
,-50.0,50,110.904379
,-50.0,50,112.542867
,-50.0,50,114.163064
,-50.0,50,115.772134
,-50.0,50,117.38392
,-50.0,50,118.973118
,0.0,50,120.631186
,-50.0,50,122.255822
,-50.0,50,123.863817
,-50.0,50,125.493207
,-50.0,50,127.136579
,-50.0,50,128.740874
,-50.0,50,130.371788
,-50.0,50,132.005884
,-50.0,50,133.606497
,-50.0,50,135.215993
,-50.0,50,136.851028
,-50.0,50,138.449503
,-50.0,50,140.058175
,-50.0,50,141.663555
,-50.0,50,143.283996
,-50.0,50,144.931386
,-50.0,50,146.523394
,-50.0,50,148.177171
,-50.0,50,149.761084
,-50.0,50,151.408656
,-50.0,50,153.012069
,-50.0,50,154.650975
,-50.0,50,156.245947
,-50.0,50,157.878804
,-50.0,50,159.504776
,-50.0,50,161.081841
,-50.0,50,162.708406
,-50.0,50,164.343391
,-50.0,50,165.961005
,-50.0,50,167.575438
,-50.0,50,169.159377
,-50.0,50,170.831167
,-50.0,50,171.109327
,-50.0,50,171.391668
,-50.0,50,171.704605
,-50.0,50,171.977898
,-50.0,50,172.242542
,-50.0,50,172.503325
,-50.0,50,172.776718
,-50.0,50,173.045956
,-50.0,50,173.318954
,-50.0,50,173.70576
,-50.0,50,175.354565
,-50.0,50,177.000239
,-50.0,50,178.593912
,-50.0,50,180.210809
,-50.0,50,181.813274
,-50.0,50,183.472462
,0.0,50,185.071154
,-50.0,50,186.740153
,0.0,50,188.339046
,-50.0,50,189.967358
,-50.0,50,191.60243
,-50.0,50,193.211463
,-50.0,50,194.826446
,-50.0,50,196.472466
,-50.0,50,198.075926
,-50.0,50,199.703155
,-50.0,50,201.345166
,-50.0,50,202.943401
,-50.0,50,204.602549
,-50.0,50,206.212068
,-50.0,50,207.806894
,-50.0,50,209.435064
,-50.0,50,211.013164
,-50.0,50,212.647695
,-50.0,50,214.2662
,-50.0,50,215.925288
,-50.0,50,217.513259
,-50.0,50,219.136786
,-50.0,50,220.739554
,-50.0,50,222.386042
,-50.0,50,223.983332
,-50.0,50,225.625758
,-50.0,50,227.2555
,-50.0,50,228.885482
,-50.0,50,230.530663
,0.0,50,232.110134
,0.0,50,233.762046
,-50.0,50,235.363585
,-50.0,50,237.000717
,-50.0,50,238.633369
,-50.0,50,240.22423
,-50.0,50,241.844202
,-50.0,50,243.488072
,-50.0,50,245.11813
,-50.0,50,246.727744
,-50.0,50,248.338482
,-50.0,50,249.991415
,-50.0,50,251.608095
,0.0,50,253.247902
,-50.0,50,254.888766
,-50.0,50,255.166428
,-50.0,50,255.455186
,-50.0,50,255.723085
,-50.0,50,256.021928
,-50.0,50,256.291727
,-50.0,50,256.588139
,-50.0,50,256.876731
,-50.0,50,257.148284
,-50.0,50,257.44101
,-50.0,50,257.793922
,-50.0,50,259.419288
,-50.0,50,261.012003
,-50.0,50,262.688502
,-50.0,50,264.325701
,-50.0,50,265.961697
,-50.0,50,267.552842
,-50.0,50,269.164879
,-50.0,50,270.775052
,-50.0,50,272.409024
,-50.0,50,274.000551
,-50.0,50,275.644267
,-50.0,50,277.295092
,-50.0,50,278.946125
,-50.0,50,280.547977
,-50.0,50,282.167534
,-50.0,50,283.850386
,-50.0,50,285.446111
,-50.0,50,287.053347
,0.0,50,288.719237
,-50.0,50,290.292793
,-50.0,50,291.988116
,-50.0,50,293.599591
,-50.0,50,295.201163
,-50.0,50,296.848837
,-10.0,50,298.487803
,-50.0,50,300.099436
,-50.0,50,301.75156
,-50.0,50,303.386785
,-50.0,50,304.960459
,-50.0,50,306.619309
,-50.0,50,308.263755
,-50.0,50,309.829532
,-50.0,50,311.480229
,-50.0,50,313.123667
,-50.0,50,314.762339
,-50.0,50,316.371602
,-50.0,50,317.993689
,-50.0,50,319.69902
,-50.0,50,321.29165
,-50.0,50,322.931614
,-50.0,50,324.558758
,-50.0,50,326.168946
,-50.0,50,327.823983
,-50.0,50,329.474597
,-50.0,50,331.077928
,-50.0,50,332.725659
,-50.0,50,334.311648
,-50.0,50,335.968714
,-50.0,50,337.634899
,-50.0,50,339.276436
,-50.0,50,339.565497
,-50.0,50,339.862002
,-50.0,50,340.135825
,-50.0,50,340.411095
,-50.0,50,340.690222
,-50.0,50,340.95797
,-50.0,50,341.221403
,-50.0,50,341.492477
,-50.0,50,341.781747
,-50.0,50,342.283912
,-18.0,50,343.909889
,-50.0,50,345.557647
,-50.0,50,347.179199
,0.0,50,348.802602
,-50.0,50,350.474144
,0.0,50,352.056259
,-50.0,50,353.727648
,-50.0,50,355.348589
,-50.0,50,357.016784
,-50.0,50,358.633047
,0.0,50,360.27698
,-17.0,50,361.90083
,-50.0,50,363.483934
,-50.0,50,365.135643
,-50.0,50,366.790004
,-50.0,50,368.418365
,0.0,50,370.053556
,-50.0,50,371.671258
,-50.0,50,373.315819
,-50.0,50,374.924681
,-50.0,50,376.579432
,-50.0,50,378.181108
,-50.0,50,379.844983
,-50.0,50,381.482498
,-50.0,50,383.112011
,-50.0,50,384.768519
,0.0,50,386.391583
,-50.0,50,388.009657
,0.0,50,389.632787
,-50.0,50,391.303166
,-50.0,50,392.904688
,-50.0,50,394.562401
,-50.0,50,396.19893
,-50.0,50,397.814484
,-50.0,50,399.523449
,-47.0,50,401.141904
,-50.0,50,402.76399
,-50.0,50,404.426211
,-50.0,50,406.023649
,-50.0,50,407.66102
,-50.0,50,409.350037
,-50.0,50,410.961056
,-50.0,50,412.637668
,0.0,50,414.238376
,-50.0,50,415.917299
,-50.0,50,417.533555
,-50.0,50,419.169704
,-50.0,50,420.844047
,-50.0,50,422.440301
,-50.0,50,424.105105
,-50.0,50,424.398867
,-50.0,50,424.696753
,-50.0,50,424.996853
,-50.0,50,425.284703
,-50.0,50,425.54998
,0.0,50,425.819832
,-50.0,50,426.103978
,-50.0,50,426.365709
,-50.0,50,426.63367
,-50.0,50,427.079902
,-50.0,50,428.686967
,-50.0,50,430.352322
,-15.0,50,431.966052
,-50.0,50,433.627125
,-50.0,50,435.221713
,-50.0,50,436.891803
,-50.0,50,438.514569
,-50.0,50,440.203852
,-50.0,50,441.819127
,-50.0,50,443.457433
,-42.0,50,445.114315
,-50.0,50,446.717503
,-50.0,50,448.375232
,-50.0,50,450.021245
,-16.0,50,451.673975
,-50.0,50,453.281048
,-50.0,50,454.939698
,-50.0,50,456.554717
,-50.0,50,458.203217
,-50.0,50,459.885144
,-50.0,50,461.481439
,-50.0,50,463.135611
,-50.0,50,464.748099
,-50.0,50,466.409992
,-50.0,50,468.035023
,-50.0,50,469.681112
,-13.0,50,471.318881
,-50.0,50,472.972255
,-50.0,50,474.605113
,-50.0,50,476.253864
,-50.0,50,477.895604
,-11.0,50,479.528881
,-50.0,50,481.15995
,-50.0,50,482.813329
,-50.0,50,484.491224
,-50.0,50,486.074033
,-50.0,50,487.749968
,-50.0,50,489.417272
,-15.0,50,491.048781
,-50.0,50,492.722381
,0.0,50,494.341677
,-50.0,50,496.034435
,0.0,50,497.620048
,-50.0,50,499.2627
,0.0,50,500.912725
,-50.0,50,502.582046
,-50.0,50,504.226524
,-50.0,50,505.855916
,-50.0,50,507.480288
,-50.0,50,509.157057
,-50.0,50,509.458073
,-50.0,50,509.736754
,-50.0,50,510.025656
,-9.0,50,510.279958
,-50.0,50,510.587933
,-50.0,50,510.84698
,-12.0,50,511.100638
,-50.0,50,511.383636
,-50.0,50,511.648497
,-50.0,50,512.116235
,-12.0,50,513.741958
,-11.0,50,515.377019
,-50.0,50,517.01427
,-50.0,50,518.67656
,-50.0,50,520.273243
,-50.0,50,521.926051
,-50.0,50,523.533322
,0.0,50,525.253398
,-50.0,50,526.882835
,-50.0,50,528.546552
,-50.0,50,530.182031
,-16.0,50,531.824737
,-50.0,50,533.427354
,-50.0,50,535.095166
,-50.0,50,536.722396
,-50.0,50,538.380651
,-50.0,50,540.028261
,-28.0,50,541.665115
,-50.0,50,543.325491
,-27.0,50,544.920572
,-50.0,50,546.620763
,-50.0,50,548.230345
,-50.0,50,549.861823
,-50.0,50,551.530505
,-50.0,50,553.145217
,-50.0,50,554.78204
,-50.0,50,556.459698
,-29.0,50,558.0865
,-50.0,50,559.745824
,-50.0,50,561.375302
,-50.0,50,563.019508
,-50.0,50,564.665159
,-50.0,50,566.314152
,-50.0,50,567.962278
,-50.0,50,569.614318
,-50.0,50,571.222181
,-50.0,50,572.911728
,-50.0,50,574.52911
,-36.0,50,576.125426
,-50.0,50,577.817601
,-46.0,50,579.497914
,-17.0,50,581.100451
,-50.0,50,582.779719
,-50.0,50,584.411916
,-50.0,50,586.031087
,-50.0,50,587.697901
,-50.0,50,589.385518
,-50.0,50,591.034539
,-50.0,50,592.629881
,-17.0,50,594.290012
,-50.0,50,594.593934
,-17.0,50,594.849313
,0.0,50,595.117627
,-50.0,50,595.384361
,-50.0,50,595.667985
,-50.0,50,595.944473
,-50.0,50,596.252031
,-50.0,50,596.532596
,-50.0,50,596.813261
,-50.0,50,597.191975
,-50.0,50,598.843406
,-50.0,50,600.496949
,-50.0,50,602.139081
,-50.0,50,603.814981
,-50.0,50,605.423069
,-39.0,50,607.091003
,-50.0,50,608.727516
,-50.0,50,610.359364
,-50.0,50,611.978404
,-50.0,50,613.617877
,-50.0,50,615.257944
,-23.0,50,616.901949
,-47.0,50,618.531329
,-50.0,50,620.213904
,0.0,50,621.824262
,-50.0,50,623.491276
,-21.0,50,625.129669
,-34.0,50,626.755806
,-17.0,50,628.416523
,-50.0,50,630.057214
,-50.0,50,631.73534
,-50.0,50,633.351911
,-14.0,50,634.983435
,-50.0,50,636.594562
,-43.0,50,638.274826
,-50.0,50,639.911289
,-50.0,50,641.593209
,-50.0,50,643.221076
,-50.0,50,644.892515
,-8.0,50,646.504973
,-33.0,50,648.184819
,-11.0,50,649.811055
,-11.0,50,651.464534
,-50.0,50,653.072426
,-50.0,50,654.730752
,0.0,50,656.37124
,-22.0,50,658.016565
,-10.0,50,659.726756
,-50.0,50,661.359883
,-46.0,50,663.007099
,-50.0,50,664.664904
,-50.0,50,666.355605
,-14.0,50,667.959317
,-32.0,50,669.630634
,0.0,50,671.278164
,-50.0,50,672.882866
,-9.0,50,674.568957
,-50.0,50,676.217047
,-50.0,50,677.85775
,-50.0,50,679.551506
,-8.0,50,679.817616
,-10.0,50,680.113997
,-7.0,50,680.387247
,-13.0,50,680.655149
,-37.0,50,680.912371
,-46.0,50,681.186365
,-13.0,50,681.495864
,-12.0,50,681.770875
,-22.0,50,682.068444
,-50.0,50,682.472771
,-9.0,50,684.123992
,-50.0,50,685.771625
,-50.0,50,687.443955
,-50.0,50,689.058621
,-50.0,50,690.724931
,-44.0,50,692.373941
,-31.0,50,694.004927
,-50.0,50,695.688131
,-48.0,50,697.293261
,-50.0,50,698.922936
,-50.0,50,700.582355
,-49.0,50,702.24941
,-50.0,50,703.9314
,-22.0,50,705.534346
,-32.0,50,707.177316
,-50.0,50,708.895339
,-50.0,50,710.514563
,-15.0,50,712.158284
,-50.0,50,713.820126
,-27.0,50,715.451192
,-27.0,50,717.096618
,-40.0,50,718.754525
,-42.0,50,720.386924
,-50.0,50,722.110198
,-50.0,50,723.727135
,-50.0,50,725.362072
,-50.0,50,726.991994
,-47.0,50,728.64728
,0.0,50,730.301561
,-50.0,50,731.957465
,-43.0,50,733.621964
,-50.0,50,735.250865
,-11.0,50,736.85531
,-50.0,50,738.542452
,-49.0,50,740.17221
,-23.0,50,741.833445
,-13.0,50,743.484055
,-50.0,50,745.12501
,-40.0,50,746.769335
,-50.0,50,748.444388
,-35.0,50,750.081053
,-13.0,50,751.698767
,-28.0,50,753.389102
,-50.0,50,755.036919
,-40.0,50,756.659028
,-50.0,50,758.301317
,-22.0,50,759.971105
,-46.0,50,761.62078
,-29.0,50,763.263454
,-19.0,50,764.967043
,-12.0,50,765.220625
,-11.0,50,765.510899
,-9.0,50,765.787654
,-8.0,50,766.056912
,-16.0,50,766.325237
,-8.0,50,766.580453
,-19.0,50,766.886693
,-9.0,50,767.185394
,-50.0,50,767.454573
,-50.0,50,767.787658
,-30.0,50,769.445512
,-32.0,50,771.130194
,-50.0,50,772.756008
,-12.0,50,774.375834
,-20.0,50,776.022923
,-50.0,50,777.717494
,-50.0,50,779.361905
,-13.0,50,781.006119
,-18.0,50,782.613422
,-20.0,50,784.285378
,-32.0,50,785.925874
,-50.0,50,787.580192
,-19.0,50,789.210904
,-15.0,50,790.878479
,-50.0,50,792.535294
,-50.0,50,794.222342
,-18.0,50,795.885447
,-13.0,50,797.494897
,0.0,50,799.14761
,-50.0,50,800.790583
,-15.0,50,802.457938
,-22.0,50,804.101298
,0.0,50,805.785859
,-47.0,50,807.428858
,0.0,50,809.07452
,-50.0,50,810.739451
,-48.0,50,812.359317
,-14.0,50,814.034928
,-38.0,50,815.712176
,-36.0,50,817.325764
,-41.0,50,819.011456
,-18.0,50,820.637549
,-27.0,50,822.345155
,-2.0,50,823.94457
,-50.0,50,825.596173
,0.0,50,827.263837
,-22.0,50,828.916626
,-50.0,50,830.574746
,-13.0,50,832.205358
,-33.0,50,833.865352
,-50.0,50,835.486107
,-50.0,50,837.175483
,-45.0,50,838.8227
,-45.0,50,840.451563
,-24.0,50,842.136709
,-50.0,50,843.799515
,-22.0,50,845.414814
,-32.0,50,847.054594
,-50.0,50,848.734103
,-12.0,50,850.414164
,-10.0,50,850.684441
,-18.0,50,850.959924
,-12.0,50,851.257534
,-7.0,50,851.580385
,0.0,50,851.862399
,-50.0,50,852.160748
,-13.0,50,852.428921
,-8.0,50,852.72144
,-20.0,50,852.96514
,-49.0,50,853.263993
,-19.0,50,854.926881
,-17.0,50,856.548781
,-49.0,50,858.248515
,-31.0,50,859.888887
,0.0,50,861.588115
,-10.0,50,863.205761
,-17.0,50,864.835307
,0.0,50,866.50551
,-50.0,50,868.209796
,-9.0,50,869.815711
,-29.0,50,871.454354
,-18.0,50,873.116502
,-20.0,50,874.826936
,-48.0,50,876.447966
,-31.0,50,878.105376
,0.0,50,879.763505
,-16.0,50,881.413424
,-45.0,50,883.062476
,0.0,50,884.733103
,-27.0,50,886.374817
,-28.0,50,888.024961
,-18.0,50,889.723862
,-8.0,50,891.351318
,-50.0,50,892.984575
,-24.0,50,894.655935
,-21.0,50,896.317765
,-14.0,50,897.952589
,0.0,50,899.585195
,-31.0,50,901.266851
,-46.0,50,902.9173
,-39.0,50,904.577404
,-17.0,50,906.232379
,-15.0,50,907.896487
,-26.0,50,909.525747
,-18.0,50,911.166945
,-31.0,50,912.840791
,-44.0,50,914.510267
,0.0,50,916.191147
,-23.0,50,917.842466
,-28.0,50,919.473527
,-46.0,50,921.11813
,-47.0,50,922.777915
,-43.0,50,924.428182
,-45.0,50,926.085765
,-9.0,50,927.722014
,-33.0,50,929.392113
,-16.0,50,931.000764
,-38.0,50,932.665536
,-11.0,50,934.305312
,-8.0,50,935.992979
,-10.0,50,936.265326
,-11.0,50,936.542977
,0.0,50,936.80872
,-50.0,50,937.067832
,-2.0,50,937.346746
,-18.0,50,937.596992
,-50.0,50,937.891975
,-13.0,50,938.181468
,-50.0,50,938.453665
,0.0,50,938.861135
,-23.0,50,940.506577
,-35.0,50,942.151344
,-16.0,50,943.83454
,-50.0,50,945.453297
,-49.0,50,947.121417
,-13.0,50,948.783856
,-33.0,50,950.426782
,-26.0,50,952.110484
,-23.0,50,953.789973
,-10.0,50,955.437078
,-50.0,50,957.123524
,-14.0,50,958.766578
,-50.0,50,960.449249
,-49.0,50,962.06423
,-16.0,50,963.709993
,-20.0,50,965.381092
,-16.0,50,967.056848
,-24.0,50,968.741228
,-14.0,50,970.404788
,-41.0,50,972.022585
,-10.0,50,973.708632
,-22.0,50,975.394846
,-7.0,50,977.016534
,-50.0,50,978.713627
,-13.0,50,980.347188
,-17.0,50,982.020064
,-13.0,50,983.648138
,-10.0,50,985.313635
,-50.0,50,986.964037
,-17.0,50,988.655404
,-50.0,50,990.282474
,-20.0,50,991.96283
,-24.0,50,993.621935
,-50.0,50,995.301228
,-19.0,50,996.93834
,-20.0,50,998.644723
,-29.0,50,1000.303833
,-16.0,50,1001.949549
,-10.0,50,1003.591029
,-12.0,50,1005.220479
,-19.0,50,1006.922272
,-50.0,50,1008.565789
,-29.0,50,1010.270276
,-13.0,50,1011.914881
,-10.0,50,1013.557845
,-30.0,50,1015.236441
,-27.0,50,1016.873139
,-50.0,50,1018.530746
,-40.0,50,1020.180685
,-4.0,50,1021.838806
,-13.0,50,1022.117199
,-13.0,50,1022.404316
,-50.0,50,1022.716392
,-50.0,50,1022.9686
,-18.0,50,1023.249503
,-44.0,50,1023.54447
,-12.0,50,1023.792402
,-6.0,50,1024.102837
,-11.0,50,1024.379689
,-23.0,50,1024.651121
,-36.0,50,1026.323097
,0.0,50,1028.022668
,-11.0,50,1029.631645
,-26.0,50,1031.312584
,-14.0,50,1032.979175
,-25.0,50,1034.652329
,-13.0,50,1036.274606
,-15.0,50,1037.982915
,-25.0,50,1039.613048
,-35.0,50,1041.292933
,-8.0,50,1042.991047
,-50.0,50,1044.591372
,-22.0,50,1046.283955
,-21.0,50,1047.939601
,-22.0,50,1049.594417
,-17.0,50,1051.229284
,-24.0,50,1052.922295
,-12.0,50,1054.572809
,-14.0,50,1056.254725
,0.0,50,1057.849269
,-20.0,50,1059.574955
,-28.0,50,1061.249048
,-4.0,50,1062.870891
,-24.0,50,1064.580547
,-20.0,50,1066.225505
,-50.0,50,1067.883446
,-12.0,50,1069.509165
,-32.0,50,1071.238644
,-25.0,50,1072.841412
,-42.0,50,1074.544839
,0.0,50,1076.195816
,0.0,50,1077.85456
,-11.0,50,1079.511708
,-16.0,50,1081.175789
,-22.0,50,1082.842076
,-27.0,50,1084.507981
,-48.0,50,1086.154227
,-17.0,50,1087.793452
,-20.0,50,1089.479086
,-14.0,50,1091.151354
,-17.0,50,1092.800448
,-50.0,50,1094.501089
,-20.0,50,1096.179483
,-25.0,50,1097.808961
,-18.0,50,1099.4391
,-28.0,50,1101.127392
,-33.0,50,1102.788331
,-27.0,50,1104.436881
,-50.0,50,1106.11065
,-6.0,50,1107.789944
,-50.0,50,1108.060624
,-18.0,50,1108.350184
,-49.0,50,1108.59768
,-9.0,50,1108.884709
,0.0,50,1109.151953
,-6.0,50,1109.403781
,-6.0,50,1109.700545
,-45.0,50,1110.008994
,0.0,50,1110.27878
,-10.0,50,1110.626796
,-7.0,50,1112.296858
,-20.0,50,1113.992855
,-17.0,50,1115.644755
,-24.0,50,1117.312823
,-25.0,50,1118.947434
,0.0,50,1120.590749
,-34.0,50,1122.271775
,-4.0,50,1123.944722
,-26.0,50,1125.586598
,-15.0,50,1127.248615
,-14.0,50,1128.88012
,-24.0,50,1130.573687
,-40.0,50,1132.246445
,-11.0,50,1133.920812
,-16.0,50,1135.557069
,-2.0,50,1137.233345
,-38.0,50,1138.889056
,-7.0,50,1140.54327
,-9.0,50,1142.228
,-26.0,50,1143.861147
,-31.0,50,1145.603328
,-45.0,50,1147.260077
,-10.0,50,1148.882724
,-30.0,50,1150.573486
,-19.0,50,1152.234365
,-41.0,50,1153.887542
,-50.0,50,1155.557071
,-45.0,50,1157.197313
,-23.0,50,1158.881707
,-49.0,50,1160.525159
,0.0,50,1162.236643
,0.0,50,1163.887214
,-11.0,50,1165.585605
,-17.0,50,1167.240318
,-20.0,50,1168.912769
,-11.0,50,1170.593908
,-20.0,50,1172.274101
,-46.0,50,1173.93421
,-26.0,50,1175.592446
,-24.0,50,1177.238695
,-27.0,50,1178.918444
,-18.0,50,1180.567996
,-15.0,50,1182.24597
,-22.0,50,1183.890663
,-50.0,50,1185.558516
,-21.0,50,1187.230122
,-48.0,50,1188.910741
,-22.0,50,1190.577987
,-31.0,50,1192.229876
,-14.0,50,1193.922407
,-6.0,50,1194.192387
,-7.0,50,1194.461676
,-11.0,50,1194.729712
,-12.0,50,1195.001285
,-12.0,50,1195.279807
,-11.0,50,1195.551732
,-9.0,50,1195.819599
,-5.0,50,1196.096426
,-9.0,50,1196.36745
,-13.0,50,1196.770433
,-23.0,50,1198.469002
,-19.0,50,1200.101903
,-17.0,50,1201.757281
,-11.0,50,1203.429687
,-23.0,50,1205.053061
,-15.0,50,1206.7354
,-16.0,50,1208.404614
,-11.0,50,1210.127611
,-11.0,50,1211.765893
,-36.0,50,1213.441547
,-6.0,50,1215.073536
,-31.0,50,1216.772092
,0.0,50,1218.434735
,-11.0,50,1220.152947
,-13.0,50,1221.799367
,-15.0,50,1223.434339
,-18.0,50,1225.094378
,-9.0,50,1226.814989
,-15.0,50,1228.473377
,-50.0,50,1230.10349
,-23.0,50,1231.854223
,-50.0,50,1233.501114
,-18.0,50,1235.169415
,-19.0,50,1236.844509
,-22.0,50,1238.51222
,-21.0,50,1240.15737
,-29.0,50,1241.831882
,-13.0,50,1243.497972
,0.0,50,1245.124552
,-49.0,50,1246.775108
,-25.0,50,1248.478055
,-13.0,50,1250.139407
,-4.0,50,1251.812953
,-10.0,50,1253.440815
,-43.0,50,1255.110283
,-20.0,50,1256.801153
,-24.0,50,1258.487835
,-28.0,50,1260.146449
,-49.0,50,1261.846911
,0.0,50,1263.471473
,0.0,50,1265.197954
,-20.0,50,1266.852963
,0.0,50,1268.507078
,0.0,50,1270.14773
,-34.0,50,1271.847835
,-17.0,50,1273.531069
,0.0,50,1275.21758
,-5.0,50,1276.886654
,-16.0,50,1278.55541
,-8.0,50,1280.27717
,-4.0,50,1280.559323
,-12.0,50,1280.849532
,-8.0,50,1281.13224
,-14.0,50,1281.431421
,-19.0,50,1281.741086
,-13.0,50,1282.033079
,-12.0,50,1282.335342
,-7.0,50,1282.61563
,-15.0,50,1282.861414
,-30.0,50,1283.151857
,-15.0,50,1284.815199
,-21.0,50,1286.477219
,-15.0,50,1288.134099
,-29.0,50,1289.797961
,-26.0,50,1291.50284
,-17.0,50,1293.173251
,-16.0,50,1294.81259
,-29.0,50,1296.536997
,-50.0,50,1298.190648
,-23.0,50,1299.867198
,-33.0,50,1301.567319
,-11.0,50,1303.209872
,-16.0,50,1304.888886
,-30.0,50,1306.592079
,-10.0,50,1308.252779
,-12.0,50,1309.963499
,-13.0,50,1311.609082
,-18.0,50,1313.271173
,-37.0,50,1314.947861
,-10.0,50,1316.623536
,-19.0,50,1318.326396
,-34.0,50,1319.992113
,-14.0,50,1321.670127
,-15.0,50,1323.316772
,-26.0,50,1325.008368
,-22.0,50,1326.712778
,-21.0,50,1328.376435
,-18.0,50,1330.074375
,-30.0,50,1331.740136
,-15.0,50,1333.43338
,-18.0,50,1335.068264
,-18.0,50,1336.763648
,-16.0,50,1338.45499
,-4.0,50,1340.103719
,-8.0,50,1341.817464
,-30.0,50,1343.485666
,-15.0,50,1345.14283
,-11.0,50,1346.888723
,-23.0,50,1348.534521
,-13.0,50,1350.2792
,-34.0,50,1351.91329
,-26.0,50,1353.59726
,-12.0,50,1355.309233
,-32.0,50,1356.996861
,-50.0,50,1358.66866
,-14.0,50,1360.298452
,-22.0,50,1361.988897
,-18.0,50,1363.653206
,-10.0,50,1365.342149
,-14.0,50,1367.015601
,-11.0,50,1367.307511
,-5.0,50,1367.592221
,-8.0,50,1367.873567
,-14.0,50,1368.151072
,-13.0,50,1368.402121
,-7.0,50,1368.683095
,-5.0,50,1368.933267
,-8.0,50,1369.216918
,-47.0,50,1369.500696
,-8.0,50,1369.911798
,-26.0,50,1371.585057
,-17.0,50,1373.271144
,-15.0,50,1374.966803
,-16.0,50,1376.611974
,-12.0,50,1378.288643
,-25.0,50,1379.9936
,-11.0,50,1381.691729
,-46.0,50,1383.363253
,-12.0,50,1385.058203
,-14.0,50,1386.692828
,-9.0,50,1388.395723
,-14.0,50,1390.069914
,-46.0,50,1391.795625
,-50.0,50,1393.447638
,-17.0,50,1395.153871
,-8.0,50,1396.853002
,0.0,50,1398.47117
,-25.0,50,1400.198197
,-14.0,50,1401.84159
,-18.0,50,1403.510954
,-12.0,50,1405.195296
,-12.0,50,1406.878298
,-16.0,50,1408.555664
,-14.0,50,1410.218495
,-31.0,50,1411.89529
,-7.0,50,1413.621756
,-27.0,50,1415.268238
,-50.0,50,1416.949577
,-13.0,50,1418.641178
,-18.0,50,1420.349611
,-12.0,50,1421.991992
,-44.0,50,1423.693054
,-20.0,50,1425.35091
,-13.0,50,1427.068791
,-19.0,50,1428.75611
,-24.0,50,1430.433591
,-7.0,50,1432.123266
,-21.0,50,1433.817632
,-18.0,50,1435.46098
,-16.0,50,1437.171911
,-22.0,50,1438.865958
,-13.0,50,1440.512302
,-26.0,50,1442.216935
,-38.0,50,1443.926646
,-18.0,50,1445.613231
,-29.0,50,1447.28846
,-46.0,50,1448.985293
,0.0,50,1450.707435
,-14.0,50,1452.347871
,0.0,50,1454.035736
,-8.0,50,1454.307956
,-12.0,50,1454.590069
,-7.0,50,1454.887513
,0.0,50,1455.160249
,-11.0,50,1455.447499
,-10.0,50,1455.731145
,-10.0,50,1456.012845
,-18.0,50,1456.282152
,-10.0,50,1456.525821
,-15.0,50,1456.847157
,-50.0,50,1458.544971
,-12.0,50,1460.258328
,-11.0,50,1461.957926
,-16.0,50,1463.657001
,-40.0,50,1465.288368
,-50.0,50,1467.027433
,-45.0,50,1468.681983
,0.0,50,1470.376179
,-20.0,50,1472.072253
,-25.0,50,1473.741037
,-20.0,50,1475.420801
,-25.0,50,1477.088133
,-42.0,50,1478.771657
,-23.0,50,1480.443132
,-10.0,50,1482.160993
,-13.0,50,1483.832729
,-12.0,50,1485.480667
,-30.0,50,1487.16468
,-31.0,50,1488.912181
,0.0,50,1490.572712
,0.0,50,1492.232502
,-23.0,50,1493.914974
,-13.0,50,1495.594926
,-26.0,50,1497.227762
,-26.0,50,1498.919585
,-14.0,50,1500.633348
,-13.0,50,1502.306706
,-11.0,50,1503.988157
,-19.0,50,1505.632331
,-6.0,50,1507.324066
,-37.0,50,1509.012997
,-5.0,50,1510.670781
,0.0,50,1512.35337
,-15.0,50,1514.083093
,-13.0,50,1515.775426
,-30.0,50,1517.438189
,-22.0,50,1519.15869
,-45.0,50,1520.8076
,-9.0,50,1522.530302
,0.0,50,1524.225844
,-1.0,50,1525.89515
,-15.0,50,1527.577499
,-50.0,50,1529.287058
,-20.0,50,1530.957874
,-29.0,50,1532.624064
,-45.0,50,1534.295926
,-18.0,50,1535.971925
,-32.0,50,1537.682117
,-31.0,50,1539.349376
,-6.0,50,1541.082126
,-15.0,50,1541.361115
,-13.0,50,1541.639257
,-11.0,50,1541.911953
,-8.0,50,1542.186895
,-8.0,50,1542.467277
,-12.0,50,1542.748235
,-6.0,50,1543.013967
,-13.0,50,1543.285674
,-14.0,50,1543.546003
,-7.0,50,1543.933059
,-9.0,50,1545.638001
,-17.0,50,1547.356852
,-24.0,50,1549.030354
,-10.0,50,1550.691856
,-11.0,50,1552.341478
,-12.0,50,1554.043117
,-17.0,50,1555.74478
,-24.0,50,1557.421965
,-13.0,50,1559.142084
,-19.0,50,1560.783755
,-16.0,50,1562.492755
,0.0,50,1564.150897
,-12.0,50,1565.845912
,-21.0,50,1567.541991
,-10.0,50,1569.23814
,-50.0,50,1570.987161
,-24.0,50,1572.649264
,-12.0,50,1574.324045
,-12.0,50,1576.026909
,-16.0,50,1577.746301
,-16.0,50,1579.396815
,-22.0,50,1581.071285
,0.0,50,1582.752945
,0.0,50,1584.430987
,-24.0,50,1586.166699
,-17.0,50,1587.837797
,0.0,50,1589.527294
,-16.0,50,1591.227542
,-11.0,50,1592.95607
,-19.0,50,1594.60843
,-17.0,50,1596.3016
,-8.0,50,1597.962738
,-12.0,50,1599.687411
,-30.0,50,1601.396636
,-38.0,50,1603.067619
,-21.0,50,1604.718657
,0.0,50,1606.415304
,-7.0,50,1608.108979
,-47.0,50,1609.79442
,-14.0,50,1611.447788
,-22.0,50,1613.149682
,-19.0,50,1614.841939
,-14.0,50,1616.528038
,-43.0,50,1618.25259
,-30.0,50,1619.927387
,-13.0,50,1621.590472
,0.0,50,1623.269514
,-6.0,50,1625.036632
,-11.0,50,1626.680647
,-13.0,50,1628.391517
,-6.0,50,1628.664023
,-6.0,50,1628.974672
,-8.0,50,1629.278839
,-5.0,50,1629.575196
,-50.0,50,1629.850517
,-9.0,50,1630.134634
,-8.0,50,1630.431688
,-8.0,50,1630.695937
,-5.0,50,1630.947048
,-34.0,50,1631.286966
,-29.0,50,1632.989281
,-26.0,50,1634.708505
,-21.0,50,1636.363206
,-7.0,50,1638.046344
,-6.0,50,1639.779748
,-20.0,50,1641.433953
,-25.0,50,1643.133194
,-31.0,50,1644.838312
,-43.0,50,1646.536365
,-9.0,50,1648.173666
,-27.0,50,1649.924253
,-23.0,50,1651.624312
,-1.0,50,1653.272494
,-29.0,50,1654.968277
,-19.0,50,1656.665976
,-10.0,50,1658.379254
,-49.0,50,1660.046613
,-13.0,50,1661.77241
,-26.0,50,1663.422664
,-11.0,50,1665.164765
,-10.0,50,1666.833256
,-16.0,50,1668.486972
,-16.0,50,1670.174513
,-17.0,50,1671.852863
,-30.0,50,1673.568836
,-14.0,50,1675.281482
,0.0,50,1676.941976
,-13.0,50,1678.624664
,-32.0,50,1680.357358
,-22.0,50,1682.0439
,-27.0,50,1683.763881
,0.0,50,1685.392103
,-18.0,50,1687.097421
,-17.0,50,1688.780172
,0.0,50,1690.521466
,-6.0,50,1692.191367
,-13.0,50,1693.884968
,-25.0,50,1695.555738
,-30.0,50,1697.295778
,-9.0,50,1698.954187
,-23.0,50,1700.649648
,-32.0,50,1702.385033
,-23.0,50,1704.052963
,-25.0,50,1705.717345
,-46.0,50,1707.435504
,-14.0,50,1709.117731
,-38.0,50,1710.781618
,-19.0,50,1712.473679
,-16.0,50,1714.227822
,-10.0,50,1715.918956
,-11.0,50,1716.198768
,-7.0,50,1716.447113
,-48.0,50,1716.736772
,-10.0,50,1716.998436
,0.0,50,1717.289391
,-12.0,50,1717.567539
,0.0,50,1717.855204
,-10.0,50,1718.164438
,-13.0,50,1718.435259
,-18.0,50,1718.709818
,-15.0,50,1720.393224
,-9.0,50,1722.169752
,-12.0,50,1723.846844
,-11.0,50,1725.539248
,-17.0,50,1727.206006
,-35.0,50,1728.947839
,0.0,50,1730.61337
,-19.0,50,1732.332952
,-10.0,50,1733.983482
,-5.0,50,1735.712748
,-22.0,50,1737.396404
,-22.0,50,1739.107335
,-11.0,50,1740.777072
,-16.0,50,1742.477483
,-15.0,50,1744.171918
,-25.0,50,1745.85762
,-26.0,50,1747.585288
,-17.0,50,1749.255024
,-20.0,50,1750.954324
,-23.0,50,1752.646791
,-20.0,50,1754.332597
,0.0,50,1756.066924
,-9.0,50,1757.721124
,-16.0,50,1759.443882
,-13.0,50,1761.161085
,-14.0,50,1762.863752
,-16.0,50,1764.537511
,-16.0,50,1766.219821
,-15.0,50,1767.92675
,0.0,50,1769.621596
,-13.0,50,1771.33114
,-11.0,50,1773.019791
,-13.0,50,1774.729977
,-6.0,50,1776.42309
,-10.0,50,1778.129027
,-15.0,50,1779.811192
,-16.0,50,1781.49913
,-15.0,50,1783.194102
,-36.0,50,1784.891919
,-13.0,50,1786.577186
,-35.0,50,1788.290637
,-21.0,50,1790.002888
,-24.0,50,1791.685149
,-18.0,50,1793.425649
,-30.0,50,1795.156484
,-21.0,50,1796.804699
,-14.0,50,1798.500334
,-18.0,50,1800.198551
,-35.0,50,1801.935828
,-8.0,50,1803.624038
,-8.0,50,1803.913056
,-9.0,50,1804.189763
,-4.0,50,1804.489585
,-10.0,50,1804.750684
,-12.0,50,1805.03245
,-7.0,50,1805.345827
,-10.0,50,1805.597594
,-14.0,50,1805.871742
,-4.0,50,1806.12738
,-32.0,50,1806.501348
,-21.0,50,1808.234577
,-13.0,50,1809.950351
,-29.0,50,1811.626938
,-20.0,50,1813.325685
,-2.0,50,1815.031946
,0.0,50,1816.731616
,-11.0,50,1818.416626
,-12.0,50,1820.115378
,-13.0,50,1821.826627
,-11.0,50,1823.513658
,-16.0,50,1825.255917
,-28.0,50,1826.91265
,-9.0,50,1828.667825
,0.0,50,1830.340136
,-46.0,50,1832.020809
,-16.0,50,1833.7594
,-19.0,50,1835.43799
,-22.0,50,1837.146866
,-26.0,50,1838.796078
,0.0,50,1840.51244
,-25.0,50,1842.222294
,-24.0,50,1843.912663
,-16.0,50,1845.630214
,0.0,50,1847.286536
,-10.0,50,1848.971138
,-9.0,50,1850.685317
,-19.0,50,1852.366763
,-12.0,50,1854.074142
,0.0,50,1855.827358
,-15.0,50,1857.482764
,-21.0,50,1859.165553
,-9.0,50,1860.913429
,-14.0,50,1862.56333
,-18.0,50,1864.268107
,-14.0,50,1865.966818
,-16.0,50,1867.681681
,-16.0,50,1869.390659
,-11.0,50,1871.116653
,-12.0,50,1872.78484
,-16.0,50,1874.513206
,-21.0,50,1876.190892
,-8.0,50,1877.92721
,-15.0,50,1879.59274
,-31.0,50,1881.326113
,-6.0,50,1883.021135
,-16.0,50,1884.73736
,-26.0,50,1886.402508
,-12.0,50,1888.151645
,-43.0,50,1889.87137
,-5.0,50,1891.609951
,-8.0,50,1891.885185
,-14.0,50,1892.181468
,-12.0,50,1892.452792
,-10.0,50,1892.712221
,-10.0,50,1892.994917
,-6.0,50,1893.249333
,-10.0,50,1893.51929
,-10.0,50,1893.791469
,-7.0,50,1894.081279
,-28.0,50,1894.406495
,-21.0,50,1896.14111
,-13.0,50,1897.832108
,-24.0,50,1899.488155
,-9.0,50,1901.231286
,-14.0,50,1902.910286
,-22.0,50,1904.572921
,-15.0,50,1906.285597
,-42.0,50,1907.986293
,-23.0,50,1909.689126
,-35.0,50,1911.413904
,-22.0,50,1913.143461
,-11.0,50,1914.826109
,-19.0,50,1916.540577
,-4.0,50,1918.213355
,-21.0,50,1919.936384
,-27.0,50,1921.630886
,-11.0,50,1923.349298
,-17.0,50,1925.087206
,-15.0,50,1926.81077
,-11.0,50,1928.478271
,-18.0,50,1930.225629
,-14.0,50,1931.914165
,-20.0,50,1933.67218
,-13.0,50,1935.318923
,-22.0,50,1937.024765
,-20.0,50,1938.75056
,-18.0,50,1940.498951
,-21.0,50,1942.204021
,-18.0,50,1943.888489
,-30.0,50,1945.571624
,-15.0,50,1947.275769
,-19.0,50,1948.936722
,-17.0,50,1950.65223
,-43.0,50,1952.406202
,-13.0,50,1954.089525
,-18.0,50,1955.792944
,-22.0,50,1957.515085
,-17.0,50,1959.205907
,-16.0,50,1960.916023
,-16.0,50,1962.639292
,-28.0,50,1964.318435
,-12.0,50,1965.992134
,-17.0,50,1967.744173
,-10.0,50,1969.452018
,-6.0,50,1971.17162
,-13.0,50,1972.855838
,-29.0,50,1974.615315
,-17.0,50,1976.279276
,-12.0,50,1977.95732
,-9.0,50,1979.729857
,-9.0,50,1979.988332
,-6.0,50,1980.274153
,-14.0,50,1980.54966
,-9.0,50,1980.808597
,0.0,50,1981.095618
,-15.0,50,1981.375119
,-7.0,50,1981.668339
,-15.0,50,1981.94956
,-10.0,50,1982.2177
,-14.0,50,1982.580268
,-15.0,50,1984.236876
,-22.0,50,1985.935324
,-18.0,50,1987.667099
,-33.0,50,1989.34514
,-17.0,50,1991.053327
,-29.0,50,1992.780318
,-15.0,50,1994.480541
,-15.0,50,1996.212794
,-23.0,50,1997.897364
,-17.0,50,1999.592134
,-7.0,50,2001.275678
,-25.0,50,2003.004034
,-16.0,50,2004.715613
,-22.0,50,2006.413804
,-15.0,50,2008.112384
,-15.0,50,2009.794659
,-26.0,50,2011.52041
,-12.0,50,2013.251993
,-30.0,50,2014.93806
,-27.0,50,2016.671713
,-21.0,50,2018.378769
,-21.0,50,2020.083091
,-5.0,50,2021.747648
,-12.0,50,2023.490117
,-21.0,50,2025.149265
,-15.0,50,2026.943023
,-16.0,50,2028.644996
,-12.0,50,2030.362545
,-13.0,50,2032.04238
,-33.0,50,2033.818096
,-7.0,50,2035.525338
,-36.0,50,2037.265377
,-29.0,50,2038.939147
,-22.0,50,2040.658585
,-19.0,50,2042.370656
,-16.0,50,2044.099278
,0.0,50,2045.819657
,-39.0,50,2047.496997
,0.0,50,2049.170969
,-14.0,50,2050.903301
,0.0,50,2052.591128
,-23.0,50,2054.322878
,-25.0,50,2056.014169
,-18.0,50,2057.6721
,-30.0,50,2059.388819
,-10.0,50,2061.157084
,-6.0,50,2062.854309
,-31.0,50,2064.588182
,-26.0,50,2066.279038
,-9.0,50,2068.045471
,0.0,50,2068.331912
,-7.0,50,2068.599347
,-14.0,50,2068.887637
,0.0,50,2069.196099
,-7.0,50,2069.46873
,-11.0,50,2069.738955
,-11.0,50,2070.016272
,-22.0,50,2070.276756
,-26.0,50,2070.55056
,-14.0,50,2070.877201
,-35.0,50,2072.604514
,-8.0,50,2074.367598
,-20.0,50,2076.043248
,-21.0,50,2077.725677
,-40.0,50,2079.453205
,-20.0,50,2081.190633
,-13.0,50,2082.918152
,-19.0,50,2084.629375
,-15.0,50,2086.349139
,-36.0,50,2088.036138
,-14.0,50,2089.729736
,-20.0,50,2091.425501
,-21.0,50,2093.136653
,-22.0,50,2094.893782
,-50.0,50,2096.60538
,-5.0,50,2098.328463
,-9.0,50,2100.009718
,-18.0,50,2101.701732
,-21.0,50,2103.413528
,-15.0,50,2105.151859
,-12.0,50,2106.890444
,-20.0,50,2108.608232
,0.0,50,2110.341381
,-9.0,50,2112.061985
,-18.0,50,2113.745311
,-22.0,50,2115.462958
,0.0,50,2117.173553
,-28.0,50,2118.858843
,-16.0,50,2120.579911
,-27.0,50,2122.34124
,-9.0,50,2123.999107
,-28.0,50,2125.688579
,-12.0,50,2127.440871
,-19.0,50,2129.120654
,-11.0,50,2130.875634
,-20.0,50,2132.566987
,0.0,50,2134.332049
,0.0,50,2135.997887
,-24.0,50,2137.699447
,-28.0,50,2139.464979
,0.0,50,2141.148644
,-11.0,50,2142.851899
,-16.0,50,2144.55753
,-45.0,50,2146.284723
,-40.0,50,2148.030614
,-21.0,50,2149.764258
,-18.0,50,2151.484863
,-19.0,50,2153.191062
,-17.0,50,2154.910514
,-5.0,50,2156.650976
,-7.0,50,2156.932467
,0.0,50,2157.233981
,-8.0,50,2157.524307
,-13.0,50,2157.8009
,-8.0,50,2158.075929
,-7.0,50,2158.365216
,-23.0,50,2158.613463
,-13.0,50,2158.889135
,-12.0,50,2159.155959
,-14.0,50,2159.503548
,-37.0,50,2161.194709
,-12.0,50,2162.899405
,-48.0,50,2164.66614
,-14.0,50,2166.357504
,-29.0,50,2168.114534
,-12.0,50,2169.809142
,-22.0,50,2171.485398
,-26.0,50,2173.215873
,-11.0,50,2174.940331
,-11.0,50,2176.672692
,-23.0,50,2178.392275
,-42.0,50,2180.077404
,0.0,50,2181.786559
,-9.0,50,2183.502803
,-13.0,50,2185.220332
,-18.0,50,2186.990824
,-25.0,50,2188.702147
,-13.0,50,2190.387224
,-23.0,50,2192.161753
,-7.0,50,2193.825833
,-18.0,50,2195.543443
,-20.0,50,2197.280228
,-27.0,50,2198.972436
,-11.0,50,2200.785654
,-45.0,50,2202.47198
,-30.0,50,2204.135359
,-17.0,50,2205.892711
,-18.0,50,2207.584514
,-7.0,50,2209.285074
,0.0,50,2211.049031
,-24.0,50,2212.756579
,-17.0,50,2214.489986
,-13.0,50,2216.209398
,-50.0,50,2217.8754
,-27.0,50,2219.580589
,-25.0,50,2221.294437
,-7.0,50,2222.980754
,-17.0,50,2224.777211
,-13.0,50,2226.427992
,-9.0,50,2228.164388
,-38.0,50,2229.888757
,-12.0,50,2231.662138
,-12.0,50,2233.331825
,-21.0,50,2235.042192
,-13.0,50,2236.75675
,-19.0,50,2238.449118
,-31.0,50,2240.187548
,-21.0,50,2241.87451
,-8.0,50,2243.634817
,-11.0,50,2245.380512
,-5.0,50,2245.661997
,-8.0,50,2245.926062
,-12.0,50,2246.182691
,-12.0,50,2246.46856
,-7.0,50,2246.725614
,-6.0,50,2247.017719
,-5.0,50,2247.301011
,-9.0,50,2247.596478
,-5.0,50,2247.887929
,-15.0,50,2248.249034
,-15.0,50,2250.00554
,-20.0,50,2251.697428
,-12.0,50,2253.400651
,-11.0,50,2255.063261
,-18.0,50,2256.78574
,-13.0,50,2258.543572
,-10.0,50,2260.23127
,-28.0,50,2261.971918
,-24.0,50,2263.701617
,-28.0,50,2265.386351
,-8.0,50,2267.121504
,0.0,50,2268.82134
,-10.0,50,2270.572563
,-24.0,50,2272.253618
,-16.0,50,2274.004444
,-21.0,50,2275.776124
,-8.0,50,2277.451523
,-18.0,50,2279.153486
,-23.0,50,2280.895898
,-23.0,50,2282.604392
,-12.0,50,2284.342125
,-33.0,50,2286.037424
,-9.0,50,2287.830049
,-10.0,50,2289.483626
,-10.0,50,2291.20303
,-20.0,50,2293.012097
,-22.0,50,2294.675952
,-16.0,50,2296.400131
,-21.0,50,2298.086067
,-10.0,50,2299.828565
,-32.0,50,2301.566727
,-14.0,50,2303.296216
,-20.0,50,2304.986579
,-50.0,50,2306.736594
,-45.0,50,2308.475658
,-23.0,50,2310.196455
,-33.0,50,2311.910442
,-21.0,50,2313.630461
,-9.0,50,2315.3469
,-10.0,50,2317.089596
,-22.0,50,2318.845224
,-27.0,50,2320.537018
,-20.0,50,2322.24744
,-25.0,50,2323.952494
,-17.0,50,2325.655771
,-14.0,50,2327.390837
,-18.0,50,2329.141008
,-8.0,50,2330.835756
,-27.0,50,2332.564834
,-6.0,50,2334.315162
,-12.0,50,2334.589555
,0.0,50,2334.87736
,-7.0,50,2335.198626
,-12.0,50,2335.468087
,-13.0,50,2335.730497
,-4.0,50,2335.994986
,-10.0,50,2336.271253
,-10.0,50,2336.552344
,-6.0,50,2336.808352
,-16.0,50,2337.124767
,-8.0,50,2338.83145
,-10.0,50,2340.592348
,-12.0,50,2342.282922
,-7.0,50,2343.981951
,-46.0,50,2345.753779
,-11.0,50,2347.44781
,-10.0,50,2349.195582
,-46.0,50,2350.942543
,-21.0,50,2352.646355
,-28.0,50,2354.372349
,-13.0,50,2356.073493
,-10.0,50,2357.825218
,-13.0,50,2359.521595
,-17.0,50,2361.226657
,-13.0,50,2362.998937
,-16.0,50,2364.657539
,-18.0,50,2366.430284
,-15.0,50,2368.157883
,-23.0,50,2369.907259
,-14.0,50,2371.631225
,-19.0,50,2373.361196
,-21.0,50,2375.069034
,-26.0,50,2376.757465
,-32.0,50,2378.534284
,-17.0,50,2380.253257
,0.0,50,2381.918822
,-43.0,50,2383.662206
,-14.0,50,2385.37599
,-15.0,50,2387.111797
,-22.0,50,2388.833991
,-17.0,50,2390.612336
,-25.0,50,2392.317958
,-21.0,50,2394.026454
,-16.0,50,2395.740923
,-16.0,50,2397.479216
,-23.0,50,2399.260217
,-11.0,50,2400.893138
,-11.0,50,2402.694611
,-24.0,50,2404.40193
,-42.0,50,2406.138091
,-18.0,50,2407.837363
,-32.0,50,2409.543916
,-15.0,50,2411.318215
,-13.0,50,2413.028388
,-14.0,50,2414.705713
,-21.0,50,2416.440502
,-21.0,50,2418.191011
,-6.0,50,2419.864763
,-19.0,50,2421.594485
,-8.0,50,2423.404463
,-6.0,50,2423.687099
,-7.0,50,2423.97371
,-11.0,50,2424.242372
,-13.0,50,2424.510992
,-13.0,50,2424.791724
,-9.0,50,2425.053442
,-10.0,50,2425.348295
,-5.0,50,2425.629152
,-6.0,50,2425.912406
,-13.0,50,2426.334167
,-24.0,50,2428.040726
,-21.0,50,2429.784718
,-15.0,50,2431.507658
,-11.0,50,2433.259308
,-7.0,50,2434.977766
,-13.0,50,2436.699075
,-21.0,50,2438.41193
,-25.0,50,2440.132079
,-10.0,50,2441.882327
,-14.0,50,2443.612202
,-20.0,50,2445.336104
,-29.0,50,2447.032141
,-15.0,50,2448.752467
,-9.0,50,2450.489307
,-10.0,50,2452.23267
,-9.0,50,2453.940691
,-8.0,50,2455.714707
,-18.0,50,2457.427416
,-10.0,50,2459.217289
,-6.0,50,2460.934543
,-3.0,50,2462.643673
,0.0,50,2464.387926
,-15.0,50,2466.119398
,-28.0,50,2467.885354
,-20.0,50,2469.597116
,-20.0,50,2471.343015
,-13.0,50,2473.085498
,-17.0,50,2474.840975
,-15.0,50,2476.580436
,-49.0,50,2478.315077
,-29.0,50,2479.995845
,0.0,50,2481.8169
,-14.0,50,2483.505575
,-17.0,50,2485.285504
,-12.0,50,2486.995209
,-11.0,50,2488.739424
,-8.0,50,2490.500168
,-30.0,50,2492.212305
,-18.0,50,2493.931494
,-28.0,50,2495.665546
,-9.0,50,2497.416455
,-38.0,50,2499.143568
,-16.0,50,2500.865971
,-36.0,50,2502.628674
,-13.0,50,2504.355506
,-6.0,50,2506.048715
,-41.0,50,2507.769619
,-18.0,50,2509.506219
,-28.0,50,2511.246663
,-11.0,50,2512.957366
,-5.0,50,2513.253178
,-12.0,50,2513.528244
,-12.0,50,2513.824389
,-14.0,50,2514.071552
,-6.0,50,2514.341109
,-12.0,50,2514.629565
,-8.0,50,2514.884152
,-8.0,50,2515.165437
,-5.0,50,2515.433281
,-8.0,50,2515.812897
,-45.0,50,2517.532681
,-33.0,50,2519.228844
,-19.0,50,2520.981962
,0.0,50,2522.671464
,-19.0,50,2524.396755
,-11.0,50,2526.160456
,-24.0,50,2527.875568
,-38.0,50,2529.669964
,-12.0,50,2531.361554
,-9.0,50,2533.083804
,0.0,50,2534.797717
,-27.0,50,2536.553253
,-34.0,50,2538.32077
,-16.0,50,2540.018818
,-21.0,50,2541.770447
,-50.0,50,2543.482371
,-35.0,50,2545.288782
,-14.0,50,2547.002041
,-12.0,50,2548.739949
,-11.0,50,2550.475254
,-7.0,50,2552.259581
,-21.0,50,2553.98589
,0.0,50,2555.707042
,-27.0,50,2557.436999
,-44.0,50,2559.18985
,-12.0,50,2560.866326
,0.0,50,2562.611331
,-31.0,50,2564.375406
,-22.0,50,2566.098505
,-27.0,50,2567.851474
,-12.0,50,2569.627485
,-9.0,50,2571.381788
,-13.0,50,2573.080178
,-20.0,50,2574.783105
,-12.0,50,2576.538327
,-6.0,50,2578.267645
,-23.0,50,2579.981162
,0.0,50,2581.738559
,-11.0,50,2583.449087
,-21.0,50,2585.243064
,-14.0,50,2586.925185
,-14.0,50,2588.668635
,-12.0,50,2590.421771
,-11.0,50,2592.105078
,-29.0,50,2593.830122
,-10.0,50,2595.621795
,0.0,50,2597.368455
,-33.0,50,2599.141037
,-15.0,50,2600.815512
,-11.0,50,2602.679971
,-5.0,50,2602.965477
,-5.0,50,2603.295486
,-10.0,50,2603.578038
,-13.0,50,2603.876793
,-7.0,50,2604.158798
,-11.0,50,2604.448562
,-8.0,50,2604.756217
,-12.0,50,2605.045758
,-11.0,50,2605.330529
,-19.0,50,2605.575187
,-10.0,50,2607.278122
,-12.0,50,2609.056511
,-13.0,50,2610.76977
,-36.0,50,2612.472876
,0.0,50,2614.243642
,-27.0,50,2615.982913
,-25.0,50,2617.720618
,-12.0,50,2619.406029
,-19.0,50,2621.164406
,-18.0,50,2622.948555
,-15.0,50,2624.676089
,-14.0,50,2626.448826
,-29.0,50,2628.169963
,-19.0,50,2629.918562
,-8.0,50,2631.645476
,-32.0,50,2633.392703
,-23.0,50,2635.104606
,-17.0,50,2636.931396
,-27.0,50,2638.611903
,-22.0,50,2640.36854
,-40.0,50,2642.133831
,-15.0,50,2643.895756
,-23.0,50,2645.595463
,-33.0,50,2647.3203
,-18.0,50,2649.089894
,-14.0,50,2650.794198
,-16.0,50,2652.516177
,-22.0,50,2654.315622
,-14.0,50,2655.986964
,-30.0,50,2657.746899
,-25.0,50,2659.498959
,-20.0,50,2661.217067
,-14.0,50,2662.952028
,-25.0,50,2664.678852
,-32.0,50,2666.384162
,-18.0,50,2668.113201
,-29.0,50,2669.834524
,-23.0,50,2671.564443
,-28.0,50,2673.28304
,-9.0,50,2675.045288
,-13.0,50,2676.792334
,-12.0,50,2678.528751
,-29.0,50,2680.221485
,-8.0,50,2682.044554
,-48.0,50,2683.746806
,-25.0,50,2685.519804
,-33.0,50,2687.211056
,-18.0,50,2688.939243
,-22.0,50,2690.679941
,-9.0,50,2692.439498
,-9.0,50,2692.690043
,-11.0,50,2692.971527
,-10.0,50,2693.24474
,-10.0,50,2693.499702
,-11.0,50,2693.778979
,-11.0,50,2694.05702
,-14.0,50,2694.363769
,-8.0,50,2694.662431
,-10.0,50,2694.925343
,-7.0,50,2695.329249
,-9.0,50,2697.071274
,-13.0,50,2698.789847
,-8.0,50,2700.518409
,-14.0,50,2702.256296
,0.0,50,2703.996551
,0.0,50,2705.797599
,-50.0,50,2707.562151
,-24.0,50,2709.288058
,-16.0,50,2711.023119
,-13.0,50,2712.746058
,-29.0,50,2714.498901
,-12.0,50,2716.28112
,-29.0,50,2717.990311
,-17.0,50,2719.772847
,-4.0,50,2721.493782
,-20.0,50,2723.209121
,-10.0,50,2724.990448
,-17.0,50,2726.712351
,-20.0,50,2728.471573
,-13.0,50,2730.160487
,-14.0,50,2731.942327
,-12.0,50,2733.645017
,-15.0,50,2735.399655
,-22.0,50,2737.134099
,-13.0,50,2738.840182
,-14.0,50,2740.616945
,-13.0,50,2742.427351
,-25.0,50,2744.14401
,-8.0,50,2745.881799
,-19.0,50,2747.635414
,-27.0,50,2749.375347
,-13.0,50,2751.164802
,-5.0,50,2752.895676
,-22.0,50,2754.621063
,-7.0,50,2756.361414
,-22.0,50,2758.191691
,-14.0,50,2759.912601
,-27.0,50,2761.705618
,-10.0,50,2763.446748
,-22.0,50,2765.159299
,-19.0,50,2766.927337
,-14.0,50,2768.630699
,-46.0,50,2770.377323
,-13.0,50,2772.11784
,-20.0,50,2773.869142
,0.0,50,2775.621816
,-24.0,50,2777.389579
,-44.0,50,2779.123868
,-27.0,50,2780.851392
,-9.0,50,2782.649618
,0.0,50,2782.940434
,-24.0,50,2783.228565
,-12.0,50,2783.48508
,-11.0,50,2783.755823
,-14.0,50,2784.038612
,-7.0,50,2784.306545
,-19.0,50,2784.582296
,-10.0,50,2784.874726
,-10.0,50,2785.157699
,-17.0,50,2785.496347
,-34.0,50,2787.207821
,-13.0,50,2788.956188
,-26.0,50,2790.728677
,-26.0,50,2792.477863
,-26.0,50,2794.256649
,-27.0,50,2795.942962
,-29.0,50,2797.687686
,-21.0,50,2799.477017
,-12.0,50,2801.240093
,-12.0,50,2802.973234
,-7.0,50,2804.685303
,0.0,50,2806.436635
,-11.0,50,2808.181277
,-19.0,50,2809.938022
,-13.0,50,2811.70794
,-19.0,50,2813.442153
,-22.0,50,2815.174641
,-12.0,50,2816.920336
,-16.0,50,2818.633579
,-18.0,50,2820.361092
,-29.0,50,2822.100137
,-12.0,50,2823.844264
,0.0,50,2825.584296
,-26.0,50,2827.369347
,-10.0,50,2829.123075
,-33.0,50,2830.811421
,-15.0,50,2832.575618
,-14.0,50,2834.339023
,-8.0,50,2836.101711
,-7.0,50,2837.818408
,-16.0,50,2839.581383
,-19.0,50,2841.342984
,-28.0,50,2843.018128
,-17.0,50,2844.809477
,-16.0,50,2846.5344
,-22.0,50,2848.248738
,0.0,50,2849.97129
,-33.0,50,2851.752527
,-8.0,50,2853.522749
,-21.0,50,2855.243176
,-50.0,50,2856.999572
,-23.0,50,2858.716078
,-21.0,50,2860.494793
,-12.0,50,2862.246585
,-41.0,50,2863.995785
,-31.0,50,2865.721862
,-7.0,50,2867.444059
,-7.0,50,2869.242024
,-13.0,50,2870.985908
,-9.0,50,2872.714031
,-9.0,50,2872.997864
,-8.0,50,2873.289095
,-10.0,50,2873.57998
,-12.0,50,2873.845345
,-8.0,50,2874.106774
,-7.0,50,2874.379621
,-8.0,50,2874.64059
,0.0,50,2874.898367
,-13.0,50,2875.194814
,-18.0,50,2875.55283
,-17.0,50,2877.271793
,0.0,50,2879.012644
,-10.0,50,2880.80985
,-43.0,50,2882.543593
,-9.0,50,2884.257538
,-13.0,50,2886.025677
,0.0,50,2887.742365
,-24.0,50,2889.515753
,-25.0,50,2891.221024
,-29.0,50,2892.944424
,-17.0,50,2894.687251
,-16.0,50,2896.473376
,-16.0,50,2898.176738
,-14.0,50,2899.952571
,-16.0,50,2901.704183
,-6.0,50,2903.420411
,-28.0,50,2905.140201
,-44.0,50,2906.942568
,-9.0,50,2908.704361
,-17.0,50,2910.46975
,-10.0,50,2912.199542
,-21.0,50,2913.916475
,-29.0,50,2915.657033
,-21.0,50,2917.414266
,-18.0,50,2919.144177
,-16.0,50,2920.91834
,-15.0,50,2922.678895
,-18.0,50,2924.404793
,-20.0,50,2926.210189
,-22.0,50,2927.929756
,-8.0,50,2929.689577
,-18.0,50,2931.482933
,-16.0,50,2933.233915
,-21.0,50,2935.013038
,-15.0,50,2936.742866
,-16.0,50,2938.497917
,-21.0,50,2940.295598
,-10.0,50,2942.030156
,-17.0,50,2943.799621
,-19.0,50,2945.57361
,-5.0,50,2947.248071
,-13.0,50,2949.051827
,-20.0,50,2950.793026
,-14.0,50,2952.50552
,-28.0,50,2954.274991
,-28.0,50,2956.057711
,-39.0,50,2957.774135
,-41.0,50,2959.551186
,-19.0,50,2961.303479
,-14.0,50,2963.041715
,-7.0,50,2963.31721
,-7.0,50,2963.592599
,-6.0,50,2963.900714
,-11.0,50,2964.173771
,-9.0,50,2964.421235
,-10.0,50,2964.71409
,-21.0,50,2964.991224
,-9.0,50,2965.272234
,-12.0,50,2965.566362
,-5.0,50,2965.88333
,-11.0,50,2967.610042
,-29.0,50,2969.405838
,-6.0,50,2971.168986
,-17.0,50,2972.893569
,-7.0,50,2974.597224
,-11.0,50,2976.381294
,-18.0,50,2978.175574
,-12.0,50,2979.908552
,-28.0,50,2981.674156
,-14.0,50,2983.424402
,-13.0,50,2985.176147
,-15.0,50,2986.915967
,-42.0,50,2988.654355
,-21.0,50,2990.495436
,-14.0,50,2992.177834
,-15.0,50,2993.970868
,-18.0,50,2995.685799
,-18.0,50,2997.503319
,-10.0,50,2999.219245
,-12.0,50,3000.958702
,-20.0,50,3002.734746
,-12.0,50,3004.519046
,-7.0,50,3006.236304
,-26.0,50,3007.982942
,-13.0,50,3009.776953
,-17.0,50,3011.482492
,-3.0,50,3013.225861
,-20.0,50,3015.012321
,-24.0,50,3016.804351
,-22.0,50,3018.564581
,-17.0,50,3020.320186
,-33.0,50,3022.074056
,-9.0,50,3023.838272
,-31.0,50,3025.523404
,-15.0,50,3027.342328
,-47.0,50,3029.076639
,-7.0,50,3030.871378
,-18.0,50,3032.634363
,-14.0,50,3034.325048
,-29.0,50,3036.109617
,-10.0,50,3037.851031
,-24.0,50,3039.656345
,-10.0,50,3041.391421
,-25.0,50,3043.149587
,-19.0,50,3044.92273
,-12.0,50,3046.631158
,-19.0,50,3048.404716
,-19.0,50,3050.221617
,-6.0,50,3051.973453
,-6.0,50,3053.735634
,-9.0,50,3054.010999
,-11.0,50,3054.283701
,-2.0,50,3054.561357
,-13.0,50,3054.849855
,-12.0,50,3055.118304
,-9.0,50,3055.398
,-6.0,50,3055.646683
,-8.0,50,3055.894921
,-18.0,50,3056.224965
,-22.0,50,3056.603781
,-17.0,50,3058.390392
,-18.0,50,3060.096045
,-14.0,50,3061.865159
,-38.0,50,3063.637224
,-23.0,50,3065.4128
,0.0,50,3067.166703
,-30.0,50,3068.91991
,-8.0,50,3070.675928
,-15.0,50,3072.435262
,-8.0,50,3074.153409
,-9.0,50,3075.911897
,-8.0,50,3077.703569
,-24.0,50,3079.442487
,-31.0,50,3081.21748
,-27.0,50,3082.942528
,-19.0,50,3084.758874
,-12.0,50,3086.463287
,-38.0,50,3088.263206
,-14.0,50,3090.006145
,-21.0,50,3091.761032
,-9.0,50,3093.521646
,-28.0,50,3095.211552
,-13.0,50,3097.003543
,-21.0,50,3098.740427
,-12.0,50,3100.533543
,-41.0,50,3102.276526
,-13.0,50,3104.095543
,-26.0,50,3105.841873
,-13.0,50,3107.608836
,-14.0,50,3109.311554
,-13.0,50,3111.117303
,-12.0,50,3112.822566
,-21.0,50,3114.607642
,-18.0,50,3116.336488
,0.0,50,3118.119439
,-17.0,50,3119.864856
,-10.0,50,3121.601522
,0.0,50,3123.3756
,0.0,50,3125.18411
,-35.0,50,3126.868741
,-14.0,50,3128.638624
,-26.0,50,3130.433206
,-9.0,50,3132.142668
,-6.0,50,3133.907472
,-38.0,50,3135.655385
,-28.0,50,3137.38628
,-19.0,50,3139.170707
,-9.0,50,3140.891183
,-36.0,50,3142.643454
,-8.0,50,3144.411937
,-7.0,50,3144.67294
,-7.0,50,3144.9394
,-12.0,50,3145.19516
,-2.0,50,3145.47122
,-11.0,50,3145.762887
,0.0,50,3146.017082
,-11.0,50,3146.282829
,-13.0,50,3146.565035
,-11.0,50,3146.877502
,-17.0,50,3147.298629
,-26.0,50,3149.011764
,-20.0,50,3150.786641
,-29.0,50,3152.597281
,-18.0,50,3154.359363
,-18.0,50,3156.077911
,-13.0,50,3157.828958
,-11.0,50,3159.60273
,-25.0,50,3161.391161
,-13.0,50,3163.108792
,-26.0,50,3164.906404
,-17.0,50,3166.730392
,0.0,50,3168.466154
,-10.0,50,3170.213412
,-13.0,50,3171.956307
,-21.0,50,3173.745574
,-18.0,50,3175.492214
,-35.0,50,3177.29359
,-24.0,50,3179.038186
,-13.0,50,3180.850899
,-6.0,50,3182.584197
,-26.0,50,3184.350696
,-13.0,50,3186.085158
,-18.0,50,3187.854693
,-20.0,50,3189.584346
,-14.0,50,3191.430765
,-19.0,50,3193.125359
,-17.0,50,3194.916515
,-14.0,50,3196.631882
,-10.0,50,3198.439635
,-22.0,50,3200.201013
,-36.0,50,3201.934674
,-45.0,50,3203.682342
,-11.0,50,3205.481755
,-13.0,50,3207.221065
,-22.0,50,3209.014614
,-26.0,50,3210.735976
,-18.0,50,3212.516025
,-15.0,50,3214.266721
,-19.0,50,3216.020931
,-31.0,50,3217.727022
,-7.0,50,3219.509206
,-12.0,50,3221.297178
,-21.0,50,3223.06916
,-6.0,50,3224.837693
,-20.0,50,3226.607213
,-21.0,50,3228.370684
,-28.0,50,3230.13721
,-18.0,50,3231.880517
,-32.0,50,3233.635364
,-8.0,50,3235.424621
,-8.0,50,3235.689195
,-5.0,50,3235.984769
,-8.0,50,3236.277092
,-17.0,50,3236.519916
,-11.0,50,3236.787382
,-8.0,50,3237.077018
,-6.0,50,3237.345294
,-15.0,50,3237.598367
,-12.0,50,3237.871197
,-21.0,50,3238.230841
,-22.0,50,3239.948757
,-50.0,50,3241.741971
,-7.0,50,3243.462595
,-17.0,50,3245.284455
,-18.0,50,3247.007156
,-6.0,50,3248.780468
,-23.0,50,3250.574908
,-36.0,50,3252.320396
,-19.0,50,3254.116888
,-15.0,50,3255.933244
,-24.0,50,3257.643485
,-17.0,50,3259.436382
,-16.0,50,3261.191596
,-16.0,50,3262.983423
,-15.0,50,3264.691979
,-16.0,50,3266.485362
,-10.0,50,3268.246812
,-20.0,50,3270.08384
,-19.0,50,3271.811431
,-16.0,50,3273.59311
,-23.0,50,3275.383781
,-12.0,50,3277.073244
,0.0,50,3278.827628
,-13.0,50,3280.601862
,-24.0,50,3282.34572
,-35.0,50,3284.146791
,-18.0,50,3285.91859
,-14.0,50,3287.70655
,-20.0,50,3289.483884
,-7.0,50,3291.199196
,0.0,50,3293.026025
,-8.0,50,3294.756316
,-29.0,50,3296.531604
,-12.0,50,3298.267366
,-11.0,50,3300.081365
,-21.0,50,3301.827336
,-16.0,50,3303.570858
,-36.0,50,3305.32221
,-40.0,50,3307.113732
,-34.0,50,3308.922586
,-22.0,50,3310.646024
,-8.0,50,3312.344589
,-24.0,50,3314.161494
,0.0,50,3315.916083
,-32.0,50,3317.769875
,-28.0,50,3319.52574
,-24.0,50,3321.242909
,-34.0,50,3322.999824
,-27.0,50,3324.734829
,-13.0,50,3326.529594
,-11.0,50,3326.82332
,-8.0,50,3327.113649
,-5.0,50,3327.381194
,-8.0,50,3327.645716
,-10.0,50,3327.916368
,0.0,50,3328.184226
,-9.0,50,3328.428069
,-10.0,50,3328.719017
,-11.0,50,3329.003885
,-16.0,50,3329.435143
,-26.0,50,3331.143614
,-15.0,50,3332.907576
,-19.0,50,3334.684374
,-18.0,50,3336.53376
,-35.0,50,3338.269714
,-15.0,50,3340.06321
,-25.0,50,3341.779534
,-19.0,50,3343.587384
,-17.0,50,3345.356402
,-21.0,50,3347.185669
,-15.0,50,3348.897303
,-13.0,50,3350.680316
,-10.0,50,3352.468091
,-16.0,50,3354.221189
,-33.0,50,3356.007627
,-14.0,50,3357.77808
,-27.0,50,3359.538591
,-50.0,50,3361.346369
,-23.0,50,3363.097644
,-14.0,50,3364.806446
,-12.0,50,3366.613804
,-24.0,50,3368.383296
,-21.0,50,3370.183569
,-21.0,50,3371.887223
,-26.0,50,3373.673234
,-8.0,50,3375.468867
,-23.0,50,3377.205517
,-33.0,50,3378.973113
,-19.0,50,3380.73479
,-7.0,50,3382.54659
,-35.0,50,3384.336078
,-29.0,50,3386.052494
,0.0,50,3387.863073
,-15.0,50,3389.652269
,-22.0,50,3391.460381
,-16.0,50,3393.184616
,-10.0,50,3395.005597
,-12.0,50,3396.798688
,-22.0,50,3398.527299
,-17.0,50,3400.33977
,-25.0,50,3402.066506
,-10.0,50,3403.859448
,-14.0,50,3405.59624
,-31.0,50,3407.384315
,-20.0,50,3409.152651
,-19.0,50,3410.90404
,-8.0,50,3412.701022
,-35.0,50,3414.540845
,-7.0,50,3416.289422
,-10.0,50,3418.072434
,-6.0,50,3418.341747
,-8.0,50,3418.610462
,-13.0,50,3418.923235
,-7.0,50,3419.213077
,-8.0,50,3419.489022
,0.0,50,3419.75193
,-23.0,50,3420.048505
,-11.0,50,3420.304823
,-10.0,50,3420.568966
,-17.0,50,3420.927849
,-10.0,50,3422.693529
,-26.0,50,3424.492773
,-18.0,50,3426.227519
,-16.0,50,3428.052854
,-26.0,50,3429.852752
,-40.0,50,3431.659837
,-18.0,50,3433.37588
,-23.0,50,3435.194534
,-15.0,50,3436.930722
,0.0,50,3438.724916
,-30.0,50,3440.47695
,-29.0,50,3442.278969
,-6.0,50,3444.051854
,-17.0,50,3445.77066
,-26.0,50,3447.583453
,-26.0,50,3449.291455
,-6.0,50,3451.12822
,-28.0,50,3452.866625
,-23.0,50,3454.641781
,-13.0,50,3456.43245
,-28.0,50,3458.194345
,-19.0,50,3459.961736
,-14.0,50,3461.733696
,-12.0,50,3463.500902
,0.0,50,3465.235389
,-32.0,50,3467.039138
,-23.0,50,3468.825412
,-25.0,50,3470.55884
,-6.0,50,3472.338814
,0.0,50,3474.135487
,-47.0,50,3475.884908
,0.0,50,3477.648432
,-40.0,50,3479.414439
,-27.0,50,3481.235984
,-26.0,50,3482.991108
,-13.0,50,3484.78656
,-10.0,50,3486.573692
,-13.0,50,3488.331028
,-16.0,50,3490.104345
,-24.0,50,3491.897229
,-7.0,50,3493.728029
,-18.0,50,3495.482018
,-27.0,50,3497.29139
,-11.0,50,3499.035994
,-14.0,50,3500.790796
,-20.0,50,3502.630416
,-13.0,50,3504.335453
,-15.0,50,3506.167128
,-18.0,50,3507.912319
,-8.0,50,3509.692977
,-5.0,50,3509.943368
,-7.0,50,3510.242691
,-8.0,50,3510.507826
,-8.0,50,3510.789296
,0.0,50,3511.082884
,-18.0,50,3511.369713
,-15.0,50,3511.617384
,-6.0,50,3511.91402
,-13.0,50,3512.20488
