#{"t_start": 1583184459.6217072, "env_id": "FetchPickAndPlace-v1"}
s,r,l,t
,-50.0,50,5.379349
,-50.0,50,7.20649
,-50.0,50,8.859335
,-50.0,50,10.427961
,-50.0,50,12.05885
,-50.0,50,13.654515
,-50.0,50,15.25663
,-50.0,50,16.870373
,-50.0,50,18.490012
,-50.0,50,20.088546
,-50.0,50,21.70467
,-50.0,50,23.321346
,-50.0,50,24.916475
,-50.0,50,26.533882
,-50.0,50,28.139458
,-50.0,50,29.739856
,-50.0,50,31.334153
,-50.0,50,32.957011
,-50.0,50,34.591599
,-50.0,50,36.216909
,-50.0,50,37.797235
,-50.0,50,39.43234
,-50.0,50,41.007149
,-50.0,50,42.657305
,-50.0,50,44.246589
,-50.0,50,45.856155
,-50.0,50,47.43923
,-50.0,50,49.054722
,-50.0,50,50.672536
,-50.0,50,52.271673
,-50.0,50,53.885239
,-50.0,50,55.490893
,-50.0,50,57.110112
,-50.0,50,58.711477
,-50.0,50,60.301593
,-50.0,50,61.916162
,-50.0,50,63.529258
,-50.0,50,65.109324
,-50.0,50,66.712834
,-50.0,50,68.29366
,-50.0,50,69.88292
,-50.0,50,71.550614
,0.0,50,73.124974
,-50.0,50,74.744807
,-50.0,50,76.327666
,-50.0,50,77.976402
,-50.0,50,79.58222
,-50.0,50,81.185109
,-50.0,50,82.787373
,-50.0,50,84.418136
,-50.0,50,86.069445
,-50.0,50,86.344827
,-50.0,50,86.61877
,-50.0,50,86.882553
,-50.0,50,87.142845
,-50.0,50,87.399885
,-50.0,50,87.668494
,-50.0,50,87.940631
,-50.0,50,88.197576
,-50.0,50,88.44471
,-50.0,50,88.829697
,-50.0,50,90.448568
,-50.0,50,92.104155
,-50.0,50,93.718416
,-50.0,50,95.349091
,-50.0,50,96.956851
,-50.0,50,98.58325
,-50.0,50,100.1949
,-50.0,50,101.813424
,-50.0,50,103.406684
,-50.0,50,105.047153
,-50.0,50,106.669368
,-50.0,50,108.290362
,-50.0,50,109.935633
,-50.0,50,111.527695
,-50.0,50,113.121705
,-50.0,50,114.763093
,-50.0,50,116.403451
,-50.0,50,117.97974
,-50.0,50,119.606739
,-50.0,50,121.199553
,-50.0,50,122.858213
,-50.0,50,124.450468
,-50.0,50,126.106066
,-50.0,50,127.702021
,-50.0,50,129.313522
,0.0,50,130.921441
,-50.0,50,132.583925
,-50.0,50,134.182687
,-50.0,50,135.825853
,-50.0,50,137.434702
,-50.0,50,139.054245
,-50.0,50,140.647585
,-50.0,50,142.275631
,-50.0,50,143.904572
,-50.0,50,145.496883
,-50.0,50,147.092742
,-50.0,50,148.740294
,-50.0,50,150.388234
,-50.0,50,151.970474
,-50.0,50,153.568914
,-50.0,50,155.206982
,-50.0,50,156.829677
,-50.0,50,158.443252
,-50.0,50,160.081379
,-50.0,50,161.729839
,-50.0,50,163.333046
,-50.0,50,164.953266
,-50.0,50,166.588506
,-50.0,50,168.215602
,-50.0,50,169.85679
,-50.0,50,170.124082
,-50.0,50,170.387547
,-50.0,50,170.654432
,-50.0,50,170.910154
,-50.0,50,171.165761
,-50.0,50,171.43971
,-50.0,50,171.715144
,-50.0,50,171.969194
,-50.0,50,172.224291
,-50.0,50,172.56656
,-50.0,50,174.229765
,-50.0,50,175.797026
,-50.0,50,177.464858
,0.0,50,179.074269
,-50.0,50,180.675435
,-50.0,50,182.342153
,-50.0,50,183.935628
,-50.0,50,185.563096
,-50.0,50,187.189661
,-50.0,50,188.81037
,-50.0,50,190.424057
,-50.0,50,192.070043
,-50.0,50,193.705611
,-50.0,50,195.282229
,-50.0,50,196.946629
,-50.0,50,198.553229
,-50.0,50,200.176719
,-50.0,50,201.782779
,0.0,50,203.397674
,-50.0,50,205.025373
,-50.0,50,206.621539
,-50.0,50,208.23674
,-50.0,50,209.870956
,-50.0,50,211.474628
,-50.0,50,213.084981
,-50.0,50,214.717275
,-50.0,50,216.331915
,-50.0,50,217.943757
,-50.0,50,219.540755
,-50.0,50,221.153189
,-50.0,50,222.798239
,-50.0,50,224.40726
,-50.0,50,226.060398
,-50.0,50,227.70042
,-50.0,50,229.296015
,-50.0,50,230.942907
,-50.0,50,232.562357
,-50.0,50,234.180232
,-50.0,50,235.796387
,-50.0,50,237.430889
,-50.0,50,239.065
,-50.0,50,240.671217
,-50.0,50,242.295749
,-50.0,50,243.915709
,-50.0,50,245.522267
,-50.0,50,247.166654
,-50.0,50,248.779877
,-50.0,50,250.393372
,-50.0,50,251.985176
,-50.0,50,253.674165
,-50.0,50,253.947962
,-50.0,50,254.217368
,-50.0,50,254.488174
,0.0,50,254.736976
,-50.0,50,255.03692
,-50.0,50,255.320855
,-50.0,50,255.57488
,-50.0,50,255.818784
,-50.0,50,256.064172
,-50.0,50,256.406638
,-50.0,50,258.062909
,-50.0,50,259.658621
,-50.0,50,261.319948
,-50.0,50,262.940002
,-50.0,50,264.539048
,-23.0,50,266.187404
,-50.0,50,267.831903
,-50.0,50,269.428311
,-50.0,50,271.056555
,-50.0,50,272.686621
,-50.0,50,274.355532
,-50.0,50,275.979548
,-41.0,50,277.602594
,-50.0,50,279.208572
,0.0,50,280.845942
,-50.0,50,282.483817
,-50.0,50,284.07731
,-50.0,50,285.702994
,-50.0,50,287.327168
,-50.0,50,288.963494
,-50.0,50,290.601524
,-50.0,50,292.20572
,-50.0,50,293.8292
,-50.0,50,295.420488
,-50.0,50,297.053072
,-50.0,50,298.660378
,-50.0,50,300.290013
,-50.0,50,301.927673
,-50.0,50,303.54857
,-50.0,50,305.150705
,-50.0,50,306.810314
,-50.0,50,308.41785
,-50.0,50,310.04132
,-48.0,50,311.692411
,-50.0,50,313.300788
,-50.0,50,314.950498
,-50.0,50,316.559607
,-50.0,50,318.189956
,-50.0,50,319.822401
,-50.0,50,321.418712
,-50.0,50,323.090828
,-50.0,50,324.71651
,-50.0,50,326.348944
,-50.0,50,327.995667
,-50.0,50,329.618109
,-50.0,50,331.235639
,-50.0,50,332.882032
,-50.0,50,334.504997
,-50.0,50,336.15613
,-50.0,50,337.828822
,-50.0,50,338.087254
,-50.0,50,338.36087
,-50.0,50,338.617332
,-50.0,50,338.893456
,-50.0,50,339.162737
,-50.0,50,339.420859
,-50.0,50,339.689533
,-50.0,50,339.945977
,-50.0,50,340.199892
,-50.0,50,340.550854
,-50.0,50,342.184627
,-50.0,50,343.826418
,-50.0,50,345.457176
,-50.0,50,347.079506
,-50.0,50,348.680442
,-50.0,50,350.317754
,-50.0,50,351.978392
,-50.0,50,353.596322
,-50.0,50,355.226234
,-50.0,50,356.839229
,-50.0,50,358.491297
,-50.0,50,360.14341
,-50.0,50,361.784931
,-50.0,50,363.448482
,-6.0,50,365.075686
,-50.0,50,366.715719
,-50.0,50,368.334476
,-50.0,50,369.956655
,-50.0,50,371.581403
,-50.0,50,373.214313
,0.0,50,374.846178
,-50.0,50,376.511536
,-50.0,50,378.151852
,-50.0,50,379.754433
,-50.0,50,381.390654
,-50.0,50,383.061913
,-50.0,50,384.670107
,-50.0,50,386.317096
,-50.0,50,387.957102
,-50.0,50,389.595434
,-50.0,50,391.23207
,-50.0,50,392.895793
,-50.0,50,394.509702
,-50.0,50,396.178154
,-50.0,50,397.799635
,-50.0,50,399.405689
,-50.0,50,401.023727
,-50.0,50,402.687051
,-50.0,50,404.327774
,-50.0,50,405.969249
,-50.0,50,407.617336
,-7.0,50,409.242111
,-50.0,50,410.853437
,-50.0,50,412.521383
,-50.0,50,414.174224
,-50.0,50,415.810617
,-50.0,50,417.423433
,-50.0,50,419.083835
,-50.0,50,420.69852
,0.0,50,422.34043
,-50.0,50,422.598513
,-50.0,50,422.868623
,-50.0,50,423.131338
,-50.0,50,423.407873
,-50.0,50,423.673397
,-50.0,50,423.928033
,-50.0,50,424.184966
,-50.0,50,424.444633
,-50.0,50,424.692462
,-50.0,50,425.078153
,-37.0,50,426.690035
,-50.0,50,428.328117
,-50.0,50,429.977008
,-50.0,50,431.633557
,-50.0,50,433.283516
,-50.0,50,434.935395
,-50.0,50,436.57952
,-50.0,50,438.191621
,-41.0,50,439.869967
,-50.0,50,441.496237
,-50.0,50,443.162399
,0.0,50,444.808422
,-50.0,50,446.465057
,-50.0,50,448.094427
,-50.0,50,449.730544
,-50.0,50,451.427838
,0.0,50,453.042771
,-50.0,50,454.693811
,-50.0,50,456.342627
,-50.0,50,458.015005
,-50.0,50,459.652233
,-50.0,50,461.289908
,-50.0,50,462.96653
,-50.0,50,464.601767
,-50.0,50,466.277255
,-50.0,50,467.93688
,-50.0,50,469.564111
,-50.0,50,471.219052
,-50.0,50,472.912527
,-50.0,50,474.515379
,-50.0,50,476.210377
,-50.0,50,477.845946
,-50.0,50,479.468386
,-50.0,50,481.112886
,-50.0,50,482.760267
,-50.0,50,484.37317
,-50.0,50,486.043796
,-50.0,50,487.696998
,-50.0,50,489.323269
,-50.0,50,490.949543
,-49.0,50,492.642404
,-36.0,50,494.274019
,-50.0,50,495.920364
,-50.0,50,497.551531
,-50.0,50,499.226559
,-50.0,50,500.845406
,-50.0,50,502.508691
,-50.0,50,504.159366
,-50.0,50,505.808082
,-50.0,50,507.487839
,-50.0,50,507.756704
,-50.0,50,508.038265
,-50.0,50,508.307246
,-50.0,50,508.593564
,-5.0,50,508.848455
,-50.0,50,509.149997
,-50.0,50,509.408526
,-50.0,50,509.675424
,-50.0,50,509.953869
,-50.0,50,510.252005
,-50.0,50,511.884742
,-50.0,50,513.542836
,-50.0,50,515.182955
,-50.0,50,516.870999
,-50.0,50,518.54934
,-50.0,50,520.187305
,-50.0,50,521.829569
,-50.0,50,523.472487
,-50.0,50,525.156394
,-50.0,50,526.79479
,-50.0,50,528.487857
,-50.0,50,530.130105
,-50.0,50,531.799024
,-50.0,50,533.423884
,-50.0,50,535.094506
,-50.0,50,536.742769
,-50.0,50,538.395309
,-50.0,50,540.065984
,-50.0,50,541.703579
,-50.0,50,543.347011
,-50.0,50,545.042233
,-50.0,50,546.654117
,-50.0,50,548.369074
,-50.0,50,549.981282
,-50.0,50,551.640035
,-50.0,50,553.324997
,-50.0,50,555.013515
,-50.0,50,556.656491
,-50.0,50,558.306056
,-50.0,50,559.941191
,-50.0,50,561.61791
,-50.0,50,563.252734
,-50.0,50,564.936237
,-50.0,50,566.604213
,-50.0,50,568.224537
,-17.0,50,569.913671
,-50.0,50,571.512143
,-50.0,50,573.215149
,0.0,50,574.838206
,-50.0,50,576.492496
,-50.0,50,578.18177
,-50.0,50,579.835479
,-50.0,50,581.512069
,-50.0,50,583.157344
,-50.0,50,584.844375
,-50.0,50,586.504248
,-50.0,50,588.213284
,-50.0,50,589.863559
,-50.0,50,591.513698
,-50.0,50,593.195856
,-50.0,50,593.50415
,-50.0,50,593.770058
,-50.0,50,594.032938
,-50.0,50,594.330216
,-50.0,50,594.62414
,-50.0,50,594.923745
,-50.0,50,595.191807
,-50.0,50,595.447498
,-50.0,50,595.691236
,-50.0,50,595.985221
,-50.0,50,597.636495
,-50.0,50,599.30954
,-50.0,50,600.953111
,0.0,50,602.620972
,-50.0,50,604.274576
,-50.0,50,605.941532
,-50.0,50,607.567952
,-50.0,50,609.230075
,0.0,50,610.934067
,-50.0,50,612.587833
,-50.0,50,614.273436
,-7.0,50,615.924909
,-50.0,50,617.585661
,-50.0,50,619.248131
,0.0,50,620.872545
,-9.0,50,622.565685
,-50.0,50,624.202735
,-50.0,50,625.833707
,-50.0,50,627.500988
,-50.0,50,629.191859
,-50.0,50,630.815652
,-50.0,50,632.487318
,-50.0,50,634.128186
,-50.0,50,635.842625
,-50.0,50,637.509692
,-50.0,50,639.168315
,-50.0,50,640.833146
,-50.0,50,642.514162
,-50.0,50,644.182682
,-50.0,50,645.803637
,-50.0,50,647.496683
,-50.0,50,649.14084
,-50.0,50,650.782857
,-50.0,50,652.436814
,-50.0,50,654.103225
,-50.0,50,655.780363
,-25.0,50,657.441202
,-50.0,50,659.095065
,-50.0,50,660.737674
,-50.0,50,662.431138
,-50.0,50,664.102881
,-50.0,50,665.726811
,-50.0,50,667.419317
,-43.0,50,669.104515
,-50.0,50,670.733299
,-50.0,50,672.384992
,-50.0,50,674.062866
,-50.0,50,675.730006
,-50.0,50,677.382754
,-10.0,50,679.084382
,-50.0,50,679.384146
,-50.0,50,679.640049
,0.0,50,679.914854
,-50.0,50,680.172329
,-50.0,50,680.445875
,0.0,50,680.729081
,-50.0,50,681.001011
,-50.0,50,681.271244
,-50.0,50,681.51027
,-50.0,50,681.818007
,-50.0,50,683.508261
,-50.0,50,685.176639
,-50.0,50,686.841113
,-50.0,50,688.486757
,-40.0,50,690.229123
,-50.0,50,691.84658
,-50.0,50,693.557478
,-50.0,50,695.186444
,-50.0,50,696.832386
,-50.0,50,698.546331
,0.0,50,700.178098
,-50.0,50,701.855444
,-50.0,50,703.535158
,-50.0,50,705.187943
,-50.0,50,706.853416
,-50.0,50,708.574764
,-50.0,50,710.185833
,-50.0,50,711.878623
,-39.0,50,713.5178
,-50.0,50,715.228985
,-50.0,50,716.841315
,-50.0,50,718.530706
,-50.0,50,720.173947
,-50.0,50,721.835528
,-50.0,50,723.51995
,-35.0,50,725.169321
,-50.0,50,726.831852
,0.0,50,728.492363
,-12.0,50,730.199004
,-50.0,50,731.853578
,-50.0,50,733.518405
,-50.0,50,735.164085
,-50.0,50,736.865362
,0.0,50,738.506603
,-50.0,50,740.177765
,-50.0,50,741.825494
,-50.0,50,743.493963
,-50.0,50,745.184352
,-50.0,50,746.840251
,-50.0,50,748.502853
,-50.0,50,750.155021
,-50.0,50,751.847366
,-49.0,50,753.475178
,-50.0,50,755.155976
,-50.0,50,756.831665
,-50.0,50,758.489938
,-50.0,50,760.161796
,-50.0,50,761.76698
,-50.0,50,763.460691
,-50.0,50,765.146502
,-50.0,50,765.407763
,-50.0,50,765.68853
,-50.0,50,765.990724
,-50.0,50,766.280454
,-50.0,50,766.54472
,-50.0,50,766.842619
,-50.0,50,767.101247
,-50.0,50,767.354074
,-50.0,50,767.636176
,-26.0,50,767.891169
,-50.0,50,769.581551
,-50.0,50,771.213313
,-50.0,50,772.908193
,-50.0,50,774.552465
,-50.0,50,776.182975
,-50.0,50,777.913091
,-50.0,50,779.559651
,-50.0,50,781.237424
,0.0,50,782.903517
,-50.0,50,784.543501
,-50.0,50,786.229822
,-50.0,50,787.900061
,-50.0,50,789.550819
,-50.0,50,791.230754
,-50.0,50,792.89271
,-50.0,50,794.523922
,-50.0,50,796.235192
,-50.0,50,797.890165
,-50.0,50,799.579776
,-50.0,50,801.209662
,-50.0,50,802.908438
,-50.0,50,804.544995
,-50.0,50,806.221424
,-50.0,50,807.884899
,-50.0,50,809.556431
,-50.0,50,811.226405
,-50.0,50,812.906325
,-19.0,50,814.591498
,-50.0,50,816.226926
,-50.0,50,817.899536
,-50.0,50,819.568314
,-50.0,50,821.250227
,-50.0,50,822.912835
,-43.0,50,824.548648
,-50.0,50,826.226283
,-50.0,50,827.908034
,-50.0,50,829.55163
,-50.0,50,831.207107
,-50.0,50,832.848103
,-50.0,50,834.525997
,-50.0,50,836.224111
,-37.0,50,837.886023
,-50.0,50,839.56386
,-29.0,50,841.19361
,-50.0,50,842.874308
,-50.0,50,844.50294
,-26.0,50,846.168272
,-50.0,50,847.853557
,-50.0,50,849.522788
,0.0,50,851.16571
,-50.0,50,851.477922
,-50.0,50,851.746674
,-9.0,50,852.056571
,-50.0,50,852.327278
,-50.0,50,852.580973
,-9.0,50,852.872442
,-50.0,50,853.121325
,-50.0,50,853.389241
,-9.0,50,853.655037
,-50.0,50,854.028725
,-50.0,50,855.677129
,-50.0,50,857.348485
,-50.0,50,859.001923
,-50.0,50,860.652378
,-50.0,50,862.300297
,-50.0,50,864.001877
,-50.0,50,865.647398
,-50.0,50,867.325349
,-50.0,50,868.991335
,-50.0,50,870.710519
,-50.0,50,872.362317
,-50.0,50,874.021806
,-47.0,50,875.661366
,-50.0,50,877.349982
,-50.0,50,879.01599
,-50.0,50,880.714548
,-37.0,50,882.367663
,-50.0,50,884.006846
,-50.0,50,885.734875
,-50.0,50,887.373485
,-50.0,50,889.075589
,-50.0,50,890.749987
,-50.0,50,892.392113
,-50.0,50,894.075637
,-42.0,50,895.71039
,-40.0,50,897.40254
,-50.0,50,899.07698
,-50.0,50,900.724259
,-50.0,50,902.389971
,-45.0,50,904.092337
,-8.0,50,905.744142
,-50.0,50,907.477465
,-50.0,50,909.122483
,-34.0,50,910.809446
,-50.0,50,912.474685
,-50.0,50,914.166656
,-50.0,50,915.833964
,-50.0,50,917.478456
,-50.0,50,919.177533
,-34.0,50,920.862143
,-50.0,50,922.524478
,-50.0,50,924.206805
,0.0,50,925.906792
,-50.0,50,927.54154
,-50.0,50,929.211072
,-50.0,50,930.911688
,-50.0,50,932.586102
,-50.0,50,934.315547
,-50.0,50,935.974097
,-14.0,50,937.667302
,-50.0,50,937.987894
,-50.0,50,938.252475
,-50.0,50,938.503546
,-5.0,50,938.792128
,-50.0,50,939.05379
,-50.0,50,939.314062
,-50.0,50,939.607136
,-47.0,50,939.892162
,-50.0,50,940.162389
,-48.0,50,940.48127
,-50.0,50,942.161894
,-50.0,50,943.813896
,-50.0,50,945.454561
,-50.0,50,947.141071
,-50.0,50,948.82767
,-39.0,50,950.504046
,-22.0,50,952.166139
,-50.0,50,953.824784
,-46.0,50,955.504877
,-46.0,50,957.149236
,-50.0,50,958.84352
,-50.0,50,960.515048
,-50.0,50,962.223002
,0.0,50,963.863292
,-50.0,50,965.542654
,-20.0,50,967.27484
,-50.0,50,968.900754
,-32.0,50,970.592116
,-48.0,50,972.263328
,-50.0,50,973.905479
,-47.0,50,975.62113
,-50.0,50,977.277552
,-50.0,50,978.948988
,-46.0,50,980.624841
,-50.0,50,982.28595
,-50.0,50,983.93161
,-50.0,50,985.621373
,-50.0,50,987.313349
,-50.0,50,989.02302
,-50.0,50,990.681841
,-50.0,50,992.403592
,-50.0,50,994.059122
,-50.0,50,995.750652
,-50.0,50,997.387429
,-50.0,50,999.07274
,-50.0,50,1000.713856
,-50.0,50,1002.40472
,-37.0,50,1004.082983
,-50.0,50,1005.790547
,-50.0,50,1007.460712
,-50.0,50,1009.099326
,-24.0,50,1010.818054
,-50.0,50,1012.495038
,-50.0,50,1014.129932
,-50.0,50,1015.797302
,-50.0,50,1017.472495
,-36.0,50,1019.204084
,-50.0,50,1020.882507
,-50.0,50,1022.533506
,-50.0,50,1024.228875
,-14.0,50,1024.525523
,-11.0,50,1024.801145
,-50.0,50,1025.05547
,-50.0,50,1025.339321
,0.0,50,1025.600212
,-50.0,50,1025.858483
,-48.0,50,1026.125425
,-22.0,50,1026.430559
,-7.0,50,1026.742975
,-14.0,50,1027.057967
,-50.0,50,1028.729207
,-50.0,50,1030.37606
,-24.0,50,1032.112026
,-23.0,50,1033.774413
,-19.0,50,1035.43685
,-50.0,50,1037.097437
,-30.0,50,1038.835255
,-50.0,50,1040.479342
,-50.0,50,1042.170178
,-15.0,50,1043.827853
,-50.0,50,1045.520709
,-13.0,50,1047.177983
,-50.0,50,1048.863095
,-50.0,50,1050.581185
,-50.0,50,1052.204273
,-9.0,50,1053.930239
,-50.0,50,1055.583948
,-50.0,50,1057.267161
,-50.0,50,1058.97015
,-50.0,50,1060.668122
,-13.0,50,1062.316666
,-50.0,50,1064.023151
,-50.0,50,1065.691606
,-50.0,50,1067.394648
,-15.0,50,1069.053013
,-50.0,50,1070.697244
,-50.0,50,1072.42136
,-11.0,50,1074.092974
,-50.0,50,1075.764045
,-25.0,50,1077.437655
,-50.0,50,1079.125422
,-42.0,50,1080.814903
,-20.0,50,1082.468825
,-50.0,50,1084.145672
,-50.0,50,1085.842003
,-50.0,50,1087.518206
,-50.0,50,1089.184085
,-13.0,50,1090.882782
,-7.0,50,1092.525692
,0.0,50,1094.174212
,-50.0,50,1095.845844
,-50.0,50,1097.532516
,-50.0,50,1099.208144
,-50.0,50,1100.895308
,-50.0,50,1102.570259
,-26.0,50,1104.263265
,-50.0,50,1105.916968
,-50.0,50,1107.616369
,-50.0,50,1109.323887
,-12.0,50,1111.01117
,0.0,50,1111.26711
,-50.0,50,1111.537832
,-50.0,50,1111.815374
,-14.0,50,1112.08653
,-50.0,50,1112.334204
,-50.0,50,1112.611739
,0.0,50,1112.854209
,-50.0,50,1113.137442
,-50.0,50,1113.430269
,-50.0,50,1113.854854
,-50.0,50,1115.527415
,-37.0,50,1117.214229
,-50.0,50,1118.902042
,-17.0,50,1120.551301
,-18.0,50,1122.241482
,-50.0,50,1123.89176
,-7.0,50,1125.595379
,-46.0,50,1127.298474
,-50.0,50,1128.972703
,-13.0,50,1130.646747
,-50.0,50,1132.314502
,-50.0,50,1133.99154
,-13.0,50,1135.690273
,-50.0,50,1137.345698
,-50.0,50,1139.033404
,-50.0,50,1140.682309
,-50.0,50,1142.383359
,-16.0,50,1144.066883
,-50.0,50,1145.706731
,-22.0,50,1147.388277
,-13.0,50,1149.069199
,-50.0,50,1150.740606
,-50.0,50,1152.419348
,-25.0,50,1154.119986
,-42.0,50,1155.826072
,-9.0,50,1157.490269
,-50.0,50,1159.165561
,-33.0,50,1160.862036
,-50.0,50,1162.515074
,0.0,50,1164.216799
,-42.0,50,1165.898453
,-12.0,50,1167.567942
,-50.0,50,1169.215686
,-50.0,50,1170.969532
,-50.0,50,1172.628567
,-17.0,50,1174.362918
,-49.0,50,1176.032757
,-50.0,50,1177.722828
,-32.0,50,1179.379023
,-24.0,50,1181.062391
,-50.0,50,1182.725061
,-50.0,50,1184.426645
,-50.0,50,1186.072937
,-25.0,50,1187.75677
,-17.0,50,1189.445693
,-50.0,50,1191.113281
,-33.0,50,1192.824775
,-50.0,50,1194.507942
,-50.0,50,1196.158079
,-50.0,50,1197.877702
,-50.0,50,1198.166735
,-50.0,50,1198.429157
,-9.0,50,1198.696115
,-50.0,50,1198.996517
,-50.0,50,1199.255826
,-50.0,50,1199.518463
,-19.0,50,1199.804748
,-50.0,50,1200.082734
,-13.0,50,1200.366355
,-50.0,50,1200.739558
,-50.0,50,1202.410429
,-50.0,50,1204.09417
,-8.0,50,1205.784594
,-44.0,50,1207.471039
,-13.0,50,1209.160935
,-39.0,50,1210.831823
,-19.0,50,1212.517004
,-50.0,50,1214.213453
,-50.0,50,1215.929301
,-50.0,50,1217.592149
,-50.0,50,1219.264863
,-48.0,50,1220.957219
,-50.0,50,1222.64884
,-12.0,50,1224.37818
,-50.0,50,1226.048889
,-50.0,50,1227.7382
,-17.0,50,1229.405647
,-50.0,50,1231.171626
,-50.0,50,1232.80045
,-30.0,50,1234.515547
,-50.0,50,1236.197795
,-50.0,50,1237.883296
,-11.0,50,1239.550635
,-50.0,50,1241.258173
,-50.0,50,1242.92821
,-50.0,50,1244.661887
,-50.0,50,1246.355395
,-50.0,50,1248.022403
,-50.0,50,1249.651668
,-50.0,50,1251.388139
,-11.0,50,1253.048589
,-50.0,50,1254.730356
,-12.0,50,1256.37369
,-50.0,50,1258.104542
,-46.0,50,1259.750938
,-50.0,50,1261.459426
,-21.0,50,1263.156949
,-9.0,50,1264.840296
,-50.0,50,1266.538708
,-50.0,50,1268.239298
,-43.0,50,1269.91228
,-50.0,50,1271.560654
,0.0,50,1273.236586
,-50.0,50,1274.944421
,-48.0,50,1276.608624
,-50.0,50,1278.324227
,-17.0,50,1279.966894
,-50.0,50,1281.646082
,-50.0,50,1283.34149
,-50.0,50,1285.023982
,-11.0,50,1285.306732
,0.0,50,1285.55836
,-50.0,50,1285.840593
,-10.0,50,1286.116422
,-9.0,50,1286.399379
,0.0,50,1286.673141
,-23.0,50,1286.975886
,-50.0,50,1287.225704
,-50.0,50,1287.48847
,-50.0,50,1287.873348
,-50.0,50,1289.560478
,-22.0,50,1291.269698
,-50.0,50,1292.944593
,-14.0,50,1294.63386
,-14.0,50,1296.323024
,-50.0,50,1298.041888
,-48.0,50,1299.713157
,-19.0,50,1301.389654
,-18.0,50,1303.075085
,-50.0,50,1304.781188
,-50.0,50,1306.519708
,-21.0,50,1308.179141
,-50.0,50,1309.857498
,-50.0,50,1311.51697
,-14.0,50,1313.207017
,-20.0,50,1314.912845
,-50.0,50,1316.591876
,-50.0,50,1318.307633
,-50.0,50,1319.992313
,-12.0,50,1321.711548
,-48.0,50,1323.435512
,-50.0,50,1325.090978
,-50.0,50,1326.782011
,0.0,50,1328.475043
,-50.0,50,1330.200254
,-50.0,50,1331.904053
,-50.0,50,1333.556857
,-39.0,50,1335.245948
,-50.0,50,1336.897079
,-50.0,50,1338.64609
,-50.0,50,1340.356725
,-50.0,50,1342.041838
,-50.0,50,1343.687178
,-47.0,50,1345.386034
,-32.0,50,1347.086211
,-27.0,50,1348.78323
,-50.0,50,1350.490845
,-49.0,50,1352.201289
,-50.0,50,1353.897242
,-50.0,50,1355.549015
,-50.0,50,1357.275811
,-8.0,50,1358.974006
,-50.0,50,1360.67607
,-50.0,50,1362.365817
,-50.0,50,1364.019589
,0.0,50,1365.738938
,-9.0,50,1367.400041
,-50.0,50,1369.093546
,-50.0,50,1370.807348
,-50.0,50,1372.47806
,-11.0,50,1372.75936
,-45.0,50,1373.048468
,-5.0,50,1373.322724
,-9.0,50,1373.621792
,-50.0,50,1373.893992
,-50.0,50,1374.21601
,-50.0,50,1374.496463
,-6.0,50,1374.80581
,-13.0,50,1375.092335
,-50.0,50,1375.37692
,-50.0,50,1377.081597
,0.0,50,1378.733896
,-50.0,50,1380.425015
,-20.0,50,1382.093862
,-36.0,50,1383.819086
,-50.0,50,1385.514622
,-9.0,50,1387.155469
,-50.0,50,1388.832584
,-50.0,50,1390.560989
,-50.0,50,1392.27441
,-15.0,50,1393.969623
,-6.0,50,1395.665028
,-50.0,50,1397.354687
,-20.0,50,1399.052466
,-50.0,50,1400.745504
,-50.0,50,1402.458569
,-50.0,50,1404.109343
,-47.0,50,1405.808322
,-42.0,50,1407.473669
,-13.0,50,1409.2001
,-50.0,50,1410.894037
,-18.0,50,1412.571376
,-50.0,50,1414.290279
,-50.0,50,1416.023702
,-21.0,50,1417.684042
,-14.0,50,1419.36803
,-50.0,50,1421.071867
,-48.0,50,1422.780847
,-50.0,50,1424.445459
,-9.0,50,1426.145214
,-24.0,50,1427.854162
,-50.0,50,1429.528078
,-33.0,50,1431.209688
,-50.0,50,1432.927778
,-36.0,50,1434.651647
,-50.0,50,1436.360563
,-12.0,50,1438.042272
,-45.0,50,1439.762684
,-48.0,50,1441.43015
,-50.0,50,1443.140544
,-50.0,50,1444.846167
,-50.0,50,1446.534544
,-50.0,50,1448.225324
,-11.0,50,1449.89262
,-50.0,50,1451.587106
,-50.0,50,1453.31842
,-50.0,50,1454.994104
,-30.0,50,1456.690216
,-47.0,50,1458.375918
,-50.0,50,1460.099629
,-50.0,50,1460.401953
,-50.0,50,1460.697037
,-12.0,50,1460.989238
,-11.0,50,1461.286987
,-9.0,50,1461.585591
,-10.0,50,1461.882966
,-11.0,50,1462.159413
,-10.0,50,1462.459653
,-8.0,50,1462.746048
,-50.0,50,1463.005146
,-34.0,50,1464.731024
,-20.0,50,1466.410458
,-50.0,50,1468.107961
,-50.0,50,1469.80649
,-50.0,50,1471.475536
,-25.0,50,1473.204337
,-50.0,50,1474.893861
,-50.0,50,1476.584756
,-7.0,50,1478.294404
,-22.0,50,1479.980055
,-50.0,50,1481.693354
,-17.0,50,1483.433951
,-43.0,50,1485.154925
,-50.0,50,1486.835975
,-14.0,50,1488.498248
,-43.0,50,1490.223089
,-43.0,50,1491.954975
,-50.0,50,1493.634638
,-50.0,50,1495.316114
,-50.0,50,1497.043167
,-47.0,50,1498.786687
,-50.0,50,1500.495046
,-15.0,50,1502.168148
,-34.0,50,1503.865273
,-48.0,50,1505.590073
,-26.0,50,1507.275406
,-14.0,50,1509.000196
,-15.0,50,1510.675545
,-11.0,50,1512.362059
,-23.0,50,1514.087441
,-14.0,50,1515.783591
,-20.0,50,1517.469414
,-50.0,50,1519.165458
,-12.0,50,1520.896887
,-48.0,50,1522.636174
,-22.0,50,1524.29917
,-25.0,50,1526.012663
,-50.0,50,1527.775509
,-39.0,50,1529.470748
,-18.0,50,1531.108014
,-50.0,50,1532.849305
,0.0,50,1534.495249
,-7.0,50,1536.237903
,-9.0,50,1537.909333
,-50.0,50,1539.680622
,-42.0,50,1541.405209
,-12.0,50,1543.106287
,-18.0,50,1544.801372
,-50.0,50,1546.476383
,-7.0,50,1548.230911
,0.0,50,1548.480042
,-7.0,50,1548.804732
,0.0,50,1549.049378
,-48.0,50,1549.348733
,-50.0,50,1549.619849
,-10.0,50,1549.914736
,-50.0,50,1550.182936
,-50.0,50,1550.473724
,-9.0,50,1550.781349
,-6.0,50,1551.068539
,-32.0,50,1552.772683
,-50.0,50,1554.498574
,-50.0,50,1556.224188
,-50.0,50,1557.875804
,-7.0,50,1559.613882
,-50.0,50,1561.265963
,-8.0,50,1563.001215
,-50.0,50,1564.717825
,-13.0,50,1566.459398
,-14.0,50,1568.169052
,-50.0,50,1569.892209
,-50.0,50,1571.62468
,-50.0,50,1573.34044
,-50.0,50,1575.046008
,-47.0,50,1576.749877
,-50.0,50,1578.440904
,-46.0,50,1580.158102
,-12.0,50,1581.883476
,-50.0,50,1583.580876
,-50.0,50,1585.315182
,-13.0,50,1586.996191
,-23.0,50,1588.731096
,-27.0,50,1590.448975
,-26.0,50,1592.150882
,-25.0,50,1593.851099
,-50.0,50,1595.636523
,-50.0,50,1597.279382
,-50.0,50,1599.061344
,-50.0,50,1600.722909
,-25.0,50,1602.453081
,-13.0,50,1604.214715
,-23.0,50,1605.938354
,-4.0,50,1607.643225
,-21.0,50,1609.326288
,-48.0,50,1611.066521
,-6.0,50,1612.76265
,-50.0,50,1614.443997
,-7.0,50,1616.201029
,-22.0,50,1617.869535
,-50.0,50,1619.593118
,-50.0,50,1621.269935
,-6.0,50,1623.039243
,-18.0,50,1624.748967
,-50.0,50,1626.454432
,-50.0,50,1628.149623
,-31.0,50,1629.873266
,-50.0,50,1631.565627
,-46.0,50,1633.297517
,-50.0,50,1634.963272
,-50.0,50,1636.690769
,-6.0,50,1636.954479
,-7.0,50,1637.239748
,-10.0,50,1637.540143
,-12.0,50,1637.823971
,-11.0,50,1638.09578
,-8.0,50,1638.392495
,-7.0,50,1638.658058
,-50.0,50,1638.907236
,-11.0,50,1639.17017
,-22.0,50,1639.54305
,0.0,50,1641.226903
,-50.0,50,1642.893062
,-50.0,50,1644.653839
,-35.0,50,1646.355285
,-29.0,50,1648.072073
,-50.0,50,1649.775596
,-23.0,50,1651.484091
,-50.0,50,1653.175462
,-19.0,50,1654.876776
,-50.0,50,1656.625631
,-38.0,50,1658.371745
,-50.0,50,1660.070986
,-50.0,50,1661.743974
,-16.0,50,1663.466352
,-23.0,50,1665.206808
,-12.0,50,1666.886243
,-50.0,50,1668.653126
,-41.0,50,1670.337046
,-16.0,50,1672.041016
,-25.0,50,1673.759058
,-50.0,50,1675.466988
,-13.0,50,1677.170184
,-17.0,50,1678.842356
,-42.0,50,1680.5826
,-50.0,50,1682.272147
,0.0,50,1683.965862
,-50.0,50,1685.654424
,-50.0,50,1687.382714
,-16.0,50,1689.107853
,-38.0,50,1690.853338
,-50.0,50,1692.539525
,-47.0,50,1694.259988
,-10.0,50,1695.990639
,-50.0,50,1697.709213
,-50.0,50,1699.397645
,-40.0,50,1701.089139
,-47.0,50,1702.825876
,-20.0,50,1704.492622
,-50.0,50,1706.243587
,-50.0,50,1707.972905
,-50.0,50,1709.7178
,-13.0,50,1711.406301
,-46.0,50,1713.132082
,-43.0,50,1714.858711
,-50.0,50,1716.564983
,-12.0,50,1718.277327
,-23.0,50,1720.01772
,-30.0,50,1721.705464
,-26.0,50,1723.450605
,-50.0,50,1725.152896
,-50.0,50,1725.477321
,-5.0,50,1725.752824
,-50.0,50,1726.01709
,-41.0,50,1726.299587
,-50.0,50,1726.610509
,-25.0,50,1726.876509
,-50.0,50,1727.159414
,-13.0,50,1727.444946
,-9.0,50,1727.701614
,-50.0,50,1728.003299
,-50.0,50,1729.711015
,-50.0,50,1731.414325
,0.0,50,1733.122737
,-38.0,50,1734.869419
,-10.0,50,1736.594324
,-50.0,50,1738.306198
,-50.0,50,1739.974525
,-8.0,50,1741.690817
,-43.0,50,1743.436377
,-33.0,50,1745.151891
,-47.0,50,1746.905149
,-33.0,50,1748.569541
,-50.0,50,1750.346323
,-13.0,50,1752.019816
,-22.0,50,1753.734483
,-21.0,50,1755.469527
,-50.0,50,1757.17353
,-25.0,50,1758.890276
,-50.0,50,1760.547318
,-48.0,50,1762.34471
,-47.0,50,1764.049963
,-19.0,50,1765.741808
,-50.0,50,1767.502031
,-12.0,50,1769.177154
,-22.0,50,1770.933946
,-50.0,50,1772.614263
,-33.0,50,1774.35607
,-50.0,50,1776.067997
,-50.0,50,1777.784085
,-50.0,50,1779.456454
,-36.0,50,1781.191802
,-16.0,50,1782.93701
,-50.0,50,1784.712438
,-15.0,50,1786.402378
,-50.0,50,1788.108552
,-33.0,50,1789.830354
,-26.0,50,1791.555103
,-49.0,50,1793.277816
,0.0,50,1794.965206
,-50.0,50,1796.645805
,-50.0,50,1798.342441
,0.0,50,1800.066664
,-23.0,50,1801.821869
,-11.0,50,1803.493368
,-45.0,50,1805.178685
,-49.0,50,1806.936309
,-35.0,50,1808.66316
,-50.0,50,1810.355656
,-43.0,50,1812.104025
,-10.0,50,1813.826073
,-6.0,50,1814.097634
,-50.0,50,1814.351492
,-50.0,50,1814.640478
,-12.0,50,1814.934416
,-12.0,50,1815.236949
,-8.0,50,1815.524203
,-12.0,50,1815.79811
,-50.0,50,1816.067376
,-50.0,50,1816.341416
,-48.0,50,1816.723427
,-46.0,50,1818.419874
,-50.0,50,1820.151678
,-50.0,50,1821.943097
,-50.0,50,1823.637382
,-27.0,50,1825.312428
,-29.0,50,1827.070063
,-9.0,50,1828.76816
,-9.0,50,1830.532326
,-23.0,50,1832.222587
,-46.0,50,1833.934802
,-17.0,50,1835.659731
,-9.0,50,1837.429207
,-50.0,50,1839.195637
,-36.0,50,1840.910278
,-50.0,50,1842.587564
,-30.0,50,1844.311792
,-50.0,50,1846.080342
,-50.0,50,1847.778413
,-47.0,50,1849.477969
,-50.0,50,1851.214922
,-24.0,50,1852.955214
,-39.0,50,1854.683169
,-47.0,50,1856.424058
,-48.0,50,1858.109883
,-19.0,50,1859.806849
,-20.0,50,1861.562066
,-29.0,50,1863.269633
,-45.0,50,1864.961898
,-25.0,50,1866.693334
,-50.0,50,1868.379486
,-36.0,50,1870.168499
,-17.0,50,1871.854071
,-50.0,50,1873.59193
,-23.0,50,1875.338066
,-50.0,50,1877.001485
,-12.0,50,1878.734684
,-50.0,50,1880.447102
,-16.0,50,1882.186457
,-33.0,50,1883.937319
,-50.0,50,1885.60959
,-50.0,50,1887.373544
,-50.0,50,1889.038013
,-50.0,50,1890.766745
,-7.0,50,1892.518649
,-50.0,50,1894.228647
,-19.0,50,1895.936397
,-32.0,50,1897.649464
,-41.0,50,1899.415246
,-50.0,50,1901.136739
,-9.0,50,1902.825898
,-14.0,50,1903.110864
,-6.0,50,1903.367454
,-9.0,50,1903.65007
,-9.0,50,1903.918217
,-5.0,50,1904.207235
,-12.0,50,1904.498971
,-9.0,50,1904.792389
,-9.0,50,1905.087741
,-50.0,50,1905.33111
,-20.0,50,1905.764288
,-50.0,50,1907.456181
,-37.0,50,1909.156321
,-43.0,50,1910.875445
,-14.0,50,1912.687156
,-13.0,50,1914.390228
,0.0,50,1916.052671
,-50.0,50,1917.864134
,-50.0,50,1919.537946
,-17.0,50,1921.25846
,-35.0,50,1923.034553
,-50.0,50,1924.726598
,-45.0,50,1926.503511
,-16.0,50,1928.207008
,-50.0,50,1929.910424
,-15.0,50,1931.65659
,-18.0,50,1933.394925
,-6.0,50,1935.09882
,-13.0,50,1936.791157
,-50.0,50,1938.592839
,-43.0,50,1940.264112
,-11.0,50,1942.064215
,-9.0,50,1943.763024
,-50.0,50,1945.473181
,-20.0,50,1947.223077
,-33.0,50,1948.933284
,-50.0,50,1950.686628
,-18.0,50,1952.392895
,0.0,50,1954.108848
,-10.0,50,1955.834182
,-8.0,50,1957.519738
,-24.0,50,1959.245605
,-8.0,50,1960.977355
,-38.0,50,1962.672945
,0.0,50,1964.393109
,-50.0,50,1966.10775
,-36.0,50,1967.875664
,-5.0,50,1969.577415
,-50.0,50,1971.269122
,-50.0,50,1972.978822
,-26.0,50,1974.72507
,-46.0,50,1976.447212
,-19.0,50,1978.166289
,-16.0,50,1979.920943
,-39.0,50,1981.66511
,-12.0,50,1983.377221
,-50.0,50,1985.066156
,-25.0,50,1986.851443
,-22.0,50,1988.5598
,-5.0,50,1990.250857
,-7.0,50,1992.024387
,-6.0,50,1992.318812
,-5.0,50,1992.632324
,-8.0,50,1992.907224
,-7.0,50,1993.192948
,-13.0,50,1993.490855
,-50.0,50,1993.772699
,-9.0,50,1994.065545
,-7.0,50,1994.350415
,-50.0,50,1994.584576
,-12.0,50,1994.867885
,-20.0,50,1996.624613
,-35.0,50,1998.303249
,-50.0,50,2000.047145
,-50.0,50,2001.754886
,-18.0,50,2003.510713
,-17.0,50,2005.212158
,-47.0,50,2006.976089
,-45.0,50,2008.661427
,-46.0,50,2010.441525
,-50.0,50,2012.142326
,-12.0,50,2013.840876
,-28.0,50,2015.545764
,-31.0,50,2017.314457
,-39.0,50,2019.039385
,-30.0,50,2020.800294
,-50.0,50,2022.509849
,-21.0,50,2024.226437
,-50.0,50,2025.972713
,-50.0,50,2027.678729
,-19.0,50,2029.41695
,-50.0,50,2031.143565
,-50.0,50,2032.878464
,-22.0,50,2034.626502
,-15.0,50,2036.361923
,-11.0,50,2038.037913
,-50.0,50,2039.815185
,-44.0,50,2041.516054
,-20.0,50,2043.304408
,-42.0,50,2045.028792
,-39.0,50,2046.744621
,-50.0,50,2048.442105
,-7.0,50,2050.15582
,-31.0,50,2051.903951
,-50.0,50,2053.640414
,-28.0,50,2055.342473
,-34.0,50,2057.083815
,-16.0,50,2058.822789
,-42.0,50,2060.543494
,-16.0,50,2062.258361
,-50.0,50,2063.967856
,-48.0,50,2065.720141
,-12.0,50,2067.443434
,-50.0,50,2069.162246
,-25.0,50,2070.912615
,-5.0,50,2072.679479
,-11.0,50,2074.371404
,-50.0,50,2076.124232
,-50.0,50,2077.875718
,-50.0,50,2079.615109
,0.0,50,2081.35004
,-10.0,50,2081.650491
,-6.0,50,2081.949629
,-6.0,50,2082.24021
,-43.0,50,2082.522182
,-32.0,50,2082.826719
,-29.0,50,2083.096994
,0.0,50,2083.367379
,-9.0,50,2083.646862
,-12.0,50,2083.909895
,-31.0,50,2084.348346
,-22.0,50,2086.051323
,-35.0,50,2087.789193
,-39.0,50,2089.547086
,-50.0,50,2091.267995
,-13.0,50,2092.970651
,-43.0,50,2094.749786
,-12.0,50,2096.498011
,-47.0,50,2098.248488
,-13.0,50,2100.00813
,-50.0,50,2101.714952
,0.0,50,2103.506665
,-16.0,50,2105.164568
,0.0,50,2106.971293
,-13.0,50,2108.658313
,-18.0,50,2110.411513
,-11.0,50,2112.132689
,-14.0,50,2113.870743
,-10.0,50,2115.640633
,-44.0,50,2117.346664
,-45.0,50,2119.082646
,-7.0,50,2120.797812
,-50.0,50,2122.527963
,-44.0,50,2124.269795
,-15.0,50,2125.967608
,-50.0,50,2127.722771
,-50.0,50,2129.425104
,-29.0,50,2131.126703
,-15.0,50,2132.881776
,-35.0,50,2134.65444
,-50.0,50,2136.389452
,-32.0,50,2138.150027
,-7.0,50,2139.853807
,-8.0,50,2141.57178
,-27.0,50,2143.305789
,-50.0,50,2145.03713
,-50.0,50,2146.770093
,-14.0,50,2148.524501
,-13.0,50,2150.269856
,-17.0,50,2151.98869
,-46.0,50,2153.767791
,-44.0,50,2155.482443
,-31.0,50,2157.177911
,-50.0,50,2158.97814
,-50.0,50,2160.675134
,-22.0,50,2162.437394
,0.0,50,2164.121818
,-18.0,50,2165.88256
,-14.0,50,2167.632571
,-5.0,50,2169.34499
,-50.0,50,2171.115719
,-5.0,50,2171.392178
,-5.0,50,2171.68276
,-5.0,50,2171.944324
,-7.0,50,2172.212281
,-8.0,50,2172.514652
,-9.0,50,2172.814121
,-18.0,50,2173.106655
,-48.0,50,2173.460946
,-10.0,50,2173.725414
,-22.0,50,2174.037585
,-50.0,50,2175.766955
,-29.0,50,2177.498088
,-41.0,50,2179.245435
,-50.0,50,2180.970943
,-24.0,50,2182.665396
,-15.0,50,2184.430749
,-14.0,50,2186.139921
,-42.0,50,2187.918396
,-13.0,50,2189.650366
,-50.0,50,2191.40274
,-37.0,50,2193.105284
,-28.0,50,2194.897713
,-14.0,50,2196.60114
,-7.0,50,2198.337089
,-33.0,50,2200.094462
,-19.0,50,2201.831038
,-23.0,50,2203.571998
,-21.0,50,2205.371675
,-50.0,50,2207.027276
,-13.0,50,2208.832147
,-27.0,50,2210.522725
,-50.0,50,2212.238868
,-27.0,50,2214.027215
,-14.0,50,2215.730216
,0.0,50,2217.432763
,-12.0,50,2219.180978
,-50.0,50,2220.856197
,-29.0,50,2222.59419
,-34.0,50,2224.340429
,-15.0,50,2226.047086
,-45.0,50,2227.836873
,-5.0,50,2229.556718
,-12.0,50,2231.31692
,-26.0,50,2233.042853
,-20.0,50,2234.764628
,-50.0,50,2236.514497
,-8.0,50,2238.283317
,0.0,50,2239.975353
,-17.0,50,2241.747748
,-47.0,50,2243.488447
,-12.0,50,2245.168235
,-50.0,50,2246.941979
,-25.0,50,2248.704171
,-50.0,50,2250.418001
,-35.0,50,2252.204992
,-28.0,50,2253.907851
,-15.0,50,2255.664811
,-31.0,50,2257.399526
,-50.0,50,2259.138154
,-7.0,50,2260.863825
,-11.0,50,2261.155034
,-10.0,50,2261.424288
,-7.0,50,2261.680672
,-12.0,50,2261.943646
,-8.0,50,2262.213546
,-37.0,50,2262.528909
,-8.0,50,2262.811564
,-7.0,50,2263.080109
,-7.0,50,2263.33715
,-18.0,50,2263.7476
,-50.0,50,2265.451761
,-50.0,50,2267.235645
,-46.0,50,2268.988594
,-35.0,50,2270.756516
,-50.0,50,2272.44921
,-50.0,50,2274.208989
,-16.0,50,2275.932971
,-45.0,50,2277.722473
,-22.0,50,2279.456849
,-41.0,50,2281.173391
,-50.0,50,2282.895882
,0.0,50,2284.646287
,-38.0,50,2286.449475
,-27.0,50,2288.170662
,-42.0,50,2289.965054
,-18.0,50,2291.654693
,-30.0,50,2293.399045
,-33.0,50,2295.19428
,-36.0,50,2296.887481
,-22.0,50,2298.611243
,-50.0,50,2300.390339
,-35.0,50,2302.099317
,-47.0,50,2303.875552
,-42.0,50,2305.642795
,-34.0,50,2307.339002
,-16.0,50,2309.106771
,-43.0,50,2310.812852
,-16.0,50,2312.54944
,-44.0,50,2314.312391
,-33.0,50,2316.034618
,-9.0,50,2317.793345
,-19.0,50,2319.531823
,-50.0,50,2321.274553
,-20.0,50,2323.022624
,-22.0,50,2324.770868
,-46.0,50,2326.51897
,-50.0,50,2328.268859
,-50.0,50,2330.055961
,-12.0,50,2331.740963
,-8.0,50,2333.472675
,-4.0,50,2335.201042
,-19.0,50,2336.961281
,-11.0,50,2338.690435
,-49.0,50,2340.454359
,-50.0,50,2342.187074
,-24.0,50,2343.914485
,-13.0,50,2345.693295
,-50.0,50,2347.392826
,-6.0,50,2349.137189
,-40.0,50,2350.925543
,-6.0,50,2351.198124
,-15.0,50,2351.527013
,-5.0,50,2351.804716
,-6.0,50,2352.067437
,-4.0,50,2352.349231
,-10.0,50,2352.637581
,-11.0,50,2352.92691
,-11.0,50,2353.197441
,-7.0,50,2353.476336
,-50.0,50,2353.810744
,0.0,50,2355.503906
,-32.0,50,2357.334265
,-12.0,50,2359.048352
,-32.0,50,2360.757451
,-36.0,50,2362.537258
,-8.0,50,2364.236027
,-50.0,50,2366.044192
,-10.0,50,2367.790167
,0.0,50,2369.483762
,-12.0,50,2371.256482
,-50.0,50,2373.004893
,-30.0,50,2374.758118
,-7.0,50,2376.539832
,-50.0,50,2378.251274
,-24.0,50,2379.977594
,-50.0,50,2381.75627
,-50.0,50,2383.513344
,-26.0,50,2385.239964
,-16.0,50,2386.96795
,-14.0,50,2388.726069
,-50.0,50,2390.504826
,-12.0,50,2392.249525
,-50.0,50,2393.954173
,-16.0,50,2395.713873
,-26.0,50,2397.4707
,0.0,50,2399.153819
,-6.0,50,2400.944084
,-44.0,50,2402.681554
,-13.0,50,2404.420252
,-21.0,50,2406.143732
,-19.0,50,2407.904537
,-13.0,50,2409.661972
,-12.0,50,2411.414953
,-42.0,50,2413.188206
,-28.0,50,2414.929944
,-20.0,50,2416.628795
,-17.0,50,2418.382345
,-10.0,50,2420.129946
,-46.0,50,2421.887108
,-13.0,50,2423.654855
,-43.0,50,2425.369179
,-50.0,50,2427.134869
,-46.0,50,2428.884495
,-35.0,50,2430.665018
,-50.0,50,2432.411845
,-44.0,50,2434.173705
,-21.0,50,2435.864862
,-14.0,50,2437.622184
,-8.0,50,2439.372718
,-16.0,50,2441.202841
,-5.0,50,2441.450526
,-3.0,50,2441.725904
,-12.0,50,2442.016812
,-9.0,50,2442.308604
,-12.0,50,2442.592873
,0.0,50,2442.846378
,-4.0,50,2443.126972
,-8.0,50,2443.423568
,-6.0,50,2443.67472
,-42.0,50,2444.032024
,-20.0,50,2445.715904
,-35.0,50,2447.482332
,-50.0,50,2449.234787
,0.0,50,2451.018335
,-14.0,50,2452.737813
,-19.0,50,2454.504435
,-37.0,50,2456.24647
,-26.0,50,2458.001953
,-15.0,50,2459.763721
,-15.0,50,2461.498053
,-36.0,50,2463.244653
,-26.0,50,2465.059278
,-12.0,50,2466.751632
,-38.0,50,2468.520204
,-50.0,50,2470.269251
,-44.0,50,2472.008379
,-33.0,50,2473.763245
,-17.0,50,2475.462594
,-12.0,50,2477.243581
,-50.0,50,2479.007405
,-15.0,50,2480.73325
,0.0,50,2482.479884
,-27.0,50,2484.244189
,-23.0,50,2485.988981
,-50.0,50,2487.724725
,-50.0,50,2489.513824
,-22.0,50,2491.233699
,-49.0,50,2493.033718
,-10.0,50,2494.772879
,-21.0,50,2496.535795
,-18.0,50,2498.272583
,-21.0,50,2499.986595
,-46.0,50,2501.777604
,-11.0,50,2503.53933
,-50.0,50,2505.268777
,-10.0,50,2506.957282
,-17.0,50,2508.752403
,-9.0,50,2510.549136
,-10.0,50,2512.30359
,-50.0,50,2514.018968
,-47.0,50,2515.800645
,-50.0,50,2517.538033
,-9.0,50,2519.310229
,-50.0,50,2521.03781
,-41.0,50,2522.831379
,-50.0,50,2524.551595
,-50.0,50,2526.300812
,-28.0,50,2528.079763
,-15.0,50,2529.830749
,-7.0,50,2531.602154
,-6.0,50,2531.903041
,-10.0,50,2532.205082
,-6.0,50,2532.462759
,-11.0,50,2532.722971
,-5.0,50,2533.017876
,-9.0,50,2533.297546
,-50.0,50,2533.579484
,-44.0,50,2533.880784
,-9.0,50,2534.168089
,-50.0,50,2534.518906
,-5.0,50,2536.230696
,-41.0,50,2538.011124
,-50.0,50,2539.798002
,-27.0,50,2541.482524
,-50.0,50,2543.269959
,-50.0,50,2544.996192
,-34.0,50,2546.728934
,0.0,50,2548.491371
,-50.0,50,2550.27056
,-9.0,50,2551.984287
,-9.0,50,2553.762411
,-20.0,50,2555.5298
,-38.0,50,2557.258986
,-11.0,50,2558.990278
,-11.0,50,2560.719499
,-50.0,50,2562.467019
,-50.0,50,2564.214094
,-13.0,50,2565.974134
,-14.0,50,2567.719252
,-38.0,50,2569.442167
,-14.0,50,2571.180248
,-33.0,50,2572.951544
,-37.0,50,2574.767101
,-31.0,50,2576.50387
,-10.0,50,2578.267738
,-39.0,50,2580.000381
,-50.0,50,2581.699594
,-50.0,50,2583.497516
,-50.0,50,2585.198967
,-40.0,50,2586.968107
,-11.0,50,2588.700145
,-41.0,50,2590.465275
,-39.0,50,2592.207143
,-19.0,50,2594.028776
,-10.0,50,2595.755258
,-19.0,50,2597.502565
,-50.0,50,2599.267382
,-20.0,50,2601.022734
,-13.0,50,2602.822294
,-45.0,50,2604.5294
,-14.0,50,2606.30831
,-19.0,50,2608.085687
,-50.0,50,2609.851561
,-50.0,50,2611.599814
,-12.0,50,2613.365628
,-50.0,50,2615.084388
,-50.0,50,2616.842943
,-27.0,50,2618.611881
,-50.0,50,2620.348211
,-8.0,50,2622.116356
,-12.0,50,2622.374073
,-10.0,50,2622.649409
,-10.0,50,2622.948482
,-9.0,50,2623.227978
,-8.0,50,2623.515965
,-5.0,50,2623.802965
,-11.0,50,2624.091358
,-6.0,50,2624.367001
,-3.0,50,2624.643908
,-50.0,50,2625.017646
,-18.0,50,2626.7465
,-33.0,50,2628.553558
,-12.0,50,2630.26414
,-16.0,50,2632.038075
,-7.0,50,2633.785656
,-43.0,50,2635.604858
,-23.0,50,2637.358231
,-5.0,50,2639.132619
,-43.0,50,2640.876853
,-10.0,50,2642.586127
,-18.0,50,2644.36204
,-50.0,50,2646.129966
,-21.0,50,2647.885118
,0.0,50,2649.626254
,-43.0,50,2651.46041
,-42.0,50,2653.15637
,-15.0,50,2654.892568
,-12.0,50,2656.687759
,-41.0,50,2658.45386
,-50.0,50,2660.199778
,-48.0,50,2661.962641
,-7.0,50,2663.719625
,-49.0,50,2665.514692
,-28.0,50,2667.197684
,-43.0,50,2669.010913
,-32.0,50,2670.743058
,-50.0,50,2672.503843
,-46.0,50,2674.277537
,-33.0,50,2676.083675
,-25.0,50,2677.798597
,-50.0,50,2679.60488
,-3.0,50,2681.320307
,-50.0,50,2683.103044
,-31.0,50,2684.872926
,-33.0,50,2686.603536
,-50.0,50,2688.409206
,-50.0,50,2690.157815
,-20.0,50,2691.929507
,-6.0,50,2693.643909
,-50.0,50,2695.419041
,-32.0,50,2697.175836
,-42.0,50,2698.951712
,-26.0,50,2700.675608
,0.0,50,2702.463634
,-21.0,50,2704.247841
,-45.0,50,2705.962341
,-21.0,50,2707.769574
,-39.0,50,2709.557287
,-31.0,50,2711.295492
,-14.0,50,2713.077008
,-7.0,50,2713.383973
,-11.0,50,2713.665566
,-7.0,50,2713.951625
,-8.0,50,2714.247592
,-5.0,50,2714.548349
,-12.0,50,2714.869601
,-8.0,50,2715.155521
,-10.0,50,2715.462828
,-9.0,50,2715.75782
,-17.0,50,2716.02428
,-40.0,50,2717.757191
,-13.0,50,2719.510559
,-30.0,50,2721.252148
,-50.0,50,2723.021667
,-12.0,50,2724.817545
,-50.0,50,2726.576132
,-50.0,50,2728.330947
,-5.0,50,2730.139324
,-50.0,50,2731.906644
,-50.0,50,2733.655903
,-50.0,50,2735.394819
,-18.0,50,2737.142678
,-50.0,50,2738.952131
,-21.0,50,2740.716289
,-7.0,50,2742.419716
,-31.0,50,2744.223788
,-42.0,50,2745.994443
,0.0,50,2747.721214
,-10.0,50,2749.53487
,-25.0,50,2751.317359
,-39.0,50,2753.021691
,-50.0,50,2754.793486
,-38.0,50,2756.57066
,-35.0,50,2758.339608
,-19.0,50,2760.13097
,-15.0,50,2761.887228
,-50.0,50,2763.648579
,-49.0,50,2765.438334
,-7.0,50,2767.172212
,-11.0,50,2768.934975
,-23.0,50,2770.722086
,-40.0,50,2772.467849
,-24.0,50,2774.231986
,-32.0,50,2775.994072
,-21.0,50,2777.79509
,-21.0,50,2779.553929
,-50.0,50,2781.348507
,-15.0,50,2783.106634
,-14.0,50,2784.889519
,-40.0,50,2786.638864
,-50.0,50,2788.382243
,-50.0,50,2790.140365
,-29.0,50,2791.935068
,-8.0,50,2793.745766
,-50.0,50,2795.487932
,-32.0,50,2797.232634
,-50.0,50,2798.991719
,-13.0,50,2800.761239
,-36.0,50,2802.526602
,-10.0,50,2804.371812
,0.0,50,2804.63359
,-46.0,50,2804.934141
,-13.0,50,2805.239178
,-8.0,50,2805.518993
,0.0,50,2805.823068
,-8.0,50,2806.072972
,-11.0,50,2806.353855
,-13.0,50,2806.616881
,-11.0,50,2806.867303
,-50.0,50,2807.25929
,-17.0,50,2808.977983
,-50.0,50,2810.739682
,-10.0,50,2812.469709
,-29.0,50,2814.239873
,-25.0,50,2816.014208
,-50.0,50,2817.787026
,-50.0,50,2819.555044
,-50.0,50,2821.357141
,-35.0,50,2823.057937
,-32.0,50,2824.784272
,-49.0,50,2826.558531
,-14.0,50,2828.303245
,-40.0,50,2830.092516
,-20.0,50,2831.88384
,-50.0,50,2833.631922
,-42.0,50,2835.435841
,-28.0,50,2837.139545
,-12.0,50,2838.889383
,-50.0,50,2840.675219
,-50.0,50,2842.430085
,-22.0,50,2844.193241
,-17.0,50,2845.9169
,-40.0,50,2847.69137
,0.0,50,2849.47699
,-14.0,50,2851.196537
,-44.0,50,2852.99683
,-36.0,50,2854.740266
,-50.0,50,2856.549346
,-39.0,50,2858.276837
,-29.0,50,2859.962666
,-20.0,50,2861.746835
,-14.0,50,2863.499997
,-50.0,50,2865.301959
,-26.0,50,2867.043547
,-42.0,50,2868.816248
,-50.0,50,2870.606613
,-25.0,50,2872.395795
,-24.0,50,2874.10895
,-15.0,50,2875.847257
,-45.0,50,2877.615022
,-50.0,50,2879.38935
,0.0,50,2881.112952
,-46.0,50,2882.910251
,-11.0,50,2884.663191
,-22.0,50,2886.4916
,-50.0,50,2888.227905
,-41.0,50,2890.023002
,-50.0,50,2891.791903
,-47.0,50,2893.55155
,-11.0,50,2895.280202
,-4.0,50,2895.550683
,-50.0,50,2895.816558
,-43.0,50,2896.118373
,-11.0,50,2896.395803
,-9.0,50,2896.701807
,-9.0,50,2896.986949
,-7.0,50,2897.296772
,-12.0,50,2897.583281
,-12.0,50,2897.890551
,-44.0,50,2898.268906
,-27.0,50,2900.05468
,-10.0,50,2901.778667
,-24.0,50,2903.590131
,-42.0,50,2905.31537
,-45.0,50,2907.16957
,-50.0,50,2908.924158
,-33.0,50,2910.641559
,-17.0,50,2912.399475
,-13.0,50,2914.184197
,-8.0,50,2915.985599
,-42.0,50,2917.730482
,-50.0,50,2919.540633
,-20.0,50,2921.259222
,-46.0,50,2923.033711
,-44.0,50,2924.80835
,-6.0,50,2926.571813
,-50.0,50,2928.339451
,-21.0,50,2930.118114
,-26.0,50,2931.887334
,-10.0,50,2933.642977
,-31.0,50,2935.460636
,0.0,50,2937.198503
,-6.0,50,2938.934601
,0.0,50,2940.698018
,-46.0,50,2942.503387
,-8.0,50,2944.247789
,-30.0,50,2946.016802
,-22.0,50,2947.846387
,-28.0,50,2949.546346
,-36.0,50,2951.344875
,-50.0,50,2953.115599
,-50.0,50,2954.858214
,-47.0,50,2956.589105
,-12.0,50,2958.349927
,0.0,50,2960.103611
,-44.0,50,2961.966324
,-6.0,50,2963.771235
,-47.0,50,2965.495324
,-48.0,50,2967.228864
,-8.0,50,2969.035448
,-50.0,50,2970.804302
,-42.0,50,2972.597154
,-13.0,50,2974.353657
,-45.0,50,2976.130173
,-26.0,50,2977.923119
,-23.0,50,2979.639183
,-13.0,50,2981.463795
,-21.0,50,2983.225434
,-34.0,50,2984.981038
,-12.0,50,2986.793803
,-5.0,50,2987.101677
,-4.0,50,2987.368675
,-11.0,50,2987.635559
,-9.0,50,2987.967653
,-17.0,50,2988.261796
,-9.0,50,2988.539806
,-7.0,50,2988.827906
,-50.0,50,2989.119074
,-12.0,50,2989.392848
,-21.0,50,2989.740365
,-15.0,50,2991.456485
,-12.0,50,2993.249795
,-20.0,50,2994.980321
,-50.0,50,2996.760511
,-50.0,50,2998.545245
,-28.0,50,3000.347294
,-50.0,50,3002.171587
,-26.0,50,3003.897087
,-50.0,50,3005.690639
,-13.0,50,3007.483396
,-50.0,50,3009.231738
,-50.0,50,3011.001152
,-14.0,50,3012.762245
,-44.0,50,3014.526504
,-50.0,50,3016.271301
,-10.0,50,3018.094367
,-24.0,50,3019.85799
,-6.0,50,3021.586593
,-32.0,50,3023.353597
,-50.0,50,3025.175556
,-11.0,50,3026.893811
,-45.0,50,3028.713932
,-50.0,50,3030.495809
,-50.0,50,3032.29749
,-10.0,50,3033.998458
,-50.0,50,3035.811078
,-16.0,50,3037.576981
,-11.0,50,3039.359103
,-27.0,50,3041.184831
,-50.0,50,3042.879827
,-50.0,50,3044.707694
,-17.0,50,3046.499136
,-42.0,50,3048.316671
,-19.0,50,3050.06018
,-50.0,50,3051.881559
,-50.0,50,3053.656084
,-8.0,50,3055.420427
,-50.0,50,3057.178443
,-50.0,50,3058.951069
,-50.0,50,3060.697988
,-15.0,50,3062.489948
,-8.0,50,3064.248742
,-29.0,50,3066.027196
,-11.0,50,3067.784865
,-8.0,50,3069.572013
,-24.0,50,3071.409514
,-22.0,50,3073.172064
,-20.0,50,3074.929151
,-50.0,50,3076.719535
,-9.0,50,3078.510278
,-8.0,50,3078.764943
,-50.0,50,3079.053945
,-15.0,50,3079.397895
,0.0,50,3079.635529
,-13.0,50,3079.937084
,-13.0,50,3080.226575
,0.0,50,3080.52841
,-5.0,50,3080.806966
,-9.0,50,3081.098751
,-26.0,50,3081.411979
,-13.0,50,3083.179599
,-29.0,50,3084.928505
,-27.0,50,3086.78369
,-50.0,50,3088.494842
,-10.0,50,3090.28735
,-31.0,50,3092.039912
,-12.0,50,3093.805706
,-50.0,50,3095.63301
,-40.0,50,3097.356183
,-14.0,50,3099.119776
,-7.0,50,3100.919333
,-39.0,50,3102.637299
,-50.0,50,3104.436564
,-11.0,50,3106.260387
,-48.0,50,3107.98307
,-28.0,50,3109.800833
,-50.0,50,3111.516958
,-6.0,50,3113.282524
,-48.0,50,3115.087555
,-5.0,50,3116.89404
,-45.0,50,3118.64615
,0.0,50,3120.414261
,-15.0,50,3122.212594
,-50.0,50,3123.966381
,-44.0,50,3125.754244
,-9.0,50,3127.530273
,-32.0,50,3129.298383
,-50.0,50,3131.086104
,-50.0,50,3132.886889
,-44.0,50,3134.587047
,-17.0,50,3136.404934
,-50.0,50,3138.204009
,-18.0,50,3139.982297
,-50.0,50,3141.774486
,-18.0,50,3143.517418
,-50.0,50,3145.336118
,0.0,50,3147.116612
,-47.0,50,3148.873695
,-43.0,50,3150.653883
,-50.0,50,3152.416542
,-50.0,50,3154.238143
,-50.0,50,3156.026513
,-12.0,50,3157.76924
,-48.0,50,3159.563179
,-12.0,50,3161.30329
,-20.0,50,3163.182398
,-50.0,50,3164.946911
,-40.0,50,3166.751782
,-41.0,50,3168.515719
,-50.0,50,3170.33724
,-6.0,50,3170.647904
,-9.0,50,3170.930185
,-50.0,50,3171.20205
,0.0,50,3171.507508
,-7.0,50,3171.799299
,-6.0,50,3172.066031
,-11.0,50,3172.36171
,-8.0,50,3172.639511
,-12.0,50,3172.916023
,-46.0,50,3173.264608
,-50.0,50,3175.055047
,-8.0,50,3176.837689
,-35.0,50,3178.635768
,-28.0,50,3180.353364
,-50.0,50,3182.192902
,-10.0,50,3183.957011
,-38.0,50,3185.704103
,-50.0,50,3187.471913
,-45.0,50,3189.256438
,-17.0,50,3191.039862
,-11.0,50,3192.832841
,-11.0,50,3194.626024
,-27.0,50,3196.463575
,-21.0,50,3198.186295
,-9.0,50,3199.98209
,-7.0,50,3201.767977
,-49.0,50,3203.554099
,-12.0,50,3205.397324
,-36.0,50,3207.12646
,-46.0,50,3208.891278
,-8.0,50,3210.671272
,-9.0,50,3212.466345
,-19.0,50,3214.272145
,-50.0,50,3216.090183
,-50.0,50,3217.862022
,-50.0,50,3219.607146
,-19.0,50,3221.412432
,-15.0,50,3223.209877
,-20.0,50,3224.958513
,-26.0,50,3226.729314
,-50.0,50,3228.484006
,-7.0,50,3230.309035
,-21.0,50,3232.046693
,-12.0,50,3233.807694
,-50.0,50,3235.63317
,-50.0,50,3237.43854
,-10.0,50,3239.214872
,-25.0,50,3241.004189
,-25.0,50,3242.805609
,-14.0,50,3244.618901
,-50.0,50,3246.343107
,-21.0,50,3248.177454
,0.0,50,3249.964914
,-29.0,50,3251.714742
,-33.0,50,3253.474346
,-13.0,50,3255.282527
,-6.0,50,3257.108345
,-45.0,50,3258.863335
,-13.0,50,3260.622507
,-11.0,50,3262.472548
,-9.0,50,3262.747073
,-11.0,50,3263.070813
,-13.0,50,3263.355693
,-5.0,50,3263.631027
,-10.0,50,3263.931184
,-9.0,50,3264.206008
,-50.0,50,3264.452747
,-8.0,50,3264.729254
,-6.0,50,3265.015028
,-41.0,50,3265.383008
,-20.0,50,3267.214741
,-15.0,50,3268.972178
,-6.0,50,3270.812857
,-13.0,50,3272.566577
,-22.0,50,3274.326788
,-46.0,50,3276.103549
,-21.0,50,3277.912635
,-7.0,50,3279.741679
,-50.0,50,3281.474588
,0.0,50,3283.253931
,-50.0,50,3285.068886
,-10.0,50,3286.828778
,-48.0,50,3288.612074
,-50.0,50,3290.441931
,-50.0,50,3292.15438
,-24.0,50,3293.98675
,-10.0,50,3295.752566
,-15.0,50,3297.643492
,-47.0,50,3299.426649
,-49.0,50,3301.165025
,-21.0,50,3302.966655
,-21.0,50,3304.770212
,-30.0,50,3306.530122
,-50.0,50,3308.296525
,-16.0,50,3310.095326
,-33.0,50,3311.872343
,-37.0,50,3313.654735
,-50.0,50,3315.468285
,-5.0,50,3317.227188
,-16.0,50,3319.053869
,-50.0,50,3320.878047
,-6.0,50,3322.681047
,-13.0,50,3324.400604
,-36.0,50,3326.254511
,-15.0,50,3327.979933
,-23.0,50,3329.826747
,-26.0,50,3331.678055
,-22.0,50,3333.451064
,-29.0,50,3335.233173
,-12.0,50,3337.04432
,-43.0,50,3338.862357
,-45.0,50,3340.620296
,-46.0,50,3342.415224
,-19.0,50,3344.21786
,-29.0,50,3346.019376
,-42.0,50,3347.808005
,-47.0,50,3349.598115
,-41.0,50,3351.376737
,-50.0,50,3353.16821
,-8.0,50,3354.999121
,-7.0,50,3355.295069
,-6.0,50,3355.584788
,-50.0,50,3355.902756
,-50.0,50,3356.163655
,-7.0,50,3356.463516
,-11.0,50,3356.739422
,-11.0,50,3357.033951
,-8.0,50,3357.322136
,-11.0,50,3357.599599
,-25.0,50,3357.896576
,-26.0,50,3359.65918
,-50.0,50,3361.406198
,-29.0,50,3363.205618
,-5.0,50,3365.016498
,-17.0,50,3366.838293
,-50.0,50,3368.627077
,-50.0,50,3370.378452
,-8.0,50,3372.198603
,-47.0,50,3373.994146
,-48.0,50,3375.811507
,-37.0,50,3377.592881
,-50.0,50,3379.377898
,-48.0,50,3381.177274
,-50.0,50,3382.951262
,-50.0,50,3384.76761
,-13.0,50,3386.617424
,-9.0,50,3388.358824
,-48.0,50,3390.228653
,-50.0,50,3392.00183
,-50.0,50,3393.795666
,-10.0,50,3395.619467
,-45.0,50,3397.382468
,-40.0,50,3399.189171
,-50.0,50,3400.978719
,-21.0,50,3402.772876
,-50.0,50,3404.682907
,-47.0,50,3406.430486
,-46.0,50,3408.307136
,-3.0,50,3410.03809
,-18.0,50,3411.803738
,-32.0,50,3413.703812
,-50.0,50,3415.453473
,-5.0,50,3417.225674
,-50.0,50,3419.021024
,0.0,50,3420.791021
,-33.0,50,3422.668624
,-48.0,50,3424.420343
,-23.0,50,3426.242434
,-22.0,50,3428.005178
,-4.0,50,3429.77761
,-50.0,50,3431.613061
,-50.0,50,3433.397673
,-50.0,50,3435.223809
,-11.0,50,3436.97072
,-50.0,50,3438.765348
,-13.0,50,3440.609849
,-11.0,50,3442.368731
,-50.0,50,3444.193254
,-8.0,50,3446.001114
,-50.0,50,3447.856387
,-8.0,50,3448.164899
,-3.0,50,3448.447995
,-10.0,50,3448.731737
,-6.0,50,3449.006731
,-9.0,50,3449.283741
,-11.0,50,3449.535989
,-9.0,50,3449.813694
,-10.0,50,3450.115803
,-8.0,50,3450.382975
,-48.0,50,3450.779289
,-29.0,50,3452.562709
,-39.0,50,3454.361682
,-11.0,50,3456.137371
,-21.0,50,3457.877307
,-16.0,50,3459.781815
,-44.0,50,3461.546133
,-20.0,50,3463.307541
,-50.0,50,3465.125447
,-43.0,50,3466.93857
,-46.0,50,3468.748226
,-24.0,50,3470.553818
,-37.0,50,3472.291276
,-22.0,50,3474.112693
,-33.0,50,3475.888653
,-41.0,50,3477.740889
,-28.0,50,3479.594912
,-50.0,50,3481.345609
,-16.0,50,3483.103459
,-23.0,50,3485.007987
,-37.0,50,3486.757325
,-50.0,50,3488.588642
,-19.0,50,3490.380985
,-38.0,50,3492.224048
,-20.0,50,3494.007066
,-20.0,50,3495.829792
,-33.0,50,3497.657589
,-12.0,50,3499.426215
,-50.0,50,3501.209943
,-50.0,50,3503.033152
,-16.0,50,3504.782065
,-5.0,50,3506.623032
,-50.0,50,3508.401609
,-23.0,50,3510.200706
,-12.0,50,3511.987544
,-15.0,50,3513.73979
,-50.0,50,3515.533198
,-15.0,50,3517.365391
,-15.0,50,3519.078991
,-50.0,50,3520.960473
,-15.0,50,3522.71681
,-16.0,50,3524.532254
,0.0,50,3526.30303
,-34.0,50,3528.093642
,-50.0,50,3529.933838
,-50.0,50,3531.749189
,-31.0,50,3533.554238
,-29.0,50,3535.308032
,-15.0,50,3537.152554
,-35.0,50,3538.964427
,-8.0,50,3540.796404
,-7.0,50,3541.074198
,-8.0,50,3541.335884
,-13.0,50,3541.60467
,-8.0,50,3541.900519
,-9.0,50,3542.166618
,-11.0,50,3542.425157
,-10.0,50,3542.694932
,-7.0,50,3542.957671
,-50.0,50,3543.233618
