#{"t_start": 1583062345.9658701, "env_id": "FetchPush-v1"}
s,r,l,t
,-50.0,50,5.700688
,-50.0,50,7.528639
,-50.0,50,9.19247
,-50.0,50,10.839674
,0.0,50,12.457591
,0.0,50,14.072571
,-50.0,50,15.678806
,-50.0,50,17.278184
,0.0,50,18.912095
,-50.0,50,20.519145
,-50.0,50,22.099746
,-50.0,50,23.751461
,-50.0,50,25.376656
,-50.0,50,27.012281
,-50.0,50,28.632375
,-50.0,50,30.247611
,-50.0,50,31.864588
,-50.0,50,33.45222
,-50.0,50,35.097299
,-50.0,50,36.720628
,-50.0,50,38.360162
,-50.0,50,39.966326
,-50.0,50,41.587226
,-50.0,50,43.190284
,-50.0,50,44.81702
,-50.0,50,46.435089
,-50.0,50,48.04809
,-50.0,50,49.679819
,-50.0,50,51.292806
,0.0,50,52.932502
,-50.0,50,54.540889
,-50.0,50,56.126274
,-50.0,50,57.767649
,-50.0,50,59.391588
,-50.0,50,61.03906
,-50.0,50,62.636972
,-50.0,50,64.284777
,-50.0,50,65.919264
,-50.0,50,67.553696
,-50.0,50,69.171895
,-50.0,50,70.758232
,-50.0,50,72.39157
,-50.0,50,73.992074
,-50.0,50,75.641358
,-50.0,50,77.261055
,-50.0,50,78.888129
,-50.0,50,80.555643
,-50.0,50,82.117548
,-50.0,50,83.775897
,-50.0,50,85.382318
,-50.0,50,87.041909
,-50.0,50,87.313499
,-50.0,50,87.577366
,-50.0,50,87.831969
,-50.0,50,88.14245
,-50.0,50,88.450006
,-50.0,50,88.734172
,-50.0,50,89.041012
,-50.0,50,89.313784
,-50.0,50,89.585654
,-50.0,50,89.999837
,-50.0,50,91.610263
,-50.0,50,93.27127
,-50.0,50,94.903703
,-50.0,50,96.502945
,-50.0,50,98.137403
,-50.0,50,99.769619
,-50.0,50,101.386917
,-50.0,50,103.034412
,-50.0,50,104.673913
,-50.0,50,106.264621
,-50.0,50,107.902071
,-50.0,50,109.483452
,-50.0,50,111.129812
,-50.0,50,112.763307
,-50.0,50,114.394973
,-50.0,50,116.004031
,-50.0,50,117.671211
,-50.0,50,119.271336
,-50.0,50,120.900173
,-50.0,50,122.509893
,-50.0,50,124.156219
,-50.0,50,125.799425
,-50.0,50,127.440915
,-50.0,50,129.044333
,-50.0,50,130.696275
,-50.0,50,132.327565
,-50.0,50,133.906288
,-50.0,50,135.596896
,-50.0,50,137.160581
,-50.0,50,138.816418
,-50.0,50,140.477755
,-50.0,50,142.080137
,-50.0,50,143.725541
,-50.0,50,145.389014
,-50.0,50,147.01044
,-50.0,50,148.600509
,-50.0,50,150.243581
,-50.0,50,151.905741
,-50.0,50,153.546468
,-50.0,50,155.175247
,-50.0,50,156.804711
,-50.0,50,158.447492
,-50.0,50,160.051038
,-50.0,50,161.658533
,-50.0,50,163.288359
,-50.0,50,164.919064
,0.0,50,166.582016
,-50.0,50,168.192929
,0.0,50,169.812279
,-50.0,50,171.436906
,-50.0,50,171.687031
,-50.0,50,171.970126
,-50.0,50,172.252687
,-50.0,50,172.537786
,-50.0,50,172.815794
,-50.0,50,173.09774
,-50.0,50,173.348025
,-50.0,50,173.623119
,0.0,50,173.905675
,-50.0,50,174.300882
,-50.0,50,175.938926
,-50.0,50,177.552302
,-50.0,50,179.213375
,0.0,50,180.819548
,-50.0,50,182.460624
,-50.0,50,184.06997
,-50.0,50,185.685219
,-50.0,50,187.314705
,-50.0,50,188.948768
,-50.0,50,190.560544
,-50.0,50,192.179507
,-50.0,50,193.803196
,-50.0,50,195.457795
,-50.0,50,197.069159
,-50.0,50,198.665837
,-50.0,50,200.308654
,-50.0,50,201.926722
,-50.0,50,203.589602
,-50.0,50,205.195887
,-50.0,50,206.799309
,-50.0,50,208.428982
,-50.0,50,210.10705
,-50.0,50,211.733386
,-50.0,50,213.3247
,0.0,50,214.989218
,-50.0,50,216.608402
,0.0,50,218.228219
,-50.0,50,219.845237
,0.0,50,221.516474
,-50.0,50,223.095459
,-50.0,50,224.778279
,-50.0,50,226.375396
,-50.0,50,228.06017
,-50.0,50,229.646485
,-50.0,50,231.278311
,-50.0,50,232.930692
,-50.0,50,234.522105
,-50.0,50,236.17639
,-50.0,50,237.806369
,-50.0,50,239.431538
,-50.0,50,241.07996
,-50.0,50,242.740915
,-50.0,50,244.334425
,-50.0,50,245.958833
,-50.0,50,247.642884
,-50.0,50,249.251758
,-50.0,50,250.88701
,-50.0,50,252.531328
,-50.0,50,254.142937
,-50.0,50,255.826172
,-50.0,50,256.118769
,-50.0,50,256.372588
,0.0,50,256.636248
,-50.0,50,256.902863
,-50.0,50,257.16674
,-50.0,50,257.431525
,0.0,50,257.693769
,-50.0,50,257.99053
,-50.0,50,258.243804
,-50.0,50,258.671237
,-50.0,50,260.292423
,-50.0,50,261.92709
,-50.0,50,263.627307
,-50.0,50,265.243434
,-50.0,50,266.86104
,-50.0,50,268.499529
,-50.0,50,270.120237
,-50.0,50,271.774271
,-50.0,50,273.376195
,-50.0,50,274.985391
,-50.0,50,276.63177
,-50.0,50,278.272819
,-50.0,50,279.908042
,-50.0,50,281.544616
,-50.0,50,283.19002
,-50.0,50,284.812768
,-50.0,50,286.440447
,-50.0,50,288.065213
,-50.0,50,289.691076
,-50.0,50,291.338812
,-50.0,50,293.01259
,-50.0,50,294.590601
,-50.0,50,296.243605
,-50.0,50,297.862497
,-50.0,50,299.523539
,-50.0,50,301.157612
,-50.0,50,302.8246
,-50.0,50,304.443348
,-50.0,50,306.084794
,-50.0,50,307.718556
,-50.0,50,309.340451
,-50.0,50,310.952655
,-50.0,50,312.576585
,-50.0,50,314.254294
,-50.0,50,315.8632
,-50.0,50,317.534288
,-50.0,50,319.148293
,-50.0,50,320.791841
,-50.0,50,322.42511
,-50.0,50,324.054411
,-50.0,50,325.679281
,-50.0,50,327.345321
,-50.0,50,328.958719
,-50.0,50,330.598224
,-50.0,50,332.278569
,-50.0,50,333.895097
,-50.0,50,335.51724
,-50.0,50,337.178957
,-50.0,50,338.796835
,-50.0,50,340.474593
,-50.0,50,340.730102
,-50.0,50,341.061507
,-50.0,50,341.332643
,-50.0,50,341.595381
,-50.0,50,341.861065
,-50.0,50,342.151001
,-50.0,50,342.417495
,-50.0,50,342.707519
,-50.0,50,342.969173
,-50.0,50,343.357723
,-50.0,50,345.006094
,-50.0,50,346.614989
,-50.0,50,348.237445
,-50.0,50,349.892028
,-50.0,50,351.567235
,-50.0,50,353.165759
,-50.0,50,354.808292
,-50.0,50,356.481487
,-50.0,50,358.119797
,0.0,50,359.776586
,-50.0,50,361.419964
,-50.0,50,363.067275
,-50.0,50,364.660277
,-50.0,50,366.337727
,-50.0,50,367.966139
,-50.0,50,369.640053
,-50.0,50,371.236011
,-50.0,50,372.898924
,-50.0,50,374.5408
,-50.0,50,376.143492
,0.0,50,377.771882
,-50.0,50,379.430838
,-50.0,50,381.063236
,-50.0,50,382.680728
,-50.0,50,384.349103
,-50.0,50,386.030257
,-50.0,50,387.625154
,-50.0,50,389.273495
,-50.0,50,390.927609
,-50.0,50,392.601449
,-49.0,50,394.270161
,-50.0,50,395.903199
,-50.0,50,397.564276
,-50.0,50,399.21567
,-50.0,50,400.84709
,-50.0,50,402.458944
,-50.0,50,404.101977
,-50.0,50,405.71927
,-50.0,50,407.391168
,-50.0,50,409.066941
,-50.0,50,410.729156
,-50.0,50,412.323359
,-50.0,50,413.988307
,-50.0,50,415.672036
,-50.0,50,417.276362
,-50.0,50,418.926255
,-50.0,50,420.595675
,-50.0,50,422.224636
,-50.0,50,423.878635
,-50.0,50,425.506511
,-50.0,50,425.794487
,-50.0,50,426.063015
,-50.0,50,426.363403
,-50.0,50,426.638353
,-50.0,50,426.947153
,-50.0,50,427.239865
,-50.0,50,427.502639
,-50.0,50,427.748971
,-50.0,50,428.02708
,-50.0,50,428.39042
,-50.0,50,430.022271
,-50.0,50,431.691693
,-50.0,50,433.354393
,-50.0,50,434.963953
,-50.0,50,436.642471
,-50.0,50,438.314386
,-50.0,50,439.928543
,-50.0,50,441.611002
,-50.0,50,443.20521
,-50.0,50,444.834221
,0.0,50,446.488354
,-50.0,50,448.153002
,0.0,50,449.769764
,-50.0,50,451.414675
,-50.0,50,453.06288
,-46.0,50,454.705535
,-50.0,50,456.408158
,-50.0,50,458.011455
,-50.0,50,459.693801
,-50.0,50,461.34159
,0.0,50,462.969216
,-50.0,50,464.642435
,-50.0,50,466.316168
,0.0,50,467.928572
,-50.0,50,469.592624
,-50.0,50,471.217269
,-50.0,50,472.875817
,-50.0,50,474.503562
,-50.0,50,476.130197
,-50.0,50,477.767797
,-50.0,50,479.404513
,0.0,50,481.022208
,-50.0,50,482.687808
,-50.0,50,484.309576
,-50.0,50,485.971437
,0.0,50,487.634914
,-50.0,50,489.270917
,-50.0,50,490.910547
,0.0,50,492.555014
,-50.0,50,494.196883
,-50.0,50,495.845287
,-50.0,50,497.492715
,-50.0,50,499.137389
,-22.0,50,500.812902
,-50.0,50,502.45155
,-15.0,50,504.098079
,-50.0,50,505.720363
,-50.0,50,507.362515
,-50.0,50,509.004528
,-50.0,50,510.707024
,-50.0,50,511.009834
,-50.0,50,511.286468
,-50.0,50,511.590713
,-50.0,50,511.860721
,0.0,50,512.124412
,-50.0,50,512.406864
,-50.0,50,512.720707
,-50.0,50,512.985824
,-50.0,50,513.240862
,-50.0,50,513.564571
,-50.0,50,515.228566
,-50.0,50,516.864699
,-50.0,50,518.510285
,-50.0,50,520.146428
,-50.0,50,521.775328
,-50.0,50,523.484877
,-50.0,50,525.139328
,-50.0,50,526.744548
,-50.0,50,528.406427
,-50.0,50,530.031293
,-50.0,50,531.674568
,-50.0,50,533.332174
,-50.0,50,534.974002
,0.0,50,536.624537
,-50.0,50,538.292667
,-50.0,50,539.936359
,-50.0,50,541.569271
,-50.0,50,543.251797
,-50.0,50,544.858023
,-50.0,50,546.491902
,-50.0,50,548.170621
,-50.0,50,549.845197
,-42.0,50,551.476568
,-50.0,50,553.136818
,-50.0,50,554.803188
,-50.0,50,556.461059
,-50.0,50,558.099308
,-50.0,50,559.753176
,-50.0,50,561.428818
,-50.0,50,563.048676
,-50.0,50,564.71128
,-14.0,50,566.358475
,-50.0,50,568.005791
,-50.0,50,569.6786
,-50.0,50,571.324975
,-50.0,50,572.983194
,-4.0,50,574.658869
,-50.0,50,576.314726
,0.0,50,577.916375
,-50.0,50,579.584902
,-50.0,50,581.260559
,-50.0,50,582.885622
,-49.0,50,584.576959
,-50.0,50,586.244389
,0.0,50,587.923259
,-13.0,50,589.588564
,-50.0,50,591.235121
,-50.0,50,592.896122
,-48.0,50,594.510062
,0.0,50,596.204228
,-50.0,50,596.493584
,-50.0,50,596.776959
,-50.0,50,597.032677
,-50.0,50,597.291974
,-50.0,50,597.56233
,-50.0,50,597.834096
,-50.0,50,598.124377
,-50.0,50,598.399246
,-50.0,50,598.672618
,-50.0,50,599.04983
,-50.0,50,600.734658
,-50.0,50,602.413427
,-50.0,50,604.061648
,-50.0,50,605.718753
,-50.0,50,607.352128
,-50.0,50,609.060925
,-50.0,50,610.655022
,-50.0,50,612.332461
,-50.0,50,614.007714
,0.0,50,615.6445
,-50.0,50,617.302287
,-50.0,50,618.956426
,-25.0,50,620.592192
,0.0,50,622.234701
,-50.0,50,623.941231
,-50.0,50,625.599063
,-50.0,50,627.216955
,-50.0,50,628.904872
,-50.0,50,630.541533
,-50.0,50,632.191172
,-50.0,50,633.844002
,-47.0,50,635.509605
,-50.0,50,637.135292
,-50.0,50,638.806714
,-50.0,50,640.474369
,-50.0,50,642.125469
,-50.0,50,643.759532
,-50.0,50,645.408282
,-50.0,50,647.088696
,-50.0,50,648.738171
,-50.0,50,650.397139
,-50.0,50,652.07823
,-50.0,50,653.744809
,-50.0,50,655.389291
,-50.0,50,657.042024
,-50.0,50,658.699139
,-50.0,50,660.341344
,-50.0,50,662.002655
,-28.0,50,663.67274
,-50.0,50,665.341595
,-50.0,50,666.951162
,-48.0,50,668.621833
,-50.0,50,670.279765
,-10.0,50,671.888304
,-50.0,50,673.570328
,-50.0,50,675.211607
,-49.0,50,676.890092
,-50.0,50,678.540612
,-47.0,50,680.164918
,-50.0,50,681.860044
,-50.0,50,682.137472
,-50.0,50,682.39143
,-50.0,50,682.66223
,-50.0,50,682.941695
,-50.0,50,683.205212
,-50.0,50,683.47427
,-50.0,50,683.755189
,-50.0,50,684.032433
,-50.0,50,684.30182
,-50.0,50,684.789297
,-50.0,50,686.456303
,-50.0,50,688.153296
,-50.0,50,689.777445
,0.0,50,691.420717
,-50.0,50,693.091074
,-24.0,50,694.732088
,-50.0,50,696.42081
,-11.0,50,698.055494
,-12.0,50,699.726378
,-50.0,50,701.392379
,-9.0,50,703.057997
,-50.0,50,704.704274
,-25.0,50,706.365286
,-50.0,50,708.082083
,-50.0,50,709.714734
,-50.0,50,711.340366
,-50.0,50,713.005695
,-50.0,50,714.654915
,0.0,50,716.315978
,-50.0,50,718.029378
,-50.0,50,719.665008
,-50.0,50,721.358046
,-28.0,50,722.985505
,-12.0,50,724.653954
,-50.0,50,726.293112
,-50.0,50,727.926113
,-50.0,50,729.577815
,-20.0,50,731.298022
,-50.0,50,732.95874
,-50.0,50,734.574022
,-50.0,50,736.256796
,0.0,50,737.940486
,-50.0,50,739.606133
,-50.0,50,741.203924
,-50.0,50,742.869788
,-50.0,50,744.537192
,-50.0,50,746.21779
,0.0,50,747.886721
,0.0,50,749.527159
,-50.0,50,751.211872
,-50.0,50,752.881031
,-50.0,50,754.559948
,-50.0,50,756.283287
,-4.0,50,757.907356
,0.0,50,759.573965
,-11.0,50,761.246094
,0.0,50,762.919919
,-50.0,50,764.553314
,-50.0,50,766.195606
,-50.0,50,767.912444
,-50.0,50,768.184951
,-50.0,50,768.448462
,-7.0,50,768.719999
,-50.0,50,768.993687
,-33.0,50,769.263237
,-46.0,50,769.55513
,0.0,50,769.844241
,-50.0,50,770.104501
,-6.0,50,770.375816
,-48.0,50,770.802861
,0.0,50,772.45193
,-50.0,50,774.127774
,-50.0,50,775.810457
,-15.0,50,777.414678
,-50.0,50,779.118461
,-16.0,50,780.792103
,-50.0,50,782.412055
,-50.0,50,784.073156
,0.0,50,785.779548
,0.0,50,787.401795
,-50.0,50,789.057774
,-50.0,50,790.74404
,-50.0,50,792.41553
,-50.0,50,794.058289
,-50.0,50,795.717939
,-50.0,50,797.37925
,-9.0,50,799.02475
,-50.0,50,800.681959
,-50.0,50,802.350123
,-26.0,50,804.059989
,-8.0,50,805.694325
,-50.0,50,807.340777
,-50.0,50,809.052782
,-47.0,50,810.705076
,-50.0,50,812.36691
,-50.0,50,814.029161
,-50.0,50,815.670343
,-50.0,50,817.384196
,-45.0,50,819.041049
,-26.0,50,820.670021
,-50.0,50,822.340981
,-20.0,50,824.005427
,-16.0,50,825.652971
,-50.0,50,827.335453
,-49.0,50,829.013251
,-50.0,50,830.63553
,-50.0,50,832.317743
,-50.0,50,833.96639
,-18.0,50,835.624961
,-50.0,50,837.281196
,0.0,50,838.948885
,0.0,50,840.614376
,-14.0,50,842.295989
,-31.0,50,843.963238
,-50.0,50,845.647487
,-17.0,50,847.290574
,-16.0,50,849.005084
,-30.0,50,850.678421
,-50.0,50,852.330427
,-50.0,50,854.043805
,-14.0,50,854.323443
,-10.0,50,854.579568
,-4.0,50,854.866842
,-50.0,50,855.128098
,-50.0,50,855.449371
,-50.0,50,855.733731
,-24.0,50,856.01291
,-26.0,50,856.288566
,-49.0,50,856.569559
,-30.0,50,856.940252
,-50.0,50,858.604416
,-50.0,50,860.251183
,-50.0,50,861.966434
,-50.0,50,863.58183
,-50.0,50,865.308307
,-50.0,50,866.952622
,-50.0,50,868.569463
,-50.0,50,870.295313
,-50.0,50,871.941209
,-50.0,50,873.577229
,-50.0,50,875.256659
,-50.0,50,876.959029
,-50.0,50,878.613655
,-33.0,50,880.255258
,-40.0,50,881.922729
,-41.0,50,883.611069
,-11.0,50,885.307208
,-50.0,50,886.996852
,-9.0,50,888.608547
,-50.0,50,890.308109
,-50.0,50,891.961833
,-45.0,50,893.624098
,-50.0,50,895.322317
,-50.0,50,896.966303
,-50.0,50,898.596729
,-50.0,50,900.283369
,-50.0,50,901.920791
,-11.0,50,903.606961
,-50.0,50,905.264131
,-50.0,50,906.997398
,-15.0,50,908.646148
,-25.0,50,910.317717
,-50.0,50,911.99762
,-19.0,50,913.618905
,-50.0,50,915.317042
,-47.0,50,916.994873
,-47.0,50,918.658115
,-50.0,50,920.319886
,-10.0,50,922.012391
,-23.0,50,923.659724
,-50.0,50,925.350036
,-17.0,50,927.005025
,-22.0,50,928.663684
,-15.0,50,930.330706
,-24.0,50,931.966623
,-17.0,50,933.700176
,-50.0,50,935.346809
,-47.0,50,937.006075
,-50.0,50,938.647289
,0.0,50,940.404609
,-50.0,50,940.691081
,-10.0,50,941.004525
,-5.0,50,941.273136
,-8.0,50,941.548072
,-12.0,50,941.795815
,-50.0,50,942.094471
,0.0,50,942.385126
,-50.0,50,942.647016
,-9.0,50,942.966707
,-50.0,50,943.30611
,-50.0,50,944.948315
,-33.0,50,946.643127
,-24.0,50,948.267482
,-8.0,50,949.956869
,-50.0,50,951.625154
,-15.0,50,953.279142
,-13.0,50,954.960484
,0.0,50,956.653964
,0.0,50,958.277265
,-48.0,50,959.962635
,-33.0,50,961.653057
,-50.0,50,963.3135
,-22.0,50,964.987149
,-18.0,50,966.665603
,-50.0,50,968.291485
,-50.0,50,969.976681
,-11.0,50,971.647699
,-50.0,50,973.294816
,-11.0,50,974.966381
,-50.0,50,976.602156
,0.0,50,978.334495
,0.0,50,979.988637
,-49.0,50,981.63451
,-15.0,50,983.32294
,-15.0,50,985.012088
,-13.0,50,986.662675
,-46.0,50,988.311862
,-17.0,50,989.997977
,-22.0,50,991.661659
,-9.0,50,993.351113
,-20.0,50,994.995536
,-33.0,50,996.662356
,-17.0,50,998.357893
,-11.0,50,1000.031978
,-23.0,50,1001.687843
,-49.0,50,1003.335947
,0.0,50,1004.976921
,-43.0,50,1006.655932
,0.0,50,1008.348515
,-14.0,50,1010.020417
,-33.0,50,1011.705605
,-15.0,50,1013.383305
,-17.0,50,1015.058254
,-48.0,50,1016.683677
,-15.0,50,1018.379769
,-9.0,50,1020.036913
,-50.0,50,1021.704396
,-44.0,50,1023.402175
,-42.0,50,1025.096646
,-10.0,50,1026.769444
,0.0,50,1027.05982
,-19.0,50,1027.361107
,-9.0,50,1027.617782
,-8.0,50,1027.918103
,-14.0,50,1028.185606
,-9.0,50,1028.501733
,-8.0,50,1028.802377
,-9.0,50,1029.064011
,-9.0,50,1029.33306
,-13.0,50,1029.621717
,-38.0,50,1031.332858
,-18.0,50,1032.973681
,0.0,50,1034.64032
,-50.0,50,1036.31971
,-14.0,50,1038.00011
,-50.0,50,1039.648032
,-16.0,50,1041.317778
,-50.0,50,1042.980618
,-10.0,50,1044.666932
,-14.0,50,1046.326987
,-50.0,50,1047.988972
,-11.0,50,1049.628908
,-50.0,50,1051.306944
,-15.0,50,1053.003211
,-48.0,50,1054.670266
,-22.0,50,1056.340568
,-40.0,50,1058.012575
,-10.0,50,1059.746289
,-12.0,50,1061.394264
,-48.0,50,1063.068294
,-50.0,50,1064.778356
,-8.0,50,1066.418545
,-30.0,50,1068.078446
,-12.0,50,1069.745496
,-11.0,50,1071.439301
,-4.0,50,1073.124905
,-19.0,50,1074.746456
,-17.0,50,1076.442557
,-10.0,50,1078.160928
,-42.0,50,1079.781092
,-9.0,50,1081.457682
,-45.0,50,1083.145681
,-8.0,50,1084.814114
,-17.0,50,1086.516648
,-32.0,50,1088.201292
,-49.0,50,1089.918118
,-17.0,50,1091.584386
,-14.0,50,1093.226863
,-19.0,50,1094.94672
,-8.0,50,1096.626192
,-25.0,50,1098.263505
,-48.0,50,1099.940839
,-30.0,50,1101.645039
,-20.0,50,1103.3405
,-7.0,50,1104.984533
,-50.0,50,1106.657596
,-34.0,50,1108.354347
,-19.0,50,1109.994366
,-20.0,50,1111.656299
,-10.0,50,1113.388613
,-4.0,50,1113.663665
,-14.0,50,1113.946377
,-9.0,50,1114.203247
,-50.0,50,1114.476523
,-8.0,50,1114.768963
,-50.0,50,1115.065174
,0.0,50,1115.37877
,0.0,50,1115.642548
,-11.0,50,1115.940789
,-15.0,50,1116.24717
,-26.0,50,1117.951371
,-40.0,50,1119.653195
,-12.0,50,1121.326347
,-33.0,50,1122.980086
,-17.0,50,1124.688513
,-9.0,50,1126.371082
,-27.0,50,1128.071134
,-16.0,50,1129.722066
,-27.0,50,1131.386864
,-17.0,50,1133.122481
,-30.0,50,1134.790314
,-50.0,50,1136.428375
,-17.0,50,1138.121482
,-21.0,50,1139.768054
,-27.0,50,1141.473909
,-10.0,50,1143.147141
,-50.0,50,1144.838973
,-36.0,50,1146.526859
,-23.0,50,1148.206948
,-15.0,50,1149.885452
,-50.0,50,1151.574265
,0.0,50,1153.248423
,-27.0,50,1154.923861
,-25.0,50,1156.600627
,-18.0,50,1158.286159
,-20.0,50,1159.963725
,-16.0,50,1161.602073
,-12.0,50,1163.331449
,-40.0,50,1165.003018
,-17.0,50,1166.661668
,-20.0,50,1168.335196
,-47.0,50,1169.977374
,-28.0,50,1171.667588
,-42.0,50,1173.368521
,-21.0,50,1175.052098
,-25.0,50,1176.776489
,-24.0,50,1178.41859
,-16.0,50,1180.143053
,-25.0,50,1181.810047
,0.0,50,1183.515067
,-18.0,50,1185.170417
,-28.0,50,1186.853213
,-23.0,50,1188.548229
,-31.0,50,1190.251242
,-21.0,50,1191.898768
,-10.0,50,1193.642472
,-35.0,50,1195.322246
,-24.0,50,1196.98005
,-13.0,50,1198.670806
,-9.0,50,1200.354833
,0.0,50,1200.62822
,-12.0,50,1200.896272
,-15.0,50,1201.217131
,-8.0,50,1201.484136
,-13.0,50,1201.739254
,-8.0,50,1202.01255
,0.0,50,1202.283248
,-15.0,50,1202.567694
,-11.0,50,1202.869118
,-19.0,50,1203.233811
,-13.0,50,1204.899215
,-17.0,50,1206.598722
,-17.0,50,1208.296387
,-16.0,50,1209.98464
,-19.0,50,1211.622343
,-17.0,50,1213.321791
,-13.0,50,1215.008487
,-17.0,50,1216.6812
,-28.0,50,1218.314701
,-38.0,50,1219.998818
,-17.0,50,1221.698506
,-28.0,50,1223.359404
,-14.0,50,1225.028122
,-15.0,50,1226.716638
,-10.0,50,1228.422787
,-29.0,50,1230.054307
,-42.0,50,1231.755836
,-50.0,50,1233.450212
,-37.0,50,1235.107664
,-14.0,50,1236.824621
,-50.0,50,1238.478503
,-50.0,50,1240.18603
,-19.0,50,1241.87354
,-14.0,50,1243.543514
,-17.0,50,1245.221448
,-12.0,50,1246.90778
,-38.0,50,1248.597282
,-14.0,50,1250.233665
,-28.0,50,1251.897525
,-24.0,50,1253.595068
,-50.0,50,1255.285478
,-18.0,50,1256.946868
,-20.0,50,1258.672212
,-13.0,50,1260.343822
,-12.0,50,1262.023904
,0.0,50,1263.672
,-24.0,50,1265.3764
,-9.0,50,1267.034273
,-22.0,50,1268.734737
,-26.0,50,1270.437647
,0.0,50,1272.0688
,-21.0,50,1273.7841
,-30.0,50,1275.479112
,-23.0,50,1277.16684
,-11.0,50,1278.851305
,-24.0,50,1280.528915
,-15.0,50,1282.200959
,0.0,50,1283.919593
,-41.0,50,1285.533302
,-11.0,50,1287.257604
,-15.0,50,1287.54821
,-4.0,50,1287.854073
,-11.0,50,1288.133386
,-10.0,50,1288.415622
,-19.0,50,1288.684952
,-23.0,50,1288.953141
,-10.0,50,1289.253428
,-9.0,50,1289.536584
,-14.0,50,1289.81746
,-27.0,50,1290.157561
,-13.0,50,1291.823312
,-19.0,50,1293.510791
,-18.0,50,1295.203896
,-31.0,50,1296.869896
,-14.0,50,1298.561295
,-33.0,50,1300.247329
,-17.0,50,1301.933331
,-22.0,50,1303.627558
,-19.0,50,1305.307423
,-10.0,50,1306.99404
,-17.0,50,1308.688615
,-10.0,50,1310.37519
,-9.0,50,1312.073889
,-26.0,50,1313.75622
,-14.0,50,1315.434825
,-11.0,50,1317.101676
,-25.0,50,1318.831431
,-26.0,50,1320.478775
,-24.0,50,1322.192418
,-50.0,50,1323.923403
,-21.0,50,1325.616561
,-14.0,50,1327.24935
,-5.0,50,1328.989831
,-20.0,50,1330.643801
,-31.0,50,1332.322017
,-31.0,50,1334.043377
,-44.0,50,1335.725991
,-14.0,50,1337.402798
,0.0,50,1339.087275
,-34.0,50,1340.766325
,-21.0,50,1342.435544
,-19.0,50,1344.121761
,-27.0,50,1345.856683
,-16.0,50,1347.50901
,-14.0,50,1349.146817
,-50.0,50,1350.901482
,-11.0,50,1352.58723
,-16.0,50,1354.296648
,-12.0,50,1355.97332
,-50.0,50,1357.707907
,-21.0,50,1359.382948
,-21.0,50,1361.04417
,-30.0,50,1362.744631
,-18.0,50,1364.438434
,-24.0,50,1366.107667
,-19.0,50,1367.824984
,-6.0,50,1369.49957
,-12.0,50,1371.211008
,-44.0,50,1372.922568
,-3.0,50,1374.644968
,-8.0,50,1374.942184
,-14.0,50,1375.22095
,-13.0,50,1375.507546
,-11.0,50,1375.765144
,-9.0,50,1376.012716
,-6.0,50,1376.303573
,-9.0,50,1376.569179
,-16.0,50,1376.837829
,-8.0,50,1377.100124
,-19.0,50,1377.498156
,-40.0,50,1379.18177
,-29.0,50,1380.83172
,-20.0,50,1382.578059
,-9.0,50,1384.242372
,-12.0,50,1385.944515
,-22.0,50,1387.580437
,-23.0,50,1389.307855
,0.0,50,1390.99367
,-3.0,50,1392.703395
,-6.0,50,1394.362402
,-16.0,50,1396.034867
,-16.0,50,1397.782598
,-24.0,50,1399.420044
,-14.0,50,1401.147033
,-17.0,50,1402.877729
,-7.0,50,1404.561611
,-12.0,50,1406.256077
,-24.0,50,1407.940374
,-18.0,50,1409.650177
,-10.0,50,1411.322144
,-19.0,50,1413.022852
,-25.0,50,1414.76038
,-33.0,50,1416.476291
,-11.0,50,1418.145144
,0.0,50,1419.824072
,-18.0,50,1421.531289
,-33.0,50,1423.240648
,-19.0,50,1424.946502
,-21.0,50,1426.619892
,-35.0,50,1428.282527
,-12.0,50,1429.978738
,-23.0,50,1431.754711
,-16.0,50,1433.412448
,-23.0,50,1435.119725
,-23.0,50,1436.841038
,-48.0,50,1438.545739
,-31.0,50,1440.221895
,-24.0,50,1441.888969
,-14.0,50,1443.579151
,-11.0,50,1445.272491
,-27.0,50,1447.005783
,-42.0,50,1448.663255
,-15.0,50,1450.394531
,-13.0,50,1452.079977
,-10.0,50,1453.807489
,-33.0,50,1455.509237
,-19.0,50,1457.191869
,0.0,50,1458.833244
,-18.0,50,1460.593107
,-8.0,50,1462.279597
,-6.0,50,1462.54769
,-14.0,50,1462.821466
,-11.0,50,1463.09297
,-12.0,50,1463.380262
,-14.0,50,1463.649064
,-13.0,50,1463.9274
,-10.0,50,1464.204708
,-13.0,50,1464.491329
,-11.0,50,1464.786391
,-13.0,50,1465.10344
,-29.0,50,1466.802621
,-19.0,50,1468.482877
,-16.0,50,1470.211952
,-25.0,50,1471.886605
,-15.0,50,1473.584212
,-24.0,50,1475.293756
,-30.0,50,1476.973322
,-10.0,50,1478.693821
,-48.0,50,1480.383575
,-25.0,50,1482.050312
,-34.0,50,1483.763324
,-22.0,50,1485.424497
,-14.0,50,1487.131649
,-16.0,50,1488.826151
,-25.0,50,1490.489628
,-14.0,50,1492.203014
,-16.0,50,1493.877153
,-20.0,50,1495.583309
,-16.0,50,1497.270555
,-11.0,50,1498.947384
,-48.0,50,1500.650441
,-45.0,50,1502.360172
,-6.0,50,1504.036236
,-21.0,50,1505.74584
,-28.0,50,1507.420453
,-18.0,50,1509.15314
,-29.0,50,1510.82458
,-17.0,50,1512.574287
,-16.0,50,1514.216748
,-4.0,50,1515.892356
,-16.0,50,1517.595753
,-46.0,50,1519.340289
,-14.0,50,1521.019551
,-35.0,50,1522.742017
,-14.0,50,1524.41023
,-11.0,50,1526.096707
,0.0,50,1527.8011
,-29.0,50,1529.516506
,-20.0,50,1531.202449
,-37.0,50,1532.888453
,-17.0,50,1534.626986
,-23.0,50,1536.2955
,-23.0,50,1538.023635
,-29.0,50,1539.717689
,-20.0,50,1541.388229
,-24.0,50,1543.057019
,-15.0,50,1544.773346
,-10.0,50,1546.513309
,-13.0,50,1548.233483
,-8.0,50,1549.941615
,-13.0,50,1550.210661
,-17.0,50,1550.508353
,0.0,50,1550.765686
,-7.0,50,1551.041382
,-9.0,50,1551.334221
,-14.0,50,1551.62499
,-14.0,50,1551.876778
,-10.0,50,1552.144995
,-6.0,50,1552.437992
,-12.0,50,1552.757122
,-36.0,50,1554.464761
,0.0,50,1556.173199
,0.0,50,1557.866766
,-15.0,50,1559.599507
,-9.0,50,1561.27124
,0.0,50,1562.948627
,-17.0,50,1564.638078
,-13.0,50,1566.324953
,-25.0,50,1568.020326
,-16.0,50,1569.720967
,-17.0,50,1571.442541
,-18.0,50,1573.119725
,-31.0,50,1574.852699
,-13.0,50,1576.53907
,-10.0,50,1578.181894
,0.0,50,1579.892893
,-23.0,50,1581.615714
,-20.0,50,1583.288592
,-31.0,50,1585.023111
,-6.0,50,1586.70683
,-9.0,50,1588.41409
,0.0,50,1590.066033
,-7.0,50,1591.787163
,-24.0,50,1593.480311
,0.0,50,1595.22031
,-32.0,50,1596.89353
,-28.0,50,1598.646405
,-19.0,50,1600.330222
,-12.0,50,1602.053559
,-31.0,50,1603.7562
,-18.0,50,1605.457357
,-34.0,50,1607.118681
,0.0,50,1608.872755
,-23.0,50,1610.560937
,-35.0,50,1612.22872
,-12.0,50,1613.93776
,-27.0,50,1615.676273
,-44.0,50,1617.360871
,-12.0,50,1619.045117
,-10.0,50,1620.766922
,-50.0,50,1622.458338
,-9.0,50,1624.193015
,0.0,50,1625.878418
,-13.0,50,1627.642026
,-12.0,50,1629.322462
,-17.0,50,1630.995039
,-14.0,50,1632.692462
,-15.0,50,1634.406175
,0.0,50,1636.111607
,-8.0,50,1637.838076
,-8.0,50,1638.11682
,-11.0,50,1638.402509
,-6.0,50,1638.682678
,-6.0,50,1638.954057
,-9.0,50,1639.23247
,-13.0,50,1639.506954
,-15.0,50,1639.785696
,-13.0,50,1640.058411
,-11.0,50,1640.324434
,-7.0,50,1640.631281
,-14.0,50,1642.309656
,-13.0,50,1644.022662
,-19.0,50,1645.727648
,-37.0,50,1647.42453
,-28.0,50,1649.132664
,-20.0,50,1650.867077
,-12.0,50,1652.547722
,-44.0,50,1654.229127
,-50.0,50,1655.981059
,-8.0,50,1657.652279
,-16.0,50,1659.373569
,-18.0,50,1661.06639
,-9.0,50,1662.77238
,-9.0,50,1664.497383
,-30.0,50,1666.229259
,-27.0,50,1667.920799
,-7.0,50,1669.602756
,-20.0,50,1671.299837
,-18.0,50,1673.029669
,-21.0,50,1674.739597
,-11.0,50,1676.412686
,-50.0,50,1678.168169
,-14.0,50,1679.832391
,-21.0,50,1681.546652
,-11.0,50,1683.276745
,0.0,50,1684.978817
,-18.0,50,1686.682545
,-17.0,50,1688.407962
,-30.0,50,1690.087928
,-18.0,50,1691.765688
,-15.0,50,1693.48995
,-25.0,50,1695.152979
,-20.0,50,1696.897558
,-50.0,50,1698.593292
,-32.0,50,1700.342198
,-12.0,50,1702.023398
,-48.0,50,1703.764453
,-25.0,50,1705.455927
,-15.0,50,1707.137018
,-17.0,50,1708.802465
,-8.0,50,1710.528051
,-21.0,50,1712.20562
,-12.0,50,1713.965658
,-19.0,50,1715.669975
,-12.0,50,1717.332383
,-50.0,50,1719.076128
,-19.0,50,1720.730283
,-19.0,50,1722.465722
,-17.0,50,1724.181972
,-7.0,50,1725.923662
,0.0,50,1726.188479
,-8.0,50,1726.45783
,-9.0,50,1726.739213
,-10.0,50,1727.005549
,-12.0,50,1727.28527
,-8.0,50,1727.558043
,-8.0,50,1727.826313
,-9.0,50,1728.138566
,-11.0,50,1728.394999
,-36.0,50,1728.735911
,-27.0,50,1730.414151
,-26.0,50,1732.094632
,0.0,50,1733.826125
,-17.0,50,1735.544147
,-15.0,50,1737.195854
,0.0,50,1738.927298
,-47.0,50,1740.673958
,-37.0,50,1742.363475
,-18.0,50,1744.070138
,0.0,50,1745.780245
,-24.0,50,1747.548034
,-13.0,50,1749.233396
,-17.0,50,1750.879641
,-11.0,50,1752.632587
,-48.0,50,1754.327516
,-19.0,50,1755.997644
,-15.0,50,1757.779354
,-11.0,50,1759.465531
,-13.0,50,1761.13975
,0.0,50,1762.858713
,-12.0,50,1764.56946
,0.0,50,1766.271583
,-23.0,50,1767.957204
,-13.0,50,1769.648951
,-10.0,50,1771.352217
,-33.0,50,1773.064867
,-12.0,50,1774.753448
,-18.0,50,1776.478785
,-50.0,50,1778.196994
,-7.0,50,1779.911285
,-50.0,50,1781.671721
,-27.0,50,1783.3289
,-8.0,50,1785.077495
,-18.0,50,1786.792231
,-24.0,50,1788.475772
,-15.0,50,1790.197187
,-13.0,50,1791.922824
,-22.0,50,1793.629626
,-22.0,50,1795.333806
,-16.0,50,1797.058983
,-12.0,50,1798.765295
,-23.0,50,1800.519575
,0.0,50,1802.204513
,-48.0,50,1803.9036
,-7.0,50,1805.614386
,-17.0,50,1807.321482
,-20.0,50,1809.028008
,-50.0,50,1810.761821
,0.0,50,1812.488375
,-8.0,50,1814.234224
,-12.0,50,1814.486161
,-11.0,50,1814.759631
,-11.0,50,1815.038673
,0.0,50,1815.32398
,-11.0,50,1815.61706
,-6.0,50,1815.900426
,-9.0,50,1816.172893
,-12.0,50,1816.438498
,-16.0,50,1816.722956
,-17.0,50,1817.081467
,-9.0,50,1818.801132
,-17.0,50,1820.500391
,-9.0,50,1822.224557
,-31.0,50,1823.937296
,-38.0,50,1825.645204
,-42.0,50,1827.327437
,-32.0,50,1829.061118
,-21.0,50,1830.775465
,-17.0,50,1832.483194
,-13.0,50,1834.146692
,-8.0,50,1835.875268
,-13.0,50,1837.582855
,0.0,50,1839.308058
,-8.0,50,1841.013275
,-15.0,50,1842.706938
,-19.0,50,1844.459666
,-10.0,50,1846.163689
,-15.0,50,1847.849768
,-24.0,50,1849.574312
,-26.0,50,1851.301809
,-28.0,50,1852.977117
,-31.0,50,1854.715897
,-21.0,50,1856.4253
,-19.0,50,1858.139262
,-8.0,50,1859.803903
,-23.0,50,1861.549536
,-18.0,50,1863.249469
,-30.0,50,1864.974481
,-18.0,50,1866.679923
,-11.0,50,1868.381383
,-12.0,50,1870.073184
,0.0,50,1871.770257
,-13.0,50,1873.50615
,-27.0,50,1875.159991
,-6.0,50,1876.934043
,-11.0,50,1878.613878
,-31.0,50,1880.342539
,-19.0,50,1882.017068
,-13.0,50,1883.788378
,-11.0,50,1885.470192
,-15.0,50,1887.157423
,-35.0,50,1888.875027
,-33.0,50,1890.587836
,-22.0,50,1892.275507
,-12.0,50,1894.010336
,0.0,50,1895.73143
,-33.0,50,1897.438356
,-21.0,50,1899.217061
,-12.0,50,1900.912604
,-11.0,50,1902.649111
,-23.0,50,1902.94089
,-5.0,50,1903.19429
,-8.0,50,1903.470064
,-15.0,50,1903.749289
,-9.0,50,1904.012757
,0.0,50,1904.289778
,0.0,50,1904.572062
,-12.0,50,1904.843248
,-31.0,50,1905.106523
,0.0,50,1905.517524
,-32.0,50,1907.205927
,-17.0,50,1908.91974
,-15.0,50,1910.665234
,-15.0,50,1912.374578
,-15.0,50,1914.036422
,-12.0,50,1915.827784
,-21.0,50,1917.54862
,-20.0,50,1919.260726
,0.0,50,1920.966592
,-29.0,50,1922.681215
,-19.0,50,1924.417622
,-26.0,50,1926.128845
,-7.0,50,1927.856375
,-20.0,50,1929.541331
,-19.0,50,1931.325678
,-9.0,50,1933.007547
,-13.0,50,1934.749616
,-14.0,50,1936.460869
,-18.0,50,1938.137012
,-39.0,50,1939.895128
,-23.0,50,1941.586356
,-24.0,50,1943.280117
,-18.0,50,1945.014748
,-24.0,50,1946.735059
,0.0,50,1948.459734
,-3.0,50,1950.193632
,-21.0,50,1951.925121
,0.0,50,1953.632881
,-7.0,50,1955.323827
,-21.0,50,1957.062125
,-22.0,50,1958.725489
,-37.0,50,1960.46422
,-19.0,50,1962.20143
,-11.0,50,1963.892964
,0.0,50,1965.61225
,0.0,50,1967.303211
,-6.0,50,1969.048671
,-45.0,50,1970.759471
,-4.0,50,1972.511893
,-18.0,50,1974.195413
,-21.0,50,1975.932523
,-10.0,50,1977.640204
,-21.0,50,1979.384924
,-45.0,50,1981.08745
,-14.0,50,1982.830056
,-37.0,50,1984.599203
,0.0,50,1986.333772
,-6.0,50,1987.999753
,0.0,50,1989.741686
,-8.0,50,1991.455777
,-9.0,50,1991.737263
,-11.0,50,1992.021385
,-12.0,50,1992.264282
,-12.0,50,1992.50499
,-10.0,50,1992.752829
,-7.0,50,1993.042581
,-11.0,50,1993.314712
,-9.0,50,1993.582227
,0.0,50,1993.855298
,-14.0,50,1994.273394
,-17.0,50,1995.964796
,-14.0,50,1997.69737
,-23.0,50,1999.456419
,-29.0,50,2001.140465
,-16.0,50,2002.848785
,-12.0,50,2004.608116
,-23.0,50,2006.277776
,-9.0,50,2007.976269
,-25.0,50,2009.704083
,-15.0,50,2011.442782
,-19.0,50,2013.150372
,-15.0,50,2014.840542
,-10.0,50,2016.534668
,-14.0,50,2018.267481
,-28.0,50,2019.987075
,-7.0,50,2021.708482
,-13.0,50,2023.432971
,-16.0,50,2025.153685
,-50.0,50,2026.893735
,-15.0,50,2028.57554
,-23.0,50,2030.341434
,-10.0,50,2032.043587
,-17.0,50,2033.758683
,0.0,50,2035.547158
,-32.0,50,2037.236119
,-8.0,50,2038.964406
,-30.0,50,2040.677909
,-7.0,50,2042.451315
,-32.0,50,2044.15521
,-37.0,50,2045.852372
,-32.0,50,2047.557031
,-36.0,50,2049.334921
,-3.0,50,2051.047272
,-14.0,50,2052.741523
,-21.0,50,2054.409399
,-19.0,50,2056.120119
,-19.0,50,2057.854975
,-18.0,50,2059.636924
,-18.0,50,2061.32646
,-31.0,50,2063.056205
,-16.0,50,2064.789396
,-35.0,50,2066.531383
,-49.0,50,2068.248952
,-23.0,50,2069.959597
,-12.0,50,2071.723697
,-29.0,50,2073.433521
,-15.0,50,2075.145521
,0.0,50,2076.876382
,-17.0,50,2078.58253
,-11.0,50,2080.32506
,-9.0,50,2080.613807
,0.0,50,2080.898987
,-7.0,50,2081.173057
,-12.0,50,2081.440823
,-14.0,50,2081.700176
,-6.0,50,2081.987987
,0.0,50,2082.266894
,-6.0,50,2082.533233
,-7.0,50,2082.795906
,-23.0,50,2083.133678
,-37.0,50,2084.822629
,-23.0,50,2086.562439
,-23.0,50,2088.322062
,-15.0,50,2090.002713
,-40.0,50,2091.730964
,-16.0,50,2093.478365
,-23.0,50,2095.168518
,-16.0,50,2096.929115
,-32.0,50,2098.626547
,-32.0,50,2100.38532
,-30.0,50,2102.086617
,-12.0,50,2103.843002
,-5.0,50,2105.520043
,-14.0,50,2107.266948
,-11.0,50,2108.977082
,-11.0,50,2110.712572
,-15.0,50,2112.399897
,-14.0,50,2114.128622
,-17.0,50,2115.851844
,-21.0,50,2117.566712
,-19.0,50,2119.326286
,-13.0,50,2121.041558
,-23.0,50,2122.77415
,-16.0,50,2124.508703
,-12.0,50,2126.22214
,-9.0,50,2127.930059
,-15.0,50,2129.641521
,-9.0,50,2131.401401
,-13.0,50,2133.132206
,-9.0,50,2134.860911
,-12.0,50,2136.635098
,-19.0,50,2138.282821
,-11.0,50,2140.018458
,-29.0,50,2141.779963
,-16.0,50,2143.515728
,-17.0,50,2145.210412
,-20.0,50,2146.955123
,-9.0,50,2148.704698
,-10.0,50,2150.458368
,-27.0,50,2152.13676
,-14.0,50,2153.915238
,-15.0,50,2155.610475
,-7.0,50,2157.355074
,-20.0,50,2159.06353
,-18.0,50,2160.7946
,-7.0,50,2162.557614
,-15.0,50,2164.282327
,-11.0,50,2166.016141
,-15.0,50,2167.737324
,-12.0,50,2169.519063
,-8.0,50,2169.801946
,-12.0,50,2170.076751
,0.0,50,2170.381017
,-6.0,50,2170.672385
,-7.0,50,2170.94104
,-5.0,50,2171.192966
,-6.0,50,2171.464415
,-10.0,50,2171.728294
,-7.0,50,2171.994058
,0.0,50,2172.301393
,-18.0,50,2174.023963
,-50.0,50,2175.761074
,-43.0,50,2177.502101
,-20.0,50,2179.202508
,-16.0,50,2180.935086
,-22.0,50,2182.680587
,-25.0,50,2184.365068
,-32.0,50,2186.179063
,-43.0,50,2187.896538
,-21.0,50,2189.594436
,-10.0,50,2191.327327
,-10.0,50,2193.052023
,0.0,50,2194.813404
,-18.0,50,2196.509418
,-13.0,50,2198.262084
,-15.0,50,2199.996625
,-16.0,50,2201.718173
,-17.0,50,2203.432539
,-35.0,50,2205.179801
,-16.0,50,2206.867531
,-8.0,50,2208.635662
,-28.0,50,2210.310811
,-23.0,50,2212.04406
,0.0,50,2213.742405
,-43.0,50,2215.542433
,-12.0,50,2217.246263
,-16.0,50,2218.932422
,-50.0,50,2220.698988
,-22.0,50,2222.415071
,-9.0,50,2224.168471
,-8.0,50,2225.915281
,-11.0,50,2227.6558
,-15.0,50,2229.380146
,-19.0,50,2231.063524
,-12.0,50,2232.791902
,-13.0,50,2234.5357
,-13.0,50,2236.288023
,-12.0,50,2238.040629
,-16.0,50,2239.751179
,-17.0,50,2241.503372
,-12.0,50,2243.198667
,0.0,50,2244.927763
,-21.0,50,2246.644166
,-19.0,50,2248.419642
,-9.0,50,2250.163309
,-18.0,50,2251.892533
,-15.0,50,2253.632792
,-22.0,50,2255.399127
,-24.0,50,2257.10201
,-8.0,50,2258.854502
,-8.0,50,2259.136785
,-6.0,50,2259.407441
,-10.0,50,2259.685518
,-9.0,50,2259.942477
,-7.0,50,2260.211924
,-8.0,50,2260.474181
,-9.0,50,2260.755809
,-9.0,50,2261.019484
,-9.0,50,2261.299203
,-12.0,50,2261.727152
,-18.0,50,2263.439876
,0.0,50,2265.149264
,-4.0,50,2266.918027
,-16.0,50,2268.625744
,-16.0,50,2270.376765
,-24.0,50,2272.102026
,-15.0,50,2273.86285
,-19.0,50,2275.616292
,-23.0,50,2277.315887
,-9.0,50,2279.072245
,-38.0,50,2280.801685
,-47.0,50,2282.517962
,-10.0,50,2284.265489
,0.0,50,2285.983014
,-22.0,50,2287.710257
,-16.0,50,2289.513332
,-14.0,50,2291.19648
,-11.0,50,2292.968916
,-24.0,50,2294.689509
,-6.0,50,2296.409514
,-11.0,50,2298.147517
,-12.0,50,2299.877871
,-13.0,50,2301.62569
,-21.0,50,2303.358242
,-18.0,50,2305.152725
,-14.0,50,2306.877291
,-23.0,50,2308.618533
,-18.0,50,2310.404938
,-13.0,50,2312.092419
,-9.0,50,2313.831471
,-19.0,50,2315.602332
,-23.0,50,2317.329033
,-21.0,50,2319.104979
,-25.0,50,2320.82904
,-15.0,50,2322.540712
,-18.0,50,2324.309737
,-19.0,50,2325.992889
,-3.0,50,2327.739178
,-16.0,50,2329.516117
,-14.0,50,2331.253899
,-9.0,50,2332.968796
,-10.0,50,2334.690824
,-15.0,50,2336.429468
,-19.0,50,2338.166285
,-50.0,50,2339.889914
,-14.0,50,2341.627265
,-19.0,50,2343.371604
,0.0,50,2345.111519
,0.0,50,2346.800467
,-11.0,50,2348.587675
,-10.0,50,2348.856894
,-6.0,50,2349.135983
,-9.0,50,2349.433629
,-7.0,50,2349.706586
,-9.0,50,2349.986037
,-13.0,50,2350.251181
,-10.0,50,2350.531975
,-6.0,50,2350.79813
,-5.0,50,2351.083833
,-18.0,50,2351.39236
,-9.0,50,2353.136693
,-25.0,50,2354.836936
,-21.0,50,2356.574735
,-20.0,50,2358.327187
,-14.0,50,2360.075157
,-22.0,50,2361.769725
,-13.0,50,2363.464831
,-13.0,50,2365.233928
,-30.0,50,2366.989808
,-6.0,50,2368.673264
,-7.0,50,2370.476553
,0.0,50,2372.186421
,-14.0,50,2373.942935
,-19.0,50,2375.69621
,-19.0,50,2377.431996
,-16.0,50,2379.159687
,-16.0,50,2380.889173
,-21.0,50,2382.604304
,-6.0,50,2384.419153
,-16.0,50,2386.112523
,-10.0,50,2387.891808
,0.0,50,2389.581331
,-10.0,50,2391.343434
,-14.0,50,2393.106852
,-10.0,50,2394.806939
,-9.0,50,2396.554419
,-38.0,50,2398.313665
,-12.0,50,2400.010902
,-8.0,50,2401.737125
,-18.0,50,2403.53856
,-16.0,50,2405.276462
,-12.0,50,2407.041222
,-15.0,50,2408.790369
,-39.0,50,2410.500578
,-12.0,50,2412.225175
,0.0,50,2414.002162
,-7.0,50,2415.756933
,-13.0,50,2417.485955
,-31.0,50,2419.201991
,-7.0,50,2420.955156
,-6.0,50,2422.73211
,-30.0,50,2424.425477
,-19.0,50,2426.180275
,-16.0,50,2427.926515
,-9.0,50,2429.697601
,-12.0,50,2431.387309
,-19.0,50,2433.131189
,-20.0,50,2434.89136
,-10.0,50,2436.605204
,-11.0,50,2438.344757
,-12.0,50,2438.624979
,-13.0,50,2438.893665
,-11.0,50,2439.145475
,-15.0,50,2439.40813
,0.0,50,2439.687298
,-7.0,50,2439.95449
,-15.0,50,2440.241572
,-5.0,50,2440.541819
,-8.0,50,2440.808263
,-31.0,50,2441.153087
,-26.0,50,2442.885633
,-10.0,50,2444.598444
,-33.0,50,2446.386837
,-12.0,50,2448.090948
,-15.0,50,2449.837789
,-13.0,50,2451.580709
,-7.0,50,2453.30593
,-10.0,50,2455.025272
,-21.0,50,2456.753044
,-23.0,50,2458.52595
,-24.0,50,2460.26217
,-17.0,50,2461.956475
,-11.0,50,2463.681836
,-15.0,50,2465.428031
,-15.0,50,2467.169191
,-32.0,50,2468.912938
,-25.0,50,2470.636911
,-22.0,50,2472.392623
,-28.0,50,2474.094438
,-44.0,50,2475.868246
,-26.0,50,2477.606736
,-11.0,50,2479.370404
,-15.0,50,2481.114853
,0.0,50,2482.879704
,-14.0,50,2484.6277
,-12.0,50,2486.347394
,-17.0,50,2488.072181
,-20.0,50,2489.837428
,-25.0,50,2491.555782
,-10.0,50,2493.265595
,-15.0,50,2495.001367
,-6.0,50,2496.844852
,-13.0,50,2498.535554
,-13.0,50,2500.346349
,-15.0,50,2502.059188
,-21.0,50,2503.772287
,-11.0,50,2505.48633
,-18.0,50,2507.294511
,-10.0,50,2509.025406
,-19.0,50,2510.740343
,-30.0,50,2512.500481
,-7.0,50,2514.267969
,-18.0,50,2515.995636
,-5.0,50,2517.695055
,-15.0,50,2519.530967
,-11.0,50,2521.231093
,0.0,50,2523.010697
,-36.0,50,2524.715675
,-9.0,50,2526.477464
,-4.0,50,2528.18695
,-10.0,50,2528.437618
,-19.0,50,2528.738826
,-4.0,50,2528.998401
,-6.0,50,2529.275966
,-9.0,50,2529.560327
,-5.0,50,2529.83186
,-9.0,50,2530.10933
,-12.0,50,2530.413687
,-11.0,50,2530.673741
,-24.0,50,2531.024049
,-14.0,50,2532.733928
,-32.0,50,2534.513469
,-8.0,50,2536.247526
,-20.0,50,2537.972671
,-44.0,50,2539.696452
,-24.0,50,2541.484659
,-13.0,50,2543.217666
,-16.0,50,2544.936953
,0.0,50,2546.674868
,-27.0,50,2548.442139
,-18.0,50,2550.182064
,-19.0,50,2551.920544
,-17.0,50,2553.730511
,-23.0,50,2555.464601
,-10.0,50,2557.180961
,-26.0,50,2558.972739
,-18.0,50,2560.665709
,-25.0,50,2562.448684
,-38.0,50,2564.177128
,-14.0,50,2565.909994
,-20.0,50,2567.621959
,-15.0,50,2569.397085
,-25.0,50,2571.127735
,-9.0,50,2572.868377
,-18.0,50,2574.651063
,-17.0,50,2576.364241
,-26.0,50,2578.076036
,-11.0,50,2579.825437
,-18.0,50,2581.577187
,-25.0,50,2583.358796
,-6.0,50,2585.078937
,-24.0,50,2586.838463
,-44.0,50,2588.562056
,-10.0,50,2590.274852
,-30.0,50,2592.037099
,-26.0,50,2593.787414
,-10.0,50,2595.469028
,0.0,50,2597.27451
,0.0,50,2599.020328
,-36.0,50,2600.805414
,-18.0,50,2602.477567
,-20.0,50,2604.302101
,-14.0,50,2606.050841
,-28.0,50,2607.770991
,-21.0,50,2609.527076
,0.0,50,2611.301656
,-9.0,50,2612.966692
,-11.0,50,2614.752144
,-3.0,50,2616.524243
,-11.0,50,2618.292846
,-6.0,50,2618.560735
,-6.0,50,2618.851104
,-12.0,50,2619.118858
,-6.0,50,2619.39465
,-15.0,50,2619.662448
,-11.0,50,2619.929288
,-8.0,50,2620.201509
,-7.0,50,2620.486312
,-15.0,50,2620.749489
,-27.0,50,2621.106642
,-21.0,50,2622.87116
,-40.0,50,2624.563934
,-21.0,50,2626.33153
,-13.0,50,2628.115429
,-12.0,50,2629.819989
,-15.0,50,2631.588418
,-8.0,50,2633.318498
,-7.0,50,2635.057709
,-27.0,50,2636.810853
,0.0,50,2638.598917
,-50.0,50,2640.327145
,-10.0,50,2642.101952
,-25.0,50,2643.829047
,-12.0,50,2645.585803
,-31.0,50,2647.320141
,-15.0,50,2649.112319
,-18.0,50,2650.889463
,-32.0,50,2652.633281
,-20.0,50,2654.354496
,-41.0,50,2656.103103
,-16.0,50,2657.898545
,-20.0,50,2659.587496
,-17.0,50,2661.395057
,-21.0,50,2663.08715
,-12.0,50,2664.851675
,-12.0,50,2666.591661
,-10.0,50,2668.342326
,-22.0,50,2670.094342
,-5.0,50,2671.876201
,-19.0,50,2673.655247
,-38.0,50,2675.428752
,-29.0,50,2677.169068
,-16.0,50,2678.8943
,-12.0,50,2680.610051
,-36.0,50,2682.379738
,0.0,50,2684.131535
,-21.0,50,2685.954087
,-26.0,50,2687.708786
,0.0,50,2689.46045
,-14.0,50,2691.247937
,-32.0,50,2692.992033
,-31.0,50,2694.741616
,-20.0,50,2696.4698
,-16.0,50,2698.228204
,-19.0,50,2699.982004
,-14.0,50,2701.719931
,-37.0,50,2703.5344
,-15.0,50,2705.308718
,-7.0,50,2707.031907
,-10.0,50,2708.825328
,-6.0,50,2709.107715
,-10.0,50,2709.362836
,-12.0,50,2709.644034
,-13.0,50,2709.918766
,-10.0,50,2710.176432
,-12.0,50,2710.453129
,-5.0,50,2710.729409
,-10.0,50,2710.978416
,-10.0,50,2711.25252
,-13.0,50,2711.60802
,-19.0,50,2713.344188
,-9.0,50,2715.104421
,-8.0,50,2716.862052
,-18.0,50,2718.631193
,-33.0,50,2720.34828
,-20.0,50,2722.112053
,-24.0,50,2723.868362
,-25.0,50,2725.658379
,-22.0,50,2727.411726
,-18.0,50,2729.145917
,-40.0,50,2730.887739
,-19.0,50,2732.647995
,-14.0,50,2734.417142
,-21.0,50,2736.136521
,-31.0,50,2737.920387
,-3.0,50,2739.683983
,-36.0,50,2741.42773
,-50.0,50,2743.24172
,-7.0,50,2744.994323
,-16.0,50,2746.732354
,-22.0,50,2748.444165
,-17.0,50,2750.209822
,0.0,50,2751.948013
,-9.0,50,2753.683425
,-7.0,50,2755.426374
,-9.0,50,2757.22067
,-18.0,50,2758.955558
,-28.0,50,2760.759584
,-9.0,50,2762.489743
,-24.0,50,2764.271581
,-23.0,50,2765.982876
,-38.0,50,2767.782617
,-30.0,50,2769.541892
,-15.0,50,2771.264178
,-12.0,50,2773.003189
,-9.0,50,2774.749819
,-10.0,50,2776.504766
,-10.0,50,2778.303618
,-15.0,50,2780.046061
,-28.0,50,2781.810619
,-29.0,50,2783.519123
,-9.0,50,2785.318899
,-16.0,50,2787.010979
,-25.0,50,2788.776679
,-30.0,50,2790.557071
,-11.0,50,2792.259745
,-50.0,50,2794.044359
,-22.0,50,2795.789961
,-17.0,50,2797.50737
,-5.0,50,2799.264379
,-7.0,50,2799.532152
,-12.0,50,2799.794869
,-14.0,50,2800.062546
,-13.0,50,2800.323957
,-7.0,50,2800.611669
,-12.0,50,2800.853928
,-14.0,50,2801.134201
,-15.0,50,2801.426859
,-8.0,50,2801.68789
,-12.0,50,2802.129594
,-13.0,50,2803.878616
,-11.0,50,2805.604709
,-39.0,50,2807.399958
,-16.0,50,2809.144827
,-11.0,50,2810.932212
,-15.0,50,2812.684525
,0.0,50,2814.422366
,-13.0,50,2816.19591
,-15.0,50,2817.930861
,-7.0,50,2819.684908
,-9.0,50,2821.486213
,-15.0,50,2823.204014
,0.0,50,2824.935024
,-22.0,50,2826.702642
,-14.0,50,2828.535764
,-16.0,50,2830.230927
,-8.0,50,2831.99273
,-18.0,50,2833.761341
,-17.0,50,2835.488226
,-27.0,50,2837.217126
,-30.0,50,2839.001836
,-11.0,50,2840.709833
,-19.0,50,2842.477968
,-28.0,50,2844.259655
,-31.0,50,2846.022058
,-41.0,50,2847.801141
,-27.0,50,2849.587453
,-29.0,50,2851.302684
,-4.0,50,2853.053227
,-24.0,50,2854.810602
,-16.0,50,2856.568807
,-50.0,50,2858.384281
,-21.0,50,2860.105462
,-15.0,50,2861.903258
,-20.0,50,2863.65208
,-18.0,50,2865.407731
,-10.0,50,2867.220914
,-27.0,50,2868.938166
,-13.0,50,2870.728015
,-37.0,50,2872.510195
,-20.0,50,2874.22115
,-21.0,50,2875.999207
,-9.0,50,2877.708155
,-19.0,50,2879.532808
,-14.0,50,2881.24589
,-9.0,50,2883.060184
,0.0,50,2884.804162
,-43.0,50,2886.591283
,-16.0,50,2888.307062
,-12.0,50,2890.062572
,-10.0,50,2890.316611
,-8.0,50,2890.60319
,-12.0,50,2890.873837
,-11.0,50,2891.155061
,-10.0,50,2891.424161
,-6.0,50,2891.684375
,-5.0,50,2891.956811
,-15.0,50,2892.20961
,-7.0,50,2892.49525
,-13.0,50,2892.939929
,-20.0,50,2894.687289
,-17.0,50,2896.392653
,-9.0,50,2898.209081
,-20.0,50,2899.98343
,-8.0,50,2901.692374
,-23.0,50,2903.495552
,-29.0,50,2905.258915
,-8.0,50,2906.974978
,-12.0,50,2908.782278
,-16.0,50,2910.490652
,-6.0,50,2912.236202
,-11.0,50,2914.009592
,-21.0,50,2915.798119
,-18.0,50,2917.541324
,-25.0,50,2919.306301
,-19.0,50,2921.059993
,-9.0,50,2922.817003
,-21.0,50,2924.607411
,-20.0,50,2926.351716
,-35.0,50,2928.08547
,-13.0,50,2929.875965
,0.0,50,2931.62857
,-16.0,50,2933.388719
,-27.0,50,2935.130687
,0.0,50,2936.89675
,-15.0,50,2938.623489
,-21.0,50,2940.454905
,-15.0,50,2942.181995
,-20.0,50,2943.964247
,-25.0,50,2945.727784
,-20.0,50,2947.55233
,0.0,50,2949.275964
,-22.0,50,2951.116364
,-21.0,50,2952.878544
,-10.0,50,2954.598412
,-16.0,50,2956.38125
,-18.0,50,2958.173334
,-34.0,50,2959.959822
,-37.0,50,2961.71515
,-11.0,50,2963.442678
,-20.0,50,2965.234393
,0.0,50,2966.986782
,-31.0,50,2968.770402
,-15.0,50,2970.5387
,-16.0,50,2972.336642
,-35.0,50,2974.090253
,-13.0,50,2975.836414
,-4.0,50,2977.64074
,-15.0,50,2979.402226
,0.0,50,2981.219822
,-9.0,50,2981.505467
,-10.0,50,2981.794619
,0.0,50,2982.073828
,-12.0,50,2982.359391
,-13.0,50,2982.645828
,-13.0,50,2982.908577
,0.0,50,2983.212744
,0.0,50,2983.507635
,-10.0,50,2983.772633
,-11.0,50,2984.079546
,-20.0,50,2985.807227
,-19.0,50,2987.570262
,-17.0,50,2989.32828
,-16.0,50,2991.078624
,-17.0,50,2992.846578
,0.0,50,2994.664167
,-12.0,50,2996.377446
,-17.0,50,2998.169355
,-24.0,50,2999.942065
,-32.0,50,3001.697118
,0.0,50,3003.485599
,-25.0,50,3005.263607
,-24.0,50,3007.011783
,-18.0,50,3008.783947
,-17.0,50,3010.540127
,-23.0,50,3012.280246
,-16.0,50,3014.113898
,-21.0,50,3015.869069
,0.0,50,3017.640406
,-16.0,50,3019.395827
,-34.0,50,3021.154445
,-30.0,50,3022.889483
,-12.0,50,3024.672698
,-16.0,50,3026.451021
,-8.0,50,3028.212555
,-14.0,50,3030.02954
,-10.0,50,3031.760101
,-31.0,50,3033.621455
,0.0,50,3035.360875
,-15.0,50,3037.109543
,-16.0,50,3038.923227
,-20.0,50,3040.668281
,0.0,50,3042.424396
,-25.0,50,3044.229181
,-18.0,50,3045.928939
,-13.0,50,3047.706891
,-17.0,50,3049.502692
,-14.0,50,3051.276435
,-16.0,50,3053.054479
,-18.0,50,3054.776166
,0.0,50,3056.532689
,-47.0,50,3058.333291
,-17.0,50,3060.082011
,-8.0,50,3061.868592
,-15.0,50,3063.60089
,-11.0,50,3065.3938
,-27.0,50,3067.153906
,-14.0,50,3068.955536
,-27.0,50,3070.737951
,-10.0,50,3072.461154
,-8.0,50,3072.739787
,-12.0,50,3073.015061
,-10.0,50,3073.284473
,-10.0,50,3073.566846
,-11.0,50,3073.835502
,-8.0,50,3074.09195
,-13.0,50,3074.37403
,-23.0,50,3074.678921
,-12.0,50,3074.985723
,-16.0,50,3075.312129
,-20.0,50,3077.036074
,-24.0,50,3078.83702
,-18.0,50,3080.595964
,-31.0,50,3082.455697
,-20.0,50,3084.174875
,-9.0,50,3085.939992
,-15.0,50,3087.76406
,-18.0,50,3089.559208
,-24.0,50,3091.311158
,-24.0,50,3093.028731
,-48.0,50,3094.849806
,-18.0,50,3096.582489
,-7.0,50,3098.386043
,-20.0,50,3100.110934
,-13.0,50,3101.918445
,-14.0,50,3103.70238
,-18.0,50,3105.409227
,-17.0,50,3107.202654
,-12.0,50,3108.959117
,-24.0,50,3110.716135
,-12.0,50,3112.476361
,-22.0,50,3114.264767
,-9.0,50,3116.042564
,-20.0,50,3117.796103
,-17.0,50,3119.599194
,-33.0,50,3121.398247
,-26.0,50,3123.128143
,-18.0,50,3124.895938
,-19.0,50,3126.687777
,0.0,50,3128.410868
,-12.0,50,3130.246289
,-15.0,50,3132.012877
,-11.0,50,3133.827583
,-17.0,50,3135.624632
,-30.0,50,3137.385342
,-46.0,50,3139.151376
,-16.0,50,3140.915001
,-11.0,50,3142.659912
,-9.0,50,3144.476436
,-10.0,50,3146.284344
,0.0,50,3148.12148
,-16.0,50,3149.907713
,-24.0,50,3151.653034
,0.0,50,3153.429925
,-13.0,50,3155.178007
,-11.0,50,3156.968844
,-12.0,50,3158.670485
,-23.0,50,3160.498517
,0.0,50,3162.288654
,-17.0,50,3164.05198
,0.0,50,3164.319555
,-11.0,50,3164.597148
,-10.0,50,3164.856294
,-9.0,50,3165.109422
,-10.0,50,3165.373717
,-8.0,50,3165.640322
,-11.0,50,3165.90591
,-23.0,50,3166.21258
,-4.0,50,3166.469895
,-21.0,50,3166.929333
,-19.0,50,3168.682276
,-11.0,50,3170.438561
,-18.0,50,3172.220954
,-24.0,50,3173.989643
,-12.0,50,3175.734753
,-18.0,50,3177.519474
,-16.0,50,3179.28249
,-5.0,50,3181.131297
,-29.0,50,3182.893996
,-35.0,50,3184.665707
,-43.0,50,3186.415391
,-27.0,50,3188.243623
,-18.0,50,3190.018626
,-7.0,50,3191.781393
,-12.0,50,3193.59442
,-18.0,50,3195.314731
,-10.0,50,3197.117837
,0.0,50,3198.935277
,-6.0,50,3200.719702
,-14.0,50,3202.488355
,-18.0,50,3204.250803
,-19.0,50,3205.999599
,-17.0,50,3207.752211
,-10.0,50,3209.570276
,-24.0,50,3211.376799
,-21.0,50,3213.134148
,-10.0,50,3214.943216
,-21.0,50,3216.689765
,-16.0,50,3218.435498
,-16.0,50,3220.234244
,-17.0,50,3222.029994
,-10.0,50,3223.783997
,-23.0,50,3225.511545
,-15.0,50,3227.303593
,-36.0,50,3229.072165
,-25.0,50,3230.818309
,-16.0,50,3232.593538
,-10.0,50,3234.377472
,-21.0,50,3236.171283
,0.0,50,3237.915261
,-11.0,50,3239.704154
,-15.0,50,3241.542544
,-38.0,50,3243.326664
,-17.0,50,3245.11971
,-17.0,50,3246.885208
,-16.0,50,3248.701258
,-10.0,50,3250.479852
,-5.0,50,3252.186039
,-4.0,50,3254.016546
,-6.0,50,3255.843367
,-11.0,50,3256.122113
,-16.0,50,3256.397732
,-15.0,50,3256.674727
,-18.0,50,3256.936264
,-12.0,50,3257.201274
,-9.0,50,3257.488584
,-11.0,50,3257.762404
,-19.0,50,3258.05355
,-12.0,50,3258.34573
,-12.0,50,3258.645244
,-11.0,50,3260.440097
,-20.0,50,3262.207944
,-19.0,50,3264.046035
,-18.0,50,3265.797295
,0.0,50,3267.581199
,-28.0,50,3269.395464
,-15.0,50,3271.166993
,-24.0,50,3272.974655
,-20.0,50,3274.811969
,-19.0,50,3276.556384
,-34.0,50,3278.386632
,-14.0,50,3280.203707
,-18.0,50,3281.971805
,-23.0,50,3283.726027
,-17.0,50,3285.532241
,-26.0,50,3287.296185
,-14.0,50,3289.081357
,-7.0,50,3290.894721
,-21.0,50,3292.69882
,0.0,50,3294.441275
,-9.0,50,3296.25885
,-18.0,50,3298.045295
,-17.0,50,3299.847113
,-17.0,50,3301.629436
,-11.0,50,3303.43553
,-31.0,50,3305.176884
,-14.0,50,3306.941946
,-15.0,50,3308.788829
,-24.0,50,3310.633453
,-42.0,50,3312.407557
,-18.0,50,3314.219396
,-10.0,50,3315.950177
,-14.0,50,3317.740188
,-25.0,50,3319.574132
,-31.0,50,3321.33068
,-5.0,50,3323.100867
,-12.0,50,3324.900485
,-30.0,50,3326.642343
,-14.0,50,3328.482567
,0.0,50,3330.25357
,-17.0,50,3332.043141
,-10.0,50,3333.818378
,-13.0,50,3335.620049
,-37.0,50,3337.368104
,-5.0,50,3339.137614
,-19.0,50,3340.949427
,-14.0,50,3342.714822
,0.0,50,3344.501124
,-16.0,50,3346.247947
,-11.0,50,3348.046685
,-12.0,50,3348.332954
,-23.0,50,3348.611052
,-14.0,50,3348.862972
,-13.0,50,3349.125813
,0.0,50,3349.391644
,-10.0,50,3349.657005
,-12.0,50,3349.952046
,-10.0,50,3350.215661
,-11.0,50,3350.503889
,-48.0,50,3350.852003
,-42.0,50,3352.606218
,-21.0,50,3354.418197
,-16.0,50,3356.190136
,-20.0,50,3357.967414
,-23.0,50,3359.741969
,-17.0,50,3361.575249
,-23.0,50,3363.345226
,-13.0,50,3365.101448
,-18.0,50,3366.8772
,-23.0,50,3368.68163
,-19.0,50,3370.497777
,-40.0,50,3372.305835
,-23.0,50,3374.029382
,-14.0,50,3375.803669
,-11.0,50,3377.600172
,-7.0,50,3379.373456
,-22.0,50,3381.161932
,-24.0,50,3383.05139
,-13.0,50,3384.758685
,-11.0,50,3386.596651
,-15.0,50,3388.319762
,-15.0,50,3390.111904
,-21.0,50,3391.862681
,-26.0,50,3393.705508
,-22.0,50,3395.433473
,0.0,50,3397.276325
,-29.0,50,3399.059258
,-20.0,50,3400.817593
,-16.0,50,3402.630851
,-29.0,50,3404.436471
,-26.0,50,3406.241314
,-13.0,50,3407.990133
,-20.0,50,3409.778604
,-10.0,50,3411.523823
,-21.0,50,3413.332824
,-20.0,50,3415.12303
,-15.0,50,3416.903657
,0.0,50,3418.703258
,-8.0,50,3420.520399
,-3.0,50,3422.304533
,-34.0,50,3424.113508
,-15.0,50,3425.892933
,-17.0,50,3427.702372
,-15.0,50,3429.497905
,-14.0,50,3431.208925
,-27.0,50,3433.04493
,-16.0,50,3434.836649
,-49.0,50,3436.604974
,-23.0,50,3438.452987
,-9.0,50,3440.211041
,-11.0,50,3440.468507
,-10.0,50,3440.738036
,-7.0,50,3441.021774
,-15.0,50,3441.277028
,-4.0,50,3441.554734
,-8.0,50,3441.841122
,-9.0,50,3442.119813
,-12.0,50,3442.373448
,-9.0,50,3442.636804
,-19.0,50,3442.974547
,-23.0,50,3444.769541
,-6.0,50,3446.54411
,-24.0,50,3448.313172
,-12.0,50,3450.088319
,-17.0,50,3451.922529
,-9.0,50,3453.697493
,-15.0,50,3455.479181
,-11.0,50,3457.296421
,-16.0,50,3459.085894
,-17.0,50,3460.889821
,-13.0,50,3462.701766
,-10.0,50,3464.477146
,-47.0,50,3466.250046
,-42.0,50,3468.030181
,-16.0,50,3469.852345
,0.0,50,3471.637816
,-10.0,50,3473.434226
,-16.0,50,3475.289097
,-22.0,50,3477.08265
,-11.0,50,3478.79423
,-12.0,50,3480.670961
,0.0,50,3482.443789
,-14.0,50,3484.240314
,-21.0,50,3485.971479
,-8.0,50,3487.782559
,0.0,50,3489.62308
,-21.0,50,3491.42321
,-21.0,50,3493.255113
,-29.0,50,3495.046124
,-18.0,50,3496.849349
,-17.0,50,3498.66309
,-26.0,50,3500.425712
,-19.0,50,3502.242413
,-27.0,50,3504.101618
,-9.0,50,3505.828686
,-27.0,50,3507.675994
,-12.0,50,3509.47636
,-29.0,50,3511.271135
,-9.0,50,3513.090425
,-20.0,50,3514.882488
,-14.0,50,3516.653909
,-14.0,50,3518.435801
,-8.0,50,3520.286561
,-15.0,50,3522.062124
,-12.0,50,3523.795416
,-23.0,50,3525.587352
,-21.0,50,3527.403363
,-13.0,50,3529.219211
,-20.0,50,3531.002632
,-10.0,50,3532.799285
,-10.0,50,3533.062211
,-9.0,50,3533.325522
,-13.0,50,3533.591713
,-9.0,50,3533.862369
,-9.0,50,3534.120677
,-6.0,50,3534.397258
,-10.0,50,3534.671029
,0.0,50,3534.956181
,-14.0,50,3535.239069
