#{"t_start": 1583332161.6682544, "env_id": "FetchPush-v1"}
s,r,l,t
,-50.0,50,4.631958
,-50.0,50,6.496564
,-50.0,50,8.106507
,-50.0,50,9.731979
,-50.0,50,11.292687
,-50.0,50,12.900278
,-50.0,50,14.537911
,-50.0,50,16.135377
,-50.0,50,17.756726
,-50.0,50,19.335799
,-50.0,50,20.946011
,-50.0,50,22.533885
,-50.0,50,24.157473
,-50.0,50,25.748781
,-50.0,50,27.347084
,-50.0,50,28.919342
,-50.0,50,30.520456
,-50.0,50,32.14144
,-50.0,50,33.743317
,-50.0,50,35.36666
,-50.0,50,36.959397
,-50.0,50,38.575524
,-50.0,50,40.169942
,-50.0,50,41.813374
,-50.0,50,43.411384
,-50.0,50,45.02084
,-50.0,50,46.627828
,-50.0,50,48.230237
,-50.0,50,49.828321
,-50.0,50,51.429046
,-50.0,50,53.032011
,-50.0,50,54.657768
,-50.0,50,56.255952
,-50.0,50,57.906986
,-50.0,50,59.489345
,-50.0,50,61.071664
,-50.0,50,62.678665
,-50.0,50,64.312848
,-50.0,50,65.909907
,-50.0,50,67.522383
,-50.0,50,69.12902
,-50.0,50,70.759233
,-50.0,50,72.3547
,-50.0,50,73.947502
,0.0,50,75.565115
,-50.0,50,77.136988
,-50.0,50,78.732586
,-50.0,50,80.388979
,-50.0,50,81.992761
,-50.0,50,83.59866
,-50.0,50,85.222978
,-50.0,50,85.477572
,-50.0,50,85.761652
,-50.0,50,86.042055
,-50.0,50,86.301037
,-50.0,50,86.568188
,-50.0,50,86.836366
,-50.0,50,87.090617
,-50.0,50,87.366184
,-50.0,50,87.611922
,-50.0,50,88.03473
,-50.0,50,89.704814
,-50.0,50,91.303424
,-50.0,50,92.906887
,-50.0,50,94.534866
,-50.0,50,96.129974
,-50.0,50,97.719698
,-50.0,50,99.34187
,-50.0,50,100.989899
,-50.0,50,102.552009
,0.0,50,104.193806
,-50.0,50,105.814321
,-50.0,50,107.427263
,-50.0,50,109.044281
,-50.0,50,110.67107
,-50.0,50,112.243839
,0.0,50,113.868293
,-50.0,50,115.470608
,-50.0,50,117.124678
,-50.0,50,118.705144
,-50.0,50,120.328307
,-50.0,50,121.931161
,-50.0,50,123.552094
,-50.0,50,125.161579
,-50.0,50,126.78979
,-50.0,50,128.380432
,-50.0,50,130.019237
,-50.0,50,131.650468
,-50.0,50,133.27139
,-50.0,50,134.856055
,-50.0,50,136.468318
,-50.0,50,138.06622
,-50.0,50,139.709582
,-50.0,50,141.299416
,-50.0,50,142.929382
,-50.0,50,144.568859
,-50.0,50,146.16468
,-50.0,50,147.796122
,-50.0,50,149.384201
,-50.0,50,150.997565
,-50.0,50,152.580091
,-50.0,50,154.205714
,-50.0,50,155.850145
,-50.0,50,157.432366
,-50.0,50,159.103106
,-50.0,50,160.681555
,-50.0,50,162.303769
,-50.0,50,163.917467
,-50.0,50,165.54188
,-50.0,50,167.135918
,-50.0,50,168.776299
,-50.0,50,169.032746
,0.0,50,169.336342
,-50.0,50,169.608782
,-50.0,50,169.878782
,-50.0,50,170.158188
,-50.0,50,170.44253
,-50.0,50,170.717998
,-50.0,50,171.006327
,0.0,50,171.281643
,-50.0,50,171.597929
,-50.0,50,173.222926
,-50.0,50,174.826505
,-50.0,50,176.449814
,0.0,50,178.099598
,-50.0,50,179.744627
,0.0,50,181.346732
,-50.0,50,182.95541
,-50.0,50,184.550251
,-50.0,50,186.173512
,-50.0,50,187.801909
,-50.0,50,189.424807
,-50.0,50,191.049605
,-50.0,50,192.654382
,-50.0,50,194.287391
,-50.0,50,195.921887
,-50.0,50,197.558738
,-50.0,50,199.17248
,-50.0,50,200.838583
,-50.0,50,202.488513
,-50.0,50,204.079353
,-50.0,50,205.706723
,-50.0,50,207.331633
,-50.0,50,208.978869
,-50.0,50,210.628608
,0.0,50,212.302527
,-50.0,50,213.920717
,-50.0,50,215.526897
,-50.0,50,217.162637
,-50.0,50,218.798105
,-50.0,50,220.448972
,-50.0,50,222.058576
,-50.0,50,223.666979
,-50.0,50,225.300384
,-50.0,50,226.90806
,-50.0,50,228.520459
,-50.0,50,230.157043
,-50.0,50,231.776626
,-50.0,50,233.408259
,-50.0,50,235.013722
,-50.0,50,236.661136
,-50.0,50,238.242271
,-50.0,50,239.902515
,-50.0,50,241.511205
,-50.0,50,243.137353
,-50.0,50,244.755738
,-50.0,50,246.406423
,-50.0,50,248.027396
,-50.0,50,249.676746
,-50.0,50,251.283476
,-50.0,50,252.943862
,-50.0,50,253.22806
,-50.0,50,253.489753
,-50.0,50,253.76449
,-50.0,50,254.052892
,-50.0,50,254.310484
,-50.0,50,254.575245
,-50.0,50,254.847162
,-50.0,50,255.111732
,-50.0,50,255.401428
,-50.0,50,255.76097
,-50.0,50,257.437047
,-50.0,50,259.037663
,0.0,50,260.678452
,-42.0,50,262.340194
,-50.0,50,263.931647
,-50.0,50,265.591225
,-50.0,50,267.21677
,-50.0,50,268.851867
,-50.0,50,270.46491
,-50.0,50,272.141592
,-50.0,50,273.747724
,-50.0,50,275.403058
,-50.0,50,277.034086
,-50.0,50,278.658481
,-50.0,50,280.279042
,-50.0,50,281.899758
,-50.0,50,283.5351
,-50.0,50,285.196818
,-50.0,50,286.78457
,-50.0,50,288.478354
,-50.0,50,290.132555
,-50.0,50,291.755579
,-50.0,50,293.375018
,-50.0,50,295.016671
,-50.0,50,296.637393
,-50.0,50,298.291209
,-50.0,50,299.897404
,-50.0,50,301.567822
,-50.0,50,303.220647
,-50.0,50,304.842768
,-50.0,50,306.461726
,-50.0,50,308.088084
,-50.0,50,309.701135
,-50.0,50,311.311422
,-50.0,50,312.942392
,-50.0,50,314.606399
,-50.0,50,316.208055
,-50.0,50,317.840195
,-50.0,50,319.459156
,-50.0,50,321.111282
,-50.0,50,322.768948
,-50.0,50,324.39223
,-17.0,50,326.008452
,-50.0,50,327.629174
,-50.0,50,329.291433
,-50.0,50,330.983024
,-50.0,50,332.607009
,-50.0,50,334.260808
,-50.0,50,335.855242
,-46.0,50,337.539765
,-50.0,50,337.825765
,-50.0,50,338.101684
,-50.0,50,338.408256
,-50.0,50,338.669014
,-50.0,50,338.948447
,-50.0,50,339.231149
,-50.0,50,339.521569
,-50.0,50,339.784078
,-50.0,50,340.052005
,-50.0,50,340.360665
,-50.0,50,342.000113
,-50.0,50,343.64498
,0.0,50,345.294881
,-50.0,50,346.935336
,-50.0,50,348.570088
,-50.0,50,350.208935
,-50.0,50,351.897555
,-50.0,50,353.525758
,-50.0,50,355.150443
,-50.0,50,356.807473
,-50.0,50,358.439197
,-50.0,50,360.061984
,-50.0,50,361.721211
,-50.0,50,363.353521
,-50.0,50,365.012841
,-50.0,50,366.689153
,-50.0,50,368.302646
,-50.0,50,369.9207
,0.0,50,371.611496
,-50.0,50,373.24011
,-20.0,50,374.905648
,-22.0,50,376.58178
,-50.0,50,378.203502
,-50.0,50,379.832881
,-50.0,50,381.481877
,0.0,50,383.119526
,-50.0,50,384.758454
,-50.0,50,386.421273
,-50.0,50,388.024772
,-50.0,50,389.692886
,-50.0,50,391.338186
,-50.0,50,392.951667
,-50.0,50,394.586254
,-50.0,50,396.214702
,-50.0,50,397.857292
,-50.0,50,399.514835
,-50.0,50,401.186517
,-50.0,50,402.836909
,-50.0,50,404.485399
,-50.0,50,406.073236
,-50.0,50,407.734081
,0.0,50,409.37931
,-50.0,50,411.025398
,-24.0,50,412.683897
,-50.0,50,414.298368
,-50.0,50,415.936393
,-50.0,50,417.578386
,-50.0,50,419.263551
,-50.0,50,420.907894
,-50.0,50,422.615592
,-50.0,50,422.904758
,-50.0,50,423.156252
,-50.0,50,423.42136
,0.0,50,423.683336
,-50.0,50,423.96238
,-50.0,50,424.266291
,-50.0,50,424.582266
,-50.0,50,424.866339
,-50.0,50,425.146887
,-50.0,50,425.391199
,-50.0,50,427.075957
,-50.0,50,428.71624
,-50.0,50,430.36288
,-50.0,50,431.976448
,-50.0,50,433.653577
,-50.0,50,435.291085
,-11.0,50,436.937206
,-50.0,50,438.616037
,-50.0,50,440.288633
,-50.0,50,441.952995
,-50.0,50,443.596966
,-50.0,50,445.243089
,-31.0,50,446.925421
,-50.0,50,448.543296
,-50.0,50,450.163874
,-50.0,50,451.847287
,-50.0,50,453.485958
,-50.0,50,455.088429
,-50.0,50,456.732082
,-50.0,50,458.433637
,0.0,50,460.094227
,-50.0,50,461.721731
,-50.0,50,463.347838
,-50.0,50,465.041521
,-50.0,50,466.667854
,-50.0,50,468.346511
,-50.0,50,469.974837
,-50.0,50,471.630661
,-50.0,50,473.27229
,-50.0,50,474.874016
,-50.0,50,476.558989
,-50.0,50,478.213872
,0.0,50,479.850083
,-50.0,50,481.502773
,-50.0,50,483.173188
,-50.0,50,484.795097
,-50.0,50,486.423416
,-50.0,50,488.083393
,-50.0,50,489.73731
,-50.0,50,491.373839
,-32.0,50,493.02533
,-50.0,50,494.684472
,-50.0,50,496.309018
,0.0,50,497.963145
,-50.0,50,499.628034
,-50.0,50,501.224146
,0.0,50,502.882563
,-50.0,50,504.563635
,-50.0,50,506.209012
,-50.0,50,507.914619
,-50.0,50,508.190414
,-50.0,50,508.481981
,-50.0,50,508.757997
,-50.0,50,509.038441
,-50.0,50,509.320523
,-50.0,50,509.593943
,-50.0,50,509.868161
,-50.0,50,510.136507
,-50.0,50,510.380621
,-50.0,50,510.741479
,-50.0,50,512.401387
,-50.0,50,514.033739
,-50.0,50,515.721217
,-50.0,50,517.326934
,-50.0,50,518.963423
,-50.0,50,520.658478
,-50.0,50,522.299302
,-50.0,50,523.929375
,-34.0,50,525.582563
,-50.0,50,527.184172
,-50.0,50,528.89535
,0.0,50,530.506471
,-50.0,50,532.246996
,-50.0,50,533.890125
,-50.0,50,535.502156
,-50.0,50,537.191015
,-50.0,50,538.85353
,-50.0,50,540.528139
,-50.0,50,542.182315
,-50.0,50,543.808868
,-50.0,50,545.48749
,-50.0,50,547.106726
,-46.0,50,548.775554
,-50.0,50,550.406246
,-50.0,50,552.068563
,-6.0,50,553.714556
,-50.0,50,555.383565
,-50.0,50,557.011563
,-50.0,50,558.667874
,-50.0,50,560.31624
,-50.0,50,561.928064
,-47.0,50,563.592111
,-50.0,50,565.251827
,-50.0,50,566.929272
,-50.0,50,568.548407
,-50.0,50,570.219891
,-50.0,50,571.836075
,-7.0,50,573.502148
,-50.0,50,575.187918
,-50.0,50,576.810575
,-30.0,50,578.504323
,-50.0,50,580.170033
,-50.0,50,581.827239
,-50.0,50,583.459881
,-50.0,50,585.128731
,-24.0,50,586.782633
,-50.0,50,588.469273
,-21.0,50,590.148488
,-20.0,50,591.817305
,-50.0,50,593.440823
,-50.0,50,593.719506
,-50.0,50,593.998598
,-20.0,50,594.267675
,-50.0,50,594.539879
,-50.0,50,594.849733
,-50.0,50,595.119382
,-21.0,50,595.411063
,0.0,50,595.659923
,-50.0,50,595.933606
,-50.0,50,596.295876
,-50.0,50,597.97341
,-34.0,50,599.675084
,-50.0,50,601.28861
,-50.0,50,602.972958
,-50.0,50,604.618202
,-50.0,50,606.294203
,-50.0,50,607.955803
,-50.0,50,609.596961
,-50.0,50,611.228736
,-50.0,50,612.928757
,-48.0,50,614.544165
,-50.0,50,616.213113
,-5.0,50,617.887063
,-50.0,50,619.544565
,-50.0,50,621.161014
,-50.0,50,622.845517
,-50.0,50,624.458195
,-50.0,50,626.156382
,-50.0,50,627.795688
,-50.0,50,629.467843
,-50.0,50,631.09261
,-50.0,50,632.772185
,-50.0,50,634.451093
,0.0,50,636.102524
,-12.0,50,637.754407
,-50.0,50,639.425653
,-50.0,50,641.055493
,0.0,50,642.714301
,-31.0,50,644.385473
,-50.0,50,645.998795
,-50.0,50,647.655416
,-50.0,50,649.319559
,-41.0,50,650.967007
,-50.0,50,652.622691
,-31.0,50,654.304889
,-22.0,50,655.932296
,-12.0,50,657.587126
,-50.0,50,659.288989
,-50.0,50,660.939146
,-50.0,50,662.590641
,-50.0,50,664.281261
,-19.0,50,665.95221
,-50.0,50,667.556963
,-50.0,50,669.21503
,-10.0,50,670.87985
,-14.0,50,672.527528
,-50.0,50,674.213892
,-48.0,50,675.860178
,-50.0,50,677.551048
,-11.0,50,679.185904
,-50.0,50,679.498531
,-50.0,50,679.752008
,-50.0,50,680.065891
,-50.0,50,680.335808
,-50.0,50,680.60074
,-7.0,50,680.898616
,-50.0,50,681.14584
,0.0,50,681.425964
,-32.0,50,681.700589
,-28.0,50,682.067927
,-17.0,50,683.764074
,-50.0,50,685.397474
,-50.0,50,687.062162
,-25.0,50,688.723832
,-50.0,50,690.399104
,-50.0,50,692.055911
,-50.0,50,693.722541
,-18.0,50,695.356491
,-42.0,50,697.013177
,-50.0,50,698.688194
,-24.0,50,700.367282
,-50.0,50,701.988445
,-15.0,50,703.650851
,-50.0,50,705.304768
,-33.0,50,706.963161
,-50.0,50,708.636994
,-50.0,50,710.301853
,-50.0,50,711.906625
,-8.0,50,713.589611
,-33.0,50,715.216791
,-50.0,50,716.962448
,-23.0,50,718.601556
,-20.0,50,720.23049
,-50.0,50,721.910936
,-50.0,50,723.536019
,-7.0,50,725.214023
,-50.0,50,726.878783
,-46.0,50,728.538792
,-50.0,50,730.217532
,0.0,50,731.86224
,-50.0,50,733.531956
,-50.0,50,735.21401
,0.0,50,736.82826
,-50.0,50,738.548314
,-50.0,50,740.202627
,-50.0,50,741.857754
,-20.0,50,743.511307
,-15.0,50,745.149062
,-13.0,50,746.824775
,-9.0,50,748.489501
,0.0,50,750.150517
,-20.0,50,751.823403
,-50.0,50,753.521167
,-50.0,50,755.156008
,-47.0,50,756.834322
,-50.0,50,758.483595
,-50.0,50,760.164966
,-21.0,50,761.808989
,-50.0,50,763.477832
,-50.0,50,765.136566
,0.0,50,765.409686
,-7.0,50,765.660579
,0.0,50,765.898636
,-8.0,50,766.173954
,-14.0,50,766.445477
,-50.0,50,766.737458
,-50.0,50,767.02386
,-14.0,50,767.280121
,-11.0,50,767.575644
,-50.0,50,767.950539
,-9.0,50,769.607219
,-50.0,50,771.297847
,-50.0,50,772.93733
,-50.0,50,774.62666
,-21.0,50,776.262434
,-50.0,50,777.936114
,0.0,50,779.550687
,-25.0,50,781.279626
,-42.0,50,782.909621
,0.0,50,784.577692
,-17.0,50,786.295593
,-22.0,50,787.965325
,-11.0,50,789.585599
,-48.0,50,791.267278
,0.0,50,792.881041
,0.0,50,794.5882
,-11.0,50,796.243381
,-12.0,50,797.912419
,-50.0,50,799.543976
,-17.0,50,801.19289
,-27.0,50,802.848312
,-27.0,50,804.507737
,-13.0,50,806.20401
,-21.0,50,807.835015
,-19.0,50,809.491543
,-50.0,50,811.194585
,-42.0,50,812.835894
,0.0,50,814.493039
,-50.0,50,816.155594
,-20.0,50,817.813897
,-9.0,50,819.512091
,-16.0,50,821.156052
,-50.0,50,822.821031
,-36.0,50,824.484786
,-31.0,50,826.167839
,-24.0,50,827.857121
,-15.0,50,829.460556
,0.0,50,831.191213
,-38.0,50,832.816249
,0.0,50,834.457612
,-50.0,50,836.149047
,-50.0,50,837.81374
,-6.0,50,839.463542
,-50.0,50,841.154337
,-12.0,50,842.806066
,-50.0,50,844.488122
,-46.0,50,846.131969
,-45.0,50,847.822057
,-13.0,50,849.430308
,-9.0,50,851.152138
,-17.0,50,851.427955
,0.0,50,851.702738
,-2.0,50,851.998238
,0.0,50,852.312272
,-23.0,50,852.629002
,0.0,50,852.924755
,-50.0,50,853.219158
,-22.0,50,853.488446
,-8.0,50,853.729353
,-22.0,50,854.017453
,-11.0,50,855.642181
,-50.0,50,857.314361
,-18.0,50,858.966063
,-48.0,50,860.65499
,-47.0,50,862.29754
,-36.0,50,863.979052
,-18.0,50,865.637641
,-43.0,50,867.301142
,-42.0,50,868.986955
,-50.0,50,870.725729
,-49.0,50,872.370491
,0.0,50,874.047622
,-12.0,50,875.702517
,-23.0,50,877.3481
,-31.0,50,879.023641
,-18.0,50,880.69975
,-12.0,50,882.357809
,-24.0,50,884.032839
,-16.0,50,885.695969
,-50.0,50,887.393923
,-9.0,50,889.02265
,-14.0,50,890.727545
,-17.0,50,892.366118
,-15.0,50,894.004864
,-50.0,50,895.670448
,-50.0,50,897.310022
,-8.0,50,898.982524
,0.0,50,900.634804
,-36.0,50,902.315893
,-50.0,50,903.975733
,0.0,50,905.637216
,-50.0,50,907.297712
,-13.0,50,908.991077
,-20.0,50,910.612064
,-25.0,50,912.295363
,-50.0,50,913.962178
,-16.0,50,915.614314
,-25.0,50,917.29553
,-48.0,50,918.938294
,-40.0,50,920.592712
,-50.0,50,922.272986
,-28.0,50,924.032212
,-37.0,50,925.680364
,-50.0,50,927.356396
,-10.0,50,929.007602
,-28.0,50,930.651713
,-46.0,50,932.319984
,-19.0,50,934.006612
,-45.0,50,935.657755
,-8.0,50,937.327403
,-15.0,50,937.615427
,-15.0,50,937.888708
,-13.0,50,938.198877
,-8.0,50,938.48653
,-14.0,50,938.775385
,-50.0,50,939.060168
,-4.0,50,939.324199
,-10.0,50,939.601605
,-11.0,50,939.848697
,-10.0,50,940.201325
,0.0,50,941.857943
,-16.0,50,943.531711
,-18.0,50,945.211445
,0.0,50,946.85693
,-14.0,50,948.544692
,-30.0,50,950.196839
,-46.0,50,951.863107
,-48.0,50,953.578164
,-21.0,50,955.239908
,-12.0,50,956.848959
,-21.0,50,958.527811
,0.0,50,960.206005
,-42.0,50,961.864264
,-50.0,50,963.53315
,-36.0,50,965.197936
,-19.0,50,966.873791
,-15.0,50,968.539207
,-24.0,50,970.189474
,-38.0,50,971.870245
,-50.0,50,973.54873
,-19.0,50,975.207625
,-50.0,50,976.853324
,-25.0,50,978.527921
,-13.0,50,980.224332
,-47.0,50,981.886731
,-14.0,50,983.579258
,0.0,50,985.250771
,-15.0,50,986.923502
,-6.0,50,988.600212
,-29.0,50,990.266453
,-23.0,50,991.942346
,-21.0,50,993.608991
,0.0,50,995.290846
,-15.0,50,996.986869
,-15.0,50,998.629838
,-14.0,50,1000.344874
,0.0,50,1001.994097
,-16.0,50,1003.708281
,-35.0,50,1005.327122
,-15.0,50,1007.011719
,-35.0,50,1008.683909
,-29.0,50,1010.329238
,-7.0,50,1012.021299
,-35.0,50,1013.694051
,-47.0,50,1015.371956
,-20.0,50,1017.050988
,-6.0,50,1018.735619
,-26.0,50,1020.41779
,-8.0,50,1022.038926
,-29.0,50,1023.752588
,-7.0,50,1024.024793
,-4.0,50,1024.273847
,-11.0,50,1024.544617
,-9.0,50,1024.816376
,-12.0,50,1025.111237
,-13.0,50,1025.376599
,-10.0,50,1025.636347
,-4.0,50,1025.908046
,-14.0,50,1026.183501
,-50.0,50,1026.529473
,0.0,50,1028.216273
,-43.0,50,1029.816872
,-25.0,50,1031.496837
,-28.0,50,1033.193157
,-14.0,50,1034.871476
,-47.0,50,1036.547496
,-16.0,50,1038.194211
,-16.0,50,1039.861483
,-13.0,50,1041.491549
,0.0,50,1043.210467
,-16.0,50,1044.849429
,-50.0,50,1046.600879
,-16.0,50,1048.22308
,-12.0,50,1049.881844
,-24.0,50,1051.604761
,-34.0,50,1053.269252
,-13.0,50,1054.954315
,-17.0,50,1056.586052
,-15.0,50,1058.249201
,-47.0,50,1059.946324
,-13.0,50,1061.623727
,-9.0,50,1063.283147
,-21.0,50,1064.946623
,-33.0,50,1066.65869
,-34.0,50,1068.369552
,-21.0,50,1069.988369
,-17.0,50,1071.662261
,-45.0,50,1073.377208
,-12.0,50,1075.053256
,-46.0,50,1076.713473
,-15.0,50,1078.371245
,-4.0,50,1080.037828
,-15.0,50,1081.713337
,-22.0,50,1083.389557
,-45.0,50,1085.040128
,-10.0,50,1086.746746
,-22.0,50,1088.404652
,-12.0,50,1090.103072
,-50.0,50,1091.77668
,-13.0,50,1093.409911
,-21.0,50,1095.126433
,-9.0,50,1096.761247
,-11.0,50,1098.440089
,-11.0,50,1100.148027
,-31.0,50,1101.817214
,-8.0,50,1103.479481
,-30.0,50,1105.139286
,0.0,50,1106.825951
,-31.0,50,1108.502411
,-10.0,50,1110.182319
,-6.0,50,1110.466198
,-10.0,50,1110.729531
,-12.0,50,1111.006862
,-13.0,50,1111.277916
,-10.0,50,1111.577165
,-9.0,50,1111.849882
,-47.0,50,1112.120896
,-11.0,50,1112.390275
,-12.0,50,1112.643984
,0.0,50,1112.997735
,-6.0,50,1114.664613
,-31.0,50,1116.364818
,-20.0,50,1118.018498
,-15.0,50,1119.692861
,-23.0,50,1121.344582
,-9.0,50,1123.046088
,-15.0,50,1124.736438
,0.0,50,1126.39111
,-15.0,50,1128.063875
,-23.0,50,1129.701263
,-28.0,50,1131.424703
,-16.0,50,1133.077739
,-22.0,50,1134.743664
,-16.0,50,1136.414623
,-47.0,50,1138.098457
,-9.0,50,1139.740705
,0.0,50,1141.422202
,-28.0,50,1143.12986
,-16.0,50,1144.775027
,-33.0,50,1146.47297
,0.0,50,1148.1357
,-16.0,50,1149.819514
,-31.0,50,1151.495572
,-46.0,50,1153.189394
,-21.0,50,1154.891384
,-29.0,50,1156.53874
,-41.0,50,1158.2359
,-9.0,50,1159.896401
,-28.0,50,1161.539786
,-27.0,50,1163.194755
,-17.0,50,1164.879594
,-23.0,50,1166.554748
,-50.0,50,1168.256326
,-13.0,50,1169.926846
,-41.0,50,1171.594632
,-17.0,50,1173.261959
,-19.0,50,1174.93969
,-23.0,50,1176.588849
,-12.0,50,1178.309648
,-18.0,50,1179.951252
,-32.0,50,1181.681553
,-16.0,50,1183.313974
,-7.0,50,1184.987996
,-12.0,50,1186.676556
,0.0,50,1188.354528
,-9.0,50,1190.052011
,-15.0,50,1191.685221
,-11.0,50,1193.379705
,-50.0,50,1195.044987
,-13.0,50,1196.727335
,-9.0,50,1197.01369
,-7.0,50,1197.279689
,-9.0,50,1197.562519
,-12.0,50,1197.830749
,-10.0,50,1198.130117
,-24.0,50,1198.410034
,-9.0,50,1198.683064
,-15.0,50,1198.952647
,-10.0,50,1199.232715
,-30.0,50,1199.638935
,-10.0,50,1201.350115
,-50.0,50,1202.962048
,-18.0,50,1204.660093
,-28.0,50,1206.358725
,-15.0,50,1208.024665
,-44.0,50,1209.689946
,-18.0,50,1211.370435
,-34.0,50,1213.062536
,-9.0,50,1214.714107
,-20.0,50,1216.410323
,-20.0,50,1218.063868
,-6.0,50,1219.812392
,-17.0,50,1221.462013
,-18.0,50,1223.175848
,-11.0,50,1224.853351
,-22.0,50,1226.539614
,-47.0,50,1228.187109
,-23.0,50,1229.862859
,-16.0,50,1231.527742
,-16.0,50,1233.273447
,-13.0,50,1234.908876
,-16.0,50,1236.577775
,-12.0,50,1238.310349
,-8.0,50,1239.935591
,-16.0,50,1241.653982
,0.0,50,1243.33354
,-10.0,50,1245.014795
,0.0,50,1246.640858
,0.0,50,1248.348627
,-19.0,50,1249.979509
,-12.0,50,1251.693839
,-29.0,50,1253.373128
,-15.0,50,1255.058669
,-21.0,50,1256.765708
,-7.0,50,1258.416703
,-22.0,50,1260.05463
,-17.0,50,1261.762162
,-42.0,50,1263.48981
,-15.0,50,1265.109206
,-32.0,50,1266.808533
,0.0,50,1268.491462
,-23.0,50,1270.166538
,-10.0,50,1271.850041
,-10.0,50,1273.560333
,-12.0,50,1275.22686
,-8.0,50,1276.910581
,-20.0,50,1278.580222
,-16.0,50,1280.250955
,-50.0,50,1281.899204
,-12.0,50,1283.616326
,-11.0,50,1283.897545
,-13.0,50,1284.175022
,-9.0,50,1284.455128
,-11.0,50,1284.746237
,-9.0,50,1285.025371
,-19.0,50,1285.297912
,-9.0,50,1285.561895
,-11.0,50,1285.831466
,-12.0,50,1286.111603
,-21.0,50,1286.462746
,-6.0,50,1288.149836
,-20.0,50,1289.785349
,-7.0,50,1291.478575
,0.0,50,1293.149277
,-18.0,50,1294.828802
,-24.0,50,1296.512331
,-37.0,50,1298.226331
,-11.0,50,1299.896366
,-41.0,50,1301.604532
,-32.0,50,1303.310137
,-14.0,50,1305.023648
,0.0,50,1306.678406
,-10.0,50,1308.336867
,-19.0,50,1310.038297
,-33.0,50,1311.702893
,-25.0,50,1313.401412
,-22.0,50,1315.10763
,-10.0,50,1316.765942
,-28.0,50,1318.434045
,-26.0,50,1320.158577
,-15.0,50,1321.887529
,-30.0,50,1323.577215
,-11.0,50,1325.245492
,-15.0,50,1326.915376
,-22.0,50,1328.598229
,-11.0,50,1330.307189
,-12.0,50,1331.973462
,-18.0,50,1333.660315
,-7.0,50,1335.330442
,-13.0,50,1337.050847
,-19.0,50,1338.836569
,-20.0,50,1340.506468
,-29.0,50,1342.183621
,-19.0,50,1343.868828
,-25.0,50,1345.555644
,-6.0,50,1347.238198
,-34.0,50,1348.900019
,-11.0,50,1350.62411
,-24.0,50,1352.331389
,-20.0,50,1353.982637
,-18.0,50,1355.70178
,-17.0,50,1357.386889
,-48.0,50,1359.059649
,-31.0,50,1360.786814
,-17.0,50,1362.432915
,-13.0,50,1364.145187
,-20.0,50,1365.806283
,-14.0,50,1367.518421
,-14.0,50,1369.20275
,-7.0,50,1370.891431
,-14.0,50,1371.155445
,-5.0,50,1371.426074
,0.0,50,1371.711884
,0.0,50,1372.014644
,-12.0,50,1372.291417
,-10.0,50,1372.559571
,-19.0,50,1372.839092
,-13.0,50,1373.107723
,-12.0,50,1373.38394
,-50.0,50,1373.742695
,-35.0,50,1375.388782
,-1.0,50,1377.063697
,-13.0,50,1378.776664
,-29.0,50,1380.465798
,-13.0,50,1382.174917
,-26.0,50,1383.876414
,-9.0,50,1385.524734
,-15.0,50,1387.196462
,0.0,50,1388.911978
,-10.0,50,1390.60845
,-24.0,50,1392.273291
,-21.0,50,1393.923573
,-17.0,50,1395.663133
,-27.0,50,1397.34301
,-10.0,50,1399.019044
,-15.0,50,1400.655116
,-28.0,50,1402.373436
,-33.0,50,1404.050945
,-50.0,50,1405.742399
,-10.0,50,1407.476902
,0.0,50,1409.143604
,-22.0,50,1410.818477
,-16.0,50,1412.54551
,-21.0,50,1414.187638
,-14.0,50,1415.90506
,-9.0,50,1417.589204
,-25.0,50,1419.307966
,-10.0,50,1420.981027
,-33.0,50,1422.672749
,-31.0,50,1424.381052
,-30.0,50,1426.076607
,-15.0,50,1427.791861
,-17.0,50,1429.457776
,-32.0,50,1431.200978
,-30.0,50,1432.912089
,-17.0,50,1434.609794
,-13.0,50,1436.241929
,-48.0,50,1437.972258
,-24.0,50,1439.664442
,-14.0,50,1441.357836
,-20.0,50,1443.053353
,-37.0,50,1444.758194
,-8.0,50,1446.444873
,-15.0,50,1448.122455
,-6.0,50,1449.814032
,-21.0,50,1451.47699
,-10.0,50,1453.13716
,-17.0,50,1454.850226
,-17.0,50,1456.524961
,-14.0,50,1458.25858
,-14.0,50,1458.533139
,-10.0,50,1458.792142
,-6.0,50,1459.06068
,-6.0,50,1459.345745
,-12.0,50,1459.61508
,-8.0,50,1459.916267
,-47.0,50,1460.183268
,-12.0,50,1460.454153
,-9.0,50,1460.726245
,-18.0,50,1461.070766
,-18.0,50,1462.772206
,-13.0,50,1464.470322
,-32.0,50,1466.148147
,-20.0,50,1467.87162
,-19.0,50,1469.548999
,-37.0,50,1471.236315
,-22.0,50,1472.911325
,0.0,50,1474.590154
,-21.0,50,1476.258128
,-11.0,50,1477.993003
,-39.0,50,1479.683302
,-10.0,50,1481.384573
,-27.0,50,1483.093242
,-26.0,50,1484.813198
,-19.0,50,1486.526815
,-22.0,50,1488.200966
,-29.0,50,1489.875204
,-34.0,50,1491.569253
,-11.0,50,1493.307386
,-19.0,50,1494.96735
,-46.0,50,1496.664021
,0.0,50,1498.39868
,-16.0,50,1500.047882
,0.0,50,1501.749581
,-20.0,50,1503.48146
,-18.0,50,1505.164132
,0.0,50,1506.83739
,-36.0,50,1508.558814
,-21.0,50,1510.244041
,-33.0,50,1511.983884
,0.0,50,1513.677192
,-23.0,50,1515.319648
,-13.0,50,1517.052927
,-41.0,50,1518.733551
,-18.0,50,1520.422665
,-24.0,50,1522.129426
,-34.0,50,1523.806967
,-16.0,50,1525.526094
,-11.0,50,1527.196008
,-20.0,50,1528.946396
,-38.0,50,1530.652003
,-41.0,50,1532.3401
,-28.0,50,1534.004658
,-14.0,50,1535.718584
,0.0,50,1537.407715
,-23.0,50,1539.152057
,-26.0,50,1540.822754
,-48.0,50,1542.542084
,-20.0,50,1544.223693
,-6.0,50,1545.945038
,-9.0,50,1546.220232
,-11.0,50,1546.498485
,-6.0,50,1546.760896
,-14.0,50,1547.047184
,-11.0,50,1547.331833
,-9.0,50,1547.61256
,-12.0,50,1547.890468
,-8.0,50,1548.179712
,-14.0,50,1548.44059
,-21.0,50,1548.802075
,-4.0,50,1550.456104
,-10.0,50,1552.179422
,-20.0,50,1553.894232
,-42.0,50,1555.5362
,-48.0,50,1557.24213
,-9.0,50,1558.973683
,-47.0,50,1560.687582
,-16.0,50,1562.352694
,-23.0,50,1564.044992
,-9.0,50,1565.745912
,-31.0,50,1567.422105
,-16.0,50,1569.142996
,-21.0,50,1570.845209
,-17.0,50,1572.550951
,-13.0,50,1574.227585
,-10.0,50,1575.961345
,-19.0,50,1577.638346
,-12.0,50,1579.315039
,-10.0,50,1581.035975
,-12.0,50,1582.740215
,-10.0,50,1584.46277
,-14.0,50,1586.11814
,-14.0,50,1587.833229
,-16.0,50,1589.513613
,-13.0,50,1591.25331
,-23.0,50,1592.928615
,-20.0,50,1594.646332
,-17.0,50,1596.336701
,-50.0,50,1598.060965
,-9.0,50,1599.757428
,-9.0,50,1601.448999
,-27.0,50,1603.128896
,0.0,50,1604.848025
,-11.0,50,1606.536201
,-19.0,50,1608.230218
,-9.0,50,1609.936043
,-18.0,50,1611.614519
,-15.0,50,1613.297547
,-22.0,50,1614.989881
,-34.0,50,1616.667661
,-24.0,50,1618.379609
,-26.0,50,1620.095845
,-10.0,50,1621.78231
,-25.0,50,1623.498069
,-14.0,50,1625.212202
,-28.0,50,1626.903412
,-20.0,50,1628.587429
,-50.0,50,1630.307048
,-17.0,50,1632.006919
,-14.0,50,1633.783003
,-12.0,50,1634.042613
,-10.0,50,1634.304188
,-5.0,50,1634.577674
,-15.0,50,1634.851907
,-9.0,50,1635.11536
,-7.0,50,1635.417109
,-10.0,50,1635.676004
,-11.0,50,1635.943827
,-7.0,50,1636.210412
,-35.0,50,1636.523587
,-6.0,50,1638.227212
,-20.0,50,1639.959873
,-25.0,50,1641.647672
,0.0,50,1643.358923
,-7.0,50,1645.032106
,-15.0,50,1646.746639
,-39.0,50,1648.47668
,-22.0,50,1650.15716
,-46.0,50,1651.816283
,-10.0,50,1653.523304
,-21.0,50,1655.246264
,-22.0,50,1656.97136
,-18.0,50,1658.711741
,0.0,50,1660.375553
,-19.0,50,1662.119464
,-12.0,50,1663.78954
,-13.0,50,1665.485203
,-31.0,50,1667.175223
,-12.0,50,1668.881333
,-46.0,50,1670.616268
,-46.0,50,1672.328515
,-25.0,50,1674.014432
,0.0,50,1675.706869
,-12.0,50,1677.3901
,-12.0,50,1679.100475
,-18.0,50,1680.854384
,-9.0,50,1682.519845
,-11.0,50,1684.225352
,-12.0,50,1685.897232
,-24.0,50,1687.636512
,-21.0,50,1689.294092
,-16.0,50,1691.053139
,-11.0,50,1692.71473
,-23.0,50,1694.469376
,-4.0,50,1696.139597
,-26.0,50,1697.85811
,-25.0,50,1699.515282
,-14.0,50,1701.28696
,-15.0,50,1702.942128
,-12.0,50,1704.653518
,0.0,50,1706.363501
,-37.0,50,1708.049457
,-19.0,50,1709.772527
,-10.0,50,1711.450723
,-14.0,50,1713.157783
,-11.0,50,1714.845574
,0.0,50,1716.549832
,-49.0,50,1718.251784
,-15.0,50,1719.959296
,-15.0,50,1721.674589
,-6.0,50,1721.958356
,-12.0,50,1722.220582
,-9.0,50,1722.486825
,-4.0,50,1722.786403
,-13.0,50,1723.058899
,-23.0,50,1723.321052
,0.0,50,1723.586534
,-9.0,50,1723.867117
,-11.0,50,1724.143559
,-22.0,50,1724.505595
,-20.0,50,1726.159937
,-11.0,50,1727.901609
,-21.0,50,1729.625953
,-40.0,50,1731.305719
,-15.0,50,1733.024947
,-17.0,50,1734.718071
,0.0,50,1736.427382
,-22.0,50,1738.157601
,-11.0,50,1739.848731
,-7.0,50,1741.5723
,-18.0,50,1743.259691
,-7.0,50,1744.938054
,-16.0,50,1746.662695
,-19.0,50,1748.395374
,-5.0,50,1750.134135
,-14.0,50,1751.798187
,-7.0,50,1753.552807
,-10.0,50,1755.21172
,-21.0,50,1756.958208
,-24.0,50,1758.645232
,-32.0,50,1760.383911
,-19.0,50,1762.087457
,-16.0,50,1763.774952
,0.0,50,1765.515842
,-8.0,50,1767.204503
,-19.0,50,1768.907867
,-32.0,50,1770.592757
,-16.0,50,1772.342907
,-30.0,50,1774.029624
,-25.0,50,1775.754368
,-12.0,50,1777.4648
,-33.0,50,1779.158367
,-12.0,50,1780.900973
,-30.0,50,1782.591298
,-29.0,50,1784.302099
,-20.0,50,1785.992677
,0.0,50,1787.668633
,-21.0,50,1789.415388
,-34.0,50,1791.099511
,-9.0,50,1792.81815
,-24.0,50,1794.504234
,-19.0,50,1796.218355
,-22.0,50,1797.958282
,-15.0,50,1799.643562
,-12.0,50,1801.310643
,-47.0,50,1803.020382
,-38.0,50,1804.754714
,-11.0,50,1806.4824
,-26.0,50,1808.178748
,-8.0,50,1809.945406
,-21.0,50,1810.224878
,-9.0,50,1810.52
,-11.0,50,1810.785199
,-25.0,50,1811.089793
,-9.0,50,1811.373061
,-10.0,50,1811.642498
,-9.0,50,1811.917123
,-10.0,50,1812.196207
,-5.0,50,1812.420176
,-8.0,50,1812.708127
,-18.0,50,1814.428242
,-17.0,50,1816.118283
,-33.0,50,1817.818596
,-21.0,50,1819.538506
,-15.0,50,1821.222985
,-27.0,50,1822.948664
,-13.0,50,1824.67157
,-8.0,50,1826.362963
,-13.0,50,1828.058271
,-16.0,50,1829.756863
,0.0,50,1831.503496
,-27.0,50,1833.232198
,-26.0,50,1834.953184
,-22.0,50,1836.608186
,-25.0,50,1838.286544
,-11.0,50,1840.043213
,-14.0,50,1841.734746
,-17.0,50,1843.427391
,-25.0,50,1845.204643
,-36.0,50,1846.901157
,-46.0,50,1848.617584
,-45.0,50,1850.31273
,-14.0,50,1852.017973
,-43.0,50,1853.760127
,-14.0,50,1855.430329
,-38.0,50,1857.122809
,-8.0,50,1858.870523
,-9.0,50,1860.57693
,-8.0,50,1862.29999
,-24.0,50,1864.015793
,-14.0,50,1865.763522
,-21.0,50,1867.525468
,-23.0,50,1869.226027
,-7.0,50,1870.894127
,-34.0,50,1872.625464
,-23.0,50,1874.385443
,-10.0,50,1876.11603
,-15.0,50,1877.837354
,-16.0,50,1879.560423
,-15.0,50,1881.223284
,-50.0,50,1882.983325
,-5.0,50,1884.697102
,-37.0,50,1886.438177
,-19.0,50,1888.112651
,-39.0,50,1889.835338
,-15.0,50,1891.561719
,-16.0,50,1893.265715
,-27.0,50,1894.983231
,-15.0,50,1896.696324
,-14.0,50,1898.436418
,0.0,50,1898.718856
,-6.0,50,1898.995874
,-8.0,50,1899.268255
,-13.0,50,1899.530222
,0.0,50,1899.797657
,-11.0,50,1900.057706
,0.0,50,1900.344077
,-12.0,50,1900.611269
,-9.0,50,1900.863659
,-11.0,50,1901.203022
,-14.0,50,1902.940924
,-26.0,50,1904.633507
,-12.0,50,1906.304948
,-15.0,50,1908.06998
,-18.0,50,1909.77054
,-34.0,50,1911.458595
,-27.0,50,1913.183938
,-11.0,50,1914.929256
,-23.0,50,1916.646698
,-5.0,50,1918.304686
,-10.0,50,1920.059061
,-15.0,50,1921.763253
,-19.0,50,1923.464697
,-7.0,50,1925.203555
,-19.0,50,1926.891115
,-19.0,50,1928.640107
,-26.0,50,1930.339489
,-17.0,50,1932.073114
,-26.0,50,1933.774542
,-19.0,50,1935.504876
,-4.0,50,1937.213771
,0.0,50,1938.929629
,-17.0,50,1940.688028
,0.0,50,1942.367957
,0.0,50,1944.118103
,-11.0,50,1945.819983
,-12.0,50,1947.531004
,-7.0,50,1949.230001
,-20.0,50,1950.971889
,-22.0,50,1952.669446
,-21.0,50,1954.423076
,-11.0,50,1956.125923
,-12.0,50,1957.89679
,-12.0,50,1959.549015
,-4.0,50,1961.301929
,-8.0,50,1962.992231
,-12.0,50,1964.754877
,-18.0,50,1966.476483
,-33.0,50,1968.171671
,-13.0,50,1969.906992
,-14.0,50,1971.614076
,-24.0,50,1973.304102
,-13.0,50,1975.031893
,-15.0,50,1976.731241
,-8.0,50,1978.395444
,-22.0,50,1980.167637
,-10.0,50,1981.871256
,-16.0,50,1983.574728
,-12.0,50,1985.269058
,-10.0,50,1986.997737
,-9.0,50,1987.262845
,-41.0,50,1987.548818
,-9.0,50,1987.82041
,-10.0,50,1988.100906
,-6.0,50,1988.396544
,0.0,50,1988.676168
,-1.0,50,1988.957199
,-7.0,50,1989.236448
,-12.0,50,1989.504745
,-23.0,50,1989.814257
,0.0,50,1991.503733
,-22.0,50,1993.225287
,-16.0,50,1994.95068
,0.0,50,1996.726543
,-20.0,50,1998.423066
,-8.0,50,2000.092282
,-19.0,50,2001.839221
,-13.0,50,2003.529619
,-11.0,50,2005.275521
,-4.0,50,2006.949479
,-29.0,50,2008.72367
,-37.0,50,2010.414806
,-16.0,50,2012.156353
,-20.0,50,2013.873621
,-24.0,50,2015.644537
,-11.0,50,2017.336127
,0.0,50,2019.05636
,-20.0,50,2020.802344
,-26.0,50,2022.52207
,-16.0,50,2024.266592
,0.0,50,2025.952546
,0.0,50,2027.642632
,-19.0,50,2029.366157
,-7.0,50,2031.086462
,-9.0,50,2032.822651
,-37.0,50,2034.57349
,-24.0,50,2036.293717
,-30.0,50,2037.988065
,-11.0,50,2039.746189
,-18.0,50,2041.463516
,-23.0,50,2043.150265
,-12.0,50,2044.909491
,-5.0,50,2046.616294
,-22.0,50,2048.316937
,-24.0,50,2050.063768
,-30.0,50,2051.744706
,-41.0,50,2053.464164
,-4.0,50,2055.191339
,-27.0,50,2056.894865
,-23.0,50,2058.613365
,-9.0,50,2060.386507
,-16.0,50,2062.091524
,-12.0,50,2063.817458
,-16.0,50,2065.498959
,-20.0,50,2067.216041
,-18.0,50,2068.977157
,-9.0,50,2070.666189
,-21.0,50,2072.386847
,-21.0,50,2074.059395
,-4.0,50,2075.828644
,-7.0,50,2076.096387
,0.0,50,2076.359042
,0.0,50,2076.674415
,-6.0,50,2076.959698
,-10.0,50,2077.225032
,-8.0,50,2077.498832
,-8.0,50,2077.803457
,0.0,50,2078.081568
,-9.0,50,2078.355507
,-32.0,50,2078.657962
,-8.0,50,2080.355093
,-21.0,50,2082.156086
,-18.0,50,2083.872622
,-28.0,50,2085.563485
,-25.0,50,2087.362081
,-26.0,50,2089.053801
,-26.0,50,2090.76525
,-13.0,50,2092.50814
,-7.0,50,2094.226062
,0.0,50,2095.968696
,-10.0,50,2097.690099
,-10.0,50,2099.374334
,-50.0,50,2101.115974
,-31.0,50,2102.847237
,-22.0,50,2104.601146
,-22.0,50,2106.318402
,0.0,50,2108.010989
,-14.0,50,2109.785035
,-19.0,50,2111.489716
,-20.0,50,2113.207825
,-11.0,50,2114.91844
,-13.0,50,2116.687832
,-19.0,50,2118.385098
,-21.0,50,2120.087863
,-33.0,50,2121.857501
,-12.0,50,2123.591326
,0.0,50,2125.304479
,-17.0,50,2127.024481
,-23.0,50,2128.720901
,-25.0,50,2130.476126
,-27.0,50,2132.185797
,-24.0,50,2133.96807
,-29.0,50,2135.677909
,-10.0,50,2137.432803
,0.0,50,2139.112565
,-15.0,50,2140.882682
,-16.0,50,2142.579003
,-9.0,50,2144.335377
,-36.0,50,2146.03471
,-12.0,50,2147.758082
,-26.0,50,2149.493989
,-20.0,50,2151.246328
,-14.0,50,2153.004567
,-29.0,50,2154.72903
,-16.0,50,2156.417594
,-23.0,50,2158.159827
,-20.0,50,2159.84411
,-33.0,50,2161.590017
,-14.0,50,2163.300318
,-5.0,50,2165.073215
,-10.0,50,2165.363848
,-24.0,50,2165.63171
,-9.0,50,2165.926172
,-8.0,50,2166.200399
,-10.0,50,2166.486511
,-7.0,50,2166.756957
,-8.0,50,2167.040627
,0.0,50,2167.317044
,-12.0,50,2167.583929
,0.0,50,2167.880485
,-31.0,50,2169.630043
,-18.0,50,2171.407586
,-30.0,50,2173.080619
,0.0,50,2174.875547
,-18.0,50,2176.538769
,-28.0,50,2178.323135
,-15.0,50,2180.015284
,-15.0,50,2181.769535
,-21.0,50,2183.504118
,-16.0,50,2185.246122
,0.0,50,2186.987944
,-11.0,50,2188.677927
,-21.0,50,2190.448
,-28.0,50,2192.193733
,-11.0,50,2193.896551
,-20.0,50,2195.597485
,0.0,50,2197.297117
,-7.0,50,2199.061318
,-28.0,50,2200.772456
,-14.0,50,2202.474112
,0.0,50,2204.207325
,0.0,50,2205.922147
,-11.0,50,2207.684616
,-34.0,50,2209.387373
,-22.0,50,2211.058194
,-32.0,50,2212.888555
,-22.0,50,2214.592242
,-11.0,50,2216.31229
,-11.0,50,2218.014657
,-23.0,50,2219.733312
,-22.0,50,2221.439209
,-12.0,50,2223.210428
,0.0,50,2224.896962
,-28.0,50,2226.62242
,-21.0,50,2228.382007
,-18.0,50,2230.120267
,-8.0,50,2231.840805
,-45.0,50,2233.597317
,-24.0,50,2235.295162
,-8.0,50,2237.023615
,-23.0,50,2238.709353
,-19.0,50,2240.503317
,-7.0,50,2242.216354
,-9.0,50,2243.900824
,-23.0,50,2245.662953
,-9.0,50,2247.406319
,-13.0,50,2249.083014
,-12.0,50,2250.885404
,-13.0,50,2252.624483
,-12.0,50,2254.354327
,-11.0,50,2254.626562
,-11.0,50,2254.918839
,-9.0,50,2255.197161
,-20.0,50,2255.510333
,-6.0,50,2255.774153
,-10.0,50,2256.041581
,-46.0,50,2256.310017
,-10.0,50,2256.593193
,-31.0,50,2256.864292
,-31.0,50,2257.212702
,-19.0,50,2258.963944
,-15.0,50,2260.686186
,-21.0,50,2262.447023
,-15.0,50,2264.15187
,-12.0,50,2265.858139
,-24.0,50,2267.614472
,-17.0,50,2269.319872
,-25.0,50,2271.056619
,-16.0,50,2272.839193
,0.0,50,2274.520576
,-18.0,50,2276.28028
,0.0,50,2277.998847
,-47.0,50,2279.77622
,0.0,50,2281.489909
,-30.0,50,2283.205689
,-13.0,50,2284.90536
,-36.0,50,2286.684308
,-13.0,50,2288.358279
,-8.0,50,2290.112376
,-12.0,50,2291.857518
,-6.0,50,2293.606581
,-34.0,50,2295.294159
,-14.0,50,2297.021735
,-16.0,50,2298.759831
,-12.0,50,2300.550337
,0.0,50,2302.251564
,-33.0,50,2303.994149
,-27.0,50,2305.729701
,-39.0,50,2307.4391
,-9.0,50,2309.196542
,-3.0,50,2310.92358
,-16.0,50,2312.652718
,-9.0,50,2314.424022
,-12.0,50,2316.170435
,-23.0,50,2317.835308
,-17.0,50,2319.573431
,-8.0,50,2321.27268
,-12.0,50,2323.050455
,-26.0,50,2324.769896
,-8.0,50,2326.483122
,-8.0,50,2328.251251
,-32.0,50,2330.001374
,-6.0,50,2331.713425
,-9.0,50,2333.41989
,-22.0,50,2335.160797
,-18.0,50,2336.917061
,-45.0,50,2338.607761
,-33.0,50,2340.355895
,-4.0,50,2342.114383
,-5.0,50,2343.876729
,-8.0,50,2344.147774
,-8.0,50,2344.4202
,-13.0,50,2344.70185
,-9.0,50,2344.985586
,-8.0,50,2345.270365
,-14.0,50,2345.548817
,-5.0,50,2345.834165
,-10.0,50,2346.125337
,-10.0,50,2346.375033
,-17.0,50,2346.686349
,-13.0,50,2348.427263
,-11.0,50,2350.148199
,-15.0,50,2351.858321
,-17.0,50,2353.547122
,-14.0,50,2355.346079
,-6.0,50,2357.03667
,-16.0,50,2358.827322
,-32.0,50,2360.535616
,-12.0,50,2362.283648
,0.0,50,2364.034786
,-18.0,50,2365.779404
,-16.0,50,2367.469638
,-16.0,50,2369.228795
,-20.0,50,2370.934918
,-30.0,50,2372.67694
,-15.0,50,2374.439396
,-25.0,50,2376.120605
,-14.0,50,2377.88372
,-14.0,50,2379.635167
,-9.0,50,2381.335459
,-8.0,50,2383.08363
,-16.0,50,2384.880961
,-23.0,50,2386.597897
,-12.0,50,2388.340753
,-12.0,50,2390.081118
,-29.0,50,2391.859757
,-12.0,50,2393.585218
,0.0,50,2395.32406
,-5.0,50,2397.055936
,-13.0,50,2398.816344
,-25.0,50,2400.510194
,-20.0,50,2402.264713
,-25.0,50,2404.051534
,-16.0,50,2405.754358
,-11.0,50,2407.531662
,-5.0,50,2409.267032
,-13.0,50,2411.013778
,-8.0,50,2412.732408
,-5.0,50,2414.484711
,-21.0,50,2416.260823
,-22.0,50,2417.960217
,-18.0,50,2419.732119
,-25.0,50,2421.467806
,-14.0,50,2423.161487
,-46.0,50,2424.897616
,-8.0,50,2426.672188
,-23.0,50,2428.347947
,-13.0,50,2430.09466
,-39.0,50,2431.838729
,-6.0,50,2433.602753
,-9.0,50,2433.861471
,-11.0,50,2434.14007
,-11.0,50,2434.406991
,-15.0,50,2434.706866
,-9.0,50,2434.985819
,-7.0,50,2435.265522
,-20.0,50,2435.542708
,-9.0,50,2435.824124
,-14.0,50,2436.127203
,-18.0,50,2436.466255
,-18.0,50,2438.192514
,-21.0,50,2439.89976
,-34.0,50,2441.619222
,-15.0,50,2443.358214
,-26.0,50,2445.121454
,-16.0,50,2446.810864
,-22.0,50,2448.541662
,0.0,50,2450.296942
,-13.0,50,2452.053622
,-17.0,50,2453.757684
,-14.0,50,2455.485862
,0.0,50,2457.212481
,0.0,50,2458.99005
,-14.0,50,2460.680652
,-15.0,50,2462.37593
,-12.0,50,2464.149225
,-17.0,50,2465.846306
,-15.0,50,2467.594953
,-9.0,50,2469.390302
,-19.0,50,2471.10174
,-22.0,50,2472.845856
,-7.0,50,2474.575921
,-25.0,50,2476.340041
,-13.0,50,2478.115707
,-23.0,50,2479.867502
,-14.0,50,2481.614446
,-7.0,50,2483.332658
,-22.0,50,2485.05554
,-21.0,50,2486.832087
,-27.0,50,2488.541548
,-22.0,50,2490.307621
,-18.0,50,2491.996974
,-14.0,50,2493.719358
,-29.0,50,2495.467476
,-17.0,50,2497.194813
,-19.0,50,2498.929702
,-13.0,50,2500.650477
,-17.0,50,2502.381288
,-21.0,50,2504.215147
,-25.0,50,2505.89703
,-40.0,50,2507.661997
,-17.0,50,2509.412521
,-11.0,50,2511.126909
,-21.0,50,2512.864942
,-14.0,50,2514.64059
,-24.0,50,2516.366925
,-15.0,50,2518.14076
,-16.0,50,2519.860311
,-26.0,50,2521.714219
,0.0,50,2523.445288
,-14.0,50,2523.706178
,-8.0,50,2524.003922
,-6.0,50,2524.286723
,-12.0,50,2524.565634
,-10.0,50,2524.840203
,-9.0,50,2525.120252
,0.0,50,2525.419257
,-6.0,50,2525.709856
,-17.0,50,2525.979264
,-15.0,50,2526.273685
,-6.0,50,2527.950001
,-8.0,50,2529.713508
,-31.0,50,2531.547924
,-42.0,50,2533.259443
,-16.0,50,2534.976462
,-23.0,50,2536.756146
,-17.0,50,2538.444917
,-27.0,50,2540.224547
,-28.0,50,2541.940794
,-23.0,50,2543.725703
,-24.0,50,2545.419603
,-27.0,50,2547.162079
,-18.0,50,2548.87472
,-10.0,50,2550.676628
,-5.0,50,2552.410901
,-36.0,50,2554.16739
,-12.0,50,2555.937202
,-25.0,50,2557.654691
,-17.0,50,2559.386854
,-14.0,50,2561.18655
,-13.0,50,2562.939529
,-16.0,50,2564.635479
,-16.0,50,2566.41807
,0.0,50,2568.198096
,-15.0,50,2569.924361
,-37.0,50,2571.656906
,-11.0,50,2573.38518
,0.0,50,2575.152772
,-15.0,50,2576.896572
,-22.0,50,2578.647089
,-15.0,50,2580.375718
,-27.0,50,2582.134898
,-12.0,50,2583.830856
,-20.0,50,2585.645713
,-10.0,50,2587.316071
,-23.0,50,2589.141097
,-28.0,50,2590.835441
,-11.0,50,2592.581728
,-41.0,50,2594.352857
,-28.0,50,2596.117921
,-26.0,50,2597.877394
,-9.0,50,2599.605653
,-23.0,50,2601.360637
,0.0,50,2603.072087
,-13.0,50,2604.810403
,-21.0,50,2606.591613
,-6.0,50,2608.317265
,-12.0,50,2610.029915
,-50.0,50,2611.825424
,-15.0,50,2613.597979
,-10.0,50,2613.896096
,-10.0,50,2614.163407
,-10.0,50,2614.430951
,-10.0,50,2614.723381
,-7.0,50,2614.971273
,-15.0,50,2615.269843
,-12.0,50,2615.53214
,-8.0,50,2615.788911
,-11.0,50,2616.080205
,0.0,50,2616.371937
,-21.0,50,2618.079303
,-20.0,50,2619.832177
,-21.0,50,2621.610123
,0.0,50,2623.354177
,-20.0,50,2625.091443
,-11.0,50,2626.825655
,-21.0,50,2628.64171
,-12.0,50,2630.319825
,-18.0,50,2632.088749
,-17.0,50,2633.839782
,-13.0,50,2635.625486
,-11.0,50,2637.365676
,-12.0,50,2639.129412
,-11.0,50,2640.872081
,-11.0,50,2642.607882
,-21.0,50,2644.349562
,-14.0,50,2646.142628
,-21.0,50,2647.877001
,-13.0,50,2649.64604
,-29.0,50,2651.41963
,-9.0,50,2653.142676
,-13.0,50,2654.848612
,-10.0,50,2656.649513
,-19.0,50,2658.353289
,-13.0,50,2660.149814
,-12.0,50,2661.901478
,-13.0,50,2663.649735
,0.0,50,2665.384631
,-29.0,50,2667.135635
,-13.0,50,2668.864271
,-2.0,50,2670.677173
,-13.0,50,2672.382693
,-14.0,50,2674.184346
,-13.0,50,2675.875615
,-19.0,50,2677.615705
,-27.0,50,2679.412068
,0.0,50,2681.13902
,-40.0,50,2682.954024
,-20.0,50,2684.650043
,-8.0,50,2686.471035
,-26.0,50,2688.168311
,-22.0,50,2689.936502
,-15.0,50,2691.680821
,-32.0,50,2693.390131
,-8.0,50,2695.140125
,-20.0,50,2696.913729
,-14.0,50,2698.638966
,-20.0,50,2700.382484
,-12.0,50,2702.118775
,-6.0,50,2703.920348
,-10.0,50,2704.177141
,-10.0,50,2704.472948
,-7.0,50,2704.755697
,-13.0,50,2705.017352
,-6.0,50,2705.320228
,0.0,50,2705.609929
,-10.0,50,2705.884487
,-8.0,50,2706.165048
,-14.0,50,2706.426912
,-8.0,50,2706.726923
,-8.0,50,2708.516021
,0.0,50,2710.204926
,-40.0,50,2711.984088
,-12.0,50,2713.729349
,-12.0,50,2715.490737
,-20.0,50,2717.242764
,-17.0,50,2719.040427
,-14.0,50,2720.736667
,-19.0,50,2722.549927
,-12.0,50,2724.299672
,-20.0,50,2726.029245
,-27.0,50,2727.802882
,-21.0,50,2729.555058
,-22.0,50,2731.3187
,0.0,50,2733.050643
,-15.0,50,2734.775543
,-13.0,50,2736.540568
,-25.0,50,2738.346239
,-16.0,50,2740.047097
,-10.0,50,2741.774748
,-25.0,50,2743.548456
,-19.0,50,2745.333409
,-16.0,50,2747.13465
,-26.0,50,2748.903606
,-13.0,50,2750.587051
,0.0,50,2752.366688
,-23.0,50,2754.094574
,-27.0,50,2755.904777
,-7.0,50,2757.654878
,-32.0,50,2759.338959
,-10.0,50,2761.165494
,0.0,50,2762.908456
,0.0,50,2764.728694
,-29.0,50,2766.425152
,-24.0,50,2768.150659
,-21.0,50,2769.940588
,0.0,50,2771.68626
,0.0,50,2773.425764
,-27.0,50,2775.222313
,-18.0,50,2776.981719
,-8.0,50,2778.691158
,-47.0,50,2780.447639
,-19.0,50,2782.247011
,-9.0,50,2783.987345
,-17.0,50,2785.724046
,-19.0,50,2787.504547
,-18.0,50,2789.22901
,-17.0,50,2790.994261
,-15.0,50,2792.749852
,-13.0,50,2794.454048
,-5.0,50,2794.71149
,-11.0,50,2794.99456
,-10.0,50,2795.250829
,-11.0,50,2795.520651
,-8.0,50,2795.799832
,-10.0,50,2796.101857
,-9.0,50,2796.367915
,-7.0,50,2796.634165
,-11.0,50,2796.903382
,-18.0,50,2797.348568
,-27.0,50,2799.089441
,-13.0,50,2800.831463
,-20.0,50,2802.623133
,-13.0,50,2804.340738
,-10.0,50,2806.147101
,-13.0,50,2807.896973
,-32.0,50,2809.635342
,-12.0,50,2811.374218
,-29.0,50,2813.175362
,-15.0,50,2814.856511
,-19.0,50,2816.670497
,-11.0,50,2818.383813
,-20.0,50,2820.196088
,-27.0,50,2821.899819
,-5.0,50,2823.67031
,-7.0,50,2825.437607
,-25.0,50,2827.187928
,-44.0,50,2828.909098
,-12.0,50,2830.698656
,-37.0,50,2832.483608
,-24.0,50,2834.195678
,-15.0,50,2835.958637
,-18.0,50,2837.722826
,-23.0,50,2839.470837
,-8.0,50,2841.258046
,-22.0,50,2843.027185
,-7.0,50,2844.724141
,-15.0,50,2846.477443
,-13.0,50,2848.27397
,-28.0,50,2850.005185
,-11.0,50,2851.78867
,-11.0,50,2853.560693
,0.0,50,2855.271049
,-8.0,50,2857.013187
,-42.0,50,2858.743295
,-13.0,50,2860.567279
,-13.0,50,2862.287693
,-41.0,50,2864.081563
,-20.0,50,2865.770404
,-44.0,50,2867.521
,-19.0,50,2869.317969
,-19.0,50,2871.061276
,-37.0,50,2872.840701
,-23.0,50,2874.575045
,-17.0,50,2876.326583
,0.0,50,2878.123793
,-20.0,50,2879.834074
,-26.0,50,2881.665444
,-12.0,50,2883.377181
,-7.0,50,2885.143982
,-9.0,50,2885.426356
,0.0,50,2885.719308
,-20.0,50,2886.004735
,-4.0,50,2886.289574
,-9.0,50,2886.55113
,-10.0,50,2886.814372
,-9.0,50,2887.098339
,-5.0,50,2887.392328
,-10.0,50,2887.653449
,-20.0,50,2887.977618
,-24.0,50,2889.718112
,-6.0,50,2891.446122
,-13.0,50,2893.192106
,-12.0,50,2894.921294
,-13.0,50,2896.712823
,-13.0,50,2898.456024
,-15.0,50,2900.194948
,-7.0,50,2901.943584
,-25.0,50,2903.759117
,-23.0,50,2905.510571
,-47.0,50,2907.309257
,-26.0,50,2908.998931
,-23.0,50,2910.838481
,-40.0,50,2912.621143
,0.0,50,2914.342038
,-36.0,50,2916.056051
,-17.0,50,2917.867694
,-18.0,50,2919.603524
,-28.0,50,2921.406766
,-26.0,50,2923.11506
,-21.0,50,2924.906803
,-18.0,50,2926.658517
,-19.0,50,2928.407938
,-12.0,50,2930.20559
,-14.0,50,2931.96923
,-24.0,50,2933.738989
,-20.0,50,2935.481734
,-13.0,50,2937.235706
,-27.0,50,2939.009111
,-16.0,50,2940.771056
,-23.0,50,2942.560599
,-12.0,50,2944.325359
,-17.0,50,2946.074832
,-36.0,50,2947.831246
,-7.0,50,2949.605944
,-22.0,50,2951.288345
,-19.0,50,2953.067771
,-13.0,50,2954.863383
,-12.0,50,2956.618605
,-20.0,50,2958.439432
,-8.0,50,2960.1742
,-16.0,50,2961.925021
,0.0,50,2963.710659
,-8.0,50,2965.423148
,-18.0,50,2967.229353
,-10.0,50,2968.967956
,-35.0,50,2970.75128
,-24.0,50,2972.475283
,-25.0,50,2974.275795
,-10.0,50,2976.016746
,-10.0,50,2976.294885
,-14.0,50,2976.556115
,0.0,50,2976.827126
,0.0,50,2977.114445
,-4.0,50,2977.38858
,-8.0,50,2977.663045
,-12.0,50,2977.90956
,-7.0,50,2978.171497
,-8.0,50,2978.464831
,-17.0,50,2978.859014
,-22.0,50,2980.659399
,-24.0,50,2982.377388
,-28.0,50,2984.195658
,-13.0,50,2985.973324
,-16.0,50,2987.726267
,0.0,50,2989.472512
,-8.0,50,2991.245888
,-9.0,50,2993.045945
,-14.0,50,2994.721341
,-6.0,50,2996.50727
,-4.0,50,2998.343502
,-15.0,50,3000.093155
,-30.0,50,3001.86843
,0.0,50,3003.695716
,-28.0,50,3005.383263
,-11.0,50,3007.166491
,-15.0,50,3008.954213
,-29.0,50,3010.679564
,-14.0,50,3012.508015
,-34.0,50,3014.234183
,-15.0,50,3016.020419
,-16.0,50,3017.779913
,-18.0,50,3019.555704
,0.0,50,3021.312855
,-11.0,50,3023.059582
,-10.0,50,3024.778506
,-23.0,50,3026.607082
,0.0,50,3028.361777
,-19.0,50,3030.117332
,-17.0,50,3031.910964
,-29.0,50,3033.677025
,-18.0,50,3035.412958
,-18.0,50,3037.245246
,-24.0,50,3038.996499
,-11.0,50,3040.736399
,-18.0,50,3042.531467
,-16.0,50,3044.30212
,-12.0,50,3046.057634
,-15.0,50,3047.819939
,-19.0,50,3049.566976
,0.0,50,3051.38364
,-45.0,50,3053.109036
,0.0,50,3054.856142
,-17.0,50,3056.635339
,-18.0,50,3058.374751
,-16.0,50,3060.107131
,-26.0,50,3061.935534
,0.0,50,3063.749848
,-35.0,50,3065.495983
,-11.0,50,3067.265294
,-11.0,50,3067.540283
,-12.0,50,3067.805127
,-10.0,50,3068.117158
,-8.0,50,3068.394933
,-10.0,50,3068.672316
,-2.0,50,3068.976185
,-8.0,50,3069.265217
,-9.0,50,3069.547577
,-12.0,50,3069.842903
,-10.0,50,3070.175626
,-17.0,50,3071.931837
,-16.0,50,3073.721779
,-8.0,50,3075.471054
,-33.0,50,3077.274884
,-21.0,50,3079.047029
,-17.0,50,3080.82221
,0.0,50,3082.580707
,-14.0,50,3084.34271
,-33.0,50,3086.167605
,-14.0,50,3087.953966
,-25.0,50,3089.677303
,-13.0,50,3091.444278
,-23.0,50,3093.234838
,-34.0,50,3095.025629
,-15.0,50,3096.82302
,-19.0,50,3098.595759
,-12.0,50,3100.38097
,-19.0,50,3102.162144
,-9.0,50,3103.916667
,-17.0,50,3105.736837
,-23.0,50,3107.449719
,-17.0,50,3109.23084
,-35.0,50,3111.049296
,-15.0,50,3112.752813
,-9.0,50,3114.540501
,-16.0,50,3116.349613
,-2.0,50,3118.076494
,-25.0,50,3119.827801
,-33.0,50,3121.632148
,-21.0,50,3123.360976
,-17.0,50,3125.133874
,-19.0,50,3126.943918
,-23.0,50,3128.70896
,-12.0,50,3130.474191
,-14.0,50,3132.227256
,-23.0,50,3133.975177
,-7.0,50,3135.698196
,-16.0,50,3137.510616
,-11.0,50,3139.278634
,-15.0,50,3141.015634
,-12.0,50,3142.822543
,-40.0,50,3144.640545
,-16.0,50,3146.387897
,-26.0,50,3148.1641
,-19.0,50,3149.908526
,-42.0,50,3151.73914
,-38.0,50,3153.551363
,-28.0,50,3155.289266
,-33.0,50,3157.028449
,-12.0,50,3158.838316
,-12.0,50,3159.091846
,-14.0,50,3159.375385
,-11.0,50,3159.635618
,0.0,50,3159.913129
,-13.0,50,3160.177136
,-14.0,50,3160.442896
,-11.0,50,3160.720742
,0.0,50,3161.009938
,-10.0,50,3161.298209
,-7.0,50,3161.641282
,-50.0,50,3163.416236
,-20.0,50,3165.15585
,-50.0,50,3166.900585
,-13.0,50,3168.688364
,-15.0,50,3170.448724
,-17.0,50,3172.258479
,-38.0,50,3174.049613
,-50.0,50,3175.80723
,-11.0,50,3177.627643
,-8.0,50,3179.355814
,-22.0,50,3181.130314
,-11.0,50,3182.992111
,-24.0,50,3184.713475
,-20.0,50,3186.496556
,-35.0,50,3188.272674
,-28.0,50,3190.044002
,-9.0,50,3191.793572
,-19.0,50,3193.580979
,-13.0,50,3195.350808
,-12.0,50,3197.053561
,-22.0,50,3198.853921
,-12.0,50,3200.656849
,-22.0,50,3202.407959
,-18.0,50,3204.237949
,-33.0,50,3206.002203
,-9.0,50,3207.736351
,-16.0,50,3209.518769
,-15.0,50,3211.311303
,-33.0,50,3213.055011
,-22.0,50,3214.796002
,-28.0,50,3216.580663
,-24.0,50,3218.401282
,-25.0,50,3220.154384
,-25.0,50,3221.994295
,0.0,50,3223.710282
,-7.0,50,3225.467895
,-21.0,50,3227.261778
,0.0,50,3229.081558
,-18.0,50,3230.869893
,-6.0,50,3232.639522
,-22.0,50,3234.502758
,-18.0,50,3236.211636
,-15.0,50,3238.011796
,-26.0,50,3239.761425
,-12.0,50,3241.566798
,-13.0,50,3243.383559
,-16.0,50,3245.115262
,-21.0,50,3246.899713
,-9.0,50,3248.681406
,-13.0,50,3250.536887
,0.0,50,3250.82337
,-7.0,50,3251.110783
,-12.0,50,3251.367882
,-13.0,50,3251.645172
,-9.0,50,3251.925977
,-7.0,50,3252.207984
,-5.0,50,3252.47986
,-11.0,50,3252.742595
,-7.0,50,3252.982831
,-23.0,50,3253.365759
,-13.0,50,3255.130253
,-13.0,50,3256.868563
,-12.0,50,3258.697122
,-18.0,50,3260.44247
,-23.0,50,3262.311564
,-21.0,50,3264.02821
,-27.0,50,3265.859146
,-25.0,50,3267.654797
,-11.0,50,3269.382106
,-16.0,50,3271.169857
,-16.0,50,3272.969127
,-20.0,50,3274.714797
,-18.0,50,3276.515527
,-13.0,50,3278.300052
,-18.0,50,3280.048119
,-19.0,50,3281.919287
,-16.0,50,3283.653308
,-23.0,50,3285.456941
,-14.0,50,3287.220045
,-16.0,50,3288.989719
,-34.0,50,3290.768862
,-20.0,50,3292.521143
,0.0,50,3294.31099
,-22.0,50,3296.091611
,-16.0,50,3297.861801
,-33.0,50,3299.738664
,-18.0,50,3301.49954
,-4.0,50,3303.266676
,-12.0,50,3305.073769
,0.0,50,3306.873326
,-31.0,50,3308.608931
,-16.0,50,3310.417703
,-16.0,50,3312.200797
,-17.0,50,3313.952764
,-12.0,50,3315.802611
,-8.0,50,3317.578751
,-22.0,50,3319.332054
,-29.0,50,3321.134431
,-3.0,50,3322.927015
,-24.0,50,3324.688596
,-38.0,50,3326.553351
,-22.0,50,3328.291749
,-15.0,50,3330.090941
,-7.0,50,3331.923938
,-14.0,50,3333.662493
,-20.0,50,3335.410634
,-33.0,50,3337.208476
,-10.0,50,3338.987089
,-28.0,50,3340.825773
,-15.0,50,3342.638658
,-10.0,50,3342.904102
,-18.0,50,3343.197216
,-7.0,50,3343.480927
,-11.0,50,3343.744933
,-13.0,50,3344.027347
,-7.0,50,3344.302537
,-10.0,50,3344.567132
,-6.0,50,3344.83657
,-5.0,50,3345.138322
,-19.0,50,3345.451501
,-7.0,50,3347.253566
,-8.0,50,3349.072906
,-35.0,50,3350.82209
,-27.0,50,3352.62753
,-19.0,50,3354.477577
,0.0,50,3356.207598
,-14.0,50,3358.017624
,-23.0,50,3359.821253
,-23.0,50,3361.66427
,-21.0,50,3363.409921
,-35.0,50,3365.184806
,-12.0,50,3366.964941
,-32.0,50,3368.764388
,-9.0,50,3370.521967
,-17.0,50,3372.344808
,-20.0,50,3374.175081
,-25.0,50,3376.003502
,-21.0,50,3377.739478
,-12.0,50,3379.524969
,-15.0,50,3381.265882
,-18.0,50,3383.139473
,-26.0,50,3384.922956
,-21.0,50,3386.730055
,-21.0,50,3388.570677
,-24.0,50,3390.381876
,-20.0,50,3392.195578
,-20.0,50,3393.967216
,-19.0,50,3395.745844
,-34.0,50,3397.589221
,-15.0,50,3399.362197
,-8.0,50,3401.154231
,0.0,50,3402.93095
,-15.0,50,3404.710915
,-25.0,50,3406.529781
,-16.0,50,3408.32024
,-8.0,50,3410.141275
,-16.0,50,3411.925218
,-8.0,50,3413.750659
,-11.0,50,3415.526573
,-11.0,50,3417.334505
,-15.0,50,3419.152294
,-7.0,50,3420.946809
,-17.0,50,3422.718742
,-31.0,50,3424.535757
,-22.0,50,3426.318135
,-15.0,50,3428.160713
,-27.0,50,3429.900956
,-20.0,50,3431.713441
,0.0,50,3433.559792
,-9.0,50,3435.37253
,-6.0,50,3435.63839
,-6.0,50,3435.908172
,-7.0,50,3436.176723
,-17.0,50,3436.462797
,-9.0,50,3436.713576
,-10.0,50,3436.988249
,-12.0,50,3437.270956
,-12.0,50,3437.548299
,-7.0,50,3437.819083
,-21.0,50,3438.129236
,-17.0,50,3439.958237
,-13.0,50,3441.727675
,-8.0,50,3443.493927
,-21.0,50,3445.276087
,-30.0,50,3447.029723
,-15.0,50,3448.871619
,-19.0,50,3450.645505
,-11.0,50,3452.474191
,-13.0,50,3454.199051
,-13.0,50,3456.06315
,-11.0,50,3457.814901
,-22.0,50,3459.592136
,0.0,50,3461.399258
,-17.0,50,3463.203115
,-24.0,50,3465.042857
,-23.0,50,3466.888138
,-31.0,50,3468.686165
,-14.0,50,3470.532333
,-12.0,50,3472.281255
,-41.0,50,3474.12495
,-3.0,50,3475.90053
,-13.0,50,3477.686092
,-5.0,50,3479.496381
,-19.0,50,3481.273282
,-12.0,50,3483.055768
,-15.0,50,3484.900002
,-17.0,50,3486.649399
,-42.0,50,3488.461784
,-17.0,50,3490.309824
,-17.0,50,3492.030489
,-25.0,50,3493.864547
,-18.0,50,3495.660841
,-30.0,50,3497.434109
,-17.0,50,3499.268654
,-17.0,50,3501.028442
,-15.0,50,3502.825525
,-16.0,50,3504.639221
,0.0,50,3506.448101
,-15.0,50,3508.244547
,-21.0,50,3509.991151
,-49.0,50,3511.835625
,-11.0,50,3513.63092
,0.0,50,3515.376918
,-20.0,50,3517.209033
,-37.0,50,3518.984588
,-17.0,50,3520.834681
,-36.0,50,3522.632107
,-21.0,50,3524.431178
,-14.0,50,3526.175614
,-6.0,50,3528.073844
,-4.0,50,3528.347286
,-14.0,50,3528.647231
,-9.0,50,3528.938709
,-3.0,50,3529.208795
,-8.0,50,3529.500185
,-9.0,50,3529.77922
,-13.0,50,3530.05113
,-9.0,50,3530.330359
,-11.0,50,3530.59883
