#{"t_start": 1582787066.1154976, "env_id": "FetchPush-v1"}
s,r,l,t
,-50.0,50,4.644875
,-50.0,50,6.540427
,-50.0,50,8.174164
,-50.0,50,9.843513
,-50.0,50,11.414772
,-50.0,50,13.085501
,-50.0,50,14.675657
,-50.0,50,16.32557
,-50.0,50,17.948984
,-50.0,50,19.561424
,-50.0,50,21.200197
,-50.0,50,22.820969
,-50.0,50,24.462358
,-24.0,50,26.052382
,-50.0,50,27.680252
,-50.0,50,29.266784
,-50.0,50,30.878378
,-50.0,50,32.507009
,-50.0,50,34.151672
,-50.0,50,35.721698
,-50.0,50,37.396524
,-50.0,50,39.013243
,-50.0,50,40.625952
,-50.0,50,42.197118
,-50.0,50,43.83088
,-50.0,50,45.454597
,-50.0,50,47.071984
,-50.0,50,48.677979
,0.0,50,50.303787
,0.0,50,51.880433
,-50.0,50,53.468147
,-50.0,50,55.112929
,-50.0,50,56.740179
,-50.0,50,58.341172
,-50.0,50,59.986823
,0.0,50,61.590004
,-50.0,50,63.233175
,0.0,50,64.826462
,-50.0,50,66.438682
,-50.0,50,68.022498
,-50.0,50,69.634429
,-50.0,50,71.24985
,-50.0,50,72.877993
,-50.0,50,74.508202
,-50.0,50,76.090384
,-50.0,50,77.704134
,-50.0,50,79.337095
,-50.0,50,80.916223
,-50.0,50,82.566622
,-50.0,50,84.179254
,-50.0,50,85.849118
,-50.0,50,86.151628
,-50.0,50,86.419518
,-50.0,50,86.692311
,-50.0,50,86.96344
,-50.0,50,87.233087
,-50.0,50,87.509224
,-50.0,50,87.809929
,-50.0,50,88.089068
,-50.0,50,88.365625
,-50.0,50,88.78555
,-50.0,50,90.385408
,-50.0,50,92.043545
,-50.0,50,93.634988
,0.0,50,95.263284
,-50.0,50,96.895942
,-50.0,50,98.502295
,-50.0,50,100.103833
,-50.0,50,101.760205
,-50.0,50,103.353372
,-50.0,50,104.954511
,-50.0,50,106.565124
,-50.0,50,108.188489
,-50.0,50,109.788124
,-50.0,50,111.382036
,0.0,50,112.999053
,-50.0,50,114.625753
,-50.0,50,116.249467
,-50.0,50,117.884618
,-50.0,50,119.473265
,-50.0,50,121.101954
,-50.0,50,122.700484
,0.0,50,124.337117
,-50.0,50,125.957443
,-50.0,50,127.603049
,-50.0,50,129.16524
,-50.0,50,130.819743
,-26.0,50,132.443788
,-50.0,50,134.093342
,0.0,50,135.676026
,0.0,50,137.336649
,-50.0,50,138.937691
,-50.0,50,140.535459
,-50.0,50,142.14953
,-50.0,50,143.767649
,-50.0,50,145.381239
,-50.0,50,146.970626
,-50.0,50,148.647437
,-50.0,50,150.240467
,-50.0,50,151.926031
,-50.0,50,153.513155
,-50.0,50,155.146353
,-50.0,50,156.792542
,-50.0,50,158.406967
,-50.0,50,160.004968
,-45.0,50,161.639129
,-50.0,50,163.276269
,-50.0,50,164.890493
,-50.0,50,166.516759
,-50.0,50,168.112948
,-50.0,50,169.766942
,-50.0,50,170.03753
,-50.0,50,170.311465
,-50.0,50,170.593542
,-50.0,50,170.879174
,-50.0,50,171.160481
,-50.0,50,171.448181
,-50.0,50,171.728435
,-50.0,50,171.994757
,-50.0,50,172.265979
,-50.0,50,172.604453
,-50.0,50,174.214834
,-50.0,50,175.823277
,-50.0,50,177.455056
,-50.0,50,179.045452
,-50.0,50,180.681944
,-50.0,50,182.298862
,0.0,50,183.935408
,-50.0,50,185.538835
,-50.0,50,187.168647
,-50.0,50,188.779635
,-50.0,50,190.394843
,-50.0,50,192.003436
,-50.0,50,193.688977
,-50.0,50,195.333569
,-50.0,50,196.974502
,-50.0,50,198.604426
,-50.0,50,200.179836
,0.0,50,201.832706
,-50.0,50,203.463904
,-50.0,50,205.051969
,-50.0,50,206.695635
,-50.0,50,208.30245
,-50.0,50,209.922916
,-50.0,50,211.531702
,-50.0,50,213.160553
,-50.0,50,214.776561
,-50.0,50,216.430734
,-50.0,50,218.008693
,-50.0,50,219.684913
,-50.0,50,221.3189
,-50.0,50,222.954648
,-50.0,50,224.588778
,-50.0,50,226.234801
,-50.0,50,227.822558
,-50.0,50,229.437226
,-50.0,50,231.08028
,-50.0,50,232.7138
,-50.0,50,234.321325
,-50.0,50,235.970091
,-50.0,50,237.588366
,-3.0,50,239.2062
,-50.0,50,240.865201
,-50.0,50,242.475919
,-50.0,50,244.099982
,-50.0,50,245.717841
,-50.0,50,247.36747
,-50.0,50,248.987254
,-50.0,50,250.64882
,-50.0,50,252.248511
,-50.0,50,253.927919
,-50.0,50,254.217159
,-50.0,50,254.499234
,0.0,50,254.758099
,-50.0,50,255.026505
,-50.0,50,255.260124
,-50.0,50,255.529752
,-50.0,50,255.847121
,-50.0,50,256.125788
,-50.0,50,256.390316
,-50.0,50,256.781368
,0.0,50,258.403814
,-50.0,50,260.059116
,-50.0,50,261.705073
,-50.0,50,263.286442
,0.0,50,264.937468
,0.0,50,266.53707
,-50.0,50,268.151195
,-50.0,50,269.779092
,-50.0,50,271.412822
,-50.0,50,273.074497
,-50.0,50,274.690373
,-50.0,50,276.361185
,-50.0,50,277.972284
,-50.0,50,279.582559
,-50.0,50,281.206187
,-50.0,50,282.858591
,-50.0,50,284.454
,-50.0,50,286.13186
,-50.0,50,287.729523
,-50.0,50,289.351307
,-50.0,50,290.962468
,-50.0,50,292.596045
,-50.0,50,294.235735
,-50.0,50,295.858344
,-50.0,50,297.476282
,-50.0,50,299.131526
,-50.0,50,300.768575
,-50.0,50,302.380692
,-50.0,50,304.021796
,-50.0,50,305.65579
,-50.0,50,307.294724
,-50.0,50,308.924671
,-50.0,50,310.531197
,-50.0,50,312.170268
,-50.0,50,313.814512
,-50.0,50,315.429765
,-50.0,50,317.101124
,-50.0,50,318.712487
,-50.0,50,320.365365
,-50.0,50,321.961295
,-50.0,50,323.609505
,-42.0,50,325.266779
,-50.0,50,326.901047
,0.0,50,328.533891
,-50.0,50,330.163489
,-50.0,50,331.784272
,-50.0,50,333.389231
,-50.0,50,335.025939
,-50.0,50,336.693906
,-50.0,50,338.31452
,-50.0,50,338.605897
,-50.0,50,338.912335
,-50.0,50,339.193382
,0.0,50,339.477009
,-50.0,50,339.771368
,-50.0,50,340.045068
,-50.0,50,340.332377
,-50.0,50,340.593858
,0.0,50,340.849993
,-50.0,50,341.22876
,-50.0,50,342.874372
,-50.0,50,344.505697
,-50.0,50,346.156675
,-50.0,50,347.808287
,-50.0,50,349.400122
,-50.0,50,351.029743
,-50.0,50,352.665661
,-50.0,50,354.330282
,-50.0,50,355.934074
,-2.0,50,357.553949
,-50.0,50,359.202132
,-50.0,50,360.812395
,-50.0,50,362.438454
,0.0,50,364.089787
,-50.0,50,365.752609
,-50.0,50,367.394604
,-50.0,50,369.009117
,-50.0,50,370.659654
,-50.0,50,372.263551
,-50.0,50,373.901822
,0.0,50,375.544212
,-50.0,50,377.188053
,-50.0,50,378.80322
,-50.0,50,380.482208
,-50.0,50,382.106945
,-50.0,50,383.736269
,-50.0,50,385.395983
,-50.0,50,387.010721
,-50.0,50,388.670524
,-50.0,50,390.265039
,-50.0,50,391.910848
,-50.0,50,393.568642
,-50.0,50,395.211127
,-50.0,50,396.858484
,-50.0,50,398.461543
,-50.0,50,400.132244
,-50.0,50,401.761978
,-50.0,50,403.407684
,-50.0,50,405.012454
,-50.0,50,406.679765
,-50.0,50,408.312658
,-50.0,50,409.95139
,-50.0,50,411.602473
,-50.0,50,413.247889
,-41.0,50,414.871305
,-50.0,50,416.552794
,-50.0,50,418.204388
,-50.0,50,419.793312
,-50.0,50,421.398028
,-50.0,50,423.107367
,-50.0,50,423.37835
,-50.0,50,423.628622
,-50.0,50,423.925048
,-50.0,50,424.188111
,-50.0,50,424.470197
,-50.0,50,424.747987
,-50.0,50,425.030107
,-50.0,50,425.356151
,0.0,50,425.63148
,-50.0,50,426.042841
,-50.0,50,427.710949
,-50.0,50,429.340668
,-50.0,50,430.963048
,-50.0,50,432.607172
,-50.0,50,434.239818
,-50.0,50,435.868824
,-50.0,50,437.473458
,-50.0,50,439.148347
,-50.0,50,440.772383
,-50.0,50,442.402825
,-50.0,50,444.041447
,-50.0,50,445.708285
,-50.0,50,447.326655
,-50.0,50,448.975988
,-50.0,50,450.588587
,-50.0,50,452.254208
,-50.0,50,453.900554
,-50.0,50,455.520762
,-50.0,50,457.131036
,-50.0,50,458.79521
,-50.0,50,460.452577
,-50.0,50,462.110755
,-50.0,50,463.744036
,-50.0,50,465.374604
,-50.0,50,467.017058
,-50.0,50,468.683814
,-50.0,50,470.346824
,-50.0,50,471.971687
,-19.0,50,473.64736
,-50.0,50,475.27119
,-50.0,50,476.922888
,0.0,50,478.561315
,-50.0,50,480.219741
,0.0,50,481.860182
,-50.0,50,483.46757
,-50.0,50,485.156335
,-50.0,50,486.767078
,-50.0,50,488.427058
,-50.0,50,490.056179
,-50.0,50,491.690033
,-27.0,50,493.352831
,-50.0,50,494.972282
,-50.0,50,496.648725
,-50.0,50,498.315538
,-50.0,50,499.928273
,-28.0,50,501.586805
,-50.0,50,503.227758
,-50.0,50,504.837792
,-50.0,50,506.488579
,-50.0,50,508.166314
,-50.0,50,508.43492
,-50.0,50,508.715986
,-50.0,50,509.004659
,-5.0,50,509.27381
,-50.0,50,509.547039
,-50.0,50,509.833001
,0.0,50,510.092132
,-50.0,50,510.357994
,0.0,50,510.643991
,-50.0,50,511.087441
,-50.0,50,512.791614
,-17.0,50,514.36799
,-50.0,50,516.056579
,-50.0,50,517.729902
,-50.0,50,519.32343
,-50.0,50,520.990034
,-28.0,50,522.604031
,-50.0,50,524.24283
,-50.0,50,525.902261
,-25.0,50,527.530779
,-50.0,50,529.231064
,-50.0,50,530.851888
,-50.0,50,532.483143
,-47.0,50,534.105356
,-13.0,50,535.758314
,-50.0,50,537.416897
,-34.0,50,539.039315
,-49.0,50,540.713362
,-50.0,50,542.329423
,-15.0,50,543.972448
,-50.0,50,545.5908
,-50.0,50,547.274241
,-50.0,50,548.892387
,-4.0,50,550.539434
,-24.0,50,552.172355
,-50.0,50,553.799182
,-50.0,50,555.490516
,-50.0,50,557.136165
,-50.0,50,558.75843
,-50.0,50,560.420938
,-50.0,50,562.018926
,-50.0,50,563.698957
,-50.0,50,565.359385
,-7.0,50,566.978848
,-50.0,50,568.6163
,-50.0,50,570.243116
,-50.0,50,571.906993
,-50.0,50,573.570021
,-50.0,50,575.217499
,-50.0,50,576.830595
,-50.0,50,578.484677
,-50.0,50,580.186872
,-10.0,50,581.813185
,-50.0,50,583.47179
,-50.0,50,585.11976
,0.0,50,586.765074
,-23.0,50,588.409309
,-50.0,50,590.085633
,-50.0,50,591.705956
,-50.0,50,593.408335
,-47.0,50,593.683189
,-50.0,50,593.950933
,-49.0,50,594.212364
,-25.0,50,594.499076
,-6.0,50,594.787876
,-50.0,50,595.073506
,0.0,50,595.321618
,-50.0,50,595.62354
,-50.0,50,595.924515
,-15.0,50,596.373293
,0.0,50,598.0209
,-10.0,50,599.629063
,-50.0,50,601.306437
,-50.0,50,602.924835
,-50.0,50,604.570033
,0.0,50,606.207372
,-30.0,50,607.848536
,-50.0,50,609.512088
,-50.0,50,611.141327
,-50.0,50,612.756511
,-50.0,50,614.446974
,-50.0,50,616.069085
,-13.0,50,617.691875
,-17.0,50,619.349845
,-48.0,50,620.997924
,-26.0,50,622.638938
,-50.0,50,624.24892
,-31.0,50,625.881951
,-50.0,50,627.550352
,-50.0,50,629.190314
,-50.0,50,630.87588
,-50.0,50,632.523988
,-15.0,50,634.131556
,-12.0,50,635.776876
,-45.0,50,637.406785
,-30.0,50,639.059316
,-50.0,50,640.704256
,-48.0,50,642.349849
,-6.0,50,644.001086
,-13.0,50,645.645036
,-42.0,50,647.335108
,-19.0,50,648.943594
,-11.0,50,650.638401
,-50.0,50,652.260087
,-28.0,50,653.928571
,-12.0,50,655.53304
,0.0,50,657.172642
,-18.0,50,658.794254
,-50.0,50,660.474451
,-50.0,50,662.133507
,-50.0,50,663.784095
,-50.0,50,665.435911
,-50.0,50,667.036741
,-35.0,50,668.740796
,-50.0,50,670.347873
,-40.0,50,672.034297
,-24.0,50,673.660107
,-11.0,50,675.315874
,-50.0,50,676.968456
,-15.0,50,678.646418
,-9.0,50,678.909901
,-19.0,50,679.188369
,-43.0,50,679.482377
,-5.0,50,679.739786
,-37.0,50,680.019942
,-50.0,50,680.305226
,-15.0,50,680.586834
,-22.0,50,680.866311
,-50.0,50,681.15265
,0.0,50,681.501794
,-50.0,50,683.182373
,-50.0,50,684.810142
,-47.0,50,686.48317
,-50.0,50,688.113279
,-16.0,50,689.773824
,-37.0,50,691.396303
,-5.0,50,693.048116
,-50.0,50,694.732766
,-13.0,50,696.358902
,-15.0,50,697.983151
,-11.0,50,699.636107
,-39.0,50,701.300243
,-49.0,50,702.987798
,-50.0,50,704.641021
,-50.0,50,706.249139
,-17.0,50,707.921287
,-47.0,50,709.561999
,-46.0,50,711.274877
,-50.0,50,712.879723
,-50.0,50,714.517218
,-11.0,50,716.173024
,-20.0,50,717.854913
,-21.0,50,719.49059
,-50.0,50,721.112971
,-13.0,50,722.75454
,-50.0,50,724.441077
,-16.0,50,726.057184
,-14.0,50,727.727013
,-19.0,50,729.372706
,-50.0,50,730.996362
,-21.0,50,732.649421
,-28.0,50,734.311907
,-50.0,50,735.97375
,-26.0,50,737.599769
,-50.0,50,739.267567
,-20.0,50,740.881696
,-50.0,50,742.566509
,-50.0,50,744.207535
,-35.0,50,745.848488
,-27.0,50,747.49961
,0.0,50,749.134634
,-48.0,50,750.842323
,-48.0,50,752.456354
,0.0,50,754.10369
,-21.0,50,755.740853
,-20.0,50,757.424133
,-9.0,50,759.079745
,-18.0,50,760.716164
,-36.0,50,762.362311
,-50.0,50,764.042983
,-13.0,50,764.304498
,-50.0,50,764.595438
,-13.0,50,764.874996
,-12.0,50,765.142491
,-9.0,50,765.431929
,0.0,50,765.706635
,-14.0,50,765.977905
,0.0,50,766.251813
,-24.0,50,766.545518
,-50.0,50,766.856312
,-20.0,50,768.521031
,-50.0,50,770.123232
,-50.0,50,771.830591
,-13.0,50,773.447935
,-48.0,50,775.112783
,-50.0,50,776.765541
,-22.0,50,778.364293
,-50.0,50,780.029001
,-16.0,50,781.670157
,-50.0,50,783.312789
,-17.0,50,784.995295
,-12.0,50,786.64361
,-50.0,50,788.304852
,-17.0,50,789.953696
,-13.0,50,791.601189
,-50.0,50,793.241354
,-50.0,50,794.891279
,-27.0,50,796.53417
,-6.0,50,798.187167
,-50.0,50,799.844568
,-22.0,50,801.48682
,-18.0,50,803.15918
,-24.0,50,804.776458
,-18.0,50,806.432828
,-23.0,50,808.112237
,-5.0,50,809.778502
,-17.0,50,811.449428
,-30.0,50,813.11059
,0.0,50,814.739449
,-22.0,50,816.383334
,-50.0,50,818.091711
,-26.0,50,819.68646
,-12.0,50,821.377107
,-16.0,50,823.09538
,-50.0,50,824.74564
,-26.0,50,826.395935
,-10.0,50,828.067347
,0.0,50,829.717968
,-36.0,50,831.408401
,0.0,50,833.059973
,-36.0,50,834.710998
,-41.0,50,836.356635
,-7.0,50,837.977129
,0.0,50,839.650735
,-20.0,50,841.294075
,-11.0,50,842.95273
,-28.0,50,844.592395
,-47.0,50,846.277485
,-10.0,50,847.933411
,-50.0,50,849.631849
,-13.0,50,849.895546
,-11.0,50,850.149757
,-9.0,50,850.41857
,-22.0,50,850.691669
,-10.0,50,850.986614
,-10.0,50,851.264327
,-6.0,50,851.527011
,-50.0,50,851.841156
,-50.0,50,852.140171
,-12.0,50,852.498635
,-23.0,50,854.17531
,-18.0,50,855.81456
,-30.0,50,857.472567
,-23.0,50,859.100641
,-29.0,50,860.726959
,-31.0,50,862.424267
,-17.0,50,864.102294
,-32.0,50,865.752944
,-45.0,50,867.386745
,-34.0,50,869.072758
,-40.0,50,870.717561
,-8.0,50,872.329651
,-18.0,50,874.024908
,-13.0,50,875.650908
,-23.0,50,877.361712
,-47.0,50,878.979597
,-28.0,50,880.626504
,-15.0,50,882.320589
,-20.0,50,883.977759
,-17.0,50,885.592515
,-17.0,50,887.297901
,-11.0,50,888.911676
,-50.0,50,890.58449
,-16.0,50,892.221973
,-16.0,50,893.842979
,-36.0,50,895.560194
,-12.0,50,897.172216
,-50.0,50,898.849578
,-19.0,50,900.50877
,-19.0,50,902.183097
,-6.0,50,903.848717
,-16.0,50,905.520654
,-38.0,50,907.204048
,-11.0,50,908.798054
,-7.0,50,910.522949
,-36.0,50,912.157783
,-37.0,50,913.807004
,-50.0,50,915.517787
,-16.0,50,917.126783
,-17.0,50,918.810887
,-23.0,50,920.453822
,-14.0,50,922.089607
,-26.0,50,923.74454
,-18.0,50,925.40708
,-17.0,50,927.089406
,-50.0,50,928.757508
,-18.0,50,930.404573
,-14.0,50,932.041128
,-25.0,50,933.675427
,-18.0,50,935.342794
,-14.0,50,935.594767
,-47.0,50,935.851489
,-9.0,50,936.129688
,-6.0,50,936.404119
,-20.0,50,936.68779
,-13.0,50,936.969005
,-9.0,50,937.276963
,0.0,50,937.565211
,0.0,50,937.837013
,-14.0,50,938.22873
,-9.0,50,939.878601
,-8.0,50,941.525739
,-25.0,50,943.171893
,-18.0,50,944.827209
,-44.0,50,946.506781
,-48.0,50,948.143569
,-33.0,50,949.847856
,-8.0,50,951.494802
,0.0,50,953.121459
,-15.0,50,954.778854
,-50.0,50,956.444308
,-16.0,50,958.114863
,-20.0,50,959.726795
,-32.0,50,961.411116
,-33.0,50,963.088695
,-45.0,50,964.720843
,-9.0,50,966.37535
,-9.0,50,968.013545
,-29.0,50,969.688904
,-21.0,50,971.324374
,0.0,50,972.982547
,-22.0,50,974.659243
,-24.0,50,976.364998
,-11.0,50,977.982345
,0.0,50,979.600596
,-21.0,50,981.295732
,-23.0,50,982.950404
,-24.0,50,984.589303
,-8.0,50,986.247232
,0.0,50,987.916213
,-17.0,50,989.599639
,-35.0,50,991.256283
,-11.0,50,992.898188
,-4.0,50,994.562805
,-44.0,50,996.20486
,-24.0,50,997.880125
,-25.0,50,999.517767
,-19.0,50,1001.215649
,-50.0,50,1002.920584
,-15.0,50,1004.538836
,-24.0,50,1006.22221
,-9.0,50,1007.831831
,-48.0,50,1009.518209
,0.0,50,1011.147513
,-27.0,50,1012.800205
,0.0,50,1014.450722
,-19.0,50,1016.137023
,-20.0,50,1017.783092
,-27.0,50,1019.485935
,-10.0,50,1021.166509
,-15.0,50,1021.437308
,-14.0,50,1021.709195
,-4.0,50,1021.995347
,-10.0,50,1022.271183
,-9.0,50,1022.571995
,-12.0,50,1022.84129
,-6.0,50,1023.1069
,-12.0,50,1023.379386
,-16.0,50,1023.645112
,-9.0,50,1023.981447
,-10.0,50,1025.637812
,0.0,50,1027.274557
,-10.0,50,1028.907787
,-20.0,50,1030.579248
,-13.0,50,1032.243624
,-23.0,50,1033.947849
,-23.0,50,1035.581571
,0.0,50,1037.262298
,-8.0,50,1038.885896
,-50.0,50,1040.533231
,-36.0,50,1042.288922
,-35.0,50,1043.926243
,-20.0,50,1045.600196
,-23.0,50,1047.24066
,-24.0,50,1048.879406
,-11.0,50,1050.523079
,-50.0,50,1052.203332
,-14.0,50,1053.851505
,-18.0,50,1055.528157
,-50.0,50,1057.207487
,-39.0,50,1058.840545
,-9.0,50,1060.503516
,-19.0,50,1062.212027
,-19.0,50,1063.843243
,-12.0,50,1065.534777
,-13.0,50,1067.211876
,-13.0,50,1068.862496
,-18.0,50,1070.529023
,-21.0,50,1072.149086
,-23.0,50,1073.804773
,-12.0,50,1075.484545
,-14.0,50,1077.120055
,-11.0,50,1078.804678
,-36.0,50,1080.465653
,-31.0,50,1082.115079
,-23.0,50,1083.801775
,-13.0,50,1085.459578
,-11.0,50,1087.120361
,-17.0,50,1088.770252
,-15.0,50,1090.416651
,-19.0,50,1092.128638
,-7.0,50,1093.769368
,-22.0,50,1095.42354
,-7.0,50,1097.108085
,-16.0,50,1098.726542
,-12.0,50,1100.429276
,-15.0,50,1102.087319
,-23.0,50,1103.816556
,-10.0,50,1105.432756
,-16.0,50,1107.149575
,-7.0,50,1107.435668
,-5.0,50,1107.732577
,-2.0,50,1107.992196
,-11.0,50,1108.271299
,-18.0,50,1108.555337
,-8.0,50,1108.840934
,-9.0,50,1109.116171
,-19.0,50,1109.407733
,-9.0,50,1109.669201
,-19.0,50,1109.944828
,-15.0,50,1111.663904
,-12.0,50,1113.263637
,0.0,50,1114.958841
,0.0,50,1116.609218
,-36.0,50,1118.292761
,-30.0,50,1119.959049
,0.0,50,1121.578951
,-18.0,50,1123.279395
,-28.0,50,1124.956533
,-9.0,50,1126.62891
,-20.0,50,1128.291298
,-19.0,50,1129.935309
,-13.0,50,1131.583272
,-33.0,50,1133.270786
,0.0,50,1134.948318
,-26.0,50,1136.622042
,-33.0,50,1138.2943
,-30.0,50,1139.973038
,-46.0,50,1141.669943
,-15.0,50,1143.309753
,-21.0,50,1144.981258
,-28.0,50,1146.613513
,-15.0,50,1148.264022
,-19.0,50,1149.91988
,-42.0,50,1151.564517
,-15.0,50,1153.239532
,-28.0,50,1154.928306
,-37.0,50,1156.59716
,-35.0,50,1158.279922
,-27.0,50,1159.957705
,-15.0,50,1161.58773
,-13.0,50,1163.265094
,-26.0,50,1164.944547
,-14.0,50,1166.549407
,-11.0,50,1168.247336
,-15.0,50,1169.911913
,-13.0,50,1171.574802
,0.0,50,1173.245953
,0.0,50,1174.894903
,-30.0,50,1176.566936
,-21.0,50,1178.275077
,-43.0,50,1179.908998
,-18.0,50,1181.603806
,-42.0,50,1183.269893
,-15.0,50,1184.920046
,-13.0,50,1186.570224
,-16.0,50,1188.215548
,-22.0,50,1189.906073
,-22.0,50,1191.528736
,-14.0,50,1193.211542
,-11.0,50,1193.482239
,-14.0,50,1193.759328
,-10.0,50,1194.022342
,-3.0,50,1194.287294
,-20.0,50,1194.58776
,-10.0,50,1194.84913
,-11.0,50,1195.133637
,-7.0,50,1195.393904
,-8.0,50,1195.683827
,-8.0,50,1196.014993
,-46.0,50,1197.699815
,-15.0,50,1199.347768
,-7.0,50,1201.017054
,-18.0,50,1202.677094
,-13.0,50,1204.349559
,-36.0,50,1205.993974
,-16.0,50,1207.659973
,-8.0,50,1209.336381
,-15.0,50,1211.014511
,-25.0,50,1212.656745
,-13.0,50,1214.305062
,-12.0,50,1215.993068
,-13.0,50,1217.63776
,-38.0,50,1219.295889
,0.0,50,1220.93972
,-29.0,50,1222.617219
,0.0,50,1224.30021
,-27.0,50,1225.998898
,-21.0,50,1227.658376
,-18.0,50,1229.278772
,-31.0,50,1230.981118
,-15.0,50,1232.635564
,-11.0,50,1234.314144
,-45.0,50,1235.961253
,-47.0,50,1237.615293
,-23.0,50,1239.326195
,-6.0,50,1240.94006
,-21.0,50,1242.625341
,0.0,50,1244.281438
,-26.0,50,1245.968513
,-33.0,50,1247.633587
,-29.0,50,1249.317335
,-10.0,50,1250.947022
,-5.0,50,1252.650014
,-14.0,50,1254.321299
,-27.0,50,1255.994892
,-31.0,50,1257.635005
,-9.0,50,1259.317426
,-27.0,50,1260.991194
,-14.0,50,1262.608912
,-8.0,50,1264.295606
,-31.0,50,1266.011033
,-29.0,50,1267.668558
,-9.0,50,1269.3037
,-16.0,50,1270.99599
,-20.0,50,1272.611962
,-17.0,50,1274.31143
,-36.0,50,1275.987535
,0.0,50,1277.612317
,-12.0,50,1279.357315
,-15.0,50,1279.627159
,0.0,50,1279.893099
,-12.0,50,1280.162878
,-8.0,50,1280.446271
,-11.0,50,1280.729334
,-15.0,50,1281.029266
,-25.0,50,1281.312132
,-8.0,50,1281.589798
,-9.0,50,1281.876611
,-14.0,50,1282.16601
,-13.0,50,1283.848107
,-29.0,50,1285.548863
,-26.0,50,1287.205918
,0.0,50,1288.868186
,-23.0,50,1290.488897
,-19.0,50,1292.187537
,-11.0,50,1293.848456
,-32.0,50,1295.568757
,-27.0,50,1297.220996
,-28.0,50,1298.917351
,-18.0,50,1300.561523
,-8.0,50,1302.223391
,-9.0,50,1303.894969
,-16.0,50,1305.57278
,-29.0,50,1307.245676
,0.0,50,1308.896845
,0.0,50,1310.584544
,-17.0,50,1312.23713
,0.0,50,1313.935804
,0.0,50,1315.586318
,-27.0,50,1317.261677
,-30.0,50,1318.894302
,-22.0,50,1320.563959
,-7.0,50,1322.258254
,-48.0,50,1323.912945
,-34.0,50,1325.63465
,-14.0,50,1327.314204
,-13.0,50,1328.972413
,-28.0,50,1330.666221
,-36.0,50,1332.351755
,-29.0,50,1334.017811
,-8.0,50,1335.760634
,0.0,50,1337.417788
,-25.0,50,1339.107775
,-31.0,50,1340.763271
,-13.0,50,1342.468635
,-24.0,50,1344.097316
,-18.0,50,1345.860675
,-15.0,50,1347.473004
,-11.0,50,1349.173114
,-26.0,50,1350.835019
,-49.0,50,1352.52318
,-24.0,50,1354.228911
,-3.0,50,1355.886994
,-19.0,50,1357.541071
,-13.0,50,1359.266977
,-20.0,50,1360.948503
,-33.0,50,1362.599523
,-8.0,50,1364.300573
,-19.0,50,1366.016859
,-15.0,50,1366.293442
,-10.0,50,1366.565013
,-13.0,50,1366.82813
,0.0,50,1367.116015
,-11.0,50,1367.388395
,-9.0,50,1367.659451
,-13.0,50,1367.934877
,-11.0,50,1368.218207
,-5.0,50,1368.499324
,-50.0,50,1368.85762
,-42.0,50,1370.492451
,-13.0,50,1372.205876
,-43.0,50,1373.862513
,0.0,50,1375.594487
,-10.0,50,1377.220588
,0.0,50,1378.948802
,-36.0,50,1380.607543
,-9.0,50,1382.264918
,-14.0,50,1383.969553
,-39.0,50,1385.659409
,-19.0,50,1387.298896
,-18.0,50,1389.017942
,-18.0,50,1390.667885
,0.0,50,1392.397182
,-27.0,50,1394.065205
,-36.0,50,1395.740582
,-17.0,50,1397.420654
,-34.0,50,1399.124441
,-27.0,50,1400.791741
,-31.0,50,1402.486392
,-8.0,50,1404.173741
,-14.0,50,1405.848987
,-12.0,50,1407.57282
,-20.0,50,1409.24348
,-11.0,50,1410.923522
,-19.0,50,1412.568803
,-24.0,50,1414.285216
,-23.0,50,1415.94939
,-8.0,50,1417.632424
,-11.0,50,1419.337385
,-23.0,50,1420.995144
,-11.0,50,1422.671027
,-10.0,50,1424.333341
,-10.0,50,1426.035029
,-40.0,50,1427.672654
,0.0,50,1429.354447
,-24.0,50,1431.046079
,-25.0,50,1432.754544
,0.0,50,1434.401481
,-26.0,50,1436.095419
,-12.0,50,1437.793015
,-12.0,50,1439.458531
,-31.0,50,1441.179966
,-19.0,50,1442.836817
,-13.0,50,1444.526326
,-18.0,50,1446.21157
,-11.0,50,1447.884717
,-41.0,50,1449.595129
,-15.0,50,1451.238931
,-6.0,50,1452.990901
,-11.0,50,1453.29944
,-10.0,50,1453.557266
,0.0,50,1453.835127
,-24.0,50,1454.094446
,-9.0,50,1454.362402
,-11.0,50,1454.645453
,-6.0,50,1454.910349
,-49.0,50,1455.173539
,-8.0,50,1455.426026
,-12.0,50,1455.836207
,-11.0,50,1457.489805
,-11.0,50,1459.152531
,-24.0,50,1460.847779
,-22.0,50,1462.559227
,-18.0,50,1464.258791
,-12.0,50,1465.928526
,0.0,50,1467.612975
,-16.0,50,1469.300843
,-18.0,50,1470.954921
,-25.0,50,1472.645954
,-36.0,50,1474.322657
,-37.0,50,1476.023477
,-20.0,50,1477.706435
,-47.0,50,1479.366853
,-12.0,50,1481.066449
,0.0,50,1482.731384
,-16.0,50,1484.387541
,-27.0,50,1486.073583
,-17.0,50,1487.796822
,-17.0,50,1489.460721
,-15.0,50,1491.180606
,-12.0,50,1492.899117
,-16.0,50,1494.536884
,-16.0,50,1496.295353
,-17.0,50,1497.979865
,-15.0,50,1499.690736
,-15.0,50,1501.401626
,-6.0,50,1503.076348
,-11.0,50,1504.741746
,-15.0,50,1506.385574
,-19.0,50,1508.095597
,-19.0,50,1509.762538
,-19.0,50,1511.437961
,-27.0,50,1513.118657
,-29.0,50,1514.802305
,-20.0,50,1516.513984
,-16.0,50,1518.162309
,-31.0,50,1519.878991
,-10.0,50,1521.529954
,-12.0,50,1523.204458
,-25.0,50,1524.900686
,-18.0,50,1526.594539
,-24.0,50,1528.296498
,0.0,50,1529.957325
,-12.0,50,1531.675875
,-19.0,50,1533.351825
,-16.0,50,1535.027049
,-15.0,50,1536.692907
,-13.0,50,1538.408736
,-7.0,50,1540.13958
,-8.0,50,1540.403513
,-5.0,50,1540.679409
,-10.0,50,1540.971625
,-13.0,50,1541.252479
,-6.0,50,1541.533267
,-7.0,50,1541.810395
,-11.0,50,1542.124658
,-9.0,50,1542.42034
,-9.0,50,1542.679518
,-16.0,50,1542.971652
,-21.0,50,1544.678772
,-9.0,50,1546.337862
,-13.0,50,1547.969302
,-16.0,50,1549.724591
,-26.0,50,1551.351893
,-9.0,50,1553.060343
,-14.0,50,1554.772043
,-12.0,50,1556.418252
,-13.0,50,1558.133394
,-5.0,50,1559.786432
,-19.0,50,1561.522465
,-20.0,50,1563.202901
,-12.0,50,1564.887391
,0.0,50,1566.595874
,-10.0,50,1568.261021
,-30.0,50,1569.981254
,-8.0,50,1571.611129
,-26.0,50,1573.353191
,-20.0,50,1574.993163
,-25.0,50,1576.706374
,-2.0,50,1578.386437
,-33.0,50,1580.050377
,-21.0,50,1581.775941
,-23.0,50,1583.440391
,-35.0,50,1585.08931
,-11.0,50,1586.84526
,-7.0,50,1588.493427
,-20.0,50,1590.175486
,-33.0,50,1591.866742
,-11.0,50,1593.590291
,-19.0,50,1595.241835
,-25.0,50,1596.94483
,-40.0,50,1598.674817
,-16.0,50,1600.348006
,-45.0,50,1602.05731
,-9.0,50,1603.768694
,-13.0,50,1605.42848
,-37.0,50,1607.150866
,-48.0,50,1608.785976
,0.0,50,1610.439482
,0.0,50,1612.206552
,-6.0,50,1613.898384
,0.0,50,1615.6116
,-21.0,50,1617.294741
,-24.0,50,1618.974327
,-16.0,50,1620.643055
,0.0,50,1622.32858
,-7.0,50,1624.072189
,-49.0,50,1625.734371
,-11.0,50,1627.421386
,-9.0,50,1627.708866
,-11.0,50,1627.978742
,-8.0,50,1628.263635
,-7.0,50,1628.571833
,0.0,50,1628.864563
,-4.0,50,1629.155152
,-10.0,50,1629.432406
,-13.0,50,1629.703908
,-6.0,50,1629.96332
,-24.0,50,1630.371426
,-14.0,50,1632.078944
,-14.0,50,1633.752977
,-37.0,50,1635.462807
,-14.0,50,1637.128366
,-24.0,50,1638.82648
,-9.0,50,1640.494856
,-19.0,50,1642.228181
,-14.0,50,1643.935677
,-19.0,50,1645.643115
,-16.0,50,1647.259862
,-14.0,50,1649.017241
,-17.0,50,1650.703717
,-17.0,50,1652.40564
,-16.0,50,1654.054376
,-18.0,50,1655.785681
,-6.0,50,1657.522278
,-26.0,50,1659.168703
,0.0,50,1660.882213
,-28.0,50,1662.614302
,-16.0,50,1664.264894
,0.0,50,1665.955632
,-9.0,50,1667.683782
,-18.0,50,1669.398949
,-7.0,50,1671.054728
,-21.0,50,1672.728884
,0.0,50,1674.410474
,-9.0,50,1676.123313
,-7.0,50,1677.838957
,-16.0,50,1679.477319
,-17.0,50,1681.233155
,-16.0,50,1682.9426
,-29.0,50,1684.639753
,-17.0,50,1686.310166
,-11.0,50,1687.988229
,-8.0,50,1689.69282
,-19.0,50,1691.41572
,0.0,50,1693.115863
,-23.0,50,1694.788086
,-10.0,50,1696.509461
,-11.0,50,1698.124378
,-19.0,50,1699.859854
,-33.0,50,1701.552744
,-15.0,50,1703.269953
,0.0,50,1704.939941
,-17.0,50,1706.641604
,-19.0,50,1708.39549
,0.0,50,1710.096861
,-36.0,50,1711.766904
,-21.0,50,1713.467629
,-10.0,50,1715.188088
,-11.0,50,1715.47379
,-12.0,50,1715.759915
,-11.0,50,1716.008333
,0.0,50,1716.269341
,-4.0,50,1716.539574
,-16.0,50,1716.806593
,-4.0,50,1717.103242
,-3.0,50,1717.382896
,-11.0,50,1717.657478
,-7.0,50,1718.061508
,-18.0,50,1719.737965
,-28.0,50,1721.454358
,0.0,50,1723.158541
,0.0,50,1724.866154
,-14.0,50,1726.534168
,-16.0,50,1728.222467
,-17.0,50,1729.921058
,-17.0,50,1731.641079
,-18.0,50,1733.328651
,-17.0,50,1734.985911
,-21.0,50,1736.696334
,-11.0,50,1738.406835
,-33.0,50,1740.151348
,-23.0,50,1741.820709
,-17.0,50,1743.523048
,-16.0,50,1745.168762
,-10.0,50,1746.873973
,-9.0,50,1748.592529
,-10.0,50,1750.292902
,-39.0,50,1752.010295
,-23.0,50,1753.682428
,-50.0,50,1755.357939
,-16.0,50,1757.131719
,-25.0,50,1758.762708
,-48.0,50,1760.466544
,-9.0,50,1762.15191
,-39.0,50,1763.860864
,-11.0,50,1765.543921
,-14.0,50,1767.29181
,-12.0,50,1768.955373
,-47.0,50,1770.677193
,-8.0,50,1772.363769
,-13.0,50,1774.052983
,-7.0,50,1775.779693
,-20.0,50,1777.430472
,-6.0,50,1779.139223
,-44.0,50,1780.856192
,-34.0,50,1782.563908
,-24.0,50,1784.258101
,-29.0,50,1785.940276
,-25.0,50,1787.68239
,-34.0,50,1789.373945
,-16.0,50,1791.030008
,-12.0,50,1792.733632
,-14.0,50,1794.431283
,-26.0,50,1796.158476
,-3.0,50,1797.821803
,-17.0,50,1799.559947
,-14.0,50,1801.266508
,-8.0,50,1802.965272
,-7.0,50,1803.241096
,-2.0,50,1803.512394
,0.0,50,1803.785257
,-10.0,50,1804.070886
,-15.0,50,1804.36376
,-8.0,50,1804.628388
,-5.0,50,1804.890753
,-15.0,50,1805.161241
,-9.0,50,1805.432781
,-12.0,50,1805.895492
,-14.0,50,1807.568798
,-7.0,50,1809.256155
,-10.0,50,1810.943193
,-14.0,50,1812.634555
,-25.0,50,1814.363571
,-23.0,50,1816.020313
,-23.0,50,1817.77906
,-15.0,50,1819.469975
,-18.0,50,1821.161266
,-16.0,50,1822.858916
,-13.0,50,1824.537041
,-22.0,50,1826.239465
,-17.0,50,1827.957719
,-12.0,50,1829.641313
,-32.0,50,1831.322059
,-7.0,50,1833.016788
,-39.0,50,1834.724917
,-24.0,50,1836.401256
,-26.0,50,1838.100053
,-21.0,50,1839.84582
,-24.0,50,1841.529428
,-7.0,50,1843.263577
,-11.0,50,1844.946294
,-23.0,50,1846.716491
,-12.0,50,1848.404272
,-26.0,50,1850.089182
,-14.0,50,1851.808818
,-25.0,50,1853.468871
,-47.0,50,1855.199377
,-11.0,50,1856.909672
,-21.0,50,1858.633025
,-16.0,50,1860.335557
,-11.0,50,1862.001679
,-17.0,50,1863.708091
,-33.0,50,1865.437227
,-6.0,50,1867.112138
,-17.0,50,1868.828968
,-14.0,50,1870.535435
,-29.0,50,1872.217446
,-16.0,50,1873.951224
,-25.0,50,1875.684205
,-18.0,50,1877.380905
,-25.0,50,1879.067408
,-23.0,50,1880.781206
,0.0,50,1882.477411
,-50.0,50,1884.217489
,-3.0,50,1885.916733
,-19.0,50,1887.634878
,-26.0,50,1889.336635
,-12.0,50,1891.035763
,-9.0,50,1891.334172
,-10.0,50,1891.604333
,-7.0,50,1891.892844
,-11.0,50,1892.166811
,-17.0,50,1892.458246
,-19.0,50,1892.734462
,-7.0,50,1893.008404
,-7.0,50,1893.277155
,0.0,50,1893.558316
,-28.0,50,1893.943481
,-25.0,50,1895.60556
,-16.0,50,1897.318738
,-9.0,50,1899.039143
,-14.0,50,1900.749338
,-20.0,50,1902.485458
,-16.0,50,1904.159119
,-17.0,50,1905.88859
,-24.0,50,1907.5792
,-23.0,50,1909.29113
,-16.0,50,1910.996273
,-12.0,50,1912.649177
,-18.0,50,1914.403802
,-14.0,50,1916.159947
,0.0,50,1917.833293
,-22.0,50,1919.503847
,-9.0,50,1921.243743
,-5.0,50,1922.917023
,-29.0,50,1924.667436
,-26.0,50,1926.376726
,-14.0,50,1928.109099
,-12.0,50,1929.804628
,-26.0,50,1931.499454
,-22.0,50,1933.153731
,-19.0,50,1934.937075
,-12.0,50,1936.612229
,-15.0,50,1938.301493
,-22.0,50,1940.031035
,-9.0,50,1941.758741
,-10.0,50,1943.433158
,-8.0,50,1945.126969
,-11.0,50,1946.836566
,-9.0,50,1948.612539
,-15.0,50,1950.266578
,-25.0,50,1951.973253
,-6.0,50,1953.698505
,-11.0,50,1955.445273
,-34.0,50,1957.144473
,-17.0,50,1958.849321
,-30.0,50,1960.587981
,-18.0,50,1962.264178
,-26.0,50,1963.980031
,-16.0,50,1965.700378
,-19.0,50,1967.440367
,-28.0,50,1969.089184
,-15.0,50,1970.827274
,-13.0,50,1972.525847
,0.0,50,1974.240535
,-14.0,50,1975.942402
,-12.0,50,1977.658232
,0.0,50,1979.354835
,-6.0,50,1979.62879
,-12.0,50,1979.906486
,-4.0,50,1980.178587
,-18.0,50,1980.456905
,-11.0,50,1980.732856
,-7.0,50,1981.012924
,-5.0,50,1981.322858
,-13.0,50,1981.613858
,-12.0,50,1981.876214
,-38.0,50,1982.188398
,-15.0,50,1983.891768
,-36.0,50,1985.558357
,-50.0,50,1987.271626
,-38.0,50,1988.946641
,-24.0,50,1990.712565
,-34.0,50,1992.384315
,-12.0,50,1994.090415
,-26.0,50,1995.828145
,-8.0,50,1997.6016
,-32.0,50,1999.294042
,-31.0,50,2000.967621
,-8.0,50,2002.646047
,-9.0,50,2004.365287
,-9.0,50,2006.07683
,-8.0,50,2007.738432
,-22.0,50,2009.458815
,-16.0,50,2011.157229
,-15.0,50,2012.869806
,0.0,50,2014.588129
,-18.0,50,2016.307903
,-17.0,50,2018.006948
,0.0,50,2019.689614
,-43.0,50,2021.455415
,-12.0,50,2023.122499
,-18.0,50,2024.837862
,-24.0,50,2026.561998
,-15.0,50,2028.235727
,-8.0,50,2029.941149
,0.0,50,2031.658276
,-15.0,50,2033.376847
,-19.0,50,2035.123725
,-14.0,50,2036.783182
,-25.0,50,2038.506594
,-10.0,50,2040.204084
,0.0,50,2041.902003
,-15.0,50,2043.613874
,-18.0,50,2045.374057
,-13.0,50,2047.061936
,-20.0,50,2048.765542
,-10.0,50,2050.503387
,-13.0,50,2052.187057
,-10.0,50,2053.906966
,-11.0,50,2055.673809
,-28.0,50,2057.357952
,-26.0,50,2059.047981
,-26.0,50,2060.785051
,-18.0,50,2062.523351
,-27.0,50,2064.238425
,-24.0,50,2065.914229
,-6.0,50,2067.650543
,-4.0,50,2067.936046
,-12.0,50,2068.236999
,-26.0,50,2068.511185
,-10.0,50,2068.797676
,-11.0,50,2069.10704
,-11.0,50,2069.410181
,-15.0,50,2069.687895
,-12.0,50,2069.973889
,-12.0,50,2070.216127
,-15.0,50,2070.554127
,-6.0,50,2072.232567
,-16.0,50,2073.962858
,-17.0,50,2075.668026
,-19.0,50,2077.363242
,-18.0,50,2079.072009
,-27.0,50,2080.829245
,0.0,50,2082.525851
,-17.0,50,2084.249653
,0.0,50,2085.961795
,-22.0,50,2087.686459
,-25.0,50,2089.427775
,-23.0,50,2091.164415
,-23.0,50,2092.824768
,-12.0,50,2094.590471
,-24.0,50,2096.236739
,0.0,50,2097.939438
,-26.0,50,2099.72206
,-9.0,50,2101.386109
,-16.0,50,2103.118798
,-26.0,50,2104.861432
,-43.0,50,2106.531874
,-14.0,50,2108.263172
,-22.0,50,2109.952595
,-23.0,50,2111.697506
,-13.0,50,2113.426439
,-11.0,50,2115.113468
,-13.0,50,2116.85334
,-14.0,50,2118.540919
,-19.0,50,2120.267797
,0.0,50,2121.940066
,-20.0,50,2123.64885
,-13.0,50,2125.371815
,-22.0,50,2127.121763
,-8.0,50,2128.837775
,-17.0,50,2130.538143
,-18.0,50,2132.209519
,-38.0,50,2133.966862
,-14.0,50,2135.668331
,-26.0,50,2137.374261
,-19.0,50,2139.075033
,0.0,50,2140.837032
,-15.0,50,2142.566415
,-8.0,50,2144.265342
,-11.0,50,2145.963849
,-19.0,50,2147.71326
,-10.0,50,2149.410297
,-15.0,50,2151.0825
,-11.0,50,2152.831549
,-13.0,50,2154.56425
,-4.0,50,2156.263012
,-5.0,50,2156.524149
,-8.0,50,2156.820347
,-9.0,50,2157.100637
,-8.0,50,2157.37761
,-12.0,50,2157.64969
,-10.0,50,2157.904972
,-5.0,50,2158.219687
,-11.0,50,2158.490107
,-6.0,50,2158.759553
,-9.0,50,2159.101376
,0.0,50,2160.875749
,-34.0,50,2162.529661
,-14.0,50,2164.230412
,-34.0,50,2165.948155
,-21.0,50,2167.714074
,-44.0,50,2169.408517
,-10.0,50,2171.103874
,-50.0,50,2172.794576
,-31.0,50,2174.550136
,0.0,50,2176.293097
,-12.0,50,2178.022452
,-20.0,50,2179.694847
,-10.0,50,2181.415424
,-13.0,50,2183.134551
,-7.0,50,2184.834897
,-19.0,50,2186.54602
,-18.0,50,2188.234463
,-20.0,50,2189.974274
,-16.0,50,2191.728749
,-11.0,50,2193.477811
,-15.0,50,2195.172968
,-12.0,50,2196.934263
,-11.0,50,2198.637797
,-5.0,50,2200.340533
,-10.0,50,2202.058624
,-32.0,50,2203.752151
,-15.0,50,2205.483169
,-8.0,50,2207.181911
,-20.0,50,2208.922426
,0.0,50,2210.6251
,-45.0,50,2212.349959
,-17.0,50,2214.049621
,-13.0,50,2215.752123
,-10.0,50,2217.436712
,-17.0,50,2219.172058
,-16.0,50,2220.936934
,-9.0,50,2222.629127
,-13.0,50,2224.354472
,-40.0,50,2226.057967
,-45.0,50,2227.779989
,-16.0,50,2229.497645
,-13.0,50,2231.268652
,-33.0,50,2232.946201
,-15.0,50,2234.645918
,-10.0,50,2236.412282
,0.0,50,2238.148076
,-26.0,50,2239.833138
,-19.0,50,2241.530529
,-25.0,50,2243.279567
,-9.0,50,2244.986258
,-10.0,50,2245.271548
,-14.0,50,2245.551362
,-9.0,50,2245.816713
,-14.0,50,2246.08026
,-9.0,50,2246.346542
,0.0,50,2246.62161
,-8.0,50,2246.865045
,-13.0,50,2247.124656
,-11.0,50,2247.398504
,-10.0,50,2247.881149
,-12.0,50,2249.570047
,-23.0,50,2251.310067
,-29.0,50,2253.057145
,-20.0,50,2254.826037
,-12.0,50,2256.475101
,-26.0,50,2258.259288
,-9.0,50,2259.945234
,-15.0,50,2261.676353
,-14.0,50,2263.393999
,0.0,50,2265.100292
,0.0,50,2266.844795
,0.0,50,2268.549279
,0.0,50,2270.256578
,-17.0,50,2271.96887
,-25.0,50,2273.76802
,-38.0,50,2275.504581
,-17.0,50,2277.20782
,-9.0,50,2278.904439
,-8.0,50,2280.620084
,-22.0,50,2282.28878
,-12.0,50,2284.068168
,-13.0,50,2285.732664
,-17.0,50,2287.529948
,-7.0,50,2289.277426
,-9.0,50,2290.998522
,-20.0,50,2292.737394
,-17.0,50,2294.428262
,-26.0,50,2296.123664
,-16.0,50,2297.851213
,-13.0,50,2299.554234
,-12.0,50,2301.306174
,-12.0,50,2302.986548
,-20.0,50,2304.731028
,-17.0,50,2306.455326
,-26.0,50,2308.137865
,-20.0,50,2309.905101
,-22.0,50,2311.560168
,-26.0,50,2313.337595
,-26.0,50,2315.024927
,-18.0,50,2316.811326
,-21.0,50,2318.493096
,-33.0,50,2320.239384
,-50.0,50,2321.940665
,-17.0,50,2323.636006
,-26.0,50,2325.364676
,-12.0,50,2327.092897
,-14.0,50,2328.810031
,-11.0,50,2330.60493
,-17.0,50,2332.271153
,-11.0,50,2334.053037
,-13.0,50,2334.328233
,0.0,50,2334.605574
,-11.0,50,2334.870017
,-10.0,50,2335.148266
,-10.0,50,2335.40395
,-11.0,50,2335.654173
,-10.0,50,2335.933014
,-5.0,50,2336.195714
,-12.0,50,2336.471756
,0.0,50,2336.8884
,-7.0,50,2338.621978
,-17.0,50,2340.326582
,-24.0,50,2342.046307
,-31.0,50,2343.783042
,-9.0,50,2345.484914
,-17.0,50,2347.209504
,-13.0,50,2348.934165
,-28.0,50,2350.677779
,-8.0,50,2352.393038
,-13.0,50,2354.087002
,-26.0,50,2355.904055
,-8.0,50,2357.589799
,-50.0,50,2359.312333
,-13.0,50,2361.02012
,-23.0,50,2362.771788
,-20.0,50,2364.441983
,-17.0,50,2366.247955
,-40.0,50,2367.94723
,-7.0,50,2369.713655
,-18.0,50,2371.383304
,0.0,50,2373.113081
,-16.0,50,2374.834012
,-23.0,50,2376.587377
,0.0,50,2378.281187
,-13.0,50,2380.041306
,-11.0,50,2381.794055
,-23.0,50,2383.540876
,-9.0,50,2385.251207
,-24.0,50,2386.966124
,-17.0,50,2388.741665
,-34.0,50,2390.445669
,-14.0,50,2392.203972
,-37.0,50,2393.923264
,-26.0,50,2395.690906
,-8.0,50,2397.367934
,-23.0,50,2399.116246
,-8.0,50,2400.86538
,0.0,50,2402.589137
,-10.0,50,2404.324878
,-14.0,50,2406.006778
,-2.0,50,2407.760234
,-22.0,50,2409.46171
,-7.0,50,2411.22547
,-14.0,50,2412.931243
,-27.0,50,2414.712594
,-18.0,50,2416.41756
,-14.0,50,2418.155364
,-10.0,50,2419.841256
,0.0,50,2421.573105
,-11.0,50,2423.322481
,-17.0,50,2423.608349
,-6.0,50,2423.873141
,-8.0,50,2424.141673
,0.0,50,2424.452702
,-4.0,50,2424.730095
,-10.0,50,2425.005188
,-13.0,50,2425.297808
,-4.0,50,2425.561717
,-13.0,50,2425.825649
,-48.0,50,2426.175844
,-6.0,50,2427.893588
,-39.0,50,2429.624353
,0.0,50,2431.357507
,-19.0,50,2433.078931
,-18.0,50,2434.799129
,-24.0,50,2436.539063
,-15.0,50,2438.301897
,-19.0,50,2439.990096
,-9.0,50,2441.73139
,-9.0,50,2443.451277
,-2.0,50,2445.213163
,-27.0,50,2446.96674
,-15.0,50,2448.670538
,-18.0,50,2450.352341
,-20.0,50,2452.060949
,-14.0,50,2453.86819
,-8.0,50,2455.558008
,-33.0,50,2457.285081
,-14.0,50,2459.026267
,-19.0,50,2460.761547
,-13.0,50,2462.517741
,-13.0,50,2464.295563
,-20.0,50,2466.058777
,0.0,50,2467.756824
,-22.0,50,2469.510303
,-27.0,50,2471.25585
,-15.0,50,2472.969986
,0.0,50,2474.737255
,-33.0,50,2476.466322
,-14.0,50,2478.204944
,-19.0,50,2479.926918
,-16.0,50,2481.616492
,-29.0,50,2483.380111
,-21.0,50,2485.133304
,-35.0,50,2486.887896
,-20.0,50,2488.584177
,-7.0,50,2490.256488
,-17.0,50,2492.025437
,-18.0,50,2493.737725
,-12.0,50,2495.426911
,-19.0,50,2497.183696
,-21.0,50,2498.918538
,-23.0,50,2500.600817
,-9.0,50,2502.318376
,-19.0,50,2504.097836
,-19.0,50,2505.873853
,-20.0,50,2507.537663
,-22.0,50,2509.320964
,-45.0,50,2511.076838
,-12.0,50,2512.806726
,-12.0,50,2513.091737
,-11.0,50,2513.358234
,-10.0,50,2513.626905
,-11.0,50,2513.902561
,-9.0,50,2514.188709
,-15.0,50,2514.482492
,-7.0,50,2514.759415
,-8.0,50,2515.028841
,-8.0,50,2515.316994
,-10.0,50,2515.565539
,-10.0,50,2517.280115
,-12.0,50,2519.049725
,-7.0,50,2520.751815
,-14.0,50,2522.506047
,-11.0,50,2524.239777
,-14.0,50,2525.98266
,-38.0,50,2527.717707
,-6.0,50,2529.433056
,-21.0,50,2531.17968
,-13.0,50,2532.877628
,-17.0,50,2534.725504
,-6.0,50,2536.389698
,-13.0,50,2538.142024
,-43.0,50,2539.886141
,-25.0,50,2541.617061
,-13.0,50,2543.3355
,-9.0,50,2545.101285
,-7.0,50,2546.82083
,-28.0,50,2548.580338
,-25.0,50,2550.268404
,-23.0,50,2552.039338
,-19.0,50,2553.771392
,-22.0,50,2555.517525
,-14.0,50,2557.253845
,-14.0,50,2558.971378
,-36.0,50,2560.739464
,-19.0,50,2562.4604
,-22.0,50,2564.189015
,-31.0,50,2565.950383
,-17.0,50,2567.671046
,-16.0,50,2569.447813
,-15.0,50,2571.15049
,-11.0,50,2572.905765
,-25.0,50,2574.671247
,-20.0,50,2576.426703
,-10.0,50,2578.121513
,-8.0,50,2579.917617
,-14.0,50,2581.630038
,-8.0,50,2583.352124
,-25.0,50,2585.099892
,-18.0,50,2586.841357
,-13.0,50,2588.561842
,-33.0,50,2590.330174
,-11.0,50,2592.054472
,-17.0,50,2593.775558
,0.0,50,2595.462852
,-21.0,50,2597.241758
,-18.0,50,2598.953874
,-26.0,50,2600.753775
,-11.0,50,2602.458916
,-6.0,50,2602.74135
,-13.0,50,2603.001588
,-11.0,50,2603.277256
,0.0,50,2603.570655
,-11.0,50,2603.848468
,-6.0,50,2604.117144
,-11.0,50,2604.393453
,-21.0,50,2604.6538
,-17.0,50,2604.906346
,-19.0,50,2605.347833
,-16.0,50,2607.044869
,-27.0,50,2608.74
,0.0,50,2610.499022
,-28.0,50,2612.225601
,-17.0,50,2614.012116
,-25.0,50,2615.702673
,-11.0,50,2617.454177
,-12.0,50,2619.164125
,-16.0,50,2620.957702
,-18.0,50,2622.680905
,-22.0,50,2624.405716
,-17.0,50,2626.172927
,-38.0,50,2627.866511
,-17.0,50,2629.592431
,-12.0,50,2631.341751
,-11.0,50,2633.14257
,-17.0,50,2634.849318
,-11.0,50,2636.65276
,-18.0,50,2638.359588
,-15.0,50,2640.072348
,-5.0,50,2641.785974
,-15.0,50,2643.561745
,0.0,50,2645.323491
,-24.0,50,2647.073035
,-5.0,50,2648.813429
,-22.0,50,2650.530245
,-5.0,50,2652.25885
,-26.0,50,2654.010832
,-18.0,50,2655.728894
,-13.0,50,2657.492534
,-10.0,50,2659.263488
,0.0,50,2660.997924
,-10.0,50,2662.737693
,-17.0,50,2664.403645
,-20.0,50,2666.177601
,-14.0,50,2667.912069
,-12.0,50,2669.675339
,0.0,50,2671.390625
,-18.0,50,2673.145861
,-7.0,50,2674.871675
,0.0,50,2676.675725
,-27.0,50,2678.381403
,-5.0,50,2680.111657
,-6.0,50,2681.931228
,-30.0,50,2683.666102
,-21.0,50,2685.401079
,-14.0,50,2687.145777
,-18.0,50,2688.865657
,-32.0,50,2690.619935
,-8.0,50,2692.384908
,-6.0,50,2692.653722
,-8.0,50,2692.920866
,-12.0,50,2693.183915
,-9.0,50,2693.477479
,-2.0,50,2693.745018
,-11.0,50,2694.022523
,-7.0,50,2694.282947
,-13.0,50,2694.549395
,0.0,50,2694.822742
,-15.0,50,2695.229757
,-14.0,50,2696.935531
,-9.0,50,2698.70053
,-12.0,50,2700.439715
,-19.0,50,2702.182646
,-5.0,50,2703.911967
,-33.0,50,2705.59191
,-14.0,50,2707.391529
,-23.0,50,2709.100278
,-16.0,50,2710.854363
,-13.0,50,2712.596056
,-16.0,50,2714.331699
,-7.0,50,2716.054085
,-25.0,50,2717.830031
,-10.0,50,2719.591113
,-11.0,50,2721.304113
,-13.0,50,2723.085475
,-21.0,50,2724.780668
,-12.0,50,2726.538729
,-12.0,50,2728.253728
,-18.0,50,2730.060709
,-21.0,50,2731.8095
,-11.0,50,2733.566917
,-36.0,50,2735.280116
,-23.0,50,2737.070357
,-15.0,50,2738.798171
,-7.0,50,2740.464212
,-6.0,50,2742.208962
,-24.0,50,2743.985783
,-23.0,50,2745.722554
,-22.0,50,2747.495856
,0.0,50,2749.193679
,-16.0,50,2750.954196
,-11.0,50,2752.741348
,-10.0,50,2754.469428
,0.0,50,2756.252664
,-14.0,50,2757.974238
,-15.0,50,2759.749134
,0.0,50,2761.530571
,-48.0,50,2763.210255
,-20.0,50,2765.032777
,0.0,50,2766.782794
,-11.0,50,2768.533537
,-4.0,50,2770.267642
,-24.0,50,2772.058213
,-12.0,50,2773.761052
,-11.0,50,2775.531956
,-15.0,50,2777.217939
,-36.0,50,2778.993605
,-37.0,50,2780.758376
,-12.0,50,2782.545207
,-11.0,50,2782.833182
,0.0,50,2783.131017
,-11.0,50,2783.404629
,-7.0,50,2783.674278
,-15.0,50,2783.957759
,-13.0,50,2784.246027
,-8.0,50,2784.532232
,-8.0,50,2784.790056
,-15.0,50,2785.032661
,-35.0,50,2785.312061
,0.0,50,2787.022903
,-10.0,50,2788.815398
,0.0,50,2790.525253
,-23.0,50,2792.285933
,-26.0,50,2794.010723
,-5.0,50,2795.799635
,-21.0,50,2797.588827
,-19.0,50,2799.304592
,-14.0,50,2801.026982
,-19.0,50,2802.814736
,-21.0,50,2804.537116
,-7.0,50,2806.325089
,-22.0,50,2808.079732
,0.0,50,2809.824138
,0.0,50,2811.52054
,-20.0,50,2813.345419
,-19.0,50,2815.063468
,-11.0,50,2816.796425
,-19.0,50,2818.555811
,-17.0,50,2820.277496
,-20.0,50,2822.043452
,-14.0,50,2823.751524
,-10.0,50,2825.555998
,-24.0,50,2827.276672
,-17.0,50,2829.007992
,-22.0,50,2830.805524
,-6.0,50,2832.509048
,-4.0,50,2834.24052
,-12.0,50,2836.011428
,-26.0,50,2837.739395
,-24.0,50,2839.506211
,-12.0,50,2841.203265
,-9.0,50,2842.981026
,0.0,50,2844.726127
,-29.0,50,2846.486515
,-20.0,50,2848.209788
,-9.0,50,2849.949057
,0.0,50,2851.769139
,-16.0,50,2853.508264
,-14.0,50,2855.231872
,-11.0,50,2857.035088
,-26.0,50,2858.752707
,-20.0,50,2860.468739
,-14.0,50,2862.207916
,-12.0,50,2864.020326
,-34.0,50,2865.751287
,-11.0,50,2867.50572
,-11.0,50,2869.209098
,-12.0,50,2870.944745
,-15.0,50,2872.788921
,-10.0,50,2873.091476
,-17.0,50,2873.390016
,-8.0,50,2873.683662
,-4.0,50,2873.967503
,-11.0,50,2874.259416
,-10.0,50,2874.532069
,-9.0,50,2874.797073
,-10.0,50,2875.065031
,-12.0,50,2875.315698
,-30.0,50,2875.590929
,-17.0,50,2877.30713
,-42.0,50,2879.02303
,-13.0,50,2880.785133
,-42.0,50,2882.517257
,-9.0,50,2884.25583
,-30.0,50,2885.976957
,-11.0,50,2887.737452
,-17.0,50,2889.455177
,-15.0,50,2891.227
,-26.0,50,2892.948098
,-20.0,50,2894.731905
,-7.0,50,2896.474514
,-11.0,50,2898.22898
,-18.0,50,2899.980028
,-10.0,50,2901.723665
,-20.0,50,2903.562712
,-49.0,50,2905.259367
,0.0,50,2907.021122
,-13.0,50,2908.787925
,-10.0,50,2910.516655
,-24.0,50,2912.292986
,-25.0,50,2914.029823
,0.0,50,2915.75749
,-9.0,50,2917.538553
,-20.0,50,2919.305167
,-15.0,50,2921.047635
,-10.0,50,2922.854031
,-25.0,50,2924.608308
,-34.0,50,2926.293238
,-22.0,50,2928.054437
,0.0,50,2929.850498
,-17.0,50,2931.598995
,-18.0,50,2933.344514
,-16.0,50,2935.079423
,-14.0,50,2936.854637
,-26.0,50,2938.645692
,-19.0,50,2940.345599
,-9.0,50,2942.161363
,-42.0,50,2943.925781
,-13.0,50,2945.657294
,-23.0,50,2947.388077
,-27.0,50,2949.189703
,-12.0,50,2950.884755
,-37.0,50,2952.648958
,-33.0,50,2954.356398
,-8.0,50,2956.111754
,-30.0,50,2957.914282
,0.0,50,2959.717909
,0.0,50,2961.50988
,-8.0,50,2963.274514
,-10.0,50,2963.539976
,-10.0,50,2963.815318
,-12.0,50,2964.085166
,-7.0,50,2964.355776
,0.0,50,2964.62108
,-14.0,50,2964.888236
,-11.0,50,2965.15739
,-6.0,50,2965.411434
,-5.0,50,2965.681996
,-8.0,50,2966.050662
,-22.0,50,2967.791951
,-22.0,50,2969.559797
,-6.0,50,2971.321949
,-9.0,50,2973.053658
,-10.0,50,2974.808057
,-13.0,50,2976.593315
,-26.0,50,2978.288682
,-9.0,50,2980.036572
,-8.0,50,2981.800859
,-12.0,50,2983.600194
,-21.0,50,2985.379019
,-13.0,50,2987.14384
,-29.0,50,2988.861313
,-30.0,50,2990.653527
,-14.0,50,2992.416778
,-17.0,50,2994.190551
,-12.0,50,2995.91217
,-26.0,50,2997.720443
,-40.0,50,2999.47159
,-20.0,50,3001.25212
,0.0,50,3003.027847
,-21.0,50,3004.742862
,0.0,50,3006.529398
,0.0,50,3008.33269
,-24.0,50,3010.098205
,-28.0,50,3011.79834
,-6.0,50,3013.619496
,-11.0,50,3015.309692
,-18.0,50,3017.135409
,-26.0,50,3018.875795
,-25.0,50,3020.67071
,-22.0,50,3022.359734
,0.0,50,3024.102128
,-50.0,50,3025.829984
,0.0,50,3027.662754
,-15.0,50,3029.410739
,-13.0,50,3031.174664
,-21.0,50,3032.983195
,0.0,50,3034.694302
,-11.0,50,3036.481134
,-15.0,50,3038.26984
,-27.0,50,3039.984272
,-36.0,50,3041.746117
,-13.0,50,3043.533471
,-17.0,50,3045.271819
,-16.0,50,3047.080735
,-22.0,50,3048.834433
,-14.0,50,3050.535363
,-9.0,50,3052.281763
,-10.0,50,3054.087649
,-14.0,50,3054.39624
,-8.0,50,3054.659965
,-13.0,50,3054.922512
,-10.0,50,3055.177651
,-12.0,50,3055.459025
,-9.0,50,3055.725857
,-7.0,50,3055.999968
,-12.0,50,3056.295406
,-11.0,50,3056.589137
,-16.0,50,3056.930439
,-13.0,50,3058.690946
,-13.0,50,3060.422
,-16.0,50,3062.207694
,-27.0,50,3063.947845
,-7.0,50,3065.662634
,-9.0,50,3067.448529
,-12.0,50,3069.222344
,-10.0,50,3070.945229
,-18.0,50,3072.732431
,-17.0,50,3074.499166
,-15.0,50,3076.262848
,-17.0,50,3078.057852
,-25.0,50,3079.749004
,-15.0,50,3081.529341
,-15.0,50,3083.262736
,-38.0,50,3085.056323
,-4.0,50,3086.813576
,-11.0,50,3088.632871
,0.0,50,3090.34069
,-32.0,50,3092.127616
,-17.0,50,3093.833421
,-30.0,50,3095.592156
,-19.0,50,3097.405643
,-11.0,50,3099.162316
,-14.0,50,3100.942303
,-20.0,50,3102.670831
,-13.0,50,3104.412444
,-13.0,50,3106.213157
,-12.0,50,3107.922224
,-8.0,50,3109.685132
,-11.0,50,3111.49426
,-14.0,50,3113.238386
,-12.0,50,3114.988437
,-25.0,50,3116.730626
,-5.0,50,3118.532464
,-17.0,50,3120.244408
,-14.0,50,3122.032896
,-18.0,50,3123.776812
,-15.0,50,3125.554154
,-6.0,50,3127.353783
,-30.0,50,3129.132255
,-11.0,50,3130.87377
,-13.0,50,3132.715429
,-2.0,50,3134.437652
,-22.0,50,3136.225789
,-15.0,50,3137.979069
,-48.0,50,3139.793388
,-13.0,50,3141.535518
,-22.0,50,3143.3011
,-9.0,50,3145.096301
,0.0,50,3145.366533
,-9.0,50,3145.634516
,-23.0,50,3145.911693
,0.0,50,3146.167383
,-10.0,50,3146.444592
,-6.0,50,3146.721516
,-8.0,50,3146.98487
,-10.0,50,3147.258852
,-11.0,50,3147.528052
,-8.0,50,3147.928771
,-17.0,50,3149.656785
,-13.0,50,3151.402083
,-23.0,50,3153.228885
,-18.0,50,3154.951561
,-8.0,50,3156.706889
,-16.0,50,3158.493127
,-23.0,50,3160.317245
,-10.0,50,3162.00649
,-11.0,50,3163.772731
,-19.0,50,3165.519865
,0.0,50,3167.305073
,-29.0,50,3169.103124
,-20.0,50,3170.862955
,-39.0,50,3172.561717
,0.0,50,3174.402249
,-18.0,50,3176.117374
,-27.0,50,3177.884766
,-19.0,50,3179.649478
,-13.0,50,3181.357015
,-37.0,50,3183.127463
,-12.0,50,3184.885581
,-19.0,50,3186.677346
,-14.0,50,3188.455192
,-25.0,50,3190.26616
,-24.0,50,3192.01042
,0.0,50,3193.766393
,-12.0,50,3195.477913
,-8.0,50,3197.353469
,-11.0,50,3199.091125
,-8.0,50,3200.875032
,-34.0,50,3202.567716
,-17.0,50,3204.315971
,-21.0,50,3206.072012
,-11.0,50,3207.870815
,-12.0,50,3209.655731
,-10.0,50,3211.360393
,-10.0,50,3213.140705
,-19.0,50,3214.947724
,-15.0,50,3216.671629
,-24.0,50,3218.505321
,-21.0,50,3220.24853
,-14.0,50,3222.011479
,-24.0,50,3223.809173
,-5.0,50,3225.546322
,-13.0,50,3227.297777
,-22.0,50,3229.064711
,0.0,50,3230.86612
,-16.0,50,3232.604505
,-18.0,50,3234.376026
,-4.0,50,3236.149689
,-7.0,50,3236.431624
,-7.0,50,3236.713225
,-4.0,50,3236.975917
,0.0,50,3237.245833
,-8.0,50,3237.523335
,-15.0,50,3237.814279
,-8.0,50,3238.118576
,-8.0,50,3238.375562
,-12.0,50,3238.653891
,-10.0,50,3238.951557
,-20.0,50,3240.687879
,-9.0,50,3242.448201
,-22.0,50,3244.273325
,-26.0,50,3246.002359
,0.0,50,3247.748587
,-17.0,50,3249.548571
,0.0,50,3251.285112
,-25.0,50,3253.058175
,-33.0,50,3254.884928
,-9.0,50,3256.633149
,-11.0,50,3258.373907
,-27.0,50,3260.228887
,-11.0,50,3261.934312
,-15.0,50,3263.77494
,-33.0,50,3265.495491
,-13.0,50,3267.288563
,-33.0,50,3269.050982
,-19.0,50,3270.839739
,-18.0,50,3272.596101
,-10.0,50,3274.327634
,-19.0,50,3276.125397
,-26.0,50,3277.915836
,0.0,50,3279.669632
,-19.0,50,3281.424242
,-21.0,50,3283.249935
,-10.0,50,3284.964573
,0.0,50,3286.756734
,-15.0,50,3288.521863
,-36.0,50,3290.303307
,-50.0,50,3292.117613
,-22.0,50,3293.852767
,-7.0,50,3295.646521
,-22.0,50,3297.40358
,-20.0,50,3299.124076
,0.0,50,3300.93441
,-15.0,50,3302.768952
,-22.0,50,3304.518503
,-19.0,50,3306.2985
,-12.0,50,3308.018395
,0.0,50,3309.831573
,-14.0,50,3311.587801
,-17.0,50,3313.381688
,-22.0,50,3315.133585
,-9.0,50,3316.881382
,-26.0,50,3318.696624
,-7.0,50,3320.483622
,-20.0,50,3322.166433
,-9.0,50,3324.016818
,-21.0,50,3325.75141
,-9.0,50,3327.566518
,-11.0,50,3327.852185
,-8.0,50,3328.139108
,-7.0,50,3328.415539
,-13.0,50,3328.691198
,-9.0,50,3328.975303
,-8.0,50,3329.25092
,-17.0,50,3329.51882
,-14.0,50,3329.788201
,-7.0,50,3330.055177
,-28.0,50,3330.378132
,-26.0,50,3332.168558
,-13.0,50,3333.93306
,-28.0,50,3335.650248
,-10.0,50,3337.413221
,-19.0,50,3339.201762
,-30.0,50,3340.948895
,-26.0,50,3342.68944
,-7.0,50,3344.519438
,-12.0,50,3346.216666
,0.0,50,3348.072239
,-10.0,50,3349.845118
,-13.0,50,3351.593977
,-12.0,50,3353.418278
,-14.0,50,3355.167145
,-10.0,50,3356.917763
,-9.0,50,3358.68015
,-18.0,50,3360.455356
,-24.0,50,3362.266139
,-12.0,50,3364.014988
,-33.0,50,3365.788593
,-18.0,50,3367.626832
,-34.0,50,3369.391317
,-26.0,50,3371.148879
,-11.0,50,3372.963483
,-29.0,50,3374.658471
,-25.0,50,3376.444727
,-13.0,50,3378.201114
,-13.0,50,3380.015197
,-15.0,50,3381.797405
,-21.0,50,3383.539226
,-15.0,50,3385.331178
,0.0,50,3387.161142
,-39.0,50,3388.903625
,-25.0,50,3390.760342
,-28.0,50,3392.471501
,-26.0,50,3394.21699
,-22.0,50,3396.019922
,-16.0,50,3397.826459
,-8.0,50,3399.564332
,-8.0,50,3401.310083
,-8.0,50,3403.112103
,-25.0,50,3404.883246
,-9.0,50,3406.679054
,-29.0,50,3408.454932
,-24.0,50,3410.215119
,-4.0,50,3411.972627
,-9.0,50,3413.751964
,-8.0,50,3415.527481
,-22.0,50,3417.316903
,-12.0,50,3419.109228
,-12.0,50,3419.371659
,-6.0,50,3419.642578
,-8.0,50,3419.896289
,-11.0,50,3420.166549
,-7.0,50,3420.447634
,0.0,50,3420.701727
,-7.0,50,3420.97283
,-17.0,50,3421.233971
,0.0,50,3421.504304
,-25.0,50,3421.910427
,-28.0,50,3423.693969
,-15.0,50,3425.46447
,-34.0,50,3427.243783
,-22.0,50,3429.078663
,-25.0,50,3430.83167
,-3.0,50,3432.566767
,-21.0,50,3434.402963
,-23.0,50,3436.150237
,-11.0,50,3437.984565
,-17.0,50,3439.682909
,0.0,50,3441.531932
,-13.0,50,3443.244759
,-43.0,50,3445.024175
,-20.0,50,3446.803698
,-43.0,50,3448.607239
,-17.0,50,3450.410017
,0.0,50,3452.169763
,-24.0,50,3453.933743
,-18.0,50,3455.725031
,0.0,50,3457.446273
,-20.0,50,3459.268906
,-28.0,50,3461.02096
,-28.0,50,3462.812521
,-16.0,50,3464.606797
,-30.0,50,3466.359921
,0.0,50,3468.148723
,-19.0,50,3469.92582
,-3.0,50,3471.730271
,-13.0,50,3473.526056
,-43.0,50,3475.329422
,-16.0,50,3477.056972
,-9.0,50,3478.879667
,-12.0,50,3480.633758
,-15.0,50,3482.353144
,-4.0,50,3484.220477
,-26.0,50,3485.932855
,-35.0,50,3487.728143
,-36.0,50,3489.510002
,-17.0,50,3491.253312
,-13.0,50,3493.031492
,-20.0,50,3494.822602
,-16.0,50,3496.595486
,-19.0,50,3498.404683
,-9.0,50,3500.139848
,-11.0,50,3501.920989
,0.0,50,3503.756512
,-39.0,50,3505.521864
,-46.0,50,3507.301758
,-17.0,50,3509.049544
,-9.0,50,3510.855119
,-14.0,50,3511.152292
,-6.0,50,3511.434286
,-19.0,50,3511.737942
,-12.0,50,3512.003215
,-7.0,50,3512.27511
,-6.0,50,3512.532136
,-10.0,50,3512.811733
,-14.0,50,3513.107309
,-13.0,50,3513.368881
