#{"t_start": 1583306729.159783, "env_id": "FetchPickAndPlace-v1"}
s,r,l,t
,-50.0,50,5.872862
,-50.0,50,7.694331
,-50.0,50,9.311286
,-50.0,50,10.920851
,-50.0,50,12.508245
,-50.0,50,14.131784
,-50.0,50,15.755672
,-50.0,50,17.386033
,-50.0,50,19.00153
,-50.0,50,20.591061
,-50.0,50,22.200413
,-50.0,50,23.813947
,-50.0,50,25.408731
,-50.0,50,27.018638
,-50.0,50,28.637862
,-50.0,50,30.236291
,-50.0,50,31.867074
,-50.0,50,33.445865
,-50.0,50,35.044637
,0.0,50,36.681089
,-50.0,50,38.247226
,-50.0,50,39.915474
,-50.0,50,41.523507
,-50.0,50,43.119605
,-50.0,50,44.707643
,-50.0,50,46.347684
,-50.0,50,47.926628
,-50.0,50,49.528573
,-50.0,50,51.142309
,-50.0,50,52.781416
,-50.0,50,54.353832
,-50.0,50,56.002641
,-50.0,50,57.597118
,0.0,50,59.210415
,-50.0,50,60.832716
,-50.0,50,62.440539
,-50.0,50,64.060677
,-50.0,50,65.647503
,-50.0,50,67.276581
,-50.0,50,68.878016
,-50.0,50,70.472842
,-50.0,50,72.124887
,-50.0,50,73.728045
,-50.0,50,75.332263
,-50.0,50,76.948085
,-50.0,50,78.591881
,-50.0,50,80.19985
,-50.0,50,81.788466
,-50.0,50,83.421936
,-50.0,50,85.023371
,-50.0,50,86.721556
,-50.0,50,87.010155
,-50.0,50,87.277058
,-50.0,50,87.549549
,-50.0,50,87.820756
,-50.0,50,88.103037
,-50.0,50,88.402
,-50.0,50,88.69933
,-50.0,50,88.95804
,-50.0,50,89.210872
,-50.0,50,89.512893
,-50.0,50,91.141138
,-50.0,50,92.743972
,-50.0,50,94.384466
,-50.0,50,95.993801
,-50.0,50,97.615381
,-50.0,50,99.192527
,-50.0,50,100.86429
,-50.0,50,102.458133
,-50.0,50,104.047738
,0.0,50,105.664206
,-50.0,50,107.268914
,-50.0,50,108.854207
,-50.0,50,110.488553
,-50.0,50,112.092335
,-50.0,50,113.708227
,-50.0,50,115.32038
,-50.0,50,116.964498
,-50.0,50,118.602529
,-50.0,50,120.235426
,-50.0,50,121.900825
,-50.0,50,123.53169
,-50.0,50,125.159091
,-50.0,50,126.762409
,-50.0,50,128.414298
,-50.0,50,130.016382
,-50.0,50,131.639621
,-50.0,50,133.27634
,0.0,50,134.913203
,-50.0,50,136.569097
,-50.0,50,138.192801
,-50.0,50,139.822533
,-50.0,50,141.408762
,-50.0,50,143.053608
,-50.0,50,144.711476
,-50.0,50,146.312528
,-50.0,50,147.965559
,-50.0,50,149.594158
,-50.0,50,151.198958
,-50.0,50,152.863743
,-50.0,50,154.462295
,-50.0,50,156.091545
,-50.0,50,157.729644
,-50.0,50,159.380365
,-50.0,50,161.001782
,-50.0,50,162.620352
,-50.0,50,164.251056
,-50.0,50,165.869555
,-50.0,50,167.494485
,-50.0,50,169.151989
,-50.0,50,170.814039
,-50.0,50,171.094673
,-50.0,50,171.366046
,-50.0,50,171.637826
,-50.0,50,171.91452
,-50.0,50,172.168972
,-50.0,50,172.430908
,-50.0,50,172.700319
,-50.0,50,172.971944
,-50.0,50,173.235661
,-50.0,50,173.541161
,-50.0,50,175.163904
,-50.0,50,176.81775
,-50.0,50,178.446527
,-50.0,50,180.079935
,-50.0,50,181.683359
,-11.0,50,183.318386
,-50.0,50,184.966271
,-50.0,50,186.599602
,-50.0,50,188.199773
,-50.0,50,189.853118
,-50.0,50,191.482943
,-50.0,50,193.112159
,-26.0,50,194.711997
,-50.0,50,196.373416
,-27.0,50,198.004536
,-50.0,50,199.605282
,-50.0,50,201.23329
,-50.0,50,202.876089
,0.0,50,204.461273
,-50.0,50,206.12631
,-50.0,50,207.725686
,-50.0,50,209.409627
,-50.0,50,210.999892
,-50.0,50,212.616433
,-50.0,50,214.24834
,-50.0,50,215.868341
,-50.0,50,217.51191
,-50.0,50,219.162882
,-50.0,50,220.776895
,-50.0,50,222.416958
,-50.0,50,224.053902
,-50.0,50,225.656786
,-50.0,50,227.278452
,-50.0,50,228.92799
,-50.0,50,230.560076
,-50.0,50,232.160188
,-50.0,50,233.804674
,-50.0,50,235.46259
,-50.0,50,237.102643
,-50.0,50,238.710238
,-50.0,50,240.344678
,-50.0,50,241.983019
,-50.0,50,243.626173
,-50.0,50,245.241491
,-50.0,50,246.891564
,-50.0,50,248.533757
,-50.0,50,250.124047
,-50.0,50,251.753225
,-50.0,50,253.449612
,-50.0,50,255.050863
,-50.0,50,255.299851
,-50.0,50,255.561235
,-50.0,50,255.812641
,-50.0,50,256.092952
,-50.0,50,256.360676
,-50.0,50,256.643772
,-50.0,50,256.93437
,-50.0,50,257.204646
,-50.0,50,257.472319
,-50.0,50,257.777987
,-50.0,50,259.430677
,-50.0,50,261.054581
,-50.0,50,262.711889
,-50.0,50,264.316679
,-50.0,50,265.973963
,-50.0,50,267.602442
,-50.0,50,269.215215
,-50.0,50,270.847343
,-50.0,50,272.487687
,-50.0,50,274.147461
,-50.0,50,275.784835
,-50.0,50,277.389452
,-50.0,50,279.050487
,-50.0,50,280.658393
,-50.0,50,282.331018
,-50.0,50,283.968922
,-50.0,50,285.611096
,-50.0,50,287.259908
,-50.0,50,288.886177
,-50.0,50,290.543253
,-50.0,50,292.158099
,-50.0,50,293.775349
,-50.0,50,295.428108
,0.0,50,297.055521
,-50.0,50,298.681094
,-50.0,50,300.310546
,-50.0,50,301.920709
,-50.0,50,303.576621
,-50.0,50,305.195855
,-50.0,50,306.851964
,-50.0,50,308.497618
,-50.0,50,310.091029
,-50.0,50,311.71356
,-50.0,50,313.377899
,-50.0,50,315.025335
,-50.0,50,316.654593
,-50.0,50,318.277161
,-50.0,50,319.914897
,-50.0,50,321.562207
,-50.0,50,323.164582
,-50.0,50,324.807841
,0.0,50,326.423575
,-50.0,50,328.069769
,0.0,50,329.712107
,-50.0,50,331.338467
,-50.0,50,333.032051
,-50.0,50,334.677236
,-50.0,50,336.294542
,-50.0,50,337.928278
,-50.0,50,339.566001
,-50.0,50,339.835382
,-50.0,50,340.125842
,-50.0,50,340.380551
,-50.0,50,340.674387
,-50.0,50,340.95339
,-50.0,50,341.227295
,-50.0,50,341.497437
,-50.0,50,341.787461
,-50.0,50,342.030568
,-50.0,50,342.310784
,-50.0,50,343.949453
,-50.0,50,345.593764
,-50.0,50,347.261157
,-50.0,50,348.873319
,-50.0,50,350.496341
,-50.0,50,352.125068
,-50.0,50,353.772535
,-50.0,50,355.387227
,-50.0,50,357.044218
,-50.0,50,358.67731
,-50.0,50,360.319916
,-50.0,50,361.942836
,-50.0,50,363.57079
,-50.0,50,365.234163
,-50.0,50,366.838714
,-50.0,50,368.524783
,-50.0,50,370.158036
,-50.0,50,371.756449
,-50.0,50,373.392292
,-50.0,50,375.020006
,-50.0,50,376.677309
,0.0,50,378.309607
,-50.0,50,379.951669
,-50.0,50,381.594269
,0.0,50,383.251362
,-50.0,50,384.870187
,-50.0,50,386.528032
,-50.0,50,388.138404
,-50.0,50,389.80557
,-48.0,50,391.437449
,-50.0,50,393.073332
,-50.0,50,394.680058
,-50.0,50,396.348766
,-50.0,50,398.037978
,-50.0,50,399.657771
,0.0,50,401.311383
,-50.0,50,402.954364
,-50.0,50,404.576244
,-50.0,50,406.247356
,-50.0,50,407.879154
,-50.0,50,409.540413
,-50.0,50,411.137462
,-50.0,50,412.799776
,-50.0,50,414.473807
,-50.0,50,416.107178
,-50.0,50,417.774823
,-50.0,50,419.399482
,-50.0,50,421.069019
,-50.0,50,422.689163
,-50.0,50,424.359525
,-50.0,50,424.613827
,0.0,50,424.892669
,-50.0,50,425.18518
,-50.0,50,425.456315
,-50.0,50,425.71984
,-50.0,50,425.99409
,-24.0,50,426.277382
,-50.0,50,426.531188
,-50.0,50,426.815644
,-50.0,50,427.178257
,-50.0,50,428.817982
,-50.0,50,430.495018
,-50.0,50,432.12399
,-50.0,50,433.798778
,-50.0,50,435.429741
,-50.0,50,437.111387
,-50.0,50,438.742326
,-50.0,50,440.388427
,-50.0,50,442.075227
,-50.0,50,443.721217
,-50.0,50,445.369354
,-50.0,50,447.016223
,-50.0,50,448.671769
,-50.0,50,450.333307
,-50.0,50,452.00765
,-50.0,50,453.694624
,-50.0,50,455.326082
,-50.0,50,456.959111
,-50.0,50,458.609
,-50.0,50,460.306414
,-7.0,50,461.933482
,-50.0,50,463.542145
,-50.0,50,465.221084
,-50.0,50,466.880883
,-50.0,50,468.533265
,-50.0,50,470.223523
,-50.0,50,471.899323
,-50.0,50,473.573211
,-50.0,50,475.223115
,-50.0,50,476.869076
,-29.0,50,478.508686
,-50.0,50,480.200718
,-50.0,50,481.867298
,-50.0,50,483.512409
,-50.0,50,485.197829
,-50.0,50,486.824018
,-50.0,50,488.479309
,-50.0,50,490.169921
,-50.0,50,491.79709
,-50.0,50,493.457694
,-50.0,50,495.07365
,-50.0,50,496.734134
,-50.0,50,498.39649
,-50.0,50,500.029578
,-50.0,50,501.686146
,-50.0,50,503.403525
,-50.0,50,505.035759
,-49.0,50,506.71983
,-50.0,50,508.384198
,-50.0,50,510.050895
,-50.0,50,510.313046
,-50.0,50,510.595739
,-50.0,50,510.859055
,-50.0,50,511.118038
,-50.0,50,511.376441
,-50.0,50,511.646079
,-50.0,50,511.919434
,-50.0,50,512.218404
,-50.0,50,512.487957
,-50.0,50,512.909422
,-50.0,50,514.55532
,-50.0,50,516.22348
,0.0,50,517.904871
,-50.0,50,519.586158
,-50.0,50,521.23465
,-50.0,50,522.911017
,-50.0,50,524.571702
,-50.0,50,526.194269
,0.0,50,527.833276
,-50.0,50,529.527595
,-50.0,50,531.184937
,-50.0,50,532.837643
,-50.0,50,534.507171
,-50.0,50,536.164201
,-50.0,50,537.835764
,-50.0,50,539.480605
,-50.0,50,541.128579
,-50.0,50,542.776825
,-50.0,50,544.42611
,0.0,50,546.0344
,-50.0,50,547.721364
,-50.0,50,549.362814
,-50.0,50,551.060577
,-50.0,50,552.74111
,-48.0,50,554.366682
,-50.0,50,556.045187
,-50.0,50,557.692401
,-50.0,50,559.369654
,-50.0,50,561.004728
,-50.0,50,562.672214
,-50.0,50,564.322823
,-50.0,50,565.96751
,-47.0,50,567.641757
,0.0,50,569.317141
,-50.0,50,570.983244
,-50.0,50,572.637753
,-50.0,50,574.288341
,-50.0,50,575.949797
,-50.0,50,577.59379
,-50.0,50,579.252547
,-50.0,50,580.929341
,-50.0,50,582.595909
,-50.0,50,584.254681
,-22.0,50,585.942521
,-50.0,50,587.584683
,-50.0,50,589.262293
,-50.0,50,590.934197
,-50.0,50,592.595829
,-50.0,50,594.247331
,-50.0,50,595.924965
,-50.0,50,596.196455
,-50.0,50,596.473679
,-50.0,50,596.738534
,-50.0,50,596.995961
,-50.0,50,597.264401
,-50.0,50,597.505359
,-50.0,50,597.776733
,-50.0,50,598.040432
,-8.0,50,598.351553
,-50.0,50,598.695355
,-50.0,50,600.325005
,-50.0,50,602.025841
,-50.0,50,603.717963
,-50.0,50,605.327011
,-50.0,50,607.041282
,-50.0,50,608.684239
,-50.0,50,610.342697
,-6.0,50,611.991409
,-50.0,50,613.668574
,-5.0,50,615.318256
,-50.0,50,616.988022
,-50.0,50,618.667399
,-50.0,50,620.366107
,-50.0,50,621.989445
,-8.0,50,623.638079
,-50.0,50,625.318544
,-40.0,50,626.963389
,-50.0,50,628.606645
,-50.0,50,630.310062
,-50.0,50,631.952682
,-50.0,50,633.640007
,-50.0,50,635.252584
,-50.0,50,636.903788
,-50.0,50,638.586458
,-50.0,50,640.281763
,-50.0,50,641.908091
,-50.0,50,643.579898
,-50.0,50,645.237719
,-50.0,50,646.937432
,-50.0,50,648.560491
,-50.0,50,650.231676
,-50.0,50,651.882757
,-50.0,50,653.574437
,-50.0,50,655.241121
,-50.0,50,656.884358
,-50.0,50,658.534244
,-50.0,50,660.172189
,-50.0,50,661.852177
,-50.0,50,663.495149
,0.0,50,665.146073
,-50.0,50,666.793629
,0.0,50,668.512163
,-50.0,50,670.166551
,-50.0,50,671.827231
,-50.0,50,673.519704
,-50.0,50,675.189166
,-15.0,50,676.846765
,-50.0,50,678.479758
,-50.0,50,680.173845
,-50.0,50,681.838942
,-50.0,50,682.104003
,-50.0,50,682.372794
,-50.0,50,682.636423
,-50.0,50,682.890137
,-50.0,50,683.1773
,-50.0,50,683.452351
,-50.0,50,683.754823
,-50.0,50,684.03692
,-50.0,50,684.311741
,-50.0,50,684.62246
,-50.0,50,686.298303
,-50.0,50,687.961163
,-50.0,50,689.591635
,-50.0,50,691.292292
,-50.0,50,692.945257
,-50.0,50,694.618936
,-50.0,50,696.251108
,-45.0,50,697.93039
,-50.0,50,699.60414
,-50.0,50,701.246234
,-50.0,50,702.909169
,-50.0,50,704.567261
,-50.0,50,706.188184
,-50.0,50,707.884093
,-50.0,50,709.537858
,-19.0,50,711.214275
,-50.0,50,712.821662
,-50.0,50,714.488076
,-50.0,50,716.187115
,-50.0,50,717.802592
,-50.0,50,719.49094
,-50.0,50,721.1905
,-50.0,50,722.839069
,-50.0,50,724.479648
,-50.0,50,726.117189
,-50.0,50,727.821741
,-50.0,50,729.468787
,0.0,50,731.142086
,-50.0,50,732.768335
,-50.0,50,734.472298
,-50.0,50,736.152869
,-50.0,50,737.810491
,-50.0,50,739.473154
,-50.0,50,741.133416
,-50.0,50,742.790234
,-50.0,50,744.483352
,-50.0,50,746.108474
,-50.0,50,747.781964
,-50.0,50,749.476759
,-50.0,50,751.157974
,-50.0,50,752.821109
,-50.0,50,754.475834
,-50.0,50,756.155701
,-50.0,50,757.79911
,-50.0,50,759.46571
,-50.0,50,761.140436
,-31.0,50,762.815991
,-50.0,50,764.449834
,-50.0,50,766.14072
,-50.0,50,767.81381
,-50.0,50,768.078051
,-50.0,50,768.355649
,-50.0,50,768.624116
,-19.0,50,768.94131
,-6.0,50,769.212669
,-50.0,50,769.532307
,-50.0,50,769.79718
,-50.0,50,770.086479
,-8.0,50,770.313019
,-50.0,50,770.624215
,-50.0,50,772.297073
,-50.0,50,773.958646
,-50.0,50,775.586533
,-50.0,50,777.326231
,-50.0,50,778.962151
,-50.0,50,780.612886
,-50.0,50,782.298153
,-22.0,50,783.964976
,-50.0,50,785.646101
,-50.0,50,787.326413
,-50.0,50,788.979587
,-8.0,50,790.642466
,-50.0,50,792.307086
,-50.0,50,793.971192
,-50.0,50,795.616735
,-50.0,50,797.355312
,-50.0,50,798.994873
,-49.0,50,800.700449
,-50.0,50,802.342624
,-41.0,50,804.014205
,-45.0,50,805.664711
,-50.0,50,807.380016
,-50.0,50,808.991828
,-50.0,50,810.716841
,-50.0,50,812.37086
,-50.0,50,814.04665
,-50.0,50,815.68351
,-50.0,50,817.358474
,-14.0,50,819.032665
,-48.0,50,820.711483
,-50.0,50,822.354254
,-50.0,50,824.042395
,-50.0,50,825.734569
,-50.0,50,827.415113
,-50.0,50,829.062416
,-50.0,50,830.72405
,-38.0,50,832.426245
,-50.0,50,834.09017
,-48.0,50,835.758585
,-50.0,50,837.439643
,-50.0,50,839.117792
,-50.0,50,840.778144
,-21.0,50,842.476269
,-50.0,50,844.130884
,-21.0,50,845.783575
,-50.0,50,847.466847
,-50.0,50,849.133769
,-50.0,50,850.798739
,-20.0,50,852.469059
,-31.0,50,854.141899
,-9.0,50,854.394037
,-50.0,50,854.688239
,-6.0,50,854.967243
,-50.0,50,855.238499
,-50.0,50,855.512339
,-50.0,50,855.818649
,-17.0,50,856.124973
,-50.0,50,856.39848
,-50.0,50,856.666803
,-50.0,50,856.94943
,-45.0,50,858.616933
,-34.0,50,860.297486
,-16.0,50,861.950814
,-50.0,50,863.64329
,-50.0,50,865.298457
,-50.0,50,866.981909
,-50.0,50,868.664011
,-50.0,50,870.337246
,-50.0,50,871.997872
,-50.0,50,873.652646
,-50.0,50,875.32873
,-50.0,50,877.017617
,-48.0,50,878.697778
,-46.0,50,880.343173
,-47.0,50,882.048616
,-50.0,50,883.704375
,0.0,50,885.358529
,-50.0,50,887.087442
,-50.0,50,888.740053
,-50.0,50,890.408188
,-50.0,50,892.087108
,-50.0,50,893.738067
,-50.0,50,895.429112
,-47.0,50,897.072771
,-50.0,50,898.73313
,-50.0,50,900.416449
,-5.0,50,902.062027
,-50.0,50,903.745239
,-50.0,50,905.434415
,-50.0,50,907.093432
,-50.0,50,908.788755
,-50.0,50,910.449187
,-50.0,50,912.171676
,-50.0,50,913.808482
,-24.0,50,915.498785
,-50.0,50,917.193561
,-50.0,50,918.811509
,-50.0,50,920.505348
,-50.0,50,922.150857
,-50.0,50,923.833907
,-50.0,50,925.507598
,-34.0,50,927.231434
,-50.0,50,928.907794
,-50.0,50,930.532037
,-50.0,50,932.236531
,-46.0,50,933.899084
,-50.0,50,935.555483
,-16.0,50,937.264356
,-50.0,50,938.963684
,-17.0,50,940.632858
,0.0,50,940.893373
,-50.0,50,941.166328
,-50.0,50,941.467051
,-18.0,50,941.737222
,-15.0,50,942.007615
,-50.0,50,942.279364
,-26.0,50,942.584861
,-50.0,50,942.86403
,-50.0,50,943.127016
,-50.0,50,943.451646
,-31.0,50,945.131749
,-50.0,50,946.797205
,-50.0,50,948.490891
,-50.0,50,950.145655
,-50.0,50,951.818151
,-50.0,50,953.477783
,-50.0,50,955.139437
,-50.0,50,956.836052
,-48.0,50,958.484368
,-50.0,50,960.184642
,-50.0,50,961.866225
,-49.0,50,963.535659
,0.0,50,965.177369
,-50.0,50,966.883001
,-50.0,50,968.556816
,-50.0,50,970.234607
,-50.0,50,971.901204
,-50.0,50,973.560689
,-50.0,50,975.251756
,-50.0,50,976.943252
,-50.0,50,978.593211
,-50.0,50,980.279999
,-50.0,50,981.983771
,-50.0,50,983.651805
,-50.0,50,985.316585
,-50.0,50,986.988883
,-50.0,50,988.708544
,-50.0,50,990.401244
,-50.0,50,992.075848
,-50.0,50,993.71675
,-50.0,50,995.379524
,-50.0,50,997.081275
,-46.0,50,998.737788
,-50.0,50,1000.439993
,-50.0,50,1002.1012
,-50.0,50,1003.792119
,-50.0,50,1005.436764
,-50.0,50,1007.126664
,-12.0,50,1008.845358
,-17.0,50,1010.506868
,-50.0,50,1012.201631
,-50.0,50,1013.856236
,-50.0,50,1015.533067
,-50.0,50,1017.184413
,0.0,50,1018.888836
,-50.0,50,1020.59966
,-41.0,50,1022.236975
,-50.0,50,1023.918078
,-50.0,50,1025.623672
,-10.0,50,1027.353739
,-50.0,50,1027.613308
,-22.0,50,1027.893849
,0.0,50,1028.143746
,-50.0,50,1028.401638
,-50.0,50,1028.671245
,-13.0,50,1028.956568
,-50.0,50,1029.249525
,-50.0,50,1029.5495
,-50.0,50,1029.81043
,-50.0,50,1030.0883
,-50.0,50,1031.74968
,-50.0,50,1033.426125
,-50.0,50,1035.114685
,-50.0,50,1036.791429
,-5.0,50,1038.465659
,-18.0,50,1040.103519
,-50.0,50,1041.798001
,-50.0,50,1043.535427
,-50.0,50,1045.191135
,-12.0,50,1046.844984
,-50.0,50,1048.535367
,-49.0,50,1050.237819
,-50.0,50,1051.855265
,-50.0,50,1053.595615
,-50.0,50,1055.258753
,-50.0,50,1056.934364
,-50.0,50,1058.567154
,-26.0,50,1060.277751
,-50.0,50,1062.002074
,0.0,50,1063.666568
,-38.0,50,1065.343411
,-36.0,50,1066.981714
,-50.0,50,1068.732033
,-33.0,50,1070.384427
,-50.0,50,1072.053325
,-32.0,50,1073.747017
,-50.0,50,1075.430887
,-50.0,50,1077.096284
,-48.0,50,1078.782495
,-27.0,50,1080.465278
,0.0,50,1082.136346
,-14.0,50,1083.805356
,-48.0,50,1085.518577
,-50.0,50,1087.204169
,-50.0,50,1088.915202
,-45.0,50,1090.564024
,-50.0,50,1092.256617
,-50.0,50,1093.911409
,-50.0,50,1095.630115
,-50.0,50,1097.3155
,-50.0,50,1098.971583
,-6.0,50,1100.654894
,-44.0,50,1102.310962
,-49.0,50,1103.997559
,-50.0,50,1105.653042
,-50.0,50,1107.326342
,-50.0,50,1109.009539
,-50.0,50,1110.69207
,-50.0,50,1112.388433
,-50.0,50,1114.077407
,-50.0,50,1114.351311
,-50.0,50,1114.628063
,-20.0,50,1114.927309
,-18.0,50,1115.224472
,-50.0,50,1115.500039
,-50.0,50,1115.743432
,-50.0,50,1116.033071
,-50.0,50,1116.318368
,-50.0,50,1116.619069
,-17.0,50,1116.995152
,-50.0,50,1118.707009
,-37.0,50,1120.33779
,-50.0,50,1122.046102
,-50.0,50,1123.729321
,-9.0,50,1125.420747
,-50.0,50,1127.103503
,-42.0,50,1128.771214
,-50.0,50,1130.46792
,-12.0,50,1132.129019
,-50.0,50,1133.822709
,-40.0,50,1135.509838
,-48.0,50,1137.166282
,-50.0,50,1138.879146
,-50.0,50,1140.521445
,-50.0,50,1142.190845
,-50.0,50,1143.93153
,-50.0,50,1145.594613
,-50.0,50,1147.300801
,-15.0,50,1148.961972
,-50.0,50,1150.622469
,-20.0,50,1152.307801
,-50.0,50,1153.984366
,-50.0,50,1155.693921
,-50.0,50,1157.321692
,-50.0,50,1159.057492
,-50.0,50,1160.746369
,-37.0,50,1162.398488
,-30.0,50,1164.096535
,-50.0,50,1165.781825
,-50.0,50,1167.432524
,-19.0,50,1169.151158
,-50.0,50,1170.845554
,-50.0,50,1172.514197
,-30.0,50,1174.196769
,-46.0,50,1175.883138
,-50.0,50,1177.573053
,-50.0,50,1179.281771
,-16.0,50,1180.965979
,-50.0,50,1182.652184
,-50.0,50,1184.323113
,-50.0,50,1185.993386
,-14.0,50,1187.706289
,-50.0,50,1189.393357
,-10.0,50,1191.100085
,-50.0,50,1192.770958
,-50.0,50,1194.450253
,-50.0,50,1196.115886
,-50.0,50,1197.836715
,-48.0,50,1199.51589
,-11.0,50,1201.223376
,-50.0,50,1201.518175
,-2.0,50,1201.773846
,-16.0,50,1202.048286
,-50.0,50,1202.30159
,-50.0,50,1202.625925
,-50.0,50,1202.919607
,-50.0,50,1203.172092
,0.0,50,1203.433345
,-45.0,50,1203.709517
,-50.0,50,1204.047154
,-44.0,50,1205.71324
,-35.0,50,1207.422879
,-50.0,50,1209.104498
,-50.0,50,1210.755544
,-50.0,50,1212.403826
,-50.0,50,1214.113921
,-50.0,50,1215.844146
,-15.0,50,1217.498018
,-27.0,50,1219.222893
,-14.0,50,1220.880947
,-21.0,50,1222.55791
,-50.0,50,1224.23559
,-21.0,50,1225.933756
,-50.0,50,1227.614015
,-31.0,50,1229.291945
,-23.0,50,1231.034493
,-50.0,50,1232.681465
,-10.0,50,1234.378095
,-50.0,50,1236.039347
,-45.0,50,1237.721927
,-27.0,50,1239.438285
,-6.0,50,1241.148376
,-48.0,50,1242.792897
,-50.0,50,1244.469893
,-15.0,50,1246.154184
,-50.0,50,1247.847698
,-50.0,50,1249.515543
,-50.0,50,1251.219379
,-50.0,50,1252.935698
,-9.0,50,1254.57201
,-50.0,50,1256.29795
,0.0,50,1257.968943
,-50.0,50,1259.652885
,-50.0,50,1261.351348
,-50.0,50,1263.034891
,-37.0,50,1264.757947
,-50.0,50,1266.415367
,-50.0,50,1268.108938
,-23.0,50,1269.785325
,-50.0,50,1271.459385
,-50.0,50,1273.193017
,0.0,50,1274.900229
,-50.0,50,1276.550979
,-36.0,50,1278.262197
,-50.0,50,1279.932857
,-50.0,50,1281.662059
,-50.0,50,1283.322506
,-50.0,50,1285.03246
,-25.0,50,1286.715937
,-50.0,50,1288.452869
,-48.0,50,1288.761582
,-50.0,50,1289.059602
,-50.0,50,1289.327066
,-6.0,50,1289.598874
,-10.0,50,1289.863695
,-15.0,50,1290.162579
,-16.0,50,1290.426846
,-50.0,50,1290.678663
,-50.0,50,1290.960653
,0.0,50,1291.304178
,-50.0,50,1293.004633
,-11.0,50,1294.682174
,-50.0,50,1296.40143
,-19.0,50,1298.108988
,-50.0,50,1299.776075
,-38.0,50,1301.508293
,-50.0,50,1303.181213
,-50.0,50,1304.88762
,-50.0,50,1306.574153
,-50.0,50,1308.218657
,-50.0,50,1309.907382
,-50.0,50,1311.644394
,-14.0,50,1313.36485
,-50.0,50,1315.053491
,-47.0,50,1316.704903
,-50.0,50,1318.438822
,-10.0,50,1320.092577
,-50.0,50,1321.783819
,-50.0,50,1323.443782
,-50.0,50,1325.171033
,-45.0,50,1326.871321
,-38.0,50,1328.544043
,-50.0,50,1330.295099
,-50.0,50,1331.98045
,-36.0,50,1333.679159
,-50.0,50,1335.380918
,-50.0,50,1337.04351
,-18.0,50,1338.757027
,-50.0,50,1340.46045
,-50.0,50,1342.166667
,-50.0,50,1343.828614
,0.0,50,1345.519259
,-45.0,50,1347.22506
,-50.0,50,1348.915254
,-50.0,50,1350.636858
,-50.0,50,1352.355832
,-35.0,50,1354.020564
,-25.0,50,1355.73054
,-25.0,50,1357.411187
,-50.0,50,1359.104953
,-50.0,50,1360.847435
,-50.0,50,1362.550378
,-50.0,50,1364.26845
,-9.0,50,1365.938096
,-50.0,50,1367.633909
,-35.0,50,1369.335458
,-45.0,50,1371.070686
,-34.0,50,1372.740289
,-16.0,50,1374.476558
,-9.0,50,1376.172822
,-6.0,50,1376.433855
,-25.0,50,1376.730669
,-50.0,50,1377.035265
,-50.0,50,1377.285839
,-12.0,50,1377.574551
,-9.0,50,1377.85027
,-11.0,50,1378.125333
,-15.0,50,1378.402006
,-10.0,50,1378.669948
,-25.0,50,1379.037065
,-50.0,50,1380.708885
,-30.0,50,1382.430917
,-50.0,50,1384.128125
,-50.0,50,1385.810623
,-14.0,50,1387.495219
,-41.0,50,1389.251325
,-42.0,50,1390.920876
,-50.0,50,1392.647042
,-16.0,50,1394.324073
,-14.0,50,1396.019754
,-50.0,50,1397.68722
,-47.0,50,1399.409958
,-44.0,50,1401.093513
,-48.0,50,1402.79592
,-19.0,50,1404.534345
,-19.0,50,1406.213704
,-50.0,50,1407.923389
,-50.0,50,1409.624975
,-50.0,50,1411.304506
,-26.0,50,1412.987319
,-39.0,50,1414.712937
,-50.0,50,1416.44674
,-28.0,50,1418.130044
,-48.0,50,1419.827568
,-50.0,50,1421.539217
,-50.0,50,1423.193492
,-50.0,50,1424.922396
,-38.0,50,1426.651766
,-20.0,50,1428.350129
,-50.0,50,1430.070964
,-19.0,50,1431.776757
,-49.0,50,1433.488718
,-13.0,50,1435.135948
,-50.0,50,1436.821327
,-50.0,50,1438.58067
,0.0,50,1440.236713
,-50.0,50,1441.962651
,-10.0,50,1443.640556
,-22.0,50,1445.375693
,-50.0,50,1447.07069
,-22.0,50,1448.778866
,-12.0,50,1450.51577
,-50.0,50,1452.229862
,-6.0,50,1453.909493
,-33.0,50,1455.560882
,-16.0,50,1457.25609
,-50.0,50,1458.968181
,-50.0,50,1460.702265
,-50.0,50,1462.390056
,-50.0,50,1464.063881
,-14.0,50,1464.340442
,-50.0,50,1464.603262
,-8.0,50,1464.88498
,0.0,50,1465.141269
,-50.0,50,1465.42809
,-9.0,50,1465.740498
,-41.0,50,1465.996765
,-50.0,50,1466.260374
,-48.0,50,1466.556011
,-50.0,50,1466.999009
,-50.0,50,1468.66785
,-50.0,50,1470.365788
,-50.0,50,1472.076365
,-50.0,50,1473.798798
,-26.0,50,1475.482657
,-50.0,50,1477.162137
,-9.0,50,1478.874029
,-17.0,50,1480.579733
,0.0,50,1482.259673
,-39.0,50,1484.002224
,-9.0,50,1485.693022
,-18.0,50,1487.422748
,-48.0,50,1489.173887
,-50.0,50,1490.851334
,-49.0,50,1492.591205
,-50.0,50,1494.287066
,-50.0,50,1495.974419
,-14.0,50,1497.673554
,-50.0,50,1499.40941
,-50.0,50,1501.077417
,-33.0,50,1502.786574
,-8.0,50,1504.52556
,-50.0,50,1506.239841
,-14.0,50,1507.92328
,-46.0,50,1509.630892
,-35.0,50,1511.365141
,-50.0,50,1513.03693
,-50.0,50,1514.793518
,-29.0,50,1516.494206
,-28.0,50,1518.171386
,-10.0,50,1519.883522
,-44.0,50,1521.625269
,-6.0,50,1523.334079
,-19.0,50,1524.999181
,-50.0,50,1526.782235
,-50.0,50,1528.481431
,-32.0,50,1530.20131
,-50.0,50,1531.893777
,-50.0,50,1533.600904
,-11.0,50,1535.308912
,-15.0,50,1537.049645
,-11.0,50,1538.791745
,-8.0,50,1540.458843
,-50.0,50,1542.216731
,-50.0,50,1543.907249
,-37.0,50,1545.597455
,-31.0,50,1547.325286
,-42.0,50,1549.04439
,-50.0,50,1550.764429
,-50.0,50,1552.535506
,-12.0,50,1552.847048
,-10.0,50,1553.156071
,-50.0,50,1553.443938
,-12.0,50,1553.766981
,-50.0,50,1554.096922
,-14.0,50,1554.371056
,-50.0,50,1554.697182
,-50.0,50,1554.994641
,-5.0,50,1555.216121
,-40.0,50,1555.548456
,-11.0,50,1557.197787
,-50.0,50,1558.933441
,-50.0,50,1560.631333
,-10.0,50,1562.315413
,-41.0,50,1564.014566
,-11.0,50,1565.770518
,-25.0,50,1567.478175
,-50.0,50,1569.188963
,-50.0,50,1570.907983
,-17.0,50,1572.61469
,-8.0,50,1574.326849
,-50.0,50,1576.049894
,-50.0,50,1577.758546
,-11.0,50,1579.419833
,-50.0,50,1581.169321
,-25.0,50,1582.867272
,-42.0,50,1584.634637
,-42.0,50,1586.335047
,-23.0,50,1588.060855
,-34.0,50,1589.730604
,-19.0,50,1591.467861
,-32.0,50,1593.153403
,-50.0,50,1594.855246
,-19.0,50,1596.544403
,-29.0,50,1598.281512
,0.0,50,1600.038738
,-7.0,50,1601.758646
,0.0,50,1603.440161
,-23.0,50,1605.180456
,-29.0,50,1606.900702
,-12.0,50,1608.58331
,-19.0,50,1610.274221
,-50.0,50,1612.06736
,-50.0,50,1613.806605
,-50.0,50,1615.494289
,-24.0,50,1617.204396
,-50.0,50,1618.886574
,-23.0,50,1620.691416
,-37.0,50,1622.359916
,-50.0,50,1624.071214
,-19.0,50,1625.795759
,-9.0,50,1627.535365
,-43.0,50,1629.225366
,-6.0,50,1630.937788
,-19.0,50,1632.667207
,-50.0,50,1634.376544
,-11.0,50,1636.098868
,-7.0,50,1637.799104
,-11.0,50,1639.50502
,-14.0,50,1641.220819
,-7.0,50,1641.541342
,-16.0,50,1641.836594
,-9.0,50,1642.124723
,-46.0,50,1642.44419
,-50.0,50,1642.736174
,-50.0,50,1643.032889
,-9.0,50,1643.308403
,-19.0,50,1643.599993
,-23.0,50,1643.881241
,-50.0,50,1644.304719
,-41.0,50,1645.98853
,-50.0,50,1647.726412
,-50.0,50,1649.419025
,-46.0,50,1651.136828
,-36.0,50,1652.815925
,-23.0,50,1654.567682
,-47.0,50,1656.244646
,-50.0,50,1658.020041
,-48.0,50,1659.691691
,-40.0,50,1661.442173
,-14.0,50,1663.126953
,-50.0,50,1664.859761
,-23.0,50,1666.619022
,-50.0,50,1668.285471
,-12.0,50,1669.993088
,-14.0,50,1671.757776
,-50.0,50,1673.453943
,-50.0,50,1675.199296
,-18.0,50,1676.935961
,-14.0,50,1678.661783
,-48.0,50,1680.387412
,0.0,50,1682.078946
,-50.0,50,1683.837458
,-49.0,50,1685.503395
,-22.0,50,1687.203862
,-49.0,50,1688.976076
,-11.0,50,1690.637927
,-50.0,50,1692.416492
,-27.0,50,1694.15282
,-28.0,50,1695.890671
,-30.0,50,1697.586036
,-27.0,50,1699.319741
,-9.0,50,1701.014951
,-50.0,50,1702.722603
,-16.0,50,1704.410562
,-28.0,50,1706.189297
,-50.0,50,1707.892055
,-14.0,50,1709.565248
,-43.0,50,1711.297034
,-50.0,50,1713.011673
,-39.0,50,1714.745696
,-21.0,50,1716.480761
,-50.0,50,1718.245707
,0.0,50,1719.934376
,-29.0,50,1721.668643
,-14.0,50,1723.39637
,-47.0,50,1725.097623
,-15.0,50,1726.859218
,-17.0,50,1728.5742
,-50.0,50,1730.314933
,-10.0,50,1730.61175
,-9.0,50,1730.892533
,-50.0,50,1731.20422
,-5.0,50,1731.486061
,-8.0,50,1731.80787
,-12.0,50,1732.122828
,-11.0,50,1732.398352
,-10.0,50,1732.698502
,-7.0,50,1732.953529
,-23.0,50,1733.354127
,-31.0,50,1735.035244
,-50.0,50,1736.792777
,-16.0,50,1738.49907
,-50.0,50,1740.206382
,-50.0,50,1741.940892
,-50.0,50,1743.663741
,-11.0,50,1745.383137
,-24.0,50,1747.138421
,-14.0,50,1748.830148
,-16.0,50,1750.550707
,-8.0,50,1752.303563
,-23.0,50,1754.021213
,-37.0,50,1755.704527
,-14.0,50,1757.383925
,-50.0,50,1759.155214
,-37.0,50,1760.869146
,0.0,50,1762.573078
,-50.0,50,1764.351649
,-50.0,50,1766.010681
,-50.0,50,1767.783044
,-6.0,50,1769.476206
,-50.0,50,1771.189354
,-29.0,50,1772.931469
,-13.0,50,1774.660712
,-24.0,50,1776.363554
,-50.0,50,1778.092721
,-50.0,50,1779.848679
,-15.0,50,1781.588861
,-6.0,50,1783.258528
,-50.0,50,1785.036872
,-50.0,50,1786.742062
,-15.0,50,1788.466737
,-12.0,50,1790.165584
,-48.0,50,1791.932015
,-50.0,50,1793.635964
,-18.0,50,1795.391156
,-5.0,50,1797.061229
,-43.0,50,1798.81501
,-47.0,50,1800.550028
,-50.0,50,1802.234546
,0.0,50,1803.934889
,-4.0,50,1805.650006
,-29.0,50,1807.377478
,-43.0,50,1809.120493
,-36.0,50,1810.852211
,-37.0,50,1812.562831
,-42.0,50,1814.304548
,-50.0,50,1816.046845
,-50.0,50,1817.746618
,-5.0,50,1819.489372
,-50.0,50,1819.79588
,-12.0,50,1820.086884
,-50.0,50,1820.394249
,-8.0,50,1820.682341
,-26.0,50,1820.988426
,-6.0,50,1821.297211
,-7.0,50,1821.598942
,-50.0,50,1821.901259
,-17.0,50,1822.186174
,-50.0,50,1822.457615
,-50.0,50,1824.151755
,-10.0,50,1825.897249
,-50.0,50,1827.626002
,-20.0,50,1829.365049
,0.0,50,1831.077805
,-10.0,50,1832.819304
,0.0,50,1834.525192
,-30.0,50,1836.257949
,-17.0,50,1838.000103
,-50.0,50,1839.77794
,-30.0,50,1841.520069
,-16.0,50,1843.175603
,-11.0,50,1844.935419
,-50.0,50,1846.713616
,-11.0,50,1848.417213
,-49.0,50,1850.144647
,-41.0,50,1851.839479
,-19.0,50,1853.565194
,-12.0,50,1855.292341
,-50.0,50,1857.003891
,-12.0,50,1858.77723
,-16.0,50,1860.512891
,-10.0,50,1862.231414
,-37.0,50,1863.954995
,-23.0,50,1865.672841
,-40.0,50,1867.395523
,-46.0,50,1869.171539
,-13.0,50,1870.868512
,-50.0,50,1872.605019
,-43.0,50,1874.304126
,-50.0,50,1876.010667
,-50.0,50,1877.751375
,-29.0,50,1879.467919
,-17.0,50,1881.218039
,-19.0,50,1882.892658
,-47.0,50,1884.671148
,-50.0,50,1886.45605
,0.0,50,1888.179093
,-50.0,50,1889.892112
,-10.0,50,1891.628007
,-28.0,50,1893.319795
,-50.0,50,1895.097081
,-28.0,50,1896.851698
,-43.0,50,1898.548972
,-10.0,50,1900.277588
,-50.0,50,1902.005859
,-30.0,50,1903.785661
,-14.0,50,1905.532634
,-49.0,50,1907.292726
,-8.0,50,1908.981301
,-9.0,50,1909.262072
,-11.0,50,1909.547611
,-6.0,50,1909.839818
,-16.0,50,1910.144798
,-5.0,50,1910.416594
,-5.0,50,1910.687677
,-9.0,50,1910.981262
,-3.0,50,1911.239251
,-10.0,50,1911.52978
,-12.0,50,1911.927938
,-19.0,50,1913.711494
,-12.0,50,1915.391751
,-16.0,50,1917.137249
,-24.0,50,1918.920478
,-42.0,50,1920.582906
,-50.0,50,1922.369371
,-50.0,50,1924.042246
,-14.0,50,1925.789264
,-26.0,50,1927.536665
,-34.0,50,1929.260607
,-35.0,50,1931.025325
,-50.0,50,1932.706263
,-10.0,50,1934.435011
,-12.0,50,1936.181372
,-50.0,50,1937.913731
,-37.0,50,1939.663402
,-50.0,50,1941.407552
,-50.0,50,1943.118726
,-15.0,50,1944.848156
,-10.0,50,1946.581311
,-50.0,50,1948.356881
,-50.0,50,1950.059859
,-50.0,50,1951.81201
,-6.0,50,1953.514352
,-50.0,50,1955.271824
,-23.0,50,1956.993192
,-43.0,50,1958.740464
,-49.0,50,1960.44562
,-37.0,50,1962.199225
,-6.0,50,1963.911925
,-8.0,50,1965.661238
,-33.0,50,1967.388505
,-13.0,50,1969.151929
,-7.0,50,1970.844363
,-31.0,50,1972.54756
,-28.0,50,1974.333992
,-40.0,50,1976.042618
,-16.0,50,1977.785201
,-38.0,50,1979.514424
,-31.0,50,1981.249201
,-50.0,50,1982.988352
,-24.0,50,1984.686738
,-42.0,50,1986.458591
,-23.0,50,1988.176019
,-43.0,50,1989.903804
,-9.0,50,1991.624262
,-12.0,50,1993.358548
,-8.0,50,1995.102628
,-39.0,50,1996.801
,-7.0,50,1998.50994
,-26.0,50,1998.783093
,-12.0,50,1999.094677
,-13.0,50,1999.41631
,-8.0,50,1999.724241
,-9.0,50,2000.026281
,-8.0,50,2000.342599
,-7.0,50,2000.660316
,-7.0,50,2000.959098
,-7.0,50,2001.204246
,-37.0,50,2001.520765
,-37.0,50,2003.226475
,-9.0,50,2004.952633
,-25.0,50,2006.673738
,-8.0,50,2008.392052
,-23.0,50,2010.107173
,-33.0,50,2011.860503
,-16.0,50,2013.57364
,-41.0,50,2015.357682
,-34.0,50,2017.063971
,-12.0,50,2018.81654
,-50.0,50,2020.518618
,-26.0,50,2022.288378
,-50.0,50,2024.017541
,-10.0,50,2025.736054
,-31.0,50,2027.495774
,-14.0,50,2029.193534
,-39.0,50,2030.999311
,-18.0,50,2032.775666
,-40.0,50,2034.495937
,-6.0,50,2036.210416
,-41.0,50,2037.981022
,-10.0,50,2039.661072
,-50.0,50,2041.409662
,-33.0,50,2043.143693
,-47.0,50,2044.87836
,-23.0,50,2046.588782
,-50.0,50,2048.315057
,-42.0,50,2050.071543
,-50.0,50,2051.845582
,-16.0,50,2053.60029
,-50.0,50,2055.311858
,-50.0,50,2057.031884
,-42.0,50,2058.831343
,-20.0,50,2060.535259
,-45.0,50,2062.227898
,-27.0,50,2063.960176
,-20.0,50,2065.744042
,-10.0,50,2067.481433
,-50.0,50,2069.220204
,-8.0,50,2070.997615
,-41.0,50,2072.734824
,-50.0,50,2074.483221
,-11.0,50,2076.189133
,-50.0,50,2077.930493
,-31.0,50,2079.638584
,-19.0,50,2081.392512
,-18.0,50,2083.131826
,-8.0,50,2084.871955
,-44.0,50,2086.579383
,-11.0,50,2088.388585
,-45.0,50,2088.671201
,-6.0,50,2088.961982
,-3.0,50,2089.241394
,-11.0,50,2089.521425
,-9.0,50,2089.816246
,-39.0,50,2090.104811
,-8.0,50,2090.390072
,0.0,50,2090.648468
,-6.0,50,2090.965037
,-44.0,50,2091.266199
,-46.0,50,2092.997637
,-40.0,50,2094.710506
,-34.0,50,2096.496981
,-32.0,50,2098.233264
,-24.0,50,2099.918863
,-6.0,50,2101.708488
,-50.0,50,2103.492024
,-10.0,50,2105.198639
,-44.0,50,2106.945912
,-8.0,50,2108.685097
,-22.0,50,2110.425391
,-7.0,50,2112.150419
,-6.0,50,2113.902416
,-50.0,50,2115.635471
,-32.0,50,2117.418337
,-9.0,50,2119.109535
,-18.0,50,2120.87236
,-29.0,50,2122.570501
,-42.0,50,2124.31365
,-30.0,50,2126.03491
,-50.0,50,2127.753559
,-39.0,50,2129.538628
,-26.0,50,2131.238243
,-50.0,50,2132.989558
,0.0,50,2134.768358
,-50.0,50,2136.467477
,-9.0,50,2138.230978
,-28.0,50,2139.98628
,-50.0,50,2141.704816
,-24.0,50,2143.421229
,-24.0,50,2145.209189
,-37.0,50,2146.895669
,-35.0,50,2148.613922
,-44.0,50,2150.361812
,-18.0,50,2152.094257
,-22.0,50,2153.886294
,-45.0,50,2155.622776
,-50.0,50,2157.358788
,-42.0,50,2159.051963
,-50.0,50,2160.782994
,-14.0,50,2162.505316
,-18.0,50,2164.270157
,-20.0,50,2165.982354
,-10.0,50,2167.709197
,-16.0,50,2169.486637
,-16.0,50,2171.188792
,-30.0,50,2172.885644
,-50.0,50,2174.661855
,-25.0,50,2176.359648
,-7.0,50,2178.209203
,-8.0,50,2178.489479
,-15.0,50,2178.787494
,-3.0,50,2179.036641
,-7.0,50,2179.317233
,-16.0,50,2179.597891
,-46.0,50,2179.892631
,-9.0,50,2180.202944
,-7.0,50,2180.495294
,-19.0,50,2180.77132
,-35.0,50,2181.078019
,-41.0,50,2182.850131
,-16.0,50,2184.512019
,-16.0,50,2186.309386
,-23.0,50,2188.031383
,-50.0,50,2189.748329
,-41.0,50,2191.511972
,-19.0,50,2193.26284
,-22.0,50,2195.034107
,-38.0,50,2196.748812
,-26.0,50,2198.449954
,-50.0,50,2200.178028
,-23.0,50,2201.960745
,-50.0,50,2203.666715
,-19.0,50,2205.409149
,-13.0,50,2207.156206
,-20.0,50,2208.902012
,-50.0,50,2210.605996
,-38.0,50,2212.353206
,-10.0,50,2214.064717
,-37.0,50,2215.824998
,-39.0,50,2217.601582
,-35.0,50,2219.309719
,-17.0,50,2221.070706
,-33.0,50,2222.777344
,-34.0,50,2224.538001
,-50.0,50,2226.263677
,-39.0,50,2228.005283
,-13.0,50,2229.719939
,-50.0,50,2231.403778
,-11.0,50,2233.219014
,-34.0,50,2234.925958
,-8.0,50,2236.70889
,-15.0,50,2238.451948
,-7.0,50,2240.163983
,-41.0,50,2241.95698
,-6.0,50,2243.643582
,-13.0,50,2245.447788
,-15.0,50,2247.156703
,-8.0,50,2248.900906
,-30.0,50,2250.603791
,-11.0,50,2252.354132
,-46.0,50,2254.131586
,-11.0,50,2255.849315
,-25.0,50,2257.61356
,-36.0,50,2259.34539
,-20.0,50,2261.058773
,-28.0,50,2262.812628
,-7.0,50,2264.523299
,-50.0,50,2266.261646
,-9.0,50,2268.005837
,0.0,50,2268.268962
,-12.0,50,2268.560432
,-11.0,50,2268.887015
,-5.0,50,2269.165835
,-15.0,50,2269.523006
,-8.0,50,2269.806853
,-6.0,50,2270.100063
,-6.0,50,2270.360219
,-8.0,50,2270.645747
,-11.0,50,2270.979438
,-39.0,50,2272.72834
,-10.0,50,2274.464578
,-21.0,50,2276.227128
,-11.0,50,2277.910865
,-50.0,50,2279.66185
,-15.0,50,2281.391267
,-37.0,50,2283.149272
,-43.0,50,2284.946572
,-20.0,50,2286.689281
,-23.0,50,2288.428964
,-35.0,50,2290.154373
,-11.0,50,2291.937115
,-22.0,50,2293.654265
,-11.0,50,2295.405865
,-15.0,50,2297.124342
,-38.0,50,2298.867095
,-19.0,50,2300.610521
,-50.0,50,2302.362722
,-50.0,50,2304.183913
,-14.0,50,2305.908395
,-50.0,50,2307.642876
,-24.0,50,2309.402483
,-50.0,50,2311.20961
,-40.0,50,2312.956974
,-8.0,50,2314.680592
,-20.0,50,2316.405337
,-26.0,50,2318.221158
,-50.0,50,2319.985925
,-6.0,50,2321.684939
,-46.0,50,2323.438458
,-7.0,50,2325.245885
,-16.0,50,2326.920351
,-20.0,50,2328.692118
,-23.0,50,2330.419926
,-50.0,50,2332.205954
,-24.0,50,2333.930764
,-50.0,50,2335.663039
,-49.0,50,2337.409529
,-19.0,50,2339.193271
,-50.0,50,2340.937963
,-48.0,50,2342.660276
,0.0,50,2344.414011
,-10.0,50,2346.141898
,-49.0,50,2347.86452
,-14.0,50,2349.664997
,-35.0,50,2351.371171
,-37.0,50,2353.139878
,-7.0,50,2354.92143
,-49.0,50,2356.638818
,-6.0,50,2358.430954
,-11.0,50,2358.708185
,0.0,50,2358.979605
,-9.0,50,2359.27651
,-12.0,50,2359.622175
,-9.0,50,2359.911009
,-5.0,50,2360.191377
,-11.0,50,2360.474202
,-13.0,50,2360.747082
,-12.0,50,2361.022084
,-50.0,50,2361.301341
,-17.0,50,2363.072983
,-6.0,50,2364.788351
,-50.0,50,2366.585988
,-50.0,50,2368.318054
,-21.0,50,2370.04599
,-43.0,50,2371.838178
,-50.0,50,2373.610336
,-31.0,50,2375.352024
,-17.0,50,2377.09823
,-50.0,50,2378.838397
,-30.0,50,2380.584598
,-50.0,50,2382.331765
,-14.0,50,2384.116057
,-35.0,50,2385.824725
,-12.0,50,2387.557141
,-5.0,50,2389.31585
,-50.0,50,2391.069933
,-10.0,50,2392.806407
,0.0,50,2394.584284
,-16.0,50,2396.289849
,-33.0,50,2398.046074
,-17.0,50,2399.773747
,-39.0,50,2401.536726
,-50.0,50,2403.302941
,-44.0,50,2405.001386
,-45.0,50,2406.746682
,-19.0,50,2408.511741
,-31.0,50,2410.265722
,-49.0,50,2412.056679
,-26.0,50,2413.799776
,-14.0,50,2415.520995
,-15.0,50,2417.295758
,-28.0,50,2419.038543
,-37.0,50,2420.787117
,-17.0,50,2422.516944
,-23.0,50,2424.295172
,0.0,50,2426.003185
,-41.0,50,2427.775594
,-18.0,50,2429.567981
,-18.0,50,2431.310721
,-11.0,50,2433.031497
,-39.0,50,2434.83055
,-50.0,50,2436.531121
,-22.0,50,2438.302405
,-34.0,50,2440.088333
,-39.0,50,2441.810104
,-50.0,50,2443.586738
,-50.0,50,2445.326389
,-50.0,50,2447.062584
,-10.0,50,2448.82545
,-7.0,50,2449.123058
,-11.0,50,2449.423392
,-12.0,50,2449.703939
,-45.0,50,2449.993504
,0.0,50,2450.240233
,-6.0,50,2450.526985
,-7.0,50,2450.775553
,-6.0,50,2451.05543
,-10.0,50,2451.338603
,-33.0,50,2451.763908
,0.0,50,2453.439761
,-50.0,50,2455.24734
,-28.0,50,2456.970473
,-16.0,50,2458.742024
,0.0,50,2460.482008
,-14.0,50,2462.268175
,-50.0,50,2463.97536
,-11.0,50,2465.777516
,-16.0,50,2467.513361
,-48.0,50,2469.26785
,-26.0,50,2470.954741
,-22.0,50,2472.766614
,-14.0,50,2474.488774
,-18.0,50,2476.279881
,-46.0,50,2477.979682
,-42.0,50,2479.718956
,-50.0,50,2481.454424
,-23.0,50,2483.221946
,-50.0,50,2484.972223
,-48.0,50,2486.723779
,-11.0,50,2488.479236
,-28.0,50,2490.226343
,-34.0,50,2492.016453
,0.0,50,2493.710804
,-50.0,50,2495.515591
,-50.0,50,2497.225431
,-21.0,50,2499.016539
,-47.0,50,2500.753871
,-33.0,50,2502.497804
,-17.0,50,2504.238716
,0.0,50,2505.968651
,-43.0,50,2507.783609
,0.0,50,2509.490162
,-13.0,50,2511.282384
,-38.0,50,2512.986863
,-50.0,50,2514.744841
,-50.0,50,2516.486215
,-16.0,50,2518.250033
,-9.0,50,2520.055936
,-43.0,50,2521.766539
,-34.0,50,2523.549882
,-25.0,50,2525.291482
,-50.0,50,2527.009924
,-10.0,50,2528.705268
,-17.0,50,2530.526966
,-50.0,50,2532.309971
,-32.0,50,2534.062194
,-29.0,50,2535.837624
,-28.0,50,2537.586696
,-5.0,50,2539.383413
,-5.0,50,2539.666392
,-15.0,50,2539.998418
,-12.0,50,2540.28342
,-6.0,50,2540.587316
,-10.0,50,2540.8797
,-8.0,50,2541.17647
,-6.0,50,2541.446398
,-12.0,50,2541.731318
,-14.0,50,2542.033622
,-45.0,50,2542.377055
,-50.0,50,2544.108875
,-16.0,50,2545.831501
,-46.0,50,2547.606631
,-17.0,50,2549.403298
,-9.0,50,2551.161237
,-15.0,50,2552.890368
,-15.0,50,2554.61686
,-26.0,50,2556.379294
,-50.0,50,2558.16277
,-47.0,50,2559.953626
,-48.0,50,2561.698509
,-40.0,50,2563.399053
,-30.0,50,2565.189742
,-12.0,50,2566.920946
,-50.0,50,2568.7334
,-8.0,50,2570.478639
,-46.0,50,2572.273702
,-11.0,50,2574.031606
,-17.0,50,2575.833756
,-50.0,50,2577.558946
,-50.0,50,2579.327259
,-33.0,50,2581.038157
,-10.0,50,2582.857292
,-50.0,50,2584.550675
,-15.0,50,2586.316928
,-15.0,50,2588.061239
,-24.0,50,2589.812867
,-7.0,50,2591.649777
,-50.0,50,2593.38501
,-50.0,50,2595.096611
,-23.0,50,2596.917473
,-43.0,50,2598.626037
,-21.0,50,2600.37149
,-48.0,50,2602.171482
,-14.0,50,2603.954172
,-50.0,50,2605.7142
,-20.0,50,2607.452864
,-37.0,50,2609.16364
,-32.0,50,2610.960082
,-50.0,50,2612.700402
,-46.0,50,2614.505044
,-4.0,50,2616.245647
,-15.0,50,2618.023933
,-20.0,50,2619.779425
,-48.0,50,2621.51716
,-46.0,50,2623.331069
,-42.0,50,2625.030588
,-16.0,50,2626.868329
,-13.0,50,2628.593216
,-9.0,50,2630.356941
,-8.0,50,2630.649008
,-46.0,50,2630.94473
,-5.0,50,2631.233908
,-13.0,50,2631.555212
,-8.0,50,2631.842067
,-50.0,50,2632.115984
,-9.0,50,2632.394215
,-8.0,50,2632.693047
,-6.0,50,2632.954998
,-45.0,50,2633.290996
,0.0,50,2635.031877
,-13.0,50,2636.753973
,-13.0,50,2638.518504
,-11.0,50,2640.297717
,-17.0,50,2642.019547
,-50.0,50,2643.780033
,-16.0,50,2645.548538
,-22.0,50,2647.340647
,-22.0,50,2649.048831
,-28.0,50,2650.803849
,-15.0,50,2652.617797
,-9.0,50,2654.349344
,-19.0,50,2656.130283
,-50.0,50,2657.928152
,-50.0,50,2659.638405
,-12.0,50,2661.433654
,-17.0,50,2663.208524
,-19.0,50,2664.997671
,-34.0,50,2666.743679
,-31.0,50,2668.507443
,-33.0,50,2670.298639
,-7.0,50,2672.062366
,-50.0,50,2673.802791
,-8.0,50,2675.544719
,-42.0,50,2677.363582
,-50.0,50,2679.077374
,-9.0,50,2680.847127
,-50.0,50,2682.612659
,-30.0,50,2684.354565
,-50.0,50,2686.140473
,-50.0,50,2687.953415
,-26.0,50,2689.666598
,-17.0,50,2691.410259
,-14.0,50,2693.176738
,-8.0,50,2694.972684
,-16.0,50,2696.716004
,-33.0,50,2698.50496
,-50.0,50,2700.273809
,-32.0,50,2702.053679
,-37.0,50,2703.809702
,-46.0,50,2705.593705
,-50.0,50,2707.370334
,-50.0,50,2709.121382
,-47.0,50,2710.874994
,-31.0,50,2712.628383
,-17.0,50,2714.37135
,-50.0,50,2716.132186
,-6.0,50,2717.900615
,-40.0,50,2719.668592
,-5.0,50,2721.46507
,-47.0,50,2721.781321
,-47.0,50,2722.078506
,-14.0,50,2722.389719
,-8.0,50,2722.673715
,-7.0,50,2722.953688
,-6.0,50,2723.246403
,-43.0,50,2723.557845
,-7.0,50,2723.862117
,-12.0,50,2724.136268
,-19.0,50,2724.403321
,-50.0,50,2726.167067
,-20.0,50,2727.942165
,-35.0,50,2729.70201
,-18.0,50,2731.475156
,-33.0,50,2733.208203
,-49.0,50,2734.912269
,-13.0,50,2736.707516
,-19.0,50,2738.482047
,-15.0,50,2740.271196
,-27.0,50,2741.992158
,-50.0,50,2743.784331
,-16.0,50,2745.51237
,-11.0,50,2747.295041
,-7.0,50,2749.073142
,0.0,50,2750.812999
,-50.0,50,2752.544441
,-50.0,50,2754.351875
,-50.0,50,2756.101987
,-46.0,50,2757.822914
,0.0,50,2759.626168
,-50.0,50,2761.374312
,-34.0,50,2763.133867
,-38.0,50,2764.959116
,-38.0,50,2766.69703
,0.0,50,2768.426939
,-17.0,50,2770.224449
,-50.0,50,2771.977525
,-50.0,50,2773.742027
,0.0,50,2775.51443
,-11.0,50,2777.312017
,-16.0,50,2779.029316
,-40.0,50,2780.891129
,-46.0,50,2782.631953
,-11.0,50,2784.421032
,-50.0,50,2786.195426
,-17.0,50,2787.96515
,-15.0,50,2789.726649
,-50.0,50,2791.510509
,-50.0,50,2793.309885
,-45.0,50,2795.068242
,-50.0,50,2796.908981
,-46.0,50,2798.67638
,-50.0,50,2800.436891
,-18.0,50,2802.169602
,0.0,50,2803.912846
,-50.0,50,2805.676966
,-50.0,50,2807.417484
,-28.0,50,2809.205755
,-50.0,50,2810.989398
,-8.0,50,2812.721144
,-8.0,50,2812.983549
,-10.0,50,2813.271559
,-9.0,50,2813.545545
,-5.0,50,2813.825591
,-4.0,50,2814.118842
,-7.0,50,2814.439298
,-8.0,50,2814.711577
,-9.0,50,2814.989828
,-12.0,50,2815.269621
,-21.0,50,2815.619845
,-50.0,50,2817.374763
,-15.0,50,2819.167327
,-50.0,50,2820.891561
,0.0,50,2822.707269
,-26.0,50,2824.462435
,-50.0,50,2826.222285
,-26.0,50,2828.023825
,-25.0,50,2829.77492
,-32.0,50,2831.560772
,-30.0,50,2833.371356
,-50.0,50,2835.10175
,0.0,50,2836.906597
,-50.0,50,2838.661921
,-50.0,50,2840.422802
,-29.0,50,2842.21894
,-26.0,50,2843.992441
,-45.0,50,2845.737049
,0.0,50,2847.483619
,-48.0,50,2849.291439
,-50.0,50,2851.069205
,-46.0,50,2852.802737
,-22.0,50,2854.664728
,-50.0,50,2856.401275
,-29.0,50,2858.200162
,-50.0,50,2859.922276
,-43.0,50,2861.671942
,-40.0,50,2863.488286
,-17.0,50,2865.212423
,-50.0,50,2867.022422
,-36.0,50,2868.797824
,-23.0,50,2870.581144
,-21.0,50,2872.284081
,-50.0,50,2874.07057
,-48.0,50,2875.849918
,-18.0,50,2877.634036
,-50.0,50,2879.442425
,-18.0,50,2881.227144
,-24.0,50,2882.940188
,-36.0,50,2884.743244
,-21.0,50,2886.505111
,-50.0,50,2888.259739
,-47.0,50,2890.072956
,-32.0,50,2891.855962
,-14.0,50,2893.587174
,-38.0,50,2895.344394
,-7.0,50,2897.124098
,-21.0,50,2898.918987
,-50.0,50,2900.666477
,-50.0,50,2902.403172
,-14.0,50,2904.319915
,-13.0,50,2904.604848
,-7.0,50,2904.902382
,-6.0,50,2905.195415
,-13.0,50,2905.483906
,-8.0,50,2905.791814
,-8.0,50,2906.065037
,-15.0,50,2906.403428
,0.0,50,2906.677093
,-15.0,50,2906.955222
,-27.0,50,2907.234324
,-50.0,50,2909.012152
,-37.0,50,2910.781615
,-30.0,50,2912.4966
,0.0,50,2914.288213
,-17.0,50,2916.090827
,-23.0,50,2917.873616
,-50.0,50,2919.702914
,-50.0,50,2921.40669
,-9.0,50,2923.246293
,-49.0,50,2925.019526
,-22.0,50,2926.800121
,-26.0,50,2928.556545
,-50.0,50,2930.341339
,-31.0,50,2932.153118
,-26.0,50,2933.90518
,-17.0,50,2935.648627
,-34.0,50,2937.442843
,-12.0,50,2939.265168
,-17.0,50,2940.995601
,-19.0,50,2942.806128
,-7.0,50,2944.559232
,-50.0,50,2946.331212
,-50.0,50,2948.1572
,-50.0,50,2949.947205
,-5.0,50,2951.70038
,-20.0,50,2953.518154
,-15.0,50,2955.336103
,-46.0,50,2957.076911
,-28.0,50,2958.831093
,-19.0,50,2960.643945
,-50.0,50,2962.431925
,-50.0,50,2964.18218
,-50.0,50,2965.973003
,-40.0,50,2967.713215
,-14.0,50,2969.56302
,-50.0,50,2971.276456
,-42.0,50,2973.054664
,-16.0,50,2974.864238
,-50.0,50,2976.700844
,-9.0,50,2978.469674
,0.0,50,2980.200168
,-38.0,50,2982.030772
,-16.0,50,2983.757354
,-50.0,50,2985.534009
,-15.0,50,2987.32125
,-44.0,50,2989.056217
,-13.0,50,2990.899469
,-34.0,50,2992.663137
,-45.0,50,2994.39695
,-8.0,50,2996.263551
,-7.0,50,2996.557605
,-14.0,50,2996.846977
,-13.0,50,2997.125592
,-7.0,50,2997.433645
,-47.0,50,2997.728997
,-11.0,50,2998.027755
,-11.0,50,2998.355589
,-13.0,50,2998.674053
,-14.0,50,2998.972533
,-22.0,50,2999.252067
,-32.0,50,3001.015854
,-26.0,50,3002.806925
,-12.0,50,3004.59623
,-28.0,50,3006.372958
,-50.0,50,3008.130777
,-14.0,50,3009.920357
,-43.0,50,3011.71028
,-50.0,50,3013.551473
,-11.0,50,3015.296556
,-46.0,50,3017.078074
,-50.0,50,3018.88133
,-30.0,50,3020.616953
,-50.0,50,3022.454388
,-50.0,50,3024.170452
,-50.0,50,3025.998346
,-41.0,50,3027.757688
,-44.0,50,3029.533053
,-50.0,50,3031.350105
,-50.0,50,3033.144644
,-14.0,50,3034.912045
,-36.0,50,3036.643757
,-37.0,50,3038.452476
,-8.0,50,3040.271261
,-33.0,50,3042.121724
,-7.0,50,3043.861703
,-25.0,50,3045.611773
,-11.0,50,3047.423098
,-22.0,50,3049.290639
,-14.0,50,3051.024721
,-49.0,50,3052.774199
,-17.0,50,3054.672832
,-12.0,50,3056.421854
,-19.0,50,3058.19022
,-19.0,50,3060.050626
,-46.0,50,3061.828188
,-10.0,50,3063.603983
,-14.0,50,3065.358469
,-44.0,50,3067.201536
,-16.0,50,3068.93947
,-47.0,50,3070.796189
,-40.0,50,3072.614672
,-15.0,50,3074.383118
,-50.0,50,3076.11523
,-50.0,50,3077.922764
,-50.0,50,3079.703041
,-7.0,50,3081.492198
,-12.0,50,3083.221285
,-50.0,50,3085.035834
,-50.0,50,3086.81564
,0.0,50,3088.651569
,-9.0,50,3088.909081
,-9.0,50,3089.187233
,-12.0,50,3089.450422
,-10.0,50,3089.749536
,-30.0,50,3090.025968
,-7.0,50,3090.348867
,-6.0,50,3090.624249
,-11.0,50,3090.888988
,-7.0,50,3091.186104
,-12.0,50,3091.58021
,-47.0,50,3093.334938
,-23.0,50,3095.126612
,-19.0,50,3096.965677
,-25.0,50,3098.699066
,-50.0,50,3100.483027
,-36.0,50,3102.269086
,-50.0,50,3104.079389
,-21.0,50,3105.819435
,-18.0,50,3107.588746
,-34.0,50,3109.377664
,-49.0,50,3111.200155
,-16.0,50,3112.954523
,-18.0,50,3114.823006
,-13.0,50,3116.599558
,-28.0,50,3118.349848
,-19.0,50,3120.124247
,-27.0,50,3121.908366
,-9.0,50,3123.714608
,-50.0,50,3125.530684
,-43.0,50,3127.288254
,-11.0,50,3129.123094
,-11.0,50,3130.901928
,-14.0,50,3132.668152
,-50.0,50,3134.539479
,-4.0,50,3136.296614
,-48.0,50,3138.08415
,-21.0,50,3139.869083
,-38.0,50,3141.60807
,-23.0,50,3143.401441
,0.0,50,3145.139024
,-50.0,50,3146.932719
,0.0,50,3148.736036
,-27.0,50,3150.532228
,-19.0,50,3152.313598
,-43.0,50,3154.095112
,-50.0,50,3155.84954
,-15.0,50,3157.625341
,0.0,50,3159.421521
,-16.0,50,3161.252115
,-50.0,50,3162.982194
,-13.0,50,3164.802741
,-14.0,50,3166.568174
,-30.0,50,3168.458328
,-16.0,50,3170.217118
,-9.0,50,3171.968048
,-5.0,50,3173.781375
,-24.0,50,3175.532533
,-27.0,50,3177.4242
,-16.0,50,3179.190659
,-9.0,50,3180.983257
,-7.0,50,3181.289869
,-7.0,50,3181.58308
,-11.0,50,3181.845715
,-9.0,50,3182.173383
,-4.0,50,3182.493758
,-6.0,50,3182.79109
,-8.0,50,3183.119485
,-47.0,50,3183.444186
,-15.0,50,3183.680976
,-47.0,50,3183.944147
,-50.0,50,3185.723629
,-50.0,50,3187.495272
,-19.0,50,3189.254569
,-26.0,50,3191.043433
,-24.0,50,3192.885403
,-50.0,50,3194.650135
,-12.0,50,3196.499062
,-50.0,50,3198.305483
,-14.0,50,3200.06352
,-32.0,50,3201.849518
,-49.0,50,3203.588289
,-50.0,50,3205.410711
,-50.0,50,3207.151208
,-30.0,50,3209.025308
,-17.0,50,3210.752365
,-18.0,50,3212.563503
,-40.0,50,3214.330679
,-30.0,50,3216.154059
,-32.0,50,3217.953155
,-11.0,50,3219.702698
,-42.0,50,3221.484308
,-27.0,50,3223.300123
,-18.0,50,3225.05789
,-35.0,50,3226.897472
,-17.0,50,3228.657921
,-40.0,50,3230.451947
,-45.0,50,3232.226832
,-30.0,50,3234.099933
,-37.0,50,3235.961914
,-9.0,50,3237.695127
,-50.0,50,3239.514667
,-50.0,50,3241.272141
,-40.0,50,3243.085539
,-33.0,50,3244.909714
,-40.0,50,3246.705431
,-50.0,50,3248.560253
,-50.0,50,3250.325293
,-21.0,50,3252.117292
,-9.0,50,3253.910657
,-50.0,50,3255.778072
,-47.0,50,3257.53928
,-18.0,50,3259.33313
,-32.0,50,3261.174896
,-13.0,50,3262.969098
,-45.0,50,3264.73729
,-11.0,50,3266.608503
,-50.0,50,3268.382724
,-50.0,50,3270.146894
,-14.0,50,3271.935419
,-4.0,50,3273.788755
,-11.0,50,3274.060585
,-15.0,50,3274.354963
,-8.0,50,3274.623459
,-15.0,50,3274.936649
,-10.0,50,3275.196695
,-7.0,50,3275.474265
,-10.0,50,3275.766575
,-9.0,50,3276.06031
,-29.0,50,3276.334729
,-50.0,50,3276.765083
,-19.0,50,3278.524776
,-48.0,50,3280.335848
,-22.0,50,3282.12401
,-12.0,50,3283.941529
,-34.0,50,3285.74325
,-16.0,50,3287.522786
,-50.0,50,3289.320797
,-50.0,50,3291.132426
,-25.0,50,3292.901399
,-44.0,50,3294.715351
,-28.0,50,3296.505332
,-50.0,50,3298.305484
,-34.0,50,3300.122883
,-26.0,50,3301.873287
,-50.0,50,3303.660049
,-47.0,50,3305.525963
,-48.0,50,3307.271842
,-39.0,50,3309.121318
,-19.0,50,3310.93875
,-50.0,50,3312.739056
,-46.0,50,3314.517286
,-45.0,50,3316.317062
,-41.0,50,3318.161346
,-24.0,50,3320.020049
,0.0,50,3321.73329
,-46.0,50,3323.558035
,-19.0,50,3325.373286
,-47.0,50,3327.202843
,-25.0,50,3329.019674
,-46.0,50,3330.794844
,-45.0,50,3332.573825
,-33.0,50,3334.366876
,-7.0,50,3336.186937
,-50.0,50,3337.980869
,-41.0,50,3339.815934
,-15.0,50,3341.612705
,-31.0,50,3343.496571
,-22.0,50,3345.303311
,-6.0,50,3347.092072
,-50.0,50,3348.816069
,-41.0,50,3350.665887
,-8.0,50,3352.462421
,-27.0,50,3354.291125
,-50.0,50,3356.095478
,-13.0,50,3357.968507
,-30.0,50,3359.707856
,-22.0,50,3361.594564
,-50.0,50,3363.428975
,-50.0,50,3365.238118
,-43.0,50,3367.104389
,-9.0,50,3367.406387
,-5.0,50,3367.696716
,-6.0,50,3368.02123
,-10.0,50,3368.310163
,-12.0,50,3368.574251
,-6.0,50,3368.849773
,-4.0,50,3369.154792
,-9.0,50,3369.43003
,0.0,50,3369.675845
,-13.0,50,3370.033955
,-45.0,50,3371.7853
,-23.0,50,3373.621389
,-37.0,50,3375.446401
,-50.0,50,3377.24423
,-7.0,50,3379.045858
,-25.0,50,3380.870999
,-22.0,50,3382.692781
,-28.0,50,3384.526456
,-37.0,50,3386.346347
,-36.0,50,3388.091171
,-47.0,50,3389.977295
,-12.0,50,3391.751166
,-43.0,50,3393.536105
,-20.0,50,3395.367457
,0.0,50,3397.140411
,-33.0,50,3398.994238
,-26.0,50,3400.804919
,-50.0,50,3402.632817
,-50.0,50,3404.42826
,-36.0,50,3406.27035
,0.0,50,3408.059006
,-50.0,50,3409.830352
,-40.0,50,3411.65616
,-50.0,50,3413.434469
,-32.0,50,3415.291034
,-29.0,50,3417.058717
,-43.0,50,3418.847736
,-30.0,50,3420.683654
,-50.0,50,3422.495929
,-50.0,50,3424.297599
,-11.0,50,3426.113613
,-14.0,50,3427.936401
,-38.0,50,3429.713279
,-18.0,50,3431.519202
,-42.0,50,3433.362706
,-50.0,50,3435.238487
,-17.0,50,3436.995344
,-15.0,50,3438.869798
,-38.0,50,3440.639849
,-16.0,50,3442.472908
,-17.0,50,3444.256933
,-19.0,50,3446.093102
,-50.0,50,3447.927106
,0.0,50,3449.775965
,-50.0,50,3451.534008
,-50.0,50,3453.369155
,-11.0,50,3455.150731
,-25.0,50,3457.037292
,-46.0,50,3458.847559
,-8.0,50,3460.622761
,-12.0,50,3460.889954
,-7.0,50,3461.155074
,-9.0,50,3461.428622
,-5.0,50,3461.718426
,-39.0,50,3462.038274
,-32.0,50,3462.33908
,-4.0,50,3462.596478
,-7.0,50,3462.857282
,-9.0,50,3463.124891
,-16.0,50,3463.525137
,-21.0,50,3465.297251
,-24.0,50,3467.109947
,-12.0,50,3468.972407
,-30.0,50,3470.776163
,-50.0,50,3472.588499
,-45.0,50,3474.385296
,-13.0,50,3476.272602
,-50.0,50,3478.042013
,-10.0,50,3479.832864
,-40.0,50,3481.68733
,-50.0,50,3483.514727
,-50.0,50,3485.308275
,-46.0,50,3487.200137
,-14.0,50,3488.986446
,-18.0,50,3490.795249
,-45.0,50,3492.662101
,-9.0,50,3494.470227
,-43.0,50,3496.266191
,-49.0,50,3498.071239
,-39.0,50,3499.869653
,-48.0,50,3501.726788
,-12.0,50,3503.547535
,-49.0,50,3505.339308
,-50.0,50,3507.167115
,-27.0,50,3508.984764
,-50.0,50,3510.824845
,-9.0,50,3512.594199
,-35.0,50,3514.437095
,-32.0,50,3516.30845
,-34.0,50,3518.092956
,-9.0,50,3519.919576
,-39.0,50,3521.727774
,-50.0,50,3523.591826
,-11.0,50,3525.433637
,-45.0,50,3527.293961
,-16.0,50,3529.094368
,-46.0,50,3530.904364
,-20.0,50,3532.741108
,-17.0,50,3534.612259
,0.0,50,3536.366256
,-18.0,50,3538.23282
,-20.0,50,3540.056243
,-24.0,50,3541.881178
,-45.0,50,3543.676892
,-35.0,50,3545.488234
,-41.0,50,3547.269029
,-8.0,50,3549.102531
,-21.0,50,3550.905601
,-19.0,50,3552.730589
,0.0,50,3554.559012
,-10.0,50,3554.830116
,-11.0,50,3555.104138
,-18.0,50,3555.390473
,-9.0,50,3555.663012
,-17.0,50,3555.942002
,-12.0,50,3556.241332
,-14.0,50,3556.528446
,-6.0,50,3556.803648
,-5.0,50,3557.086944
