#{"t_start": 1583396063.7824972, "env_id": "FetchPush-v1"}
s,r,l,t
,-50.0,50,6.421489
,-50.0,50,8.210066
,-50.0,50,9.849946
,-50.0,50,11.48377
,-50.0,50,13.104761
,-50.0,50,14.724776
,-50.0,50,16.348991
,-50.0,50,17.977464
,-50.0,50,19.55894
,-50.0,50,21.16539
,-50.0,50,22.777799
,-50.0,50,24.380134
,-50.0,50,26.022345
,0.0,50,27.604495
,-50.0,50,29.244796
,-50.0,50,30.833398
,-50.0,50,32.452395
,-50.0,50,34.062514
,-50.0,50,35.69032
,-50.0,50,37.309377
,-50.0,50,38.939819
,-50.0,50,40.586479
,-50.0,50,42.201191
,-50.0,50,43.814504
,-50.0,50,45.462925
,-50.0,50,47.053757
,-50.0,50,48.691685
,-50.0,50,50.269427
,-50.0,50,51.922521
,-50.0,50,53.513789
,-50.0,50,55.128842
,-50.0,50,56.761533
,-50.0,50,58.3495
,-50.0,50,59.958133
,-50.0,50,61.58259
,-50.0,50,63.181443
,-50.0,50,64.79201
,-50.0,50,66.378519
,-50.0,50,68.008874
,-50.0,50,69.643281
,-50.0,50,71.248104
,-50.0,50,72.874588
,-50.0,50,74.494013
,-50.0,50,76.091933
,-50.0,50,77.68819
,-50.0,50,79.299023
,-50.0,50,80.912356
,-50.0,50,82.486299
,0.0,50,84.09991
,-50.0,50,85.746208
,-50.0,50,87.388165
,-50.0,50,87.668423
,-50.0,50,87.960187
,-50.0,50,88.224506
,-50.0,50,88.49556
,-50.0,50,88.770895
,-50.0,50,89.053457
,-50.0,50,89.34694
,-50.0,50,89.62944
,-50.0,50,89.892112
,0.0,50,90.307426
,-50.0,50,91.911364
,-50.0,50,93.507437
,-50.0,50,95.150943
,-50.0,50,96.774443
,-50.0,50,98.391115
,-50.0,50,100.045856
,-50.0,50,101.620972
,-50.0,50,103.236388
,-50.0,50,104.898441
,-50.0,50,106.501605
,-50.0,50,108.130145
,-50.0,50,109.744912
,-50.0,50,111.356633
,-50.0,50,112.999223
,-50.0,50,114.55664
,-50.0,50,116.196221
,-50.0,50,117.820306
,-50.0,50,119.430442
,-50.0,50,121.058604
,-50.0,50,122.687947
,-50.0,50,124.271572
,-50.0,50,125.887586
,-50.0,50,127.515572
,-50.0,50,129.143771
,0.0,50,130.755131
,-50.0,50,132.367356
,-50.0,50,133.957845
,-50.0,50,135.618185
,-50.0,50,137.22303
,-50.0,50,138.854239
,-50.0,50,140.464048
,-50.0,50,142.073987
,-50.0,50,143.694276
,-50.0,50,145.276779
,-50.0,50,146.952096
,-50.0,50,148.552279
,-50.0,50,150.178991
,-50.0,50,151.770833
,-50.0,50,153.371076
,-50.0,50,155.011857
,-50.0,50,156.629441
,-50.0,50,158.234568
,0.0,50,159.869037
,-50.0,50,161.499161
,-50.0,50,163.107332
,-50.0,50,164.733774
,-50.0,50,166.358232
,-50.0,50,168.015787
,-50.0,50,169.612386
,-50.0,50,171.233777
,-50.0,50,171.549352
,-50.0,50,171.815327
,-50.0,50,172.104267
,-50.0,50,172.392454
,-50.0,50,172.655026
,-50.0,50,172.939492
,-50.0,50,173.224162
,-50.0,50,173.474076
,-50.0,50,173.734049
,-50.0,50,174.088937
,-50.0,50,175.716042
,0.0,50,177.314406
,-50.0,50,178.989761
,-50.0,50,180.600354
,-50.0,50,182.223854
,-50.0,50,183.863775
,0.0,50,185.459451
,-50.0,50,187.085814
,-50.0,50,188.70154
,-50.0,50,190.300486
,-50.0,50,191.925964
,-43.0,50,193.538963
,-50.0,50,195.172152
,0.0,50,196.818527
,-50.0,50,198.428021
,-50.0,50,200.033902
,-50.0,50,201.66352
,-50.0,50,203.286407
,-50.0,50,204.92217
,-50.0,50,206.513245
,-50.0,50,208.200151
,-50.0,50,209.827182
,0.0,50,211.43451
,-50.0,50,213.07452
,-50.0,50,214.693711
,-50.0,50,216.29141
,-50.0,50,217.908888
,-50.0,50,219.588685
,-50.0,50,221.226633
,-50.0,50,222.812011
,-50.0,50,224.454401
,-50.0,50,226.073615
,-50.0,50,227.722341
,-50.0,50,229.355291
,-50.0,50,230.952687
,-50.0,50,232.626077
,-50.0,50,234.233684
,-50.0,50,235.877851
,-50.0,50,237.48417
,-50.0,50,239.106872
,-50.0,50,240.70819
,-50.0,50,242.321265
,-50.0,50,243.977685
,-50.0,50,245.606481
,-50.0,50,247.235593
,-50.0,50,248.844726
,-50.0,50,250.471299
,-50.0,50,252.101942
,-50.0,50,253.70825
,-50.0,50,255.333989
,-50.0,50,255.661812
,0.0,50,255.952786
,-50.0,50,256.237132
,-50.0,50,256.521521
,-50.0,50,256.806362
,-50.0,50,257.087741
,-50.0,50,257.377016
,-50.0,50,257.689583
,-50.0,50,257.960449
,-50.0,50,258.32295
,-50.0,50,259.946083
,-50.0,50,261.524861
,-50.0,50,263.205721
,-50.0,50,264.823907
,-50.0,50,266.496105
,-50.0,50,268.109824
,-50.0,50,269.724154
,-50.0,50,271.328999
,-50.0,50,272.938332
,-50.0,50,274.602742
,-50.0,50,276.198963
,-50.0,50,277.822527
,-50.0,50,279.448206
,-50.0,50,281.11436
,-50.0,50,282.752485
,-50.0,50,284.334659
,-50.0,50,285.986439
,-50.0,50,287.645624
,-50.0,50,289.273486
,-50.0,50,290.908905
,-50.0,50,292.54274
,-50.0,50,294.140089
,-50.0,50,295.800925
,-50.0,50,297.407315
,-50.0,50,299.062519
,-50.0,50,300.693864
,-50.0,50,302.286897
,-50.0,50,303.90137
,-50.0,50,305.495793
,-50.0,50,307.127757
,-50.0,50,308.755012
,-50.0,50,310.366068
,-50.0,50,312.054232
,-50.0,50,313.636486
,0.0,50,315.273
,-50.0,50,316.91666
,-50.0,50,318.560251
,-50.0,50,320.218321
,-50.0,50,321.841317
,-50.0,50,323.445776
,-50.0,50,325.075843
,-50.0,50,326.668023
,-50.0,50,328.340378
,-50.0,50,329.930697
,-50.0,50,331.575242
,-50.0,50,333.201425
,-50.0,50,334.786494
,-50.0,50,336.460575
,-50.0,50,338.059155
,-50.0,50,339.706329
,-50.0,50,339.996772
,-50.0,50,340.291205
,-50.0,50,340.584229
,-50.0,50,340.872467
,-50.0,50,341.178581
,-50.0,50,341.471937
,-50.0,50,341.777733
,-50.0,50,342.068315
,-50.0,50,342.331624
,-50.0,50,342.582187
,-50.0,50,344.229272
,-50.0,50,345.874182
,-50.0,50,347.490475
,-50.0,50,349.105108
,-50.0,50,350.724685
,-50.0,50,352.351828
,-50.0,50,354.01428
,-49.0,50,355.64661
,-50.0,50,357.286168
,0.0,50,358.886794
,-50.0,50,360.531929
,-50.0,50,362.149578
,-50.0,50,363.808473
,-50.0,50,365.435143
,-50.0,50,367.063494
,-50.0,50,368.672704
,-50.0,50,370.267216
,-50.0,50,371.910285
,-50.0,50,373.550898
,-50.0,50,375.175277
,-50.0,50,376.864447
,-50.0,50,378.477384
,-50.0,50,380.088259
,-50.0,50,381.720507
,-50.0,50,383.357368
,-50.0,50,384.988223
,-50.0,50,386.620079
,-50.0,50,388.272859
,-50.0,50,389.91531
,-50.0,50,391.541608
,-50.0,50,393.166421
,-50.0,50,394.815406
,-50.0,50,396.404159
,0.0,50,398.046375
,-50.0,50,399.698855
,-50.0,50,401.306498
,-50.0,50,402.948202
,-50.0,50,404.566038
,-50.0,50,406.216591
,-50.0,50,407.81997
,-50.0,50,409.464374
,-50.0,50,411.083663
,-50.0,50,412.735
,-50.0,50,414.40291
,0.0,50,416.039762
,-50.0,50,417.710003
,-50.0,50,419.340677
,-50.0,50,420.969519
,-50.0,50,422.605679
,-50.0,50,424.265601
,-50.0,50,424.570374
,-50.0,50,424.874266
,-50.0,50,425.143109
,-50.0,50,425.408158
,-50.0,50,425.671052
,-50.0,50,425.941158
,-50.0,50,426.237118
,-50.0,50,426.548998
,-50.0,50,426.830482
,-50.0,50,427.179234
,-50.0,50,428.810156
,-50.0,50,430.455841
,-50.0,50,432.077529
,-50.0,50,433.698484
,-50.0,50,435.341305
,-50.0,50,436.992467
,-50.0,50,438.601244
,-50.0,50,440.232578
,-50.0,50,441.870303
,-50.0,50,443.483804
,-50.0,50,445.139634
,0.0,50,446.768236
,-50.0,50,448.419931
,-50.0,50,450.044791
,-50.0,50,451.674975
,-50.0,50,453.295576
,-50.0,50,454.931805
,-50.0,50,456.602775
,-50.0,50,458.234886
,-50.0,50,459.883654
,-50.0,50,461.49506
,-50.0,50,463.114218
,-50.0,50,464.783676
,-50.0,50,466.418153
,-50.0,50,468.051273
,-50.0,50,469.671166
,-50.0,50,471.335235
,-50.0,50,472.970674
,-50.0,50,474.619054
,-50.0,50,476.252384
,-50.0,50,477.855518
,-18.0,50,479.525302
,0.0,50,481.150635
,-50.0,50,482.816149
,-50.0,50,484.453313
,-50.0,50,486.070839
,-50.0,50,487.702822
,-50.0,50,489.374005
,-50.0,50,490.963457
,-50.0,50,492.583838
,-50.0,50,494.253659
,0.0,50,495.869197
,-50.0,50,497.55143
,-50.0,50,499.16283
,-50.0,50,500.810091
,-50.0,50,502.439015
,0.0,50,504.073444
,-50.0,50,505.717976
,-50.0,50,507.367272
,-50.0,50,509.084283
,-50.0,50,509.373946
,-50.0,50,509.645454
,-50.0,50,509.918178
,-50.0,50,510.214959
,-50.0,50,510.515492
,-4.0,50,510.818085
,-50.0,50,511.087989
,-50.0,50,511.367095
,-50.0,50,511.643728
,-50.0,50,511.933862
,-50.0,50,513.575567
,-50.0,50,515.225302
,-50.0,50,516.820914
,-50.0,50,518.435109
,-50.0,50,520.102766
,-50.0,50,521.738244
,-50.0,50,523.38521
,-50.0,50,525.004134
,-50.0,50,526.65229
,-50.0,50,528.288371
,-50.0,50,529.957025
,-50.0,50,531.585279
,-50.0,50,533.199105
,-50.0,50,534.84267
,-50.0,50,536.482572
,-50.0,50,538.106431
,-8.0,50,539.747319
,-50.0,50,541.388575
,-50.0,50,543.027653
,-50.0,50,544.629623
,-50.0,50,546.260403
,-50.0,50,547.907854
,-50.0,50,549.5488
,-50.0,50,551.174613
,-50.0,50,552.839578
,-50.0,50,554.468179
,-50.0,50,556.100196
,-50.0,50,557.753735
,-50.0,50,559.382464
,-50.0,50,561.043244
,-50.0,50,562.639286
,-50.0,50,564.339243
,-50.0,50,565.972045
,-50.0,50,567.6217
,-50.0,50,569.216563
,-50.0,50,570.865909
,-50.0,50,572.50983
,-50.0,50,574.140013
,0.0,50,575.760852
,-20.0,50,577.427977
,-50.0,50,579.036664
,-50.0,50,580.730375
,-50.0,50,582.337782
,-50.0,50,584.006768
,-50.0,50,585.620396
,-50.0,50,587.329764
,-50.0,50,588.974069
,-50.0,50,590.62443
,-32.0,50,592.237899
,-50.0,50,593.923945
,-12.0,50,594.20422
,-50.0,50,594.521799
,-50.0,50,594.832432
,-50.0,50,595.136786
,0.0,50,595.421248
,-50.0,50,595.698369
,-50.0,50,595.9925
,-50.0,50,596.307445
,-50.0,50,596.542917
,-50.0,50,596.853309
,-50.0,50,598.467483
,-42.0,50,600.148896
,-50.0,50,601.773951
,-50.0,50,603.406805
,-6.0,50,605.071574
,-50.0,50,606.702687
,-50.0,50,608.357769
,-50.0,50,609.986461
,-50.0,50,611.59631
,-50.0,50,613.23891
,-50.0,50,614.884985
,-50.0,50,616.525695
,-50.0,50,618.192832
,-50.0,50,619.846153
,-50.0,50,621.47739
,-47.0,50,623.12302
,-34.0,50,624.767509
,-50.0,50,626.393008
,-49.0,50,628.053732
,-50.0,50,629.701887
,-50.0,50,631.365854
,-27.0,50,632.98316
,-50.0,50,634.654316
,-50.0,50,636.294746
,-50.0,50,637.945581
,-50.0,50,639.567207
,-50.0,50,641.221197
,-50.0,50,642.861247
,-50.0,50,644.46997
,-50.0,50,646.110842
,-50.0,50,647.772641
,-50.0,50,649.396413
,-50.0,50,651.07223
,-50.0,50,652.68649
,0.0,50,654.324298
,-50.0,50,655.98048
,-50.0,50,657.60702
,-50.0,50,659.301972
,-24.0,50,660.901243
,-50.0,50,662.565854
,0.0,50,664.205532
,-50.0,50,665.872777
,-14.0,50,667.495929
,-50.0,50,669.164511
,-50.0,50,670.790888
,-50.0,50,672.449859
,-50.0,50,674.05351
,-50.0,50,675.709434
,-50.0,50,677.382238
,-50.0,50,679.049114
,0.0,50,679.312849
,-50.0,50,679.590911
,-50.0,50,679.888161
,-50.0,50,680.21418
,-50.0,50,680.519855
,-49.0,50,680.782075
,-15.0,50,681.064789
,-50.0,50,681.365893
,-50.0,50,681.633814
,-50.0,50,681.993233
,-14.0,50,683.604139
,-16.0,50,685.278272
,-44.0,50,686.908951
,-50.0,50,688.533802
,-15.0,50,690.180336
,-50.0,50,691.81532
,-50.0,50,693.522912
,-44.0,50,695.178459
,-50.0,50,696.830866
,-50.0,50,698.443997
,-50.0,50,700.103868
,-50.0,50,701.714767
,-50.0,50,703.391697
,-14.0,50,705.093116
,0.0,50,706.703989
,-23.0,50,708.348366
,-50.0,50,710.009182
,-50.0,50,711.629148
,-50.0,50,713.305661
,-50.0,50,714.961605
,-33.0,50,716.599495
,-50.0,50,718.206048
,-50.0,50,719.86608
,-50.0,50,721.515532
,-50.0,50,723.227628
,-50.0,50,724.84016
,-50.0,50,726.520298
,0.0,50,728.166607
,-50.0,50,729.830887
,-50.0,50,731.462267
,-50.0,50,733.09037
,-19.0,50,734.760293
,-50.0,50,736.409823
,-24.0,50,738.01747
,-6.0,50,739.701968
,0.0,50,741.335191
,-50.0,50,742.938075
,-43.0,50,744.610453
,-3.0,50,746.274467
,-17.0,50,747.889891
,0.0,50,749.520846
,-50.0,50,751.165518
,-24.0,50,752.831746
,-19.0,50,754.460167
,-35.0,50,756.134419
,-13.0,50,757.818978
,-39.0,50,759.435356
,-50.0,50,761.128857
,-50.0,50,762.779861
,-50.0,50,764.527703
,-50.0,50,764.82493
,-50.0,50,765.125873
,-13.0,50,765.410513
,-12.0,50,765.679939
,-10.0,50,765.963848
,-12.0,50,766.24719
,-26.0,50,766.528876
,-50.0,50,766.795992
,-50.0,50,767.050592
,-15.0,50,767.335927
,-50.0,50,769.035212
,-19.0,50,770.640787
,-26.0,50,772.366696
,-50.0,50,773.987872
,-50.0,50,775.624913
,-35.0,50,777.280808
,-50.0,50,778.933333
,-7.0,50,780.568818
,-50.0,50,782.217664
,-50.0,50,783.897368
,-50.0,50,785.55138
,-14.0,50,787.221092
,-12.0,50,788.879131
,-47.0,50,790.482852
,-50.0,50,792.123508
,-50.0,50,793.765088
,-14.0,50,795.44578
,-46.0,50,797.074356
,-39.0,50,798.747184
,-20.0,50,800.410991
,-50.0,50,802.022291
,-50.0,50,803.694675
,-21.0,50,805.314529
,-12.0,50,807.015043
,-36.0,50,808.661669
,0.0,50,810.321833
,-50.0,50,811.971757
,0.0,50,813.625294
,-31.0,50,815.307462
,-50.0,50,816.977947
,-48.0,50,818.591229
,-50.0,50,820.258545
,-33.0,50,821.950699
,-50.0,50,823.587175
,-47.0,50,825.244055
,-26.0,50,826.867282
,-50.0,50,828.549594
,-50.0,50,830.179784
,-12.0,50,831.855963
,-23.0,50,833.476956
,-8.0,50,835.143662
,-50.0,50,836.770515
,-24.0,50,838.403746
,-17.0,50,840.081603
,-48.0,50,841.753943
,-50.0,50,843.396266
,-25.0,50,845.044164
,-16.0,50,846.700824
,-30.0,50,848.343615
,-18.0,50,850.033902
,-10.0,50,850.333608
,-8.0,50,850.598027
,-9.0,50,850.912446
,-17.0,50,851.208091
,-13.0,50,851.482087
,-50.0,50,851.776407
,-6.0,50,852.06957
,-9.0,50,852.346996
,-13.0,50,852.622797
,-47.0,50,852.906589
,-19.0,50,854.565505
,-10.0,50,856.195462
,-27.0,50,857.896704
,-50.0,50,859.523595
,0.0,50,861.18384
,-14.0,50,862.819696
,-46.0,50,864.469147
,-24.0,50,866.155375
,-24.0,50,867.779029
,-17.0,50,869.444978
,-19.0,50,871.056882
,-6.0,50,872.739637
,-14.0,50,874.431607
,-19.0,50,876.074715
,-43.0,50,877.71379
,-13.0,50,879.381508
,-50.0,50,881.025248
,-11.0,50,882.668854
,-35.0,50,884.321481
,-20.0,50,885.957675
,-50.0,50,887.600883
,-50.0,50,889.274354
,-34.0,50,890.970141
,-50.0,50,892.594706
,-21.0,50,894.243818
,-50.0,50,895.881764
,-47.0,50,897.597626
,-25.0,50,899.22921
,-38.0,50,900.882285
,-18.0,50,902.51493
,-49.0,50,904.241008
,-31.0,50,905.840835
,-7.0,50,907.51573
,-50.0,50,909.209049
,-36.0,50,910.832864
,-16.0,50,912.507403
,-50.0,50,914.15651
,-47.0,50,915.810741
,-14.0,50,917.472254
,-50.0,50,919.094496
,-24.0,50,920.740935
,-40.0,50,922.411581
,-50.0,50,924.068099
,-48.0,50,925.735493
,-23.0,50,927.409126
,-38.0,50,929.053185
,-40.0,50,930.678738
,-13.0,50,932.352234
,-24.0,50,934.003763
,-15.0,50,935.677908
,-15.0,50,935.965578
,-17.0,50,936.224586
,-50.0,50,936.484405
,-13.0,50,936.747798
,-3.0,50,937.015338
,-50.0,50,937.272021
,-9.0,50,937.560657
,-8.0,50,937.869195
,-17.0,50,938.184079
,-16.0,50,938.531326
,-26.0,50,940.215678
,-16.0,50,941.918174
,-8.0,50,943.569117
,-16.0,50,945.186131
,-43.0,50,946.870257
,-20.0,50,948.500144
,-15.0,50,950.18898
,-13.0,50,951.82712
,-27.0,50,953.526486
,-24.0,50,955.162091
,-8.0,50,956.861246
,-50.0,50,958.532394
,-17.0,50,960.198782
,-48.0,50,961.798086
,-48.0,50,963.48139
,-22.0,50,965.150415
,0.0,50,966.815504
,-14.0,50,968.505604
,-14.0,50,970.125523
,-17.0,50,971.79091
,-28.0,50,973.441369
,-28.0,50,975.122144
,-9.0,50,976.779327
,-21.0,50,978.451583
,-17.0,50,980.136586
,-11.0,50,981.768405
,-18.0,50,983.416193
,-24.0,50,985.083778
,-50.0,50,986.756944
,-12.0,50,988.366024
,0.0,50,990.029562
,-17.0,50,991.674632
,0.0,50,993.348339
,-17.0,50,995.005684
,-27.0,50,996.648938
,-43.0,50,998.308361
,0.0,50,999.970347
,-20.0,50,1001.615351
,-20.0,50,1003.291034
,-24.0,50,1004.940842
,-25.0,50,1006.607444
,-23.0,50,1008.227666
,-49.0,50,1009.920611
,-17.0,50,1011.586743
,-33.0,50,1013.257706
,-25.0,50,1014.920461
,-16.0,50,1016.589036
,-22.0,50,1018.20477
,-50.0,50,1019.863372
,0.0,50,1021.556356
,-12.0,50,1021.818328
,-10.0,50,1022.111958
,-10.0,50,1022.423525
,-13.0,50,1022.699888
,-11.0,50,1022.978778
,-37.0,50,1023.247928
,-13.0,50,1023.52901
,-22.0,50,1023.828221
,-9.0,50,1024.109648
,-30.0,50,1024.382941
,0.0,50,1026.006597
,-13.0,50,1027.71451
,0.0,50,1029.372605
,-14.0,50,1031.037431
,-10.0,50,1032.668042
,-10.0,50,1034.336307
,-27.0,50,1036.02407
,-8.0,50,1037.693403
,-5.0,50,1039.360352
,-11.0,50,1040.994861
,-16.0,50,1042.649077
,-13.0,50,1044.299043
,-45.0,50,1045.960377
,-14.0,50,1047.623461
,-6.0,50,1049.273745
,0.0,50,1050.953251
,-19.0,50,1052.593025
,-19.0,50,1054.281578
,-14.0,50,1055.958214
,-22.0,50,1057.620975
,-11.0,50,1059.298176
,-27.0,50,1060.944175
,-11.0,50,1062.599995
,-29.0,50,1064.265792
,-27.0,50,1065.911435
,-23.0,50,1067.575791
,-13.0,50,1069.227841
,-18.0,50,1070.863451
,-50.0,50,1072.558911
,-27.0,50,1074.222535
,-11.0,50,1075.912495
,-35.0,50,1077.557608
,-25.0,50,1079.207761
,-15.0,50,1080.888867
,-50.0,50,1082.615866
,-11.0,50,1084.240839
,-16.0,50,1085.927027
,-12.0,50,1087.61378
,-9.0,50,1089.28831
,-8.0,50,1090.940583
,-13.0,50,1092.589159
,-25.0,50,1094.275169
,-18.0,50,1095.937201
,0.0,50,1097.590477
,-8.0,50,1099.273393
,0.0,50,1100.90178
,-34.0,50,1102.561045
,-35.0,50,1104.27311
,-26.0,50,1105.905765
,-11.0,50,1107.585438
,0.0,50,1107.872896
,-14.0,50,1108.159549
,-10.0,50,1108.411509
,-14.0,50,1108.68996
,0.0,50,1108.956059
,-8.0,50,1109.226456
,-38.0,50,1109.540694
,-7.0,50,1109.812756
,-12.0,50,1110.095853
,-17.0,50,1110.431808
,-22.0,50,1112.066899
,-50.0,50,1113.738321
,-18.0,50,1115.360946
,-19.0,50,1117.051382
,-47.0,50,1118.714702
,-16.0,50,1120.405385
,-48.0,50,1122.074176
,-25.0,50,1123.731188
,-50.0,50,1125.379361
,-14.0,50,1127.021524
,-50.0,50,1128.712819
,-6.0,50,1130.370255
,-45.0,50,1132.036499
,-21.0,50,1133.691255
,-25.0,50,1135.375919
,0.0,50,1137.060398
,-26.0,50,1138.73297
,-12.0,50,1140.378528
,0.0,50,1142.056514
,-35.0,50,1143.765812
,-10.0,50,1145.389094
,-25.0,50,1147.082252
,-18.0,50,1148.774466
,-8.0,50,1150.428549
,-11.0,50,1152.091513
,-4.0,50,1153.751755
,-50.0,50,1155.426374
,-6.0,50,1157.077817
,-17.0,50,1158.780454
,-27.0,50,1160.397576
,-18.0,50,1162.051584
,-15.0,50,1163.715255
,-13.0,50,1165.411771
,-28.0,50,1167.074024
,-11.0,50,1168.718832
,-13.0,50,1170.417349
,-49.0,50,1172.066776
,-48.0,50,1173.69061
,-27.0,50,1175.382342
,-21.0,50,1177.018179
,-50.0,50,1178.714549
,-22.0,50,1180.371398
,-19.0,50,1182.04072
,-18.0,50,1183.679218
,-14.0,50,1185.352677
,-29.0,50,1187.053926
,-28.0,50,1188.748425
,-8.0,50,1190.441187
,-21.0,50,1192.066203
,-12.0,50,1193.759971
,-10.0,50,1194.062623
,-9.0,50,1194.336387
,-11.0,50,1194.602784
,-10.0,50,1194.882455
,0.0,50,1195.141694
,-16.0,50,1195.430303
,-22.0,50,1195.702452
,-12.0,50,1195.986428
,-23.0,50,1196.247304
,-13.0,50,1196.562884
,-15.0,50,1198.259065
,-18.0,50,1199.91082
,-33.0,50,1201.578042
,-34.0,50,1203.219757
,-17.0,50,1204.862951
,-13.0,50,1206.558369
,0.0,50,1208.255311
,-17.0,50,1209.904091
,-19.0,50,1211.564233
,-25.0,50,1213.17571
,-30.0,50,1214.860923
,-29.0,50,1216.557018
,-48.0,50,1218.209649
,-34.0,50,1219.859456
,-8.0,50,1221.515671
,-12.0,50,1223.188902
,-15.0,50,1224.893524
,-41.0,50,1226.554776
,0.0,50,1228.20073
,-13.0,50,1229.847593
,-11.0,50,1231.534093
,-11.0,50,1233.199208
,-46.0,50,1234.867174
,-29.0,50,1236.534148
,-50.0,50,1238.178097
,-8.0,50,1239.843748
,-24.0,50,1241.522156
,-23.0,50,1243.19418
,-26.0,50,1244.875203
,-17.0,50,1246.565449
,-22.0,50,1248.206965
,-8.0,50,1249.874323
,-48.0,50,1251.564089
,-13.0,50,1253.242529
,-32.0,50,1254.898932
,-21.0,50,1256.579581
,-22.0,50,1258.237276
,-17.0,50,1259.946608
,-21.0,50,1261.593956
,-19.0,50,1263.237082
,-15.0,50,1264.954843
,-17.0,50,1266.555642
,-24.0,50,1268.279059
,-24.0,50,1269.935995
,-19.0,50,1271.609913
,-15.0,50,1273.253633
,-18.0,50,1274.909582
,-17.0,50,1276.545714
,-40.0,50,1278.208487
,-11.0,50,1279.898525
,-7.0,50,1280.172148
,-18.0,50,1280.473694
,-49.0,50,1280.750572
,-12.0,50,1281.058588
,-13.0,50,1281.330513
,-6.0,50,1281.629904
,-50.0,50,1281.890582
,-19.0,50,1282.166136
,-10.0,50,1282.422592
,-19.0,50,1282.7594
,-11.0,50,1284.435994
,-40.0,50,1286.096391
,0.0,50,1287.786103
,-14.0,50,1289.478202
,-27.0,50,1291.144111
,-13.0,50,1292.802729
,-13.0,50,1294.470803
,-50.0,50,1296.138642
,-18.0,50,1297.79075
,-10.0,50,1299.495903
,-9.0,50,1301.154606
,-19.0,50,1302.812405
,-18.0,50,1304.480881
,-20.0,50,1306.186734
,-15.0,50,1307.866974
,-8.0,50,1309.519546
,-22.0,50,1311.212935
,-15.0,50,1312.883707
,-35.0,50,1314.55535
,-50.0,50,1316.230649
,-31.0,50,1317.934515
,-15.0,50,1319.599085
,-24.0,50,1321.280862
,-19.0,50,1322.930288
,-50.0,50,1324.613504
,-9.0,50,1326.263205
,-44.0,50,1327.961757
,-13.0,50,1329.650803
,-21.0,50,1331.332002
,-45.0,50,1333.014048
,-19.0,50,1334.713104
,-31.0,50,1336.383734
,-17.0,50,1338.073721
,-13.0,50,1339.75446
,-27.0,50,1341.475816
,-12.0,50,1343.144229
,-47.0,50,1344.830426
,-16.0,50,1346.51175
,-50.0,50,1348.210991
,-10.0,50,1349.880733
,0.0,50,1351.524341
,-19.0,50,1353.195954
,-17.0,50,1354.886277
,-19.0,50,1356.504761
,-11.0,50,1358.177367
,-38.0,50,1359.872943
,-49.0,50,1361.5492
,-24.0,50,1363.285921
,-26.0,50,1364.897621
,-7.0,50,1366.663137
,-17.0,50,1366.950843
,-17.0,50,1367.211722
,-9.0,50,1367.478351
,-9.0,50,1367.738387
,-10.0,50,1368.011797
,-5.0,50,1368.291713
,-15.0,50,1368.564143
,-24.0,50,1368.850562
,-12.0,50,1369.139137
,-12.0,50,1369.427097
,-18.0,50,1371.114426
,-7.0,50,1372.767091
,-9.0,50,1374.469679
,-22.0,50,1376.163918
,-8.0,50,1377.82775
,-33.0,50,1379.506969
,-10.0,50,1381.16401
,-25.0,50,1382.89145
,-19.0,50,1384.557203
,-10.0,50,1386.232297
,-30.0,50,1387.905398
,-24.0,50,1389.619997
,-10.0,50,1391.292557
,-50.0,50,1392.946176
,-45.0,50,1394.603435
,-29.0,50,1396.322486
,-19.0,50,1397.970971
,-8.0,50,1399.630077
,-49.0,50,1401.333077
,-50.0,50,1403.015341
,-29.0,50,1404.703702
,-33.0,50,1406.394045
,-26.0,50,1408.078413
,-31.0,50,1409.804652
,-9.0,50,1411.447116
,-41.0,50,1413.165524
,-16.0,50,1414.86488
,-13.0,50,1416.536897
,-18.0,50,1418.256106
,-46.0,50,1419.897135
,-20.0,50,1421.547857
,-13.0,50,1423.238015
,-13.0,50,1424.959961
,-26.0,50,1426.644179
,-13.0,50,1428.294615
,-17.0,50,1429.974833
,-12.0,50,1431.668362
,-18.0,50,1433.366147
,-6.0,50,1435.080765
,-12.0,50,1436.704355
,-12.0,50,1438.465108
,-10.0,50,1440.105803
,-20.0,50,1441.772403
,-21.0,50,1443.43411
,-12.0,50,1445.133948
,-14.0,50,1446.807873
,-14.0,50,1448.482489
,-24.0,50,1450.179049
,-8.0,50,1451.845377
,-9.0,50,1453.524498
,-8.0,50,1453.78826
,-9.0,50,1454.056497
,-9.0,50,1454.306907
,-12.0,50,1454.611172
,-9.0,50,1454.906748
,-11.0,50,1455.189588
,-5.0,50,1455.488247
,-8.0,50,1455.763512
,-10.0,50,1456.029293
,-16.0,50,1456.37833
,-10.0,50,1458.070527
,-15.0,50,1459.729325
,-34.0,50,1461.410941
,-17.0,50,1463.098615
,0.0,50,1464.811072
,-7.0,50,1466.513876
,-23.0,50,1468.190586
,-22.0,50,1469.838588
,-25.0,50,1471.508642
,-12.0,50,1473.177469
,-16.0,50,1474.879339
,-20.0,50,1476.583891
,-14.0,50,1478.261609
,-14.0,50,1479.943189
,-14.0,50,1481.682961
,-17.0,50,1483.361709
,-8.0,50,1485.027298
,-22.0,50,1486.682217
,-16.0,50,1488.379704
,-11.0,50,1490.108258
,0.0,50,1491.787703
,0.0,50,1493.463449
,-26.0,50,1495.11044
,-25.0,50,1496.765375
,-29.0,50,1498.47113
,-24.0,50,1500.166857
,-23.0,50,1501.873939
,-24.0,50,1503.533284
,-10.0,50,1505.211588
,-13.0,50,1506.904243
,-35.0,50,1508.6029
,-50.0,50,1510.311132
,-10.0,50,1511.954229
,-8.0,50,1513.694515
,-19.0,50,1515.369174
,-14.0,50,1517.095733
,-18.0,50,1518.785724
,-15.0,50,1520.465099
,-27.0,50,1522.167184
,-21.0,50,1523.814496
,-47.0,50,1525.531981
,-23.0,50,1527.203952
,-18.0,50,1528.881336
,-16.0,50,1530.599546
,-9.0,50,1532.286991
,-34.0,50,1533.981248
,-38.0,50,1535.661523
,-9.0,50,1537.308698
,-17.0,50,1539.005118
,-13.0,50,1540.735105
,-14.0,50,1541.012398
,-11.0,50,1541.319908
,0.0,50,1541.591249
,-13.0,50,1541.866253
,-10.0,50,1542.126362
,-10.0,50,1542.392602
,-8.0,50,1542.652431
,-9.0,50,1542.94924
,-6.0,50,1543.236821
,-12.0,50,1543.561795
,-30.0,50,1545.244082
,-47.0,50,1546.968193
,-50.0,50,1548.624583
,-11.0,50,1550.338299
,-25.0,50,1552.05306
,-14.0,50,1553.715859
,0.0,50,1555.359357
,-13.0,50,1557.118583
,-14.0,50,1558.782865
,-18.0,50,1560.510157
,0.0,50,1562.143718
,-43.0,50,1563.919631
,-18.0,50,1565.574594
,-17.0,50,1567.279974
,-14.0,50,1568.945006
,0.0,50,1570.641246
,-38.0,50,1572.372265
,-14.0,50,1574.031467
,-12.0,50,1575.70863
,-47.0,50,1577.446958
,-29.0,50,1579.123021
,-23.0,50,1580.84558
,-11.0,50,1582.531738
,0.0,50,1584.185647
,-17.0,50,1585.901389
,-13.0,50,1587.569088
,-20.0,50,1589.234681
,-39.0,50,1590.95021
,-17.0,50,1592.660937
,-12.0,50,1594.304826
,-18.0,50,1596.033056
,-8.0,50,1597.702326
,-17.0,50,1599.404288
,-17.0,50,1601.050901
,-22.0,50,1602.722491
,-37.0,50,1604.437505
,-31.0,50,1606.153834
,-21.0,50,1607.829263
,-18.0,50,1609.494043
,-38.0,50,1611.162567
,-13.0,50,1612.871911
,0.0,50,1614.597009
,-26.0,50,1616.266302
,-20.0,50,1617.936312
,-19.0,50,1619.612121
,-25.0,50,1621.333412
,-18.0,50,1622.9837
,0.0,50,1624.721236
,0.0,50,1626.351828
,-9.0,50,1628.116592
,-7.0,50,1628.389525
,-8.0,50,1628.677077
,-10.0,50,1628.946978
,-15.0,50,1629.235231
,-22.0,50,1629.510761
,-6.0,50,1629.801296
,-8.0,50,1630.067423
,-12.0,50,1630.320783
,-9.0,50,1630.589437
,-20.0,50,1631.005312
,-28.0,50,1632.66186
,-33.0,50,1634.367577
,-47.0,50,1636.123567
,-39.0,50,1637.788258
,-5.0,50,1639.524056
,-16.0,50,1641.195065
,-10.0,50,1642.940679
,-22.0,50,1644.642951
,-25.0,50,1646.318202
,-20.0,50,1648.034297
,-10.0,50,1649.69242
,-11.0,50,1651.410609
,-8.0,50,1653.047376
,-3.0,50,1654.769126
,-27.0,50,1656.425387
,-6.0,50,1658.181421
,-44.0,50,1659.857085
,-25.0,50,1661.572691
,-22.0,50,1663.23221
,-10.0,50,1664.94588
,-12.0,50,1666.617325
,-34.0,50,1668.341367
,-17.0,50,1670.064974
,-21.0,50,1671.754961
,-8.0,50,1673.469689
,-8.0,50,1675.109818
,-9.0,50,1676.846995
,0.0,50,1678.535081
,-15.0,50,1680.236763
,-48.0,50,1681.882068
,-17.0,50,1683.608569
,-16.0,50,1685.260312
,-19.0,50,1686.967086
,-14.0,50,1688.675317
,-17.0,50,1690.33322
,-12.0,50,1692.046396
,-8.0,50,1693.741867
,-15.0,50,1695.42685
,-41.0,50,1697.140035
,-42.0,50,1698.782907
,-24.0,50,1700.510207
,-31.0,50,1702.209009
,-13.0,50,1703.924256
,-6.0,50,1705.638381
,-19.0,50,1707.305551
,-12.0,50,1709.070866
,-21.0,50,1710.742522
,-9.0,50,1712.441314
,-25.0,50,1714.107472
,-10.0,50,1715.830879
,-9.0,50,1716.113232
,0.0,50,1716.400648
,-9.0,50,1716.6838
,0.0,50,1716.97708
,-7.0,50,1717.26315
,-22.0,50,1717.548761
,-9.0,50,1717.801136
,-14.0,50,1718.048445
,-13.0,50,1718.313703
,-8.0,50,1718.695723
,-31.0,50,1720.373033
,-8.0,50,1722.074063
,-38.0,50,1723.806066
,-11.0,50,1725.475886
,-19.0,50,1727.165365
,-18.0,50,1728.847936
,-22.0,50,1730.550785
,-24.0,50,1732.237622
,-21.0,50,1733.930186
,-16.0,50,1735.673276
,-11.0,50,1737.350185
,-28.0,50,1739.070071
,-9.0,50,1740.781875
,-7.0,50,1742.455091
,-20.0,50,1744.145075
,-18.0,50,1745.844395
,-11.0,50,1747.496429
,-29.0,50,1749.255865
,-17.0,50,1750.931008
,0.0,50,1752.647799
,-8.0,50,1754.338244
,-23.0,50,1756.026172
,-29.0,50,1757.726922
,-12.0,50,1759.394444
,-22.0,50,1761.103589
,-46.0,50,1762.831432
,-20.0,50,1764.580903
,-17.0,50,1766.232171
,-22.0,50,1767.959785
,-16.0,50,1769.651642
,-17.0,50,1771.366008
,-30.0,50,1773.0563
,-17.0,50,1774.75411
,-10.0,50,1776.410913
,-25.0,50,1778.152718
,-22.0,50,1779.86366
,0.0,50,1781.567386
,-18.0,50,1783.291615
,-14.0,50,1784.953079
,-11.0,50,1786.636998
,-14.0,50,1788.406083
,-12.0,50,1790.067974
,-17.0,50,1791.815895
,-20.0,50,1793.507351
,-15.0,50,1795.174383
,-9.0,50,1796.865057
,-41.0,50,1798.584877
,-9.0,50,1800.272886
,-23.0,50,1801.975553
,-7.0,50,1803.674636
,-11.0,50,1803.974751
,-9.0,50,1804.274384
,0.0,50,1804.56167
,-15.0,50,1804.826636
,-10.0,50,1805.080746
,-7.0,50,1805.370215
,-5.0,50,1805.626582
,-8.0,50,1805.922893
,-8.0,50,1806.173746
,-24.0,50,1806.50977
,-7.0,50,1808.176038
,-21.0,50,1809.909206
,-18.0,50,1811.544721
,-10.0,50,1813.2475
,-29.0,50,1814.958678
,-7.0,50,1816.658889
,-36.0,50,1818.402107
,-16.0,50,1820.079073
,-9.0,50,1821.740734
,0.0,50,1823.448766
,-16.0,50,1825.18245
,-22.0,50,1826.86781
,-8.0,50,1828.539943
,-17.0,50,1830.264937
,-26.0,50,1832.013654
,-4.0,50,1833.695452
,-8.0,50,1835.407809
,-13.0,50,1837.08941
,-48.0,50,1838.82721
,-17.0,50,1840.497819
,-13.0,50,1842.176414
,-37.0,50,1843.909969
,-13.0,50,1845.642378
,-11.0,50,1847.315366
,0.0,50,1848.973473
,-11.0,50,1850.709302
,-28.0,50,1852.455865
,-22.0,50,1854.140726
,-28.0,50,1855.833863
,0.0,50,1857.501271
,-17.0,50,1859.245462
,-13.0,50,1860.959254
,-16.0,50,1862.637773
,-11.0,50,1864.377217
,-50.0,50,1866.084254
,-11.0,50,1867.75521
,-23.0,50,1869.482839
,-13.0,50,1871.190297
,-18.0,50,1872.907099
,-27.0,50,1874.636604
,-30.0,50,1876.327238
,-10.0,50,1878.012672
,-19.0,50,1879.718076
,-10.0,50,1881.457484
,-13.0,50,1883.131206
,-14.0,50,1884.872514
,-9.0,50,1886.556208
,-11.0,50,1888.26623
,-26.0,50,1889.930113
,-10.0,50,1891.704144
,-10.0,50,1892.00504
,-43.0,50,1892.275469
,-7.0,50,1892.54724
,-6.0,50,1892.824187
,-7.0,50,1893.107207
,0.0,50,1893.38212
,-9.0,50,1893.65075
,0.0,50,1893.926175
,-4.0,50,1894.179398
,-16.0,50,1894.481548
,-20.0,50,1896.196173
,-14.0,50,1897.882913
,-1.0,50,1899.549709
,-19.0,50,1901.253263
,-14.0,50,1903.004269
,-17.0,50,1904.659233
,-18.0,50,1906.421254
,-7.0,50,1908.103992
,-9.0,50,1909.819665
,-19.0,50,1911.499708
,-12.0,50,1913.1866
,-6.0,50,1914.89063
,-18.0,50,1916.614476
,-16.0,50,1918.291181
,-38.0,50,1920.011139
,-22.0,50,1921.757152
,-37.0,50,1923.45062
,-13.0,50,1925.15313
,-3.0,50,1926.89782
,-32.0,50,1928.617697
,-24.0,50,1930.315199
,-14.0,50,1931.972334
,-14.0,50,1933.694034
,-17.0,50,1935.434892
,-50.0,50,1937.136226
,-24.0,50,1938.852867
,-23.0,50,1940.503868
,-15.0,50,1942.185433
,-17.0,50,1943.886947
,-11.0,50,1945.598618
,-16.0,50,1947.332857
,-21.0,50,1949.002188
,-16.0,50,1950.733212
,-31.0,50,1952.428969
,-21.0,50,1954.098118
,-28.0,50,1955.847667
,-20.0,50,1957.51541
,-9.0,50,1959.215207
,-9.0,50,1960.932683
,-7.0,50,1962.614501
,-24.0,50,1964.30405
,-27.0,50,1966.042779
,-6.0,50,1967.712829
,-36.0,50,1969.459684
,-22.0,50,1971.162946
,0.0,50,1972.837866
,-12.0,50,1974.589606
,-25.0,50,1976.327118
,-41.0,50,1978.00815
,-8.0,50,1979.751857
,-12.0,50,1980.025583
,-11.0,50,1980.321705
,-8.0,50,1980.583841
,0.0,50,1980.849784
,-8.0,50,1981.138297
,-12.0,50,1981.415406
,-6.0,50,1981.667644
,-13.0,50,1981.939244
,-2.0,50,1982.202441
,-12.0,50,1982.577896
,-5.0,50,1984.296491
,-10.0,50,1985.993221
,-27.0,50,1987.693415
,-12.0,50,1989.410572
,-6.0,50,1991.081206
,-11.0,50,1992.819667
,-25.0,50,1994.499458
,-12.0,50,1996.232894
,-21.0,50,1997.937613
,-11.0,50,1999.671081
,-21.0,50,2001.384255
,-27.0,50,2003.099149
,-11.0,50,2004.808718
,-11.0,50,2006.553221
,0.0,50,2008.224846
,-34.0,50,2009.962968
,-13.0,50,2011.640518
,-23.0,50,2013.357554
,-13.0,50,2015.09134
,-23.0,50,2016.788465
,-14.0,50,2018.469748
,-30.0,50,2020.200202
,-14.0,50,2021.923016
,-12.0,50,2023.639345
,-39.0,50,2025.311651
,-18.0,50,2027.08455
,-15.0,50,2028.755061
,-22.0,50,2030.497644
,-13.0,50,2032.138391
,-15.0,50,2033.920676
,-13.0,50,2035.60708
,-48.0,50,2037.289698
,-19.0,50,2038.9882
,-5.0,50,2040.758917
,-5.0,50,2042.463622
,-21.0,50,2044.145437
,-9.0,50,2045.836255
,-16.0,50,2047.56751
,-20.0,50,2049.256974
,-28.0,50,2050.969535
,-14.0,50,2052.711988
,-15.0,50,2054.408003
,-25.0,50,2056.139478
,-21.0,50,2057.829213
,-22.0,50,2059.549075
,-41.0,50,2061.25434
,-22.0,50,2062.98848
,-9.0,50,2064.66947
,-7.0,50,2066.35061
,-8.0,50,2068.098618
,-15.0,50,2068.358022
,-9.0,50,2068.640445
,-16.0,50,2068.921736
,-8.0,50,2069.187214
,-3.0,50,2069.480633
,-6.0,50,2069.760666
,-11.0,50,2070.044014
,-49.0,50,2070.339027
,0.0,50,2070.609373
,-20.0,50,2070.933854
,-16.0,50,2072.600498
,-26.0,50,2074.30268
,-17.0,50,2076.060748
,-13.0,50,2077.762348
,-24.0,50,2079.493055
,-17.0,50,2081.241707
,-17.0,50,2082.9493
,-8.0,50,2084.692342
,-15.0,50,2086.343745
,-22.0,50,2088.067518
,-27.0,50,2089.79513
,-13.0,50,2091.47563
,-11.0,50,2093.224097
,-37.0,50,2094.923465
,-17.0,50,2096.597746
,-34.0,50,2098.309124
,0.0,50,2100.037801
,0.0,50,2101.796137
,-16.0,50,2103.484739
,-15.0,50,2105.23043
,-30.0,50,2106.911466
,0.0,50,2108.666124
,-20.0,50,2110.410025
,-11.0,50,2112.080826
,-19.0,50,2113.798184
,-8.0,50,2115.491472
,-48.0,50,2117.237622
,-50.0,50,2118.975431
,-15.0,50,2120.655673
,-10.0,50,2122.365658
,-3.0,50,2124.02644
,-13.0,50,2125.771286
,-11.0,50,2127.520989
,-16.0,50,2129.207446
,-8.0,50,2130.931946
,-8.0,50,2132.663811
,-50.0,50,2134.322005
,-26.0,50,2136.080195
,-37.0,50,2137.7815
,-32.0,50,2139.481225
,-37.0,50,2141.269981
,-13.0,50,2142.972938
,-17.0,50,2144.669449
,-10.0,50,2146.45678
,-26.0,50,2148.109526
,-47.0,50,2149.817637
,0.0,50,2151.565155
,-9.0,50,2153.289957
,-20.0,50,2154.984573
,-9.0,50,2156.732114
,-8.0,50,2157.014658
,-13.0,50,2157.302382
,0.0,50,2157.577648
,0.0,50,2157.857159
,-23.0,50,2158.151431
,-6.0,50,2158.418131
,-10.0,50,2158.688518
,-32.0,50,2158.951091
,-6.0,50,2159.217592
,-16.0,50,2159.619319
,-17.0,50,2161.314994
,-48.0,50,2163.038409
,0.0,50,2164.781204
,-11.0,50,2166.469938
,-25.0,50,2168.181662
,-30.0,50,2169.873534
,-18.0,50,2171.612407
,-8.0,50,2173.319625
,0.0,50,2175.009918
,-16.0,50,2176.780035
,-14.0,50,2178.455244
,-13.0,50,2180.153531
,-29.0,50,2181.901501
,-13.0,50,2183.632318
,-26.0,50,2185.325604
,-15.0,50,2187.098944
,-18.0,50,2188.794069
,-5.0,50,2190.571953
,-25.0,50,2192.267334
,-16.0,50,2193.985082
,-8.0,50,2195.694402
,0.0,50,2197.353533
,0.0,50,2199.096037
,-18.0,50,2200.831224
,-36.0,50,2202.538898
,-8.0,50,2204.233577
,-26.0,50,2205.954231
,-20.0,50,2207.691247
,-19.0,50,2209.344774
,-49.0,50,2211.126344
,-15.0,50,2212.790452
,-10.0,50,2214.523055
,-9.0,50,2216.258699
,-6.0,50,2217.959625
,-26.0,50,2219.66134
,-13.0,50,2221.461488
,-18.0,50,2223.118679
,-23.0,50,2224.836809
,-17.0,50,2226.526801
,-18.0,50,2228.288263
,-19.0,50,2229.949937
,-18.0,50,2231.655535
,-32.0,50,2233.382239
,-8.0,50,2235.114891
,0.0,50,2236.815682
,-5.0,50,2238.626605
,-39.0,50,2240.316128
,-21.0,50,2242.081593
,-11.0,50,2243.789536
,-11.0,50,2245.521753
,-7.0,50,2245.827718
,-12.0,50,2246.092023
,-9.0,50,2246.364138
,-12.0,50,2246.630912
,-16.0,50,2246.924423
,-7.0,50,2247.187602
,-9.0,50,2247.484164
,-13.0,50,2247.772795
,-9.0,50,2248.040621
,-50.0,50,2248.330992
,-10.0,50,2250.029178
,-11.0,50,2251.751385
,-20.0,50,2253.475685
,-7.0,50,2255.179821
,-8.0,50,2256.892024
,-18.0,50,2258.616604
,-6.0,50,2260.320845
,-11.0,50,2262.061677
,-20.0,50,2263.733168
,-13.0,50,2265.448124
,-10.0,50,2267.180878
,-14.0,50,2268.890968
,-39.0,50,2270.6202
,-36.0,50,2272.376171
,-11.0,50,2274.057508
,0.0,50,2275.797171
,-33.0,50,2277.550214
,-14.0,50,2279.23951
,-19.0,50,2280.952984
,-11.0,50,2282.659755
,-14.0,50,2284.375716
,-10.0,50,2286.094494
,-25.0,50,2287.830898
,-24.0,50,2289.501289
,-36.0,50,2291.219917
,-22.0,50,2292.941638
,-37.0,50,2294.659216
,0.0,50,2296.340462
,-11.0,50,2298.085597
,-22.0,50,2299.810197
,-14.0,50,2301.563633
,-24.0,50,2303.257138
,-15.0,50,2305.05906
,-31.0,50,2306.741539
,-8.0,50,2308.464802
,-22.0,50,2310.1862
,-15.0,50,2311.887092
,-31.0,50,2313.648636
,-46.0,50,2315.350779
,-9.0,50,2317.118846
,-39.0,50,2318.850377
,-17.0,50,2320.56737
,-21.0,50,2322.252585
,-10.0,50,2323.996614
,-13.0,50,2325.697287
,-11.0,50,2327.395768
,-25.0,50,2329.124189
,-9.0,50,2330.8124
,-15.0,50,2332.544928
,0.0,50,2334.314986
,-8.0,50,2334.582947
,-14.0,50,2334.881426
,-7.0,50,2335.158118
,-14.0,50,2335.419481
,-14.0,50,2335.693018
,-7.0,50,2335.962728
,-11.0,50,2336.255401
,-12.0,50,2336.540854
,-15.0,50,2336.858113
,-13.0,50,2337.115035
,-21.0,50,2338.88396
,-16.0,50,2340.58802
,-34.0,50,2342.337797
,-24.0,50,2344.03364
,-24.0,50,2345.704213
,0.0,50,2347.451196
,-7.0,50,2349.192028
,-23.0,50,2350.881514
,-32.0,50,2352.638035
,-10.0,50,2354.394926
,-10.0,50,2356.110407
,-32.0,50,2357.815238
,-15.0,50,2359.543741
,-33.0,50,2361.248876
,-37.0,50,2362.943569
,-19.0,50,2364.744127
,-24.0,50,2366.473777
,-15.0,50,2368.176229
,-22.0,50,2369.946568
,-35.0,50,2371.641721
,-11.0,50,2373.383572
,-32.0,50,2375.042168
,-43.0,50,2376.780406
,-26.0,50,2378.535581
,-20.0,50,2380.263008
,-11.0,50,2381.969636
,-9.0,50,2383.676712
,-14.0,50,2385.415394
,-25.0,50,2387.15882
,-22.0,50,2388.84691
,-13.0,50,2390.538391
,-17.0,50,2392.311262
,-25.0,50,2394.07066
,-14.0,50,2395.781288
,-16.0,50,2397.511763
,-23.0,50,2399.281555
,-20.0,50,2400.96595
,-16.0,50,2402.678886
,-16.0,50,2404.460579
,-11.0,50,2406.199457
,-10.0,50,2408.00286
,-7.0,50,2409.735144
,-11.0,50,2411.473304
,-15.0,50,2413.218096
,-11.0,50,2414.902145
,-47.0,50,2416.687515
,-6.0,50,2418.384401
,-12.0,50,2420.079122
,-26.0,50,2421.804564
,0.0,50,2423.568722
,-24.0,50,2423.844696
,-11.0,50,2424.12966
,-7.0,50,2424.391778
,-12.0,50,2424.697226
,0.0,50,2424.990348
,-11.0,50,2425.26532
,-9.0,50,2425.569217
,-7.0,50,2425.837078
,-8.0,50,2426.08213
,-13.0,50,2426.347291
,-18.0,50,2428.064897
,-38.0,50,2429.804626
,-12.0,50,2431.560452
,-11.0,50,2433.272893
,-15.0,50,2434.956187
,-10.0,50,2436.701154
,-20.0,50,2438.463867
,-9.0,50,2440.187957
,-20.0,50,2441.942925
,0.0,50,2443.628092
,-19.0,50,2445.370622
,-25.0,50,2447.124872
,-17.0,50,2448.809288
,-12.0,50,2450.531779
,-14.0,50,2452.274054
,-23.0,50,2453.994438
,0.0,50,2455.725443
,-13.0,50,2457.522288
,-27.0,50,2459.223543
,-13.0,50,2461.007425
,-15.0,50,2462.693702
,-27.0,50,2464.407553
,-29.0,50,2466.12248
,0.0,50,2467.879303
,-20.0,50,2469.578067
,-42.0,50,2471.347939
,-12.0,50,2473.012166
,-20.0,50,2474.801164
,-16.0,50,2476.577509
,-22.0,50,2478.29556
,-28.0,50,2480.078786
,-31.0,50,2481.802734
,-50.0,50,2483.515232
,-27.0,50,2485.220892
,0.0,50,2486.993332
,-24.0,50,2488.651688
,-28.0,50,2490.408897
,-13.0,50,2492.13981
,-29.0,50,2493.867322
,-8.0,50,2495.644148
,-14.0,50,2497.317589
,-11.0,50,2499.063286
,-13.0,50,2500.82928
,-35.0,50,2502.60942
,-16.0,50,2504.360172
,-7.0,50,2506.034641
,-14.0,50,2507.827695
,-9.0,50,2509.558513
,-37.0,50,2511.253811
,-6.0,50,2512.991992
,-5.0,50,2513.279865
,-16.0,50,2513.572
,-9.0,50,2513.832184
,-11.0,50,2514.105681
,-5.0,50,2514.378686
,-15.0,50,2514.694819
,-13.0,50,2514.955066
,-9.0,50,2515.208062
,-12.0,50,2515.461413
,-33.0,50,2515.80422
,-17.0,50,2517.48206
,-3.0,50,2519.22226
,-10.0,50,2520.969556
,-16.0,50,2522.697533
,-18.0,50,2524.457118
,-22.0,50,2526.166183
,-10.0,50,2527.968869
,0.0,50,2529.647204
,-18.0,50,2531.375162
,-30.0,50,2533.118365
,-12.0,50,2534.864403
,-13.0,50,2536.580321
,-23.0,50,2538.274876
,0.0,50,2540.011126
,0.0,50,2541.706647
,-18.0,50,2543.48593
,-16.0,50,2545.234605
,-9.0,50,2546.926132
,-12.0,50,2548.717673
,-14.0,50,2550.433191
,-23.0,50,2552.17868
,-30.0,50,2553.913998
,-31.0,50,2555.611128
,-11.0,50,2557.36658
,-6.0,50,2559.044168
,-12.0,50,2560.839757
,0.0,50,2562.542504
,-12.0,50,2564.281243
,-16.0,50,2566.003384
,-13.0,50,2567.741278
,0.0,50,2569.489214
,-15.0,50,2571.286612
,-17.0,50,2572.984002
,-28.0,50,2574.717279
,-33.0,50,2576.46234
,-17.0,50,2578.157835
,-16.0,50,2579.880925
,-15.0,50,2581.650592
,-38.0,50,2583.37383
,-11.0,50,2585.131988
,-11.0,50,2586.845748
,-9.0,50,2588.647421
,-7.0,50,2590.338598
,-17.0,50,2592.042656
,-13.0,50,2593.768563
,-16.0,50,2595.549124
,-16.0,50,2597.293959
,-20.0,50,2599.010984
,-24.0,50,2600.808975
,-6.0,50,2602.520401
,-10.0,50,2602.79364
,-8.0,50,2603.062632
,-11.0,50,2603.323093
,-14.0,50,2603.582205
,0.0,50,2603.851614
,-7.0,50,2604.110333
,-8.0,50,2604.380745
,-12.0,50,2604.659483
,-4.0,50,2604.949091
,-21.0,50,2605.342337
,0.0,50,2607.075759
,-38.0,50,2608.778025
,-14.0,50,2610.535731
,-28.0,50,2612.256084
,-23.0,50,2614.015047
,-9.0,50,2615.781673
,-39.0,50,2617.55042
,-38.0,50,2619.305704
,-16.0,50,2621.043953
,0.0,50,2622.704407
,-18.0,50,2624.503078
,-12.0,50,2626.187304
,0.0,50,2627.985524
,-21.0,50,2629.699969
,-13.0,50,2631.437025
,-8.0,50,2633.220437
,-18.0,50,2634.905416
,-12.0,50,2636.678352
,-25.0,50,2638.397651
,-21.0,50,2640.154911
,0.0,50,2641.8905
,-20.0,50,2643.60087
,-13.0,50,2645.338777
,-14.0,50,2647.065841
,-12.0,50,2648.772076
,-12.0,50,2650.51872
,-12.0,50,2652.203437
,-22.0,50,2653.974549
,-11.0,50,2655.76153
,-9.0,50,2657.445139
,-22.0,50,2659.272702
,-29.0,50,2660.974486
,-19.0,50,2662.774364
,-13.0,50,2664.489999
,-26.0,50,2666.23411
,-30.0,50,2667.941967
,-12.0,50,2669.690705
,-26.0,50,2671.439783
,-15.0,50,2673.152367
,-21.0,50,2674.859778
,-16.0,50,2676.631273
,-11.0,50,2678.386391
,-16.0,50,2680.120653
,-17.0,50,2681.821042
,-14.0,50,2683.593924
,-9.0,50,2685.334523
,-18.0,50,2687.082474
,-10.0,50,2688.857098
,-9.0,50,2690.571825
,-9.0,50,2692.335134
,-6.0,50,2692.621114
,-3.0,50,2692.912723
,-11.0,50,2693.200777
,-8.0,50,2693.473446
,-9.0,50,2693.73724
,-7.0,50,2694.01678
,-9.0,50,2694.306905
,-8.0,50,2694.590652
,-8.0,50,2694.86748
,-17.0,50,2695.138232
,-21.0,50,2696.882451
,-14.0,50,2698.594181
,-14.0,50,2700.325289
,-21.0,50,2702.089566
,-13.0,50,2703.814948
,-21.0,50,2705.543748
,-14.0,50,2707.256351
,-26.0,50,2709.026593
,-16.0,50,2710.768794
,-14.0,50,2712.455684
,-28.0,50,2714.232963
,-19.0,50,2715.940557
,-4.0,50,2717.692255
,-20.0,50,2719.430776
,0.0,50,2721.127695
,-17.0,50,2722.900192
,-9.0,50,2724.673231
,-9.0,50,2726.450389
,-14.0,50,2728.206449
,-43.0,50,2729.947758
,-11.0,50,2731.700564
,-25.0,50,2733.377968
,-15.0,50,2735.118326
,0.0,50,2736.887238
,0.0,50,2738.599943
,-16.0,50,2740.417755
,0.0,50,2742.181091
,-7.0,50,2743.92831
,-12.0,50,2745.672633
,-24.0,50,2747.356052
,-22.0,50,2749.122406
,-25.0,50,2750.873216
,-29.0,50,2752.595834
,-13.0,50,2754.364434
,-16.0,50,2756.089021
,-10.0,50,2757.822049
,-9.0,50,2759.587289
,-18.0,50,2761.311165
,-15.0,50,2763.075812
,-34.0,50,2764.804688
,-14.0,50,2766.582303
,-21.0,50,2768.301939
,-12.0,50,2770.033515
,-17.0,50,2771.760701
,-16.0,50,2773.50072
,0.0,50,2775.233276
,-3.0,50,2777.00471
,-18.0,50,2778.801495
,-27.0,50,2780.491895
,0.0,50,2782.263033
,-11.0,50,2782.547786
,-9.0,50,2782.824182
,-10.0,50,2783.109606
,-10.0,50,2783.408429
,-6.0,50,2783.678313
,0.0,50,2783.96645
,-9.0,50,2784.249291
,-27.0,50,2784.518579
,-6.0,50,2784.760281
,-28.0,50,2785.172493
,-14.0,50,2786.92856
,-37.0,50,2788.626879
,-21.0,50,2790.394217
,-11.0,50,2792.108407
,-22.0,50,2793.866072
,-10.0,50,2795.624918
,-24.0,50,2797.348343
,-18.0,50,2799.127486
,-17.0,50,2800.84794
,-50.0,50,2802.588403
,-34.0,50,2804.328959
,-19.0,50,2806.102488
,-16.0,50,2807.824954
,-12.0,50,2809.583786
,-37.0,50,2811.279699
,0.0,50,2813.06255
,-37.0,50,2814.85226
,-20.0,50,2816.609276
,-17.0,50,2818.334131
,-18.0,50,2820.009402
,-17.0,50,2821.833828
,-28.0,50,2823.557386
,-24.0,50,2825.317648
,-20.0,50,2827.017186
,-6.0,50,2828.773141
,-9.0,50,2830.498423
,-28.0,50,2832.267164
,-10.0,50,2834.015516
,-8.0,50,2835.774938
,-27.0,50,2837.503752
,-29.0,50,2839.254224
,-27.0,50,2840.966608
,-35.0,50,2842.717847
,-18.0,50,2844.502917
,-16.0,50,2846.210015
,-12.0,50,2847.980967
,-20.0,50,2849.791461
,-26.0,50,2851.486732
,0.0,50,2853.240487
,-13.0,50,2854.984429
,-18.0,50,2856.717947
,-23.0,50,2858.446373
,-3.0,50,2860.191171
,-11.0,50,2861.922806
,-31.0,50,2863.641266
,-13.0,50,2865.390583
,-18.0,50,2867.183499
,-47.0,50,2868.911346
,-15.0,50,2870.664139
,-9.0,50,2872.507258
,-11.0,50,2872.782814
,-6.0,50,2873.075119
,-8.0,50,2873.357165
,-10.0,50,2873.627022
,-14.0,50,2873.902802
,-13.0,50,2874.180647
,-9.0,50,2874.461895
,-9.0,50,2874.759231
,-2.0,50,2875.007695
,-45.0,50,2875.27558
,-15.0,50,2876.996874
,-9.0,50,2878.74926
,-5.0,50,2880.50088
,-23.0,50,2882.253666
,-13.0,50,2883.954791
,-25.0,50,2885.796955
,-14.0,50,2887.520126
,-16.0,50,2889.224475
,0.0,50,2890.985507
,-15.0,50,2892.746382
,-17.0,50,2894.491542
,-34.0,50,2896.246488
,-18.0,50,2897.985577
,-10.0,50,2899.745184
,-24.0,50,2901.522038
,-8.0,50,2903.240101
,-14.0,50,2904.991912
,-5.0,50,2906.713421
,-14.0,50,2908.486691
,-12.0,50,2910.234154
,-16.0,50,2911.997438
,-32.0,50,2913.747342
,-14.0,50,2915.492821
,-14.0,50,2917.293687
,-15.0,50,2919.039019
,-18.0,50,2920.78894
,-40.0,50,2922.526041
,0.0,50,2924.257579
,-14.0,50,2926.026443
,-9.0,50,2927.777424
,-19.0,50,2929.540616
,-9.0,50,2931.300984
,-25.0,50,2933.056102
,-18.0,50,2934.7354
,-21.0,50,2936.519908
,-14.0,50,2938.268979
,-16.0,50,2940.008259
,-16.0,50,2941.828912
,-17.0,50,2943.541217
,-21.0,50,2945.299916
,-6.0,50,2947.013577
,-9.0,50,2948.781
,-16.0,50,2950.498284
,-9.0,50,2952.317531
,-22.0,50,2954.007467
,0.0,50,2955.806107
,-39.0,50,2957.613095
,-14.0,50,2959.352341
,-26.0,50,2961.08826
,-9.0,50,2962.890688
,-9.0,50,2963.156112
,-16.0,50,2963.421309
,-9.0,50,2963.713931
,0.0,50,2964.002542
,0.0,50,2964.284209
,-8.0,50,2964.561367
,-12.0,50,2964.83045
,-21.0,50,2965.126489
,-4.0,50,2965.40447
,-13.0,50,2965.670602
,-26.0,50,2967.415307
,-18.0,50,2969.184625
,-15.0,50,2970.900127
,-14.0,50,2972.693584
,-18.0,50,2974.398979
,0.0,50,2976.171931
,-21.0,50,2977.951282
,0.0,50,2979.682717
,-10.0,50,2981.377192
,-14.0,50,2983.12752
,-23.0,50,2984.900802
,-13.0,50,2986.671589
,-24.0,50,2988.357199
,-19.0,50,2990.193868
,-15.0,50,2991.961274
,-38.0,50,2993.681732
,-13.0,50,2995.418709
,-13.0,50,2997.185982
,-14.0,50,2998.899772
,-33.0,50,3000.694392
,-16.0,50,3002.402831
,-18.0,50,3004.151419
,-25.0,50,3005.88204
,-7.0,50,3007.617209
,0.0,50,3009.359218
,-6.0,50,3011.152142
,-39.0,50,3012.959878
,-5.0,50,3014.684048
,-22.0,50,3016.402629
,-25.0,50,3018.194545
,-25.0,50,3019.988219
,-18.0,50,3021.728897
,-10.0,50,3023.459325
,-8.0,50,3025.176549
,-10.0,50,3026.946356
,-9.0,50,3028.712166
,-10.0,50,3030.470291
,-17.0,50,3032.224913
,-12.0,50,3033.966287
,-12.0,50,3035.7428
,-37.0,50,3037.430106
,-21.0,50,3039.209049
,0.0,50,3040.985395
,-16.0,50,3042.741063
,-18.0,50,3044.485512
,-18.0,50,3046.234709
,-8.0,50,3048.009089
,-15.0,50,3049.766346
,-20.0,50,3051.528434
,-7.0,50,3053.298911
,-11.0,50,3053.576982
,-9.0,50,3053.864292
,-7.0,50,3054.1302
,-7.0,50,3054.401374
,-6.0,50,3054.670723
,-4.0,50,3054.936349
,-10.0,50,3055.205151
,-19.0,50,3055.516649
,-10.0,50,3055.800104
,-19.0,50,3056.139336
,-14.0,50,3057.892676
,0.0,50,3059.709032
,-18.0,50,3061.423854
,-17.0,50,3063.189961
,-9.0,50,3064.903368
,-13.0,50,3066.667697
,-12.0,50,3068.381658
,-13.0,50,3070.144976
,-12.0,50,3071.993242
,-17.0,50,3073.68449
,-14.0,50,3075.538234
,-42.0,50,3077.25954
,0.0,50,3079.013464
,-15.0,50,3080.751165
,-17.0,50,3082.509102
,-21.0,50,3084.271797
,-25.0,50,3086.007665
,-15.0,50,3087.756731
,-14.0,50,3089.546542
,-29.0,50,3091.271572
,-5.0,50,3093.083557
,-48.0,50,3094.791129
,-15.0,50,3096.541331
,-10.0,50,3098.315705
,-34.0,50,3100.04956
,-21.0,50,3101.821713
,-14.0,50,3103.562674
,-13.0,50,3105.32118
,-18.0,50,3107.13733
,-22.0,50,3108.868112
,0.0,50,3110.659446
,-21.0,50,3112.418489
,-26.0,50,3114.121495
,-6.0,50,3115.877573
,-17.0,50,3117.632012
,-9.0,50,3119.44722
,-12.0,50,3121.208842
,-21.0,50,3123.031952
,-35.0,50,3124.782702
,-17.0,50,3126.458269
,-12.0,50,3128.256408
,-10.0,50,3130.018276
,-16.0,50,3131.793918
,-20.0,50,3133.488317
,-23.0,50,3135.28598
,-16.0,50,3137.016185
,-26.0,50,3138.764739
,-29.0,50,3140.518836
,-10.0,50,3142.270902
,-13.0,50,3144.079853
,-4.0,50,3144.382189
,-12.0,50,3144.649184
,0.0,50,3144.919937
,-6.0,50,3145.195651
,-6.0,50,3145.456291
,-16.0,50,3145.740126
,-11.0,50,3145.989302
,-9.0,50,3146.271523
,-4.0,50,3146.541462
,-13.0,50,3146.826334
,-21.0,50,3148.605305
,-16.0,50,3150.377064
,-19.0,50,3152.148886
,-14.0,50,3153.857098
,-12.0,50,3155.655448
,-20.0,50,3157.397249
,-17.0,50,3159.22153
,-22.0,50,3160.984856
,-17.0,50,3162.757007
,-27.0,50,3164.502738
,-24.0,50,3166.238821
,-17.0,50,3168.0568
,-12.0,50,3169.769097
,-11.0,50,3171.521293
,-1.0,50,3173.263692
,-10.0,50,3175.043808
,-11.0,50,3176.785805
,-5.0,50,3178.544746
,-24.0,50,3180.294087
,0.0,50,3182.08447
,-41.0,50,3183.830585
,-13.0,50,3185.570206
,-25.0,50,3187.338558
,-9.0,50,3189.087142
,-15.0,50,3190.888366
,-17.0,50,3192.661618
,-15.0,50,3194.407219
,-13.0,50,3196.201279
,-25.0,50,3197.95878
,-13.0,50,3199.687231
,-5.0,50,3201.500138
,-24.0,50,3203.257644
,-8.0,50,3205.035212
,-12.0,50,3206.793676
,-16.0,50,3208.581998
,-13.0,50,3210.373769
,-37.0,50,3212.116199
,-4.0,50,3213.903601
,-13.0,50,3215.667101
,-14.0,50,3217.425421
,-19.0,50,3219.190597
,-14.0,50,3220.995224
,-22.0,50,3222.721758
,-28.0,50,3224.528336
,-11.0,50,3226.254277
,-11.0,50,3228.011944
,-24.0,50,3229.818304
,-13.0,50,3231.554744
,-34.0,50,3233.304622
,-9.0,50,3235.092148
,-2.0,50,3235.359777
,-14.0,50,3235.620019
,-14.0,50,3235.898709
,-8.0,50,3236.152387
,-10.0,50,3236.41578
,-10.0,50,3236.692164
,-7.0,50,3236.970785
,-23.0,50,3237.267292
,-11.0,50,3237.539492
,0.0,50,3237.941878
,-18.0,50,3239.706028
,-45.0,50,3241.432857
,-24.0,50,3243.257735
,-11.0,50,3245.005385
,-6.0,50,3246.797487
,-13.0,50,3248.577821
,-12.0,50,3250.393159
,-24.0,50,3252.149422
,-27.0,50,3253.886394
,-39.0,50,3255.653809
,-19.0,50,3257.421372
,-8.0,50,3259.184854
,-6.0,50,3260.969703
,-21.0,50,3262.8055
,-31.0,50,3264.504011
,-17.0,50,3266.316173
,-33.0,50,3268.039615
,-37.0,50,3269.829064
,-29.0,50,3271.597127
,-22.0,50,3273.362757
,-22.0,50,3275.153288
,-15.0,50,3276.929262
,-10.0,50,3278.652559
,-15.0,50,3280.460743
,-25.0,50,3282.233157
,-24.0,50,3283.96214
,-12.0,50,3285.713156
,-23.0,50,3287.469637
,-14.0,50,3289.265005
,-14.0,50,3291.012444
,-11.0,50,3292.792951
,0.0,50,3294.547928
,-19.0,50,3296.342899
,-26.0,50,3298.125898
,-19.0,50,3299.865894
,-19.0,50,3301.645291
,-15.0,50,3303.439109
,-10.0,50,3305.181361
,-17.0,50,3306.951553
,-35.0,50,3308.713895
,-14.0,50,3310.411479
,0.0,50,3312.176307
,0.0,50,3313.952836
,-16.0,50,3315.724814
,-9.0,50,3317.464389
,-3.0,50,3319.246099
,-14.0,50,3321.05912
,-13.0,50,3322.780898
,-32.0,50,3324.538342
,-11.0,50,3326.307038
,-9.0,50,3326.610934
,-10.0,50,3326.873709
,-7.0,50,3327.152065
,-16.0,50,3327.435779
,-10.0,50,3327.70959
,-20.0,50,3328.007322
,-7.0,50,3328.283218
,-4.0,50,3328.544697
,-7.0,50,3328.839643
,-21.0,50,3329.144132
,-10.0,50,3330.90411
,-17.0,50,3332.679242
,-18.0,50,3334.453917
,-16.0,50,3336.210802
,-24.0,50,3337.989182
,-12.0,50,3339.764754
,0.0,50,3341.538762
,-11.0,50,3343.30736
,-8.0,50,3345.008872
,-10.0,50,3346.804501
,-24.0,50,3348.62752
,-10.0,50,3350.392859
,-21.0,50,3352.129961
,-35.0,50,3353.904744
,-47.0,50,3355.660862
,-20.0,50,3357.493587
,-11.0,50,3359.226926
,-10.0,50,3360.992564
,-31.0,50,3362.785133
,-47.0,50,3364.549837
,-14.0,50,3366.30898
,-35.0,50,3368.089378
,-24.0,50,3369.833485
,-4.0,50,3371.567401
,-24.0,50,3373.339216
,-12.0,50,3375.07344
,0.0,50,3376.893138
,-19.0,50,3378.643754
,-24.0,50,3380.449892
,0.0,50,3382.157295
,-45.0,50,3384.007153
,-13.0,50,3385.72658
,-19.0,50,3387.553788
,-32.0,50,3389.31581
,-10.0,50,3391.047814
,-22.0,50,3392.808501
,-19.0,50,3394.580971
,-15.0,50,3396.37505
,-10.0,50,3398.101574
,-25.0,50,3399.873929
,-16.0,50,3401.692502
,-23.0,50,3403.453383
,-7.0,50,3405.251186
,-15.0,50,3407.004747
,-18.0,50,3408.738644
,-23.0,50,3410.51678
,-6.0,50,3412.273304
,-25.0,50,3414.080672
,-12.0,50,3415.874421
,0.0,50,3417.6357
,-10.0,50,3417.92856
,-13.0,50,3418.189161
,-10.0,50,3418.45031
,-13.0,50,3418.765707
,-9.0,50,3419.035294
,-9.0,50,3419.326975
,-9.0,50,3419.599203
,-9.0,50,3419.868353
,-4.0,50,3420.154448
,-16.0,50,3420.487153
,-38.0,50,3422.25117
,-15.0,50,3423.984121
,-30.0,50,3425.795659
,-15.0,50,3427.518231
,-17.0,50,3429.365547
,-13.0,50,3431.13152
,-28.0,50,3432.90654
,0.0,50,3434.70786
,0.0,50,3436.465979
,-13.0,50,3438.281086
,-11.0,50,3440.079774
,-14.0,50,3441.796374
,-36.0,50,3443.600427
,-32.0,50,3445.335977
,-17.0,50,3447.161127
,-17.0,50,3448.937177
,-22.0,50,3450.695315
,-15.0,50,3452.42051
,-12.0,50,3454.191594
,-19.0,50,3456.00274
,-13.0,50,3457.752291
,-45.0,50,3459.537419
,-13.0,50,3461.292948
,-12.0,50,3463.041662
,-15.0,50,3464.843393
,-15.0,50,3466.589595
,-26.0,50,3468.395642
,-23.0,50,3470.149933
,-11.0,50,3471.936434
,-13.0,50,3473.691402
,-27.0,50,3475.484401
,-21.0,50,3477.243824
,0.0,50,3479.054567
,-21.0,50,3480.795688
,-9.0,50,3482.545453
,-6.0,50,3484.346468
,-17.0,50,3486.139577
,-12.0,50,3487.863193
,-16.0,50,3489.654744
,-21.0,50,3491.395363
,-13.0,50,3493.192199
,-35.0,50,3494.923135
,-27.0,50,3496.752579
,-13.0,50,3498.525608
,-14.0,50,3500.227547
,-25.0,50,3502.048225
,-11.0,50,3503.854127
,0.0,50,3505.576242
,0.0,50,3507.357649
,-10.0,50,3509.122515
,-11.0,50,3509.402384
,-7.0,50,3509.681595
,-11.0,50,3509.954638
,-8.0,50,3510.231607
,-9.0,50,3510.492162
,-8.0,50,3510.776413
,-12.0,50,3511.023457
,-4.0,50,3511.289031
,-7.0,50,3511.563441
