#{"t_start": 1582923763.960904, "env_id": "FetchPush-v1"}
s,r,l,t
,-50.0,50,5.691693
,0.0,50,7.561541
,-50.0,50,9.22516
,-50.0,50,10.814618
,-50.0,50,12.443625
,-50.0,50,14.08474
,-50.0,50,15.701815
,-50.0,50,17.304151
,-50.0,50,18.946684
,0.0,50,20.552684
,-50.0,50,22.16959
,-50.0,50,23.768171
,-50.0,50,25.390538
,-50.0,50,27.017081
,-50.0,50,28.611406
,-50.0,50,30.209575
,-50.0,50,31.834477
,-50.0,50,33.418375
,-50.0,50,35.065188
,-50.0,50,36.717544
,-50.0,50,38.333208
,-50.0,50,39.941746
,-50.0,50,41.537512
,-50.0,50,43.219176
,-50.0,50,44.815801
,-50.0,50,46.417553
,0.0,50,48.065228
,0.0,50,49.638351
,-50.0,50,51.236382
,-50.0,50,52.884861
,-50.0,50,54.497097
,0.0,50,56.098224
,-50.0,50,57.700861
,-50.0,50,59.338966
,-50.0,50,60.941411
,-50.0,50,62.557031
,-50.0,50,64.240753
,-50.0,50,65.809679
,-50.0,50,67.452042
,-50.0,50,69.091142
,-50.0,50,70.672622
,-50.0,50,72.306802
,-50.0,50,73.892218
,-50.0,50,75.535854
,-50.0,50,77.15444
,-50.0,50,78.766758
,-50.0,50,80.382849
,-50.0,50,82.026149
,-50.0,50,83.636378
,-50.0,50,85.252388
,-50.0,50,86.911251
,-50.0,50,87.195337
,-50.0,50,87.477988
,-50.0,50,87.759631
,-50.0,50,88.019438
,-50.0,50,88.330292
,-50.0,50,88.623963
,-50.0,50,88.903305
,0.0,50,89.203478
,-50.0,50,89.467244
,-50.0,50,89.941354
,-50.0,50,91.566661
,-50.0,50,93.218896
,-50.0,50,94.857578
,-50.0,50,96.458822
,-50.0,50,98.057204
,-50.0,50,99.705648
,-50.0,50,101.326068
,-50.0,50,102.960593
,-50.0,50,104.611594
,-50.0,50,106.226045
,-50.0,50,107.823162
,-50.0,50,109.439773
,-50.0,50,111.059688
,-50.0,50,112.716301
,-50.0,50,114.328594
,-50.0,50,115.925121
,0.0,50,117.571165
,0.0,50,119.215061
,-50.0,50,120.82112
,-50.0,50,122.468359
,-50.0,50,124.11553
,-50.0,50,125.713551
,-50.0,50,127.356318
,-50.0,50,128.97906
,-50.0,50,130.613973
,-50.0,50,132.241902
,-50.0,50,133.878251
,-50.0,50,135.520339
,-50.0,50,137.158229
,-50.0,50,138.754421
,-50.0,50,140.399265
,-50.0,50,141.967831
,-50.0,50,143.64959
,-50.0,50,145.260791
,-50.0,50,146.893686
,-50.0,50,148.529861
,-50.0,50,150.15599
,0.0,50,151.75925
,-50.0,50,153.365288
,0.0,50,155.007393
,-50.0,50,156.651524
,-50.0,50,158.261522
,-50.0,50,159.953432
,-50.0,50,161.550044
,-50.0,50,163.201283
,-50.0,50,164.809895
,-50.0,50,166.41624
,0.0,50,168.032387
,-50.0,50,169.636178
,-50.0,50,171.335888
,-50.0,50,171.60656
,-50.0,50,171.888201
,-50.0,50,172.1676
,-50.0,50,172.419797
,-50.0,50,172.725634
,-50.0,50,173.006315
,-50.0,50,173.292492
,-50.0,50,173.565123
,-50.0,50,173.826365
,0.0,50,174.212913
,0.0,50,175.838661
,-50.0,50,177.462145
,-50.0,50,179.070136
,-50.0,50,180.699752
,-50.0,50,182.285897
,-50.0,50,183.932065
,0.0,50,185.53985
,-50.0,50,187.170553
,-50.0,50,188.822397
,-50.0,50,190.403826
,-50.0,50,192.041783
,-50.0,50,193.672251
,-50.0,50,195.250584
,-50.0,50,196.900746
,-50.0,50,198.522107
,-50.0,50,200.136039
,-49.0,50,201.753455
,-50.0,50,203.405309
,-50.0,50,205.02913
,-50.0,50,206.621929
,-50.0,50,208.264092
,-50.0,50,209.908695
,0.0,50,211.492196
,-50.0,50,213.155108
,-50.0,50,214.746639
,-39.0,50,216.428767
,-50.0,50,218.028744
,-50.0,50,219.695949
,-50.0,50,221.301506
,-50.0,50,222.911686
,-50.0,50,224.567662
,-50.0,50,226.190287
,-50.0,50,227.838629
,-50.0,50,229.419483
,-50.0,50,231.052305
,-50.0,50,232.673971
,-50.0,50,234.303348
,-50.0,50,235.93823
,0.0,50,237.550138
,-50.0,50,239.208981
,-50.0,50,240.857924
,-50.0,50,242.470085
,-50.0,50,244.112006
,-50.0,50,245.713755
,-50.0,50,247.368401
,-50.0,50,249.035659
,-50.0,50,250.687276
,-50.0,50,252.284735
,-50.0,50,253.909827
,-50.0,50,255.574154
,-50.0,50,255.841869
,-50.0,50,256.120952
,-50.0,50,256.393286
,-50.0,50,256.705812
,-50.0,50,256.99145
,0.0,50,257.290348
,-50.0,50,257.554962
,-50.0,50,257.847084
,-50.0,50,258.145212
,-50.0,50,258.429459
,-50.0,50,260.065893
,-50.0,50,261.670375
,-50.0,50,263.287658
,-50.0,50,264.933532
,-50.0,50,266.557892
,-50.0,50,268.216405
,-50.0,50,269.825067
,-50.0,50,271.496654
,-50.0,50,273.124
,-50.0,50,274.780313
,-50.0,50,276.398545
,-50.0,50,278.016391
,-50.0,50,279.664751
,-50.0,50,281.281224
,-50.0,50,282.932879
,-3.0,50,284.557524
,-50.0,50,286.195407
,-50.0,50,287.835181
,-50.0,50,289.438285
,-50.0,50,291.077564
,-50.0,50,292.735985
,-50.0,50,294.36656
,-50.0,50,295.99447
,-50.0,50,297.630852
,-50.0,50,299.254439
,-50.0,50,300.925262
,-50.0,50,302.556345
,-50.0,50,304.154112
,-50.0,50,305.795841
,-50.0,50,307.402511
,-50.0,50,309.119771
,-50.0,50,310.700131
,-50.0,50,312.360972
,-50.0,50,314.080039
,-50.0,50,315.658474
,0.0,50,317.338727
,-50.0,50,318.965122
,-50.0,50,320.611412
,-50.0,50,322.260009
,-50.0,50,323.895518
,-50.0,50,325.534966
,-50.0,50,327.144832
,-50.0,50,328.820942
,-50.0,50,330.408786
,-50.0,50,332.070323
,-50.0,50,333.718868
,-50.0,50,335.354468
,-50.0,50,337.018587
,-50.0,50,338.6578
,-50.0,50,340.32241
,-50.0,50,340.616418
,-50.0,50,340.900826
,-50.0,50,341.175736
,-50.0,50,341.440095
,0.0,50,341.731271
,-50.0,50,342.00249
,-50.0,50,342.266166
,-50.0,50,342.525462
,-50.0,50,342.817296
,-50.0,50,343.181965
,-50.0,50,344.840535
,-50.0,50,346.478429
,-50.0,50,348.099373
,-50.0,50,349.779829
,-50.0,50,351.399601
,-50.0,50,353.027752
,-50.0,50,354.682366
,-50.0,50,356.332489
,-50.0,50,357.963895
,-50.0,50,359.569951
,-50.0,50,361.234816
,0.0,50,362.864762
,-50.0,50,364.502451
,-50.0,50,366.157566
,-50.0,50,367.786003
,-50.0,50,369.447456
,-50.0,50,371.108826
,-50.0,50,372.722224
,-50.0,50,374.395997
,-50.0,50,376.012125
,-50.0,50,377.665399
,-50.0,50,379.279134
,-50.0,50,380.913684
,-50.0,50,382.603959
,-50.0,50,384.237439
,0.0,50,385.889294
,-50.0,50,387.507718
,-50.0,50,389.183954
,-50.0,50,390.802511
,0.0,50,392.413864
,-50.0,50,394.091128
,-50.0,50,395.752022
,-50.0,50,397.415833
,-50.0,50,399.05552
,-50.0,50,400.687547
,-50.0,50,402.311619
,-50.0,50,403.975152
,-50.0,50,405.606304
,-50.0,50,407.301839
,-50.0,50,408.92459
,-50.0,50,410.543034
,-50.0,50,412.220978
,-19.0,50,413.835443
,-50.0,50,415.470704
,-50.0,50,417.137975
,-50.0,50,418.764176
,-50.0,50,420.407872
,-50.0,50,422.061316
,-50.0,50,423.706772
,-50.0,50,425.369405
,-50.0,50,425.666696
,-50.0,50,425.964342
,-50.0,50,426.263671
,-50.0,50,426.522512
,-50.0,50,426.812996
,-50.0,50,427.124251
,-50.0,50,427.412335
,-50.0,50,427.71015
,-50.0,50,428.005373
,-22.0,50,428.314101
,-50.0,50,429.972028
,-50.0,50,431.60759
,-50.0,50,433.268557
,-50.0,50,434.919726
,-50.0,50,436.587411
,-50.0,50,438.224446
,-50.0,50,439.837165
,-47.0,50,441.487068
,-47.0,50,443.162717
,-50.0,50,444.815776
,-50.0,50,446.470752
,-50.0,50,448.087984
,-50.0,50,449.756391
,0.0,50,451.385853
,0.0,50,453.03965
,-50.0,50,454.707317
,-50.0,50,456.331454
,-50.0,50,457.933911
,-50.0,50,459.614998
,-50.0,50,461.235097
,-17.0,50,462.887294
,-50.0,50,464.50225
,-50.0,50,466.173579
,-50.0,50,467.818052
,-50.0,50,469.448061
,-44.0,50,471.150424
,-33.0,50,472.786364
,-50.0,50,474.432905
,-7.0,50,476.04648
,-50.0,50,477.72037
,-50.0,50,479.331413
,-41.0,50,481.003022
,-50.0,50,482.637006
,-50.0,50,484.298103
,-50.0,50,485.921186
,-50.0,50,487.54793
,-50.0,50,489.230888
,-50.0,50,490.85915
,-50.0,50,492.475962
,-50.0,50,494.126553
,-8.0,50,495.749175
,-50.0,50,497.399483
,-50.0,50,499.100923
,-50.0,50,500.723772
,-50.0,50,502.41893
,0.0,50,504.056805
,-50.0,50,505.721962
,0.0,50,507.336368
,-50.0,50,508.97777
,-50.0,50,510.672854
,-50.0,50,510.968368
,-10.0,50,511.267745
,-50.0,50,511.57267
,-50.0,50,511.86296
,-50.0,50,512.140828
,-50.0,50,512.438101
,-50.0,50,512.731459
,-16.0,50,512.993799
,-50.0,50,513.29827
,-50.0,50,513.583439
,-50.0,50,515.269381
,-17.0,50,516.869978
,-24.0,50,518.558919
,-50.0,50,520.203693
,-50.0,50,521.835337
,-50.0,50,523.48128
,-50.0,50,525.126339
,-50.0,50,526.807917
,-50.0,50,528.466696
,-50.0,50,530.095644
,-50.0,50,531.734542
,-50.0,50,533.395152
,-11.0,50,535.044814
,-50.0,50,536.722565
,-50.0,50,538.33471
,-50.0,50,539.979056
,-50.0,50,541.628192
,-50.0,50,543.288717
,-50.0,50,544.942188
,-50.0,50,546.602308
,-50.0,50,548.207604
,-33.0,50,549.881866
,-7.0,50,551.555687
,-50.0,50,553.191301
,-50.0,50,554.825144
,-37.0,50,556.495411
,-49.0,50,558.161338
,-50.0,50,559.78595
,-50.0,50,561.422904
,-27.0,50,563.086368
,-50.0,50,564.751146
,0.0,50,566.371118
,-50.0,50,568.051038
,-50.0,50,569.73147
,-17.0,50,571.317392
,-29.0,50,572.996596
,-50.0,50,574.669727
,-50.0,50,576.305638
,-50.0,50,577.978024
,-46.0,50,579.579612
,-43.0,50,581.231082
,-50.0,50,582.879618
,-11.0,50,584.531014
,-50.0,50,586.135834
,-7.0,50,587.789037
,-49.0,50,589.475571
,-48.0,50,591.107925
,-50.0,50,592.765583
,-44.0,50,594.386187
,-50.0,50,596.048689
,-46.0,50,596.33691
,-6.0,50,596.645653
,-50.0,50,596.942788
,-9.0,50,597.253359
,-50.0,50,597.544636
,0.0,50,597.829772
,-9.0,50,598.127059
,-50.0,50,598.434515
,-11.0,50,598.669081
,-50.0,50,598.968353
,-50.0,50,600.599253
,-50.0,50,602.245838
,-13.0,50,603.894703
,-26.0,50,605.57542
,-50.0,50,607.193411
,-50.0,50,608.870323
,-8.0,50,610.559736
,-10.0,50,612.218126
,0.0,50,613.880286
,-50.0,50,615.518097
,-37.0,50,617.120663
,-46.0,50,618.81485
,-50.0,50,620.456608
,-49.0,50,622.129993
,0.0,50,623.749579
,-49.0,50,625.401915
,-12.0,50,627.025541
,-49.0,50,628.732771
,-50.0,50,630.386562
,-38.0,50,632.018426
,-8.0,50,633.69243
,-21.0,50,635.310462
,-50.0,50,636.977166
,-48.0,50,638.587988
,-50.0,50,640.25606
,-15.0,50,641.938578
,-50.0,50,643.584504
,-27.0,50,645.201548
,-50.0,50,646.877113
,-50.0,50,648.566335
,-29.0,50,650.19926
,-50.0,50,651.874548
,-50.0,50,653.521555
,0.0,50,655.152109
,-45.0,50,656.826096
,-50.0,50,658.486743
,-50.0,50,660.112639
,-14.0,50,661.765668
,-50.0,50,663.393042
,-50.0,50,665.070693
,-50.0,50,666.787163
,-50.0,50,668.439414
,-13.0,50,670.060055
,-46.0,50,671.694618
,-48.0,50,673.357657
,-50.0,50,675.038953
,-9.0,50,676.682208
,-44.0,50,678.379098
,-43.0,50,680.029163
,-7.0,50,681.677544
,-48.0,50,681.972824
,-50.0,50,682.249077
,-7.0,50,682.537892
,-50.0,50,682.824845
,-47.0,50,683.106707
,0.0,50,683.37311
,-8.0,50,683.638018
,-16.0,50,683.897945
,-10.0,50,684.148252
,-50.0,50,684.568665
,-42.0,50,686.248242
,-11.0,50,687.893592
,-50.0,50,689.524867
,-40.0,50,691.152225
,-7.0,50,692.794861
,-50.0,50,694.482409
,-33.0,50,696.16309
,-50.0,50,697.807147
,-18.0,50,699.46071
,0.0,50,701.14367
,-50.0,50,702.821502
,-39.0,50,704.44655
,-46.0,50,706.091197
,-40.0,50,707.787574
,-50.0,50,709.438002
,-26.0,50,711.083166
,-22.0,50,712.715157
,-18.0,50,714.371752
,-43.0,50,716.032006
,-28.0,50,717.656375
,-24.0,50,719.332608
,-26.0,50,720.982895
,-50.0,50,722.654914
,-18.0,50,724.264935
,-6.0,50,725.913288
,-49.0,50,727.550673
,-16.0,50,729.229944
,-31.0,50,730.863153
,-14.0,50,732.526975
,-17.0,50,734.171285
,-24.0,50,735.860286
,-48.0,50,737.559433
,-50.0,50,739.214658
,-50.0,50,740.843241
,0.0,50,742.462826
,-38.0,50,744.165412
,-32.0,50,745.765589
,-11.0,50,747.465571
,-50.0,50,749.105299
,-50.0,50,750.771747
,-17.0,50,752.413264
,-21.0,50,754.053856
,-15.0,50,755.751
,-50.0,50,757.380442
,-50.0,50,759.020088
,-22.0,50,760.645329
,-40.0,50,762.3392
,-50.0,50,763.993085
,-11.0,50,765.655049
,-9.0,50,767.345664
,-9.0,50,767.616624
,-50.0,50,767.911587
,-13.0,50,768.180085
,-29.0,50,768.462344
,-50.0,50,768.754739
,-20.0,50,769.027158
,-48.0,50,769.31192
,-10.0,50,769.610335
,-42.0,50,769.892206
,-50.0,50,770.215209
,-44.0,50,771.896519
,-19.0,50,773.532098
,-23.0,50,775.177973
,-24.0,50,776.851049
,-8.0,50,778.511517
,-18.0,50,780.16223
,-18.0,50,781.81456
,-22.0,50,783.488742
,-38.0,50,785.175064
,-22.0,50,786.801251
,-9.0,50,788.458379
,-9.0,50,790.11108
,0.0,50,791.797745
,-24.0,50,793.450794
,-45.0,50,795.099719
,-46.0,50,796.766078
,-18.0,50,798.399932
,-12.0,50,800.077178
,-50.0,50,801.755392
,-23.0,50,803.392884
,-29.0,50,805.060355
,-50.0,50,806.737369
,-17.0,50,808.378767
,-50.0,50,810.030843
,0.0,50,811.702866
,-7.0,50,813.357952
,-18.0,50,815.022482
,-14.0,50,816.683941
,-12.0,50,818.406757
,-50.0,50,820.0573
,-24.0,50,821.738211
,-16.0,50,823.368749
,-17.0,50,825.005426
,-50.0,50,826.677912
,-8.0,50,828.373392
,-40.0,50,830.037603
,-50.0,50,831.681677
,-10.0,50,833.324649
,-13.0,50,835.01711
,-11.0,50,836.623138
,-49.0,50,838.319289
,-23.0,50,840.01145
,-50.0,50,841.656229
,-50.0,50,843.313109
,-9.0,50,844.980926
,-22.0,50,846.636077
,-22.0,50,848.290008
,-47.0,50,849.961702
,-50.0,50,851.642473
,-8.0,50,853.354734
,-50.0,50,853.654176
,-50.0,50,853.957435
,-7.0,50,854.232715
,-18.0,50,854.536963
,-16.0,50,854.810426
,-9.0,50,855.125661
,-8.0,50,855.410009
,-9.0,50,855.680152
,0.0,50,855.939755
,-21.0,50,856.228641
,-12.0,50,857.880168
,-10.0,50,859.533566
,-5.0,50,861.204093
,-14.0,50,862.83478
,-49.0,50,864.530819
,-24.0,50,866.162032
,-11.0,50,867.829447
,-27.0,50,869.496333
,0.0,50,871.144983
,-38.0,50,872.786312
,-11.0,50,874.46435
,-17.0,50,876.147719
,-21.0,50,877.797097
,-8.0,50,879.464581
,-30.0,50,881.144596
,-16.0,50,882.794283
,-18.0,50,884.4502
,-42.0,50,886.105069
,-50.0,50,887.757741
,-23.0,50,889.469947
,0.0,50,891.100396
,-22.0,50,892.778576
,-22.0,50,894.416596
,-16.0,50,896.107862
,-4.0,50,897.766825
,-18.0,50,899.468867
,0.0,50,901.115135
,-17.0,50,902.813242
,-9.0,50,904.489758
,-18.0,50,906.125439
,-20.0,50,907.804614
,-12.0,50,909.47885
,-23.0,50,911.10919
,-7.0,50,912.755343
,-49.0,50,914.436176
,-50.0,50,916.134029
,-38.0,50,917.748318
,-30.0,50,919.469247
,-19.0,50,921.152987
,-16.0,50,922.774098
,-27.0,50,924.475271
,-8.0,50,926.112092
,-17.0,50,927.816329
,-30.0,50,929.491796
,-6.0,50,931.140548
,-6.0,50,932.788503
,-31.0,50,934.473425
,-47.0,50,936.130014
,-21.0,50,937.796828
,0.0,50,939.439526
,-49.0,50,939.711569
,-15.0,50,940.005837
,-10.0,50,940.295805
,-9.0,50,940.566488
,-15.0,50,940.887809
,-11.0,50,941.163416
,-18.0,50,941.437423
,-12.0,50,941.713865
,-13.0,50,941.989877
,-33.0,50,942.326461
,-17.0,50,944.043229
,-46.0,50,945.681749
,0.0,50,947.374554
,-46.0,50,949.040539
,-12.0,50,950.679328
,-31.0,50,952.365792
,-14.0,50,954.048605
,-33.0,50,955.687641
,-50.0,50,957.365021
,-50.0,50,959.047022
,-7.0,50,960.706749
,-34.0,50,962.377574
,0.0,50,964.003915
,-11.0,50,965.684651
,-20.0,50,967.353619
,-24.0,50,969.005646
,-11.0,50,970.71254
,-26.0,50,972.420185
,-28.0,50,974.037243
,-34.0,50,975.705113
,-11.0,50,977.392519
,-50.0,50,979.102891
,-19.0,50,980.751908
,-50.0,50,982.39078
,-15.0,50,984.059648
,-13.0,50,985.729033
,-15.0,50,987.424377
,-24.0,50,989.085288
,-20.0,50,990.773882
,-37.0,50,992.428446
,-16.0,50,994.076726
,-18.0,50,995.767389
,-16.0,50,997.428656
,-35.0,50,999.110274
,-46.0,50,1000.770284
,0.0,50,1002.426578
,-50.0,50,1004.099357
,-15.0,50,1005.763785
,-17.0,50,1007.429118
,-20.0,50,1009.11466
,-12.0,50,1010.810585
,-13.0,50,1012.449428
,-7.0,50,1014.113345
,-22.0,50,1015.786476
,-14.0,50,1017.44859
,-23.0,50,1019.098465
,-11.0,50,1020.804046
,-50.0,50,1022.519649
,-23.0,50,1024.131098
,-46.0,50,1025.846908
,-50.0,50,1026.124629
,-27.0,50,1026.418317
,-10.0,50,1026.722148
,-8.0,50,1027.005769
,-9.0,50,1027.292522
,-10.0,50,1027.597112
,-16.0,50,1027.85821
,-11.0,50,1028.120827
,-9.0,50,1028.387783
,-21.0,50,1028.669006
,-50.0,50,1030.334533
,-16.0,50,1032.016926
,-8.0,50,1033.70036
,-31.0,50,1035.373969
,-19.0,50,1037.01547
,-50.0,50,1038.731515
,-20.0,50,1040.357192
,-14.0,50,1042.035957
,-14.0,50,1043.669436
,-30.0,50,1045.367432
,-9.0,50,1047.033844
,-10.0,50,1048.674793
,-19.0,50,1050.383
,-15.0,50,1052.053638
,-26.0,50,1053.707729
,-21.0,50,1055.364826
,-8.0,50,1057.039649
,-30.0,50,1058.702536
,-34.0,50,1060.356043
,-12.0,50,1062.067624
,-25.0,50,1063.729345
,0.0,50,1065.387847
,-18.0,50,1067.131025
,-23.0,50,1068.775716
,-11.0,50,1070.441836
,-24.0,50,1072.175986
,0.0,50,1073.804971
,-26.0,50,1075.504803
,-15.0,50,1077.137088
,-19.0,50,1078.789467
,0.0,50,1080.483576
,-49.0,50,1082.141375
,-14.0,50,1083.777903
,-15.0,50,1085.473855
,-31.0,50,1087.185526
,-18.0,50,1088.828064
,-15.0,50,1090.483297
,-6.0,50,1092.141656
,-13.0,50,1093.821273
,-8.0,50,1095.485597
,-24.0,50,1097.15899
,-21.0,50,1098.808591
,-7.0,50,1100.49034
,-46.0,50,1102.16584
,-1.0,50,1103.863431
,-23.0,50,1105.553931
,-9.0,50,1107.162355
,-21.0,50,1108.856852
,-15.0,50,1110.533241
,-7.0,50,1112.197275
,-12.0,50,1112.480787
,-12.0,50,1112.748841
,-4.0,50,1113.025695
,-4.0,50,1113.318084
,-13.0,50,1113.588251
,-47.0,50,1113.838596
,-7.0,50,1114.099741
,0.0,50,1114.394062
,-3.0,50,1114.641784
,-19.0,50,1115.062508
,-15.0,50,1116.702146
,-25.0,50,1118.363169
,-18.0,50,1120.040935
,-43.0,50,1121.747826
,-24.0,50,1123.390274
,-10.0,50,1125.082611
,-11.0,50,1126.727057
,-18.0,50,1128.406614
,-27.0,50,1130.113543
,-10.0,50,1131.815909
,-12.0,50,1133.437571
,-19.0,50,1135.145471
,-32.0,50,1136.857846
,-26.0,50,1138.520629
,0.0,50,1140.177408
,0.0,50,1141.835907
,-24.0,50,1143.516324
,-48.0,50,1145.20064
,-43.0,50,1146.907649
,-31.0,50,1148.537241
,-12.0,50,1150.200207
,-20.0,50,1151.920897
,-10.0,50,1153.588275
,-20.0,50,1155.268619
,0.0,50,1156.919499
,-30.0,50,1158.621873
,-39.0,50,1160.319339
,-10.0,50,1161.975804
,-32.0,50,1163.653788
,-12.0,50,1165.277395
,-22.0,50,1167.031029
,-46.0,50,1168.657535
,-22.0,50,1170.404536
,-25.0,50,1172.055063
,-13.0,50,1173.757964
,-11.0,50,1175.382548
,0.0,50,1177.045857
,-42.0,50,1178.719471
,-12.0,50,1180.442242
,-20.0,50,1182.101991
,-36.0,50,1183.748814
,-13.0,50,1185.451665
,-47.0,50,1187.121985
,0.0,50,1188.789554
,-14.0,50,1190.503001
,-13.0,50,1192.180848
,-25.0,50,1193.877633
,-23.0,50,1195.524313
,-9.0,50,1197.219761
,-5.0,50,1198.934566
,-7.0,50,1199.19149
,-9.0,50,1199.487152
,-9.0,50,1199.744363
,-11.0,50,1200.009289
,-7.0,50,1200.283846
,-8.0,50,1200.564307
,-14.0,50,1200.840221
,0.0,50,1201.131512
,-11.0,50,1201.417622
,-32.0,50,1201.785486
,-13.0,50,1203.500715
,-32.0,50,1205.139145
,-50.0,50,1206.834405
,0.0,50,1208.496366
,-47.0,50,1210.190076
,-12.0,50,1211.847803
,-9.0,50,1213.545327
,-17.0,50,1215.190158
,-20.0,50,1216.878294
,-4.0,50,1218.561089
,-25.0,50,1220.215835
,-31.0,50,1221.894949
,-28.0,50,1223.582826
,-13.0,50,1225.238118
,-17.0,50,1226.946847
,-10.0,50,1228.613105
,-24.0,50,1230.317486
,-15.0,50,1231.989745
,-47.0,50,1233.685971
,-15.0,50,1235.333568
,-15.0,50,1236.999455
,-21.0,50,1238.675627
,-15.0,50,1240.356824
,-24.0,50,1242.063103
,-49.0,50,1243.707721
,-19.0,50,1245.357511
,-28.0,50,1247.095315
,-12.0,50,1248.783448
,0.0,50,1250.405696
,-33.0,50,1252.135781
,-12.0,50,1253.790238
,0.0,50,1255.444865
,-22.0,50,1257.106013
,-21.0,50,1258.819497
,-20.0,50,1260.453231
,-21.0,50,1262.174126
,-17.0,50,1263.882024
,-17.0,50,1265.584573
,-9.0,50,1267.244691
,-12.0,50,1268.918219
,-44.0,50,1270.59221
,-20.0,50,1272.283974
,-7.0,50,1273.910968
,-7.0,50,1275.619287
,-20.0,50,1277.288691
,-14.0,50,1278.979434
,-22.0,50,1280.648839
,-14.0,50,1282.315154
,-32.0,50,1284.008841
,-6.0,50,1285.699155
,-20.0,50,1285.991041
,-13.0,50,1286.251951
,-11.0,50,1286.518471
,-18.0,50,1286.818044
,-22.0,50,1287.092843
,-16.0,50,1287.359438
,-10.0,50,1287.624633
,0.0,50,1287.899568
,-13.0,50,1288.165737
,-27.0,50,1288.571726
,-20.0,50,1290.274165
,-39.0,50,1291.926474
,-25.0,50,1293.582688
,-9.0,50,1295.312164
,-13.0,50,1296.949359
,-40.0,50,1298.652047
,-17.0,50,1300.321384
,0.0,50,1302.03428
,-45.0,50,1303.701906
,0.0,50,1305.39138
,-7.0,50,1307.068537
,-47.0,50,1308.718174
,-11.0,50,1310.415759
,-43.0,50,1312.102994
,-13.0,50,1313.750019
,-18.0,50,1315.439428
,-16.0,50,1317.109093
,-21.0,50,1318.809618
,-50.0,50,1320.508356
,-25.0,50,1322.203822
,-20.0,50,1323.871476
,0.0,50,1325.567563
,-26.0,50,1327.218777
,-28.0,50,1328.937305
,0.0,50,1330.584627
,-8.0,50,1332.306482
,-28.0,50,1333.995486
,-21.0,50,1335.701503
,-12.0,50,1337.345861
,-15.0,50,1339.056653
,-10.0,50,1340.752923
,-46.0,50,1342.414613
,-9.0,50,1344.104021
,-11.0,50,1345.82509
,-9.0,50,1347.457341
,-23.0,50,1349.187594
,-14.0,50,1350.854173
,-37.0,50,1352.558874
,-10.0,50,1354.245333
,-15.0,50,1355.968843
,-24.0,50,1357.660253
,0.0,50,1359.349586
,-19.0,50,1361.043154
,-22.0,50,1362.702114
,-21.0,50,1364.410952
,-24.0,50,1366.082423
,-18.0,50,1367.730554
,-31.0,50,1369.50784
,-12.0,50,1371.154988
,-10.0,50,1372.87782
,0.0,50,1373.180252
,-12.0,50,1373.451881
,-10.0,50,1373.748251
,-8.0,50,1374.036938
,-12.0,50,1374.291409
,-16.0,50,1374.560746
,-10.0,50,1374.832099
,-17.0,50,1375.110811
,-6.0,50,1375.362156
,-10.0,50,1375.730274
,-19.0,50,1377.441172
,-39.0,50,1379.101046
,-17.0,50,1380.768896
,-11.0,50,1382.499369
,-27.0,50,1384.15136
,-15.0,50,1385.864498
,-36.0,50,1387.536774
,-19.0,50,1389.176737
,-8.0,50,1390.932836
,0.0,50,1392.597388
,-18.0,50,1394.266412
,-8.0,50,1395.953507
,-48.0,50,1397.666917
,-4.0,50,1399.401744
,-13.0,50,1401.03694
,-14.0,50,1402.787039
,-16.0,50,1404.454384
,-25.0,50,1406.186583
,0.0,50,1407.803138
,-19.0,50,1409.522052
,-28.0,50,1411.227497
,-42.0,50,1412.898418
,-22.0,50,1414.591247
,-14.0,50,1416.271165
,0.0,50,1417.965558
,-44.0,50,1419.667079
,-12.0,50,1421.33995
,-15.0,50,1423.020692
,-35.0,50,1424.754925
,0.0,50,1426.40546
,-31.0,50,1428.092681
,-23.0,50,1429.777151
,-21.0,50,1431.498425
,-14.0,50,1433.166578
,0.0,50,1434.863153
,-21.0,50,1436.537671
,-35.0,50,1438.233958
,-13.0,50,1439.92612
,-26.0,50,1441.614498
,-22.0,50,1443.323479
,-14.0,50,1444.977139
,-50.0,50,1446.718627
,-50.0,50,1448.433256
,-10.0,50,1450.078626
,-12.0,50,1451.792889
,-14.0,50,1453.531119
,-17.0,50,1455.223317
,-11.0,50,1456.865852
,-16.0,50,1458.587413
,-11.0,50,1460.270714
,-9.0,50,1460.569059
,-46.0,50,1460.846256
,-12.0,50,1461.125611
,-8.0,50,1461.408594
,-22.0,50,1461.698705
,-9.0,50,1461.971283
,-49.0,50,1462.237235
,-11.0,50,1462.51354
,-48.0,50,1462.7867
,-14.0,50,1463.092134
,-14.0,50,1464.770618
,-36.0,50,1466.482648
,-21.0,50,1468.192979
,-31.0,50,1469.859709
,-12.0,50,1471.551284
,-14.0,50,1473.234401
,-16.0,50,1474.933084
,-17.0,50,1476.641298
,-24.0,50,1478.28205
,-19.0,50,1479.945084
,-17.0,50,1481.675722
,-13.0,50,1483.369873
,-21.0,50,1485.042305
,-26.0,50,1486.731655
,-11.0,50,1488.442257
,-20.0,50,1490.145985
,-12.0,50,1491.857591
,-8.0,50,1493.566523
,-28.0,50,1495.244107
,-21.0,50,1496.933281
,-42.0,50,1498.682456
,-7.0,50,1500.368733
,-15.0,50,1502.01485
,-15.0,50,1503.767881
,-8.0,50,1505.438993
,-14.0,50,1507.142399
,0.0,50,1508.866354
,-28.0,50,1510.596443
,-7.0,50,1512.232284
,-13.0,50,1513.967106
,-30.0,50,1515.686039
,-18.0,50,1517.331898
,-19.0,50,1519.05425
,-16.0,50,1520.725229
,0.0,50,1522.467608
,0.0,50,1524.176647
,-9.0,50,1525.87017
,-11.0,50,1527.544255
,-13.0,50,1529.269594
,-20.0,50,1530.947486
,0.0,50,1532.631031
,-7.0,50,1534.346606
,-9.0,50,1536.030607
,-25.0,50,1537.77107
,-32.0,50,1539.433501
,-19.0,50,1541.108639
,-33.0,50,1542.857232
,-7.0,50,1544.505315
,-35.0,50,1546.224348
,-18.0,50,1547.950613
,-7.0,50,1548.217859
,-12.0,50,1548.4974
,-10.0,50,1548.774209
,-9.0,50,1549.071379
,-11.0,50,1549.333876
,-14.0,50,1549.641068
,-11.0,50,1549.92185
,-13.0,50,1550.205043
,-11.0,50,1550.465703
,-12.0,50,1550.79609
,0.0,50,1552.4391
,-28.0,50,1554.18404
,-28.0,50,1555.88171
,-50.0,50,1557.582855
,0.0,50,1559.26887
,-33.0,50,1560.979974
,-5.0,50,1562.653986
,-11.0,50,1564.342482
,-14.0,50,1566.009452
,-15.0,50,1567.741143
,-14.0,50,1569.421774
,-9.0,50,1571.099054
,-8.0,50,1572.853788
,-17.0,50,1574.56417
,-10.0,50,1576.248135
,-34.0,50,1577.940615
,-6.0,50,1579.635731
,-17.0,50,1581.355122
,-15.0,50,1583.098054
,-8.0,50,1584.722317
,-19.0,50,1586.463674
,-18.0,50,1588.135541
,-26.0,50,1589.813122
,-19.0,50,1591.549391
,-18.0,50,1593.239186
,-18.0,50,1594.931757
,-15.0,50,1596.641719
,-18.0,50,1598.336176
,-17.0,50,1600.03805
,-16.0,50,1601.733168
,-32.0,50,1603.442976
,-24.0,50,1605.165652
,-7.0,50,1606.823169
,-7.0,50,1608.567409
,-20.0,50,1610.262419
,-6.0,50,1611.960836
,-10.0,50,1613.643683
,-19.0,50,1615.341486
,-18.0,50,1617.07957
,-15.0,50,1618.746825
,-29.0,50,1620.443435
,-26.0,50,1622.160771
,-20.0,50,1623.867418
,-38.0,50,1625.567528
,0.0,50,1627.230741
,-14.0,50,1628.951042
,-23.0,50,1630.686265
,-9.0,50,1632.32024
,-44.0,50,1634.024638
,-7.0,50,1635.742036
,-20.0,50,1636.034978
,-19.0,50,1636.30563
,-13.0,50,1636.591444
,-17.0,50,1636.870592
,0.0,50,1637.149751
,-9.0,50,1637.414571
,-6.0,50,1637.72482
,0.0,50,1637.965567
,-4.0,50,1638.253469
,-17.0,50,1638.590661
,-25.0,50,1640.292929
,-49.0,50,1642.019756
,-35.0,50,1643.715178
,-10.0,50,1645.455961
,-14.0,50,1647.090977
,-18.0,50,1648.824797
,0.0,50,1650.525702
,-37.0,50,1652.239866
,-16.0,50,1653.949915
,-21.0,50,1655.626577
,-25.0,50,1657.322619
,-17.0,50,1659.057526
,-50.0,50,1660.69987
,-17.0,50,1662.403806
,-36.0,50,1664.16202
,-34.0,50,1665.827899
,-31.0,50,1667.535312
,-6.0,50,1669.219895
,-4.0,50,1670.889436
,-17.0,50,1672.584954
,-20.0,50,1674.320686
,-35.0,50,1675.994606
,-18.0,50,1677.714085
,-18.0,50,1679.382652
,-24.0,50,1681.124905
,-11.0,50,1682.796572
,0.0,50,1684.489724
,-30.0,50,1686.202718
,-19.0,50,1687.921297
,-28.0,50,1689.581206
,-14.0,50,1691.355485
,-27.0,50,1693.020848
,-7.0,50,1694.727668
,0.0,50,1696.42937
,-15.0,50,1698.126173
,-15.0,50,1699.855385
,-17.0,50,1701.562987
,-15.0,50,1703.222352
,0.0,50,1704.945626
,-11.0,50,1706.641198
,-16.0,50,1708.37487
,-17.0,50,1710.082635
,-13.0,50,1711.762857
,-19.0,50,1713.49528
,-24.0,50,1715.178976
,-12.0,50,1716.85537
,-28.0,50,1718.567034
,-33.0,50,1720.265852
,-22.0,50,1722.02542
,-8.0,50,1723.702554
,-13.0,50,1723.984147
,-5.0,50,1724.242978
,-10.0,50,1724.517063
,-4.0,50,1724.802289
,-11.0,50,1725.062461
,-8.0,50,1725.322516
,-7.0,50,1725.595729
,-12.0,50,1725.879357
,-9.0,50,1726.160223
,-40.0,50,1726.534487
,0.0,50,1728.264712
,0.0,50,1729.935413
,-41.0,50,1731.677589
,-22.0,50,1733.346241
,-22.0,50,1735.056391
,-14.0,50,1736.768356
,-13.0,50,1738.478226
,-11.0,50,1740.164044
,-33.0,50,1741.874324
,-15.0,50,1743.607207
,-33.0,50,1745.278715
,-15.0,50,1746.971807
,-22.0,50,1748.726968
,-38.0,50,1750.392887
,-18.0,50,1752.167064
,-25.0,50,1753.869964
,-16.0,50,1755.569451
,-15.0,50,1757.285073
,-11.0,50,1759.004877
,-30.0,50,1760.702471
,0.0,50,1762.393679
,-11.0,50,1764.058433
,-10.0,50,1765.763277
,-26.0,50,1767.53295
,-29.0,50,1769.210337
,-25.0,50,1770.926958
,-16.0,50,1772.656736
,-28.0,50,1774.309929
,0.0,50,1776.021345
,-12.0,50,1777.782658
,0.0,50,1779.441018
,-10.0,50,1781.202933
,-10.0,50,1782.895815
,-2.0,50,1784.606518
,-17.0,50,1786.312383
,-21.0,50,1788.033586
,-15.0,50,1789.742723
,-18.0,50,1791.503035
,-14.0,50,1793.173598
,-15.0,50,1794.870651
,-24.0,50,1796.589352
,-12.0,50,1798.283206
,0.0,50,1799.992079
,-40.0,50,1801.793333
,-11.0,50,1803.463093
,-11.0,50,1805.169751
,-24.0,50,1806.855655
,-17.0,50,1808.557141
,-12.0,50,1810.258141
,-6.0,50,1812.022891
,-10.0,50,1812.308879
,-10.0,50,1812.585143
,-10.0,50,1812.926021
,-9.0,50,1813.229955
,-7.0,50,1813.489426
,-7.0,50,1813.753741
,-9.0,50,1814.017915
,0.0,50,1814.299955
,-10.0,50,1814.550939
,-9.0,50,1814.863638
,-13.0,50,1816.601366
,-22.0,50,1818.290456
,-17.0,50,1819.948533
,-14.0,50,1821.71911
,-27.0,50,1823.380778
,-48.0,50,1825.111219
,-10.0,50,1826.880038
,-26.0,50,1828.578524
,-14.0,50,1830.252092
,-23.0,50,1831.983556
,-30.0,50,1833.683003
,-11.0,50,1835.40141
,-21.0,50,1837.084664
,-24.0,50,1838.795583
,-25.0,50,1840.558989
,-13.0,50,1842.275117
,-23.0,50,1843.965568
,-13.0,50,1845.674776
,-18.0,50,1847.403525
,-4.0,50,1849.138114
,0.0,50,1850.886961
,-30.0,50,1852.57759
,-5.0,50,1854.327183
,0.0,50,1856.058381
,-14.0,50,1857.736952
,-21.0,50,1859.439062
,-32.0,50,1861.191354
,-25.0,50,1862.91102
,-7.0,50,1864.596193
,-16.0,50,1866.285719
,-17.0,50,1867.976875
,-29.0,50,1869.710879
,-22.0,50,1871.461267
,-22.0,50,1873.164208
,-8.0,50,1874.882918
,-15.0,50,1876.585643
,-30.0,50,1878.312364
,-17.0,50,1880.020418
,-14.0,50,1881.664941
,-3.0,50,1883.434842
,-16.0,50,1885.158586
,0.0,50,1886.887701
,-20.0,50,1888.554077
,-23.0,50,1890.33161
,0.0,50,1892.007005
,-10.0,50,1893.708568
,-22.0,50,1895.441694
,-14.0,50,1897.158336
,-7.0,50,1898.888617
,-7.0,50,1900.585845
,-9.0,50,1900.872498
,-10.0,50,1901.127476
,0.0,50,1901.396928
,-7.0,50,1901.662191
,-17.0,50,1901.972804
,-8.0,50,1902.236249
,-11.0,50,1902.493064
,0.0,50,1902.755535
,-8.0,50,1903.045841
,-19.0,50,1903.421364
,-8.0,50,1905.127673
,-43.0,50,1906.823173
,-19.0,50,1908.583102
,-8.0,50,1910.233448
,-26.0,50,1911.995371
,-23.0,50,1913.676773
,-9.0,50,1915.388374
,-35.0,50,1917.102448
,-7.0,50,1918.840162
,-22.0,50,1920.593068
,-12.0,50,1922.29584
,-27.0,50,1923.998773
,-29.0,50,1925.71419
,-8.0,50,1927.441305
,-2.0,50,1929.17478
,-22.0,50,1930.890657
,-14.0,50,1932.549892
,-26.0,50,1934.304519
,-21.0,50,1936.013811
,-38.0,50,1937.757613
,-19.0,50,1939.46785
,-12.0,50,1941.18265
,-29.0,50,1942.845577
,-14.0,50,1944.549462
,-19.0,50,1946.267127
,-29.0,50,1948.020263
,-31.0,50,1949.729693
,-29.0,50,1951.453875
,-18.0,50,1953.159432
,-25.0,50,1954.896813
,-10.0,50,1956.595105
,-15.0,50,1958.294984
,-17.0,50,1960.000145
,-13.0,50,1961.701829
,-7.0,50,1963.43043
,-18.0,50,1965.163181
,-22.0,50,1966.894187
,-14.0,50,1968.607962
,-43.0,50,1970.347496
,-11.0,50,1972.007856
,0.0,50,1973.748139
,-22.0,50,1975.441991
,0.0,50,1977.208313
,-20.0,50,1978.897871
,-8.0,50,1980.599092
,-35.0,50,1982.353825
,-17.0,50,1984.058465
,-50.0,50,1985.78102
,-14.0,50,1987.519578
,-4.0,50,1989.233114
,-6.0,50,1989.502239
,-6.0,50,1989.767217
,-7.0,50,1990.052417
,-9.0,50,1990.324018
,-15.0,50,1990.634061
,-15.0,50,1990.917631
,-10.0,50,1991.177333
,-6.0,50,1991.433849
,-9.0,50,1991.695834
,-36.0,50,1992.087126
,-7.0,50,1993.840738
,-9.0,50,1995.523649
,-25.0,50,1997.276005
,-34.0,50,1998.972311
,-31.0,50,2000.696063
,-27.0,50,2002.451267
,-19.0,50,2004.154388
,-24.0,50,2005.845711
,-10.0,50,2007.542627
,-8.0,50,2009.288697
,-9.0,50,2010.977546
,-9.0,50,2012.691495
,-10.0,50,2014.457063
,-12.0,50,2016.14142
,-13.0,50,2017.851188
,-46.0,50,2019.593094
,-16.0,50,2021.275788
,-23.0,50,2023.040394
,-30.0,50,2024.795857
,-12.0,50,2026.51357
,-7.0,50,2028.218268
,-18.0,50,2029.944146
,-24.0,50,2031.627209
,-12.0,50,2033.367054
,-24.0,50,2035.086206
,-11.0,50,2036.795864
,-6.0,50,2038.50259
,-16.0,50,2040.241958
,-21.0,50,2041.972306
,-35.0,50,2043.652842
,-13.0,50,2045.366489
,-16.0,50,2047.087309
,-12.0,50,2048.833505
,-19.0,50,2050.530358
,-19.0,50,2052.229927
,-13.0,50,2053.914864
,-24.0,50,2055.669498
,0.0,50,2057.376196
,-12.0,50,2059.14638
,-23.0,50,2060.806941
,-12.0,50,2062.546335
,-12.0,50,2064.211662
,-8.0,50,2065.97421
,-19.0,50,2067.718189
,-18.0,50,2069.448748
,-17.0,50,2071.153254
,-11.0,50,2072.846354
,-24.0,50,2074.597214
,0.0,50,2076.302061
,-13.0,50,2078.051461
,-13.0,50,2078.354573
,-7.0,50,2078.654686
,-8.0,50,2078.921075
,-33.0,50,2079.206386
,-11.0,50,2079.499815
,-13.0,50,2079.764832
,-10.0,50,2080.037228
,-13.0,50,2080.331996
,-12.0,50,2080.584379
,-16.0,50,2080.895272
,-18.0,50,2082.636245
,-6.0,50,2084.298821
,-30.0,50,2086.066437
,-18.0,50,2087.757507
,-15.0,50,2089.475512
,-17.0,50,2091.213243
,-27.0,50,2092.938591
,-24.0,50,2094.663025
,-33.0,50,2096.413799
,-32.0,50,2098.149049
,-17.0,50,2099.816616
,-45.0,50,2101.620044
,-14.0,50,2103.304547
,-23.0,50,2105.011182
,-24.0,50,2106.754543
,-13.0,50,2108.485142
,-22.0,50,2110.188902
,-25.0,50,2111.898211
,-17.0,50,2113.682523
,-8.0,50,2115.393483
,-16.0,50,2117.092104
,-27.0,50,2118.864736
,-3.0,50,2120.551039
,-13.0,50,2122.298522
,-12.0,50,2123.994505
,-13.0,50,2125.739813
,-31.0,50,2127.450274
,-19.0,50,2129.165975
,-8.0,50,2130.855951
,-12.0,50,2132.608751
,-11.0,50,2134.316242
,-12.0,50,2136.023662
,-10.0,50,2137.795902
,-25.0,50,2139.490077
,-10.0,50,2141.230172
,-24.0,50,2142.964247
,-9.0,50,2144.741135
,-22.0,50,2146.394122
,-15.0,50,2148.175179
,-3.0,50,2149.883009
,-33.0,50,2151.636925
,-32.0,50,2153.347205
,-26.0,50,2155.101382
,-18.0,50,2156.846796
,-27.0,50,2158.538948
,-41.0,50,2160.248876
,-33.0,50,2161.975306
,-20.0,50,2163.714989
,-11.0,50,2165.420367
,-7.0,50,2167.156008
,-8.0,50,2167.422133
,-26.0,50,2167.732717
,-6.0,50,2167.99185
,-7.0,50,2168.26598
,-6.0,50,2168.538523
,-47.0,50,2168.817624
,-10.0,50,2169.077555
,-4.0,50,2169.357922
,-11.0,50,2169.629084
,-34.0,50,2170.01774
,-34.0,50,2171.738073
,-26.0,50,2173.495166
,-12.0,50,2175.261772
,-16.0,50,2176.963069
,-21.0,50,2178.655533
,-26.0,50,2180.405583
,-11.0,50,2182.103014
,-46.0,50,2183.881758
,-29.0,50,2185.597769
,-22.0,50,2187.312615
,-2.0,50,2189.016119
,-16.0,50,2190.722449
,-15.0,50,2192.445272
,-17.0,50,2194.192028
,0.0,50,2195.876886
,0.0,50,2197.606975
,-44.0,50,2199.345571
,-20.0,50,2201.025301
,-12.0,50,2202.744147
,-38.0,50,2204.53714
,-28.0,50,2206.198487
,-25.0,50,2207.956601
,-12.0,50,2209.706641
,-19.0,50,2211.457522
,-22.0,50,2213.146611
,-16.0,50,2214.869162
,-18.0,50,2216.632814
,-16.0,50,2218.356779
,-27.0,50,2220.102116
,-11.0,50,2221.843592
,-22.0,50,2223.551374
,-10.0,50,2225.296028
,-17.0,50,2227.047109
,-20.0,50,2228.795392
,-9.0,50,2230.503085
,-22.0,50,2232.261345
,-19.0,50,2233.95438
,-9.0,50,2235.705279
,-21.0,50,2237.421756
,-14.0,50,2239.181678
,-23.0,50,2240.909413
,-7.0,50,2242.637859
,-12.0,50,2244.349489
,-13.0,50,2246.040446
,-27.0,50,2247.776879
,-13.0,50,2249.479642
,-14.0,50,2251.243118
,-21.0,50,2252.937126
,-8.0,50,2254.713458
,-11.0,50,2256.503758
,-8.0,50,2256.778512
,-9.0,50,2257.041906
,-5.0,50,2257.313785
,0.0,50,2257.577095
,-15.0,50,2257.844513
,-7.0,50,2258.107357
,-9.0,50,2258.381557
,-11.0,50,2258.652589
,-17.0,50,2258.934502
,-15.0,50,2259.316293
,-20.0,50,2261.07512
,-26.0,50,2262.763227
,-8.0,50,2264.489265
,-47.0,50,2266.218119
,-14.0,50,2267.959176
,-14.0,50,2269.715208
,-11.0,50,2271.478519
,-19.0,50,2273.196742
,-22.0,50,2274.917941
,0.0,50,2276.619823
,-27.0,50,2278.369253
,-19.0,50,2280.134644
,-10.0,50,2281.855479
,-22.0,50,2283.5532
,-14.0,50,2285.272244
,0.0,50,2286.9925
,-50.0,50,2288.77106
,-22.0,50,2290.527336
,-20.0,50,2292.243351
,-18.0,50,2293.920885
,-45.0,50,2295.761738
,-18.0,50,2297.447731
,-10.0,50,2299.202873
,-18.0,50,2300.928035
,-24.0,50,2302.661425
,-12.0,50,2304.390253
,-18.0,50,2306.131472
,-5.0,50,2307.951018
,-35.0,50,2309.664978
,-24.0,50,2311.399605
,-37.0,50,2313.120135
,-7.0,50,2314.839592
,-7.0,50,2316.60918
,-25.0,50,2318.34767
,-31.0,50,2320.027891
,-11.0,50,2321.806613
,-10.0,50,2323.493504
,-26.0,50,2325.285159
,-16.0,50,2327.008709
,-6.0,50,2328.71752
,-22.0,50,2330.546435
,-33.0,50,2332.217164
,-12.0,50,2333.930719
,-19.0,50,2335.651151
,-19.0,50,2337.367693
,-14.0,50,2339.150964
,-27.0,50,2340.851478
,-10.0,50,2342.628014
,-25.0,50,2344.307395
,0.0,50,2346.092139
,0.0,50,2346.338706
,-8.0,50,2346.615204
,-9.0,50,2346.889791
,-9.0,50,2347.174924
,-11.0,50,2347.449665
,-6.0,50,2347.723456
,-14.0,50,2347.993007
,-8.0,50,2348.245858
,-10.0,50,2348.530095
,-24.0,50,2348.923085
,-19.0,50,2350.640015
,0.0,50,2352.393608
,-42.0,50,2354.154249
,-21.0,50,2355.935125
,-11.0,50,2357.63307
,-15.0,50,2359.38044
,-22.0,50,2361.137528
,-16.0,50,2362.858932
,-13.0,50,2364.556333
,-30.0,50,2366.308394
,-15.0,50,2368.007509
,-44.0,50,2369.78749
,-20.0,50,2371.508776
,-15.0,50,2373.235606
,-31.0,50,2375.001066
,-10.0,50,2376.756914
,-33.0,50,2378.501993
,-19.0,50,2380.184913
,-15.0,50,2381.923046
,-15.0,50,2383.700946
,-3.0,50,2385.414617
,-21.0,50,2387.174993
,-19.0,50,2388.861492
,-16.0,50,2390.593788
,-9.0,50,2392.325673
,0.0,50,2394.072061
,-15.0,50,2395.787626
,-11.0,50,2397.532247
,-20.0,50,2399.317645
,0.0,50,2401.054371
,-7.0,50,2402.808324
,-30.0,50,2404.545416
,-14.0,50,2406.294546
,-13.0,50,2407.981461
,-11.0,50,2409.756935
,-13.0,50,2411.516892
,-16.0,50,2413.274038
,-35.0,50,2414.970488
,-27.0,50,2416.729121
,-17.0,50,2418.430532
,-7.0,50,2420.207991
,-18.0,50,2421.942865
,-13.0,50,2423.7003
,-16.0,50,2425.420981
,-48.0,50,2427.189045
,-13.0,50,2428.875268
,-7.0,50,2430.6635
,-12.0,50,2432.371752
,-14.0,50,2434.150285
,0.0,50,2435.858033
,-8.0,50,2436.132037
,0.0,50,2436.393215
,-11.0,50,2436.65128
,0.0,50,2436.927296
,-11.0,50,2437.209082
,-30.0,50,2437.497515
,-7.0,50,2437.793444
,-13.0,50,2438.087762
,-11.0,50,2438.360045
,-17.0,50,2438.743186
,-19.0,50,2440.431207
,-22.0,50,2442.184892
,-28.0,50,2443.976727
,-2.0,50,2445.653963
,-19.0,50,2447.390979
,-20.0,50,2449.166165
,-24.0,50,2450.892898
,-15.0,50,2452.702183
,-20.0,50,2454.414654
,-15.0,50,2456.128142
,-17.0,50,2457.856315
,-14.0,50,2459.607332
,-6.0,50,2461.351333
,-24.0,50,2463.083863
,-37.0,50,2464.830369
,-6.0,50,2466.567455
,-9.0,50,2468.342785
,-13.0,50,2470.120739
,-10.0,50,2471.802773
,-19.0,50,2473.56286
,-8.0,50,2475.32523
,-12.0,50,2477.06662
,-7.0,50,2478.830969
,-13.0,50,2480.556644
,-23.0,50,2482.274578
,-4.0,50,2484.048787
,-22.0,50,2485.735819
,-22.0,50,2487.517904
,-12.0,50,2489.242236
,-14.0,50,2491.005696
,-18.0,50,2492.738427
,-31.0,50,2494.459734
,-23.0,50,2496.186263
,0.0,50,2497.90696
,-13.0,50,2499.687304
,0.0,50,2501.419514
,-18.0,50,2503.16448
,-22.0,50,2504.956284
,-13.0,50,2506.690337
,-21.0,50,2508.467934
,-18.0,50,2510.187415
,-10.0,50,2511.90282
,-16.0,50,2513.66733
,-19.0,50,2515.400915
,-12.0,50,2517.116137
,-15.0,50,2518.856066
,-13.0,50,2520.616051
,-13.0,50,2522.366489
,-16.0,50,2524.11148
,-10.0,50,2525.846896
,-12.0,50,2526.118058
,-6.0,50,2526.401838
,-17.0,50,2526.680141
,-6.0,50,2526.958437
,-7.0,50,2527.195456
,-6.0,50,2527.470968
,0.0,50,2527.74249
,-14.0,50,2528.027441
,0.0,50,2528.281663
,-10.0,50,2528.653045
,-16.0,50,2530.417834
,-6.0,50,2532.180874
,-14.0,50,2533.921706
,0.0,50,2535.661743
,-37.0,50,2537.433277
,-17.0,50,2539.134376
,-34.0,50,2540.898935
,-28.0,50,2542.657864
,-15.0,50,2544.422374
,-23.0,50,2546.197485
,-30.0,50,2547.906451
,-29.0,50,2549.678903
,-13.0,50,2551.435523
,-11.0,50,2553.110466
,-6.0,50,2554.890122
,-10.0,50,2556.576985
,-12.0,50,2558.356764
,-9.0,50,2560.114856
,-11.0,50,2561.843696
,-15.0,50,2563.645154
,-13.0,50,2565.349164
,-14.0,50,2567.105978
,-14.0,50,2568.937245
,0.0,50,2570.619388
,-23.0,50,2572.428952
,-10.0,50,2574.127184
,-11.0,50,2575.920262
,-22.0,50,2577.637218
,-16.0,50,2579.386572
,-11.0,50,2581.101806
,-21.0,50,2582.837653
,-26.0,50,2584.566195
,-23.0,50,2586.349447
,-6.0,50,2588.119148
,-21.0,50,2589.889426
,0.0,50,2591.610395
,-16.0,50,2593.369371
,-15.0,50,2595.146542
,-17.0,50,2596.915271
,-16.0,50,2598.620661
,-24.0,50,2600.403541
,-14.0,50,2602.123274
,-17.0,50,2603.903777
,-29.0,50,2605.611299
,-13.0,50,2607.359397
,-9.0,50,2609.151554
,-36.0,50,2610.929662
,-12.0,50,2612.70239
,-13.0,50,2614.478897
,-8.0,50,2616.191104
,-11.0,50,2616.470505
,-11.0,50,2616.712833
,-8.0,50,2616.998939
,-14.0,50,2617.275181
,-6.0,50,2617.564488
,-7.0,50,2617.831736
,-13.0,50,2618.094355
,-15.0,50,2618.388694
,-10.0,50,2618.652217
,0.0,50,2619.050463
,-10.0,50,2620.797534
,-14.0,50,2622.579467
,-12.0,50,2624.344266
,-20.0,50,2626.032319
,-18.0,50,2627.860814
,-6.0,50,2629.551942
,-26.0,50,2631.299418
,-9.0,50,2633.105017
,-17.0,50,2634.846718
,-19.0,50,2636.610816
,-15.0,50,2638.374928
,-11.0,50,2640.128076
,-50.0,50,2641.888396
,-19.0,50,2643.616066
,-15.0,50,2645.381202
,-24.0,50,2647.184449
,-11.0,50,2648.892227
,-10.0,50,2650.656999
,0.0,50,2652.417758
,-24.0,50,2654.139034
,-12.0,50,2655.957479
,-31.0,50,2657.66259
,-14.0,50,2659.474632
,-13.0,50,2661.200582
,0.0,50,2662.930693
,-14.0,50,2664.750849
,-36.0,50,2666.485695
,-26.0,50,2668.245058
,-19.0,50,2670.000331
,-18.0,50,2671.739182
,-23.0,50,2673.515166
,-38.0,50,2675.228689
,-47.0,50,2676.991884
,-8.0,50,2678.721794
,-26.0,50,2680.498177
,-14.0,50,2682.205242
,-13.0,50,2683.992651
,-12.0,50,2685.770157
,-13.0,50,2687.457992
,-39.0,50,2689.218319
,-16.0,50,2690.999955
,-12.0,50,2692.755757
,-7.0,50,2694.495124
,-10.0,50,2696.274452
,0.0,50,2698.064015
,-37.0,50,2699.830008
,-9.0,50,2701.618484
,0.0,50,2703.349983
,-16.0,50,2705.078334
,-10.0,50,2706.843383
,-10.0,50,2707.130007
,-13.0,50,2707.401726
,-11.0,50,2707.682477
,-7.0,50,2707.942683
,-11.0,50,2708.192036
,-13.0,50,2708.462206
,-13.0,50,2708.766921
,-9.0,50,2709.040715
,-11.0,50,2709.320714
,-14.0,50,2709.701943
,-13.0,50,2711.45793
,-20.0,50,2713.192267
,-11.0,50,2714.938635
,-24.0,50,2716.742696
,-17.0,50,2718.468002
,-16.0,50,2720.207607
,-3.0,50,2722.036594
,-33.0,50,2723.721652
,-17.0,50,2725.496748
,-29.0,50,2727.266101
,-21.0,50,2729.003835
,-13.0,50,2730.793879
,-13.0,50,2732.559186
,-2.0,50,2734.308133
,-5.0,50,2736.033671
,-16.0,50,2737.820568
,-12.0,50,2739.537779
,-28.0,50,2741.338015
,-14.0,50,2743.144979
,-17.0,50,2744.899822
,-35.0,50,2746.653255
,-12.0,50,2748.387815
,-17.0,50,2750.16953
,0.0,50,2751.83922
,-10.0,50,2753.608264
,-50.0,50,2755.441297
,0.0,50,2757.180383
,-10.0,50,2758.878978
,-16.0,50,2760.642172
,-16.0,50,2762.445873
,-16.0,50,2764.203694
,-26.0,50,2765.97083
,-16.0,50,2767.742369
,-11.0,50,2769.451406
,-10.0,50,2771.217608
,-21.0,50,2773.003023
,-11.0,50,2774.734991
,0.0,50,2776.475432
,-18.0,50,2778.209307
,0.0,50,2779.954824
,-40.0,50,2781.722995
,-9.0,50,2783.525329
,-20.0,50,2785.271935
,-35.0,50,2786.982689
,-25.0,50,2788.744502
,-32.0,50,2790.501102
,-6.0,50,2792.313816
,-11.0,50,2793.997059
,-14.0,50,2795.802747
,-11.0,50,2797.52974
,-26.0,50,2797.834798
,-11.0,50,2798.110158
,-11.0,50,2798.375132
,-9.0,50,2798.662521
,-5.0,50,2798.954913
,-8.0,50,2799.224314
,-11.0,50,2799.518044
,-12.0,50,2799.801675
,0.0,50,2800.067329
,0.0,50,2800.372728
,-23.0,50,2802.089051
,-22.0,50,2803.886691
,-21.0,50,2805.614971
,-15.0,50,2807.353245
,-27.0,50,2809.126051
,-20.0,50,2810.869176
,-37.0,50,2812.699634
,-12.0,50,2814.418771
,-20.0,50,2816.183909
,-20.0,50,2817.942964
,-16.0,50,2819.698381
,-18.0,50,2821.426541
,-27.0,50,2823.206855
,-11.0,50,2824.948611
,-15.0,50,2826.664535
,-16.0,50,2828.497149
,-32.0,50,2830.201148
,-39.0,50,2831.98123
,-22.0,50,2833.769691
,-22.0,50,2835.513964
,-27.0,50,2837.250936
,-21.0,50,2839.015793
,-10.0,50,2840.787606
,-12.0,50,2842.610561
,-34.0,50,2844.338727
,-5.0,50,2846.083987
,-27.0,50,2847.848674
,-26.0,50,2849.588868
,-19.0,50,2851.370135
,-21.0,50,2853.093195
,0.0,50,2854.841908
,-3.0,50,2856.662882
,-11.0,50,2858.354273
,-11.0,50,2860.139379
,-19.0,50,2861.879471
,-32.0,50,2863.6552
,-20.0,50,2865.372492
,-4.0,50,2867.1773
,-13.0,50,2868.917798
,-16.0,50,2870.671248
,-15.0,50,2872.459854
,-26.0,50,2874.172544
,-11.0,50,2875.973164
,-37.0,50,2877.719406
,-14.0,50,2879.471328
,-21.0,50,2881.236521
,-9.0,50,2882.996856
,-18.0,50,2884.78502
,-6.0,50,2886.584935
,-15.0,50,2888.384252
,-19.0,50,2888.673214
,-11.0,50,2888.959373
,-9.0,50,2889.23095
,0.0,50,2889.49608
,-6.0,50,2889.772837
,-11.0,50,2890.080337
,-6.0,50,2890.348778
,-8.0,50,2890.655272
,-7.0,50,2890.902303
,-47.0,50,2891.213466
,-8.0,50,2892.968055
,-14.0,50,2894.681345
,-8.0,50,2896.435278
,-47.0,50,2898.184427
,-39.0,50,2899.989434
,-15.0,50,2901.746437
,-13.0,50,2903.515773
,-30.0,50,2905.341737
,-10.0,50,2907.097507
,-38.0,50,2908.83295
,-16.0,50,2910.584502
,-12.0,50,2912.364086
,-4.0,50,2914.125388
,-11.0,50,2915.865795
,-21.0,50,2917.603924
,-35.0,50,2919.375335
,-18.0,50,2921.174189
,-7.0,50,2922.93086
,-14.0,50,2924.739024
,-8.0,50,2926.535809
,-15.0,50,2928.271863
,-21.0,50,2930.073087
,-47.0,50,2931.808812
,-26.0,50,2933.549361
,-14.0,50,2935.334911
,-11.0,50,2937.1028
,0.0,50,2938.884083
,-11.0,50,2940.634411
,-27.0,50,2942.457529
,-41.0,50,2944.211709
,-16.0,50,2946.033757
,-18.0,50,2947.761081
,-20.0,50,2949.545985
,-12.0,50,2951.311501
,-27.0,50,2953.106463
,-14.0,50,2954.832806
,-10.0,50,2956.59594
,-5.0,50,2958.432673
,-38.0,50,2960.205724
,-6.0,50,2961.932421
,-21.0,50,2963.684891
,-17.0,50,2965.488194
,-12.0,50,2967.245292
,-6.0,50,2968.977551
,-23.0,50,2970.787141
,-20.0,50,2972.561136
,-6.0,50,2974.326876
,-11.0,50,2976.061762
,-19.0,50,2977.891344
,-5.0,50,2979.636697
,-9.0,50,2979.91959
,-11.0,50,2980.207766
,-7.0,50,2980.47892
,-6.0,50,2980.738086
,-5.0,50,2981.024581
,-5.0,50,2981.310624
,-7.0,50,2981.59774
,-8.0,50,2981.871556
,-7.0,50,2982.153199
,-13.0,50,2982.542951
,0.0,50,2984.278738
,-8.0,50,2986.03785
,-25.0,50,2987.802136
,-13.0,50,2989.52293
,-27.0,50,2991.359449
,-11.0,50,2993.120362
,-9.0,50,2994.855407
,-11.0,50,2996.606258
,-21.0,50,2998.389338
,-31.0,50,3000.18156
,-50.0,50,3001.965744
,-34.0,50,3003.722875
,-15.0,50,3005.483926
,-25.0,50,3007.259373
,-25.0,50,3009.012687
,-20.0,50,3010.794411
,-9.0,50,3012.559762
,-21.0,50,3014.374568
,-31.0,50,3016.078272
,0.0,50,3017.816238
,-14.0,50,3019.635124
,-15.0,50,3021.394697
,-31.0,50,3023.257448
,-22.0,50,3024.990566
,-31.0,50,3026.769619
,0.0,50,3028.544297
,-8.0,50,3030.330345
,-17.0,50,3032.135028
,-17.0,50,3033.88511
,-15.0,50,3035.602472
,-30.0,50,3037.427534
,-19.0,50,3039.179805
,-20.0,50,3040.933524
,-14.0,50,3042.744949
,-12.0,50,3044.491089
,0.0,50,3046.301623
,-20.0,50,3048.119751
,-13.0,50,3049.859613
,-30.0,50,3051.603903
,-31.0,50,3053.380347
,-16.0,50,3055.13574
,-26.0,50,3056.90077
,-17.0,50,3058.687848
,-14.0,50,3060.452512
,0.0,50,3062.190417
,-21.0,50,3064.004608
,0.0,50,3065.74946
,-21.0,50,3067.539909
,-12.0,50,3069.304421
,-12.0,50,3071.027368
,0.0,50,3071.318631
,-5.0,50,3071.588348
,-14.0,50,3071.862322
,-15.0,50,3072.195803
,-3.0,50,3072.475357
,0.0,50,3072.741727
,-7.0,50,3073.015202
,-9.0,50,3073.29283
,-10.0,50,3073.571706
,-18.0,50,3073.943385
,-40.0,50,3075.670676
,-28.0,50,3077.520109
,-14.0,50,3079.248669
,-46.0,50,3080.978904
,-22.0,50,3082.833353
,-10.0,50,3084.531509
,-14.0,50,3086.318177
,-12.0,50,3088.129819
,-9.0,50,3089.933378
,-15.0,50,3091.680886
,-8.0,50,3093.40668
,-14.0,50,3095.262456
,-8.0,50,3097.003356
,-29.0,50,3098.794895
,-13.0,50,3100.547605
,-32.0,50,3102.359355
,-9.0,50,3104.12328
,-5.0,50,3105.916357
,-20.0,50,3107.672024
,-5.0,50,3109.414935
,-14.0,50,3111.235097
,-22.0,50,3112.945623
,-6.0,50,3114.738187
,-14.0,50,3116.497785
,-8.0,50,3118.312375
,-16.0,50,3120.030707
,-26.0,50,3121.795825
,-17.0,50,3123.589096
,-25.0,50,3125.387872
,-12.0,50,3127.127985
,-9.0,50,3128.943723
,-16.0,50,3130.722053
,-9.0,50,3132.469837
,-27.0,50,3134.227376
,-36.0,50,3136.053315
,-12.0,50,3137.852251
,-28.0,50,3139.604241
,-9.0,50,3141.391139
,-21.0,50,3143.109417
,0.0,50,3144.905104
,-8.0,50,3146.694522
,-7.0,50,3148.447096
,-21.0,50,3150.265866
,-19.0,50,3152.036148
,-16.0,50,3153.816792
,-23.0,50,3155.615837
,-6.0,50,3157.358526
,0.0,50,3159.151256
,-26.0,50,3160.928159
,-12.0,50,3162.771093
,-8.0,50,3163.06278
,-16.0,50,3163.339911
,-7.0,50,3163.626623
,-13.0,50,3163.914032
,-12.0,50,3164.178385
,-13.0,50,3164.470601
,-9.0,50,3164.750654
,-8.0,50,3165.022709
,-15.0,50,3165.296333
,-9.0,50,3165.572895
,-14.0,50,3167.334474
,-13.0,50,3169.076
,-15.0,50,3170.860159
,-31.0,50,3172.651721
,-15.0,50,3174.411159
,-23.0,50,3176.215307
,-29.0,50,3178.006888
,-23.0,50,3179.793914
,-14.0,50,3181.531374
,-21.0,50,3183.286369
,-15.0,50,3185.076087
,-12.0,50,3186.879463
,-12.0,50,3188.627967
,-7.0,50,3190.410532
,-31.0,50,3192.166355
,-10.0,50,3194.008381
,-18.0,50,3195.768167
,-13.0,50,3197.596045
,-11.0,50,3199.359345
,-32.0,50,3201.132218
,-19.0,50,3202.971409
,-17.0,50,3204.751599
,-8.0,50,3206.482234
,-13.0,50,3208.237267
,-22.0,50,3210.036731
,-13.0,50,3211.86102
,-18.0,50,3213.573083
,-26.0,50,3215.374764
,-13.0,50,3217.178347
,-40.0,50,3218.898851
,-29.0,50,3220.653993
,-12.0,50,3222.49017
,-12.0,50,3224.290984
,0.0,50,3226.034972
,-11.0,50,3227.836031
,-16.0,50,3229.597269
,-16.0,50,3231.42208
,-19.0,50,3233.199788
,-13.0,50,3235.003042
,-24.0,50,3236.745397
,-10.0,50,3238.553332
,0.0,50,3240.32808
,-12.0,50,3242.10408
,0.0,50,3243.905235
,-24.0,50,3245.682613
,-19.0,50,3247.424775
,-6.0,50,3249.233227
,-10.0,50,3251.033071
,-22.0,50,3252.792685
,-11.0,50,3254.56823
,-4.0,50,3254.858806
,-3.0,50,3255.13396
,-4.0,50,3255.404087
,-8.0,50,3255.681041
,-9.0,50,3255.952254
,-10.0,50,3256.236224
,-11.0,50,3256.507527
,0.0,50,3256.786206
,-8.0,50,3257.050711
,-21.0,50,3257.343956
,-11.0,50,3259.191238
,-16.0,50,3260.931107
,-9.0,50,3262.676502
,-17.0,50,3264.513934
,-18.0,50,3266.267734
,-29.0,50,3268.042853
,-36.0,50,3269.852598
,-11.0,50,3271.648083
,-9.0,50,3273.401223
,-48.0,50,3275.156936
,-21.0,50,3276.973352
,-16.0,50,3278.761159
,-15.0,50,3280.511503
,-12.0,50,3282.308276
,-26.0,50,3284.100218
,-14.0,50,3285.925888
,-14.0,50,3287.643326
,-14.0,50,3289.480926
,-11.0,50,3291.218393
,-9.0,50,3292.983725
,-19.0,50,3294.782001
,-13.0,50,3296.599531
,-32.0,50,3298.401084
,-17.0,50,3300.145759
,-23.0,50,3301.932811
,-11.0,50,3303.721382
,-15.0,50,3305.545118
,-8.0,50,3307.31585
,-17.0,50,3309.135003
,-17.0,50,3310.865786
,-12.0,50,3312.655886
,-25.0,50,3314.503365
,-22.0,50,3316.247978
,-6.0,50,3318.069501
,-11.0,50,3319.821936
,-28.0,50,3321.625281
,-23.0,50,3323.449094
,-24.0,50,3325.255975
,-13.0,50,3327.041105
,-12.0,50,3328.801856
,-8.0,50,3330.648037
,-18.0,50,3332.406168
,-13.0,50,3334.201986
,-16.0,50,3335.984511
,-12.0,50,3337.742398
,-8.0,50,3339.579361
,-28.0,50,3341.345369
,-16.0,50,3343.131713
,-15.0,50,3344.935416
,-6.0,50,3346.716751
,-8.0,50,3347.01433
,-10.0,50,3347.293894
,-2.0,50,3347.586346
,0.0,50,3347.864788
,-9.0,50,3348.135927
,-8.0,50,3348.443382
,-4.0,50,3348.723254
,-13.0,50,3349.017691
,-10.0,50,3349.257814
,-9.0,50,3349.570848
,-8.0,50,3351.355497
,-12.0,50,3353.074216
,-14.0,50,3354.876675
,-18.0,50,3356.667956
,-16.0,50,3358.418055
,-31.0,50,3360.309643
,-20.0,50,3362.025506
,-21.0,50,3363.857202
,-19.0,50,3365.639255
,-19.0,50,3367.452421
,0.0,50,3369.207675
,-10.0,50,3371.033787
,-48.0,50,3372.793413
,-9.0,50,3374.599068
,-38.0,50,3376.411827
,-43.0,50,3378.167369
,-12.0,50,3379.953879
,-18.0,50,3381.748897
,-40.0,50,3383.538341
,-6.0,50,3385.292673
,-20.0,50,3387.12757
,-19.0,50,3388.896108
,-45.0,50,3390.773029
,-41.0,50,3392.553248
,-12.0,50,3394.295807
,-16.0,50,3396.133072
,-14.0,50,3397.947984
,-37.0,50,3399.68604
,-12.0,50,3401.465943
,-15.0,50,3403.2509
,-14.0,50,3405.038534
,-16.0,50,3406.849794
,-16.0,50,3408.760021
,-26.0,50,3410.520566
,-13.0,50,3412.332399
,-19.0,50,3414.059567
,-20.0,50,3415.8871
,-42.0,50,3417.657904
,-9.0,50,3419.404097
,-17.0,50,3421.279681
,-25.0,50,3423.040111
,-12.0,50,3424.854846
,-29.0,50,3426.620291
,0.0,50,3428.407938
,-15.0,50,3430.201143
,-14.0,50,3432.031676
,-20.0,50,3433.800331
,-24.0,50,3435.607978
,-17.0,50,3437.41817
,-9.0,50,3439.184326
,-11.0,50,3439.451634
,-7.0,50,3439.741129
,-3.0,50,3440.027529
,-9.0,50,3440.302324
,-13.0,50,3440.577391
,-5.0,50,3440.836776
,-13.0,50,3441.082392
,-14.0,50,3441.35255
,-4.0,50,3441.6311
,-27.0,50,3442.032873
,-19.0,50,3443.805171
,-11.0,50,3445.640046
,-17.0,50,3447.439958
,-16.0,50,3449.187433
,-11.0,50,3450.993496
,-16.0,50,3452.764201
,-46.0,50,3454.54015
,0.0,50,3456.324843
,-21.0,50,3458.168692
,-15.0,50,3459.944512
,-26.0,50,3461.691935
,-12.0,50,3463.496217
,0.0,50,3465.283288
,-13.0,50,3467.055947
,-15.0,50,3468.866279
,-12.0,50,3470.640373
,-26.0,50,3472.383069
,0.0,50,3474.192615
,0.0,50,3475.948366
,-4.0,50,3477.766732
,-38.0,50,3479.546546
,-18.0,50,3481.383482
,-16.0,50,3483.16984
,-29.0,50,3484.98811
,-11.0,50,3486.764054
,-47.0,50,3488.581966
,-10.0,50,3490.341985
,-19.0,50,3492.124865
,-22.0,50,3493.895341
,-17.0,50,3495.693482
,-15.0,50,3497.457618
,-7.0,50,3499.30791
,-20.0,50,3501.061414
,-22.0,50,3502.834242
,-12.0,50,3504.651373
,-13.0,50,3506.485775
,-19.0,50,3508.218044
,-17.0,50,3510.039447
,-15.0,50,3511.823882
,-9.0,50,3513.625443
,-9.0,50,3515.42922
,-8.0,50,3517.24652
,-10.0,50,3519.01052
,0.0,50,3520.831166
,-23.0,50,3522.586023
,-13.0,50,3524.407526
,-7.0,50,3526.251076
,-24.0,50,3528.046457
,-17.0,50,3529.814306
,0.0,50,3531.610993
,0.0,50,3531.887561
,-7.0,50,3532.151944
,0.0,50,3532.447989
,-14.0,50,3532.72037
,0.0,50,3533.006942
,0.0,50,3533.309553
,-11.0,50,3533.587922
,-7.0,50,3533.889561
,-12.0,50,3534.1465
