#{"t_start": 1583492675.7278373, "env_id": "FetchPickAndPlace-v1"}
s,r,l,t
,-50.0,50,5.617234
,-50.0,50,7.506335
,-50.0,50,9.129789
,-50.0,50,10.775875
,-50.0,50,12.406842
,-50.0,50,14.024641
,-50.0,50,15.645497
,-50.0,50,17.223303
,-50.0,50,18.835112
,-50.0,50,20.435981
,-50.0,50,22.043921
,-50.0,50,23.688697
,-50.0,50,25.313044
,-50.0,50,26.922934
,-50.0,50,28.535306
,-50.0,50,30.139318
,-50.0,50,31.751877
,-50.0,50,33.309139
,-50.0,50,34.920431
,-50.0,50,36.547167
,-50.0,50,38.172692
,-50.0,50,39.77316
,-50.0,50,41.377662
,-50.0,50,42.972381
,-50.0,50,44.59814
,-50.0,50,46.202859
,-50.0,50,47.820692
,-50.0,50,49.389053
,-50.0,50,50.994301
,-50.0,50,52.601323
,-50.0,50,54.209379
,-50.0,50,55.793528
,-50.0,50,57.415437
,-50.0,50,59.026642
,-50.0,50,60.637161
,-50.0,50,62.229649
,-50.0,50,63.807095
,-50.0,50,65.419113
,-50.0,50,67.022693
,-50.0,50,68.639301
,-50.0,50,70.22796
,-50.0,50,71.867141
,-50.0,50,73.490823
,-50.0,50,75.097393
,-50.0,50,76.692725
,-50.0,50,78.282383
,-50.0,50,79.902849
,-50.0,50,81.496147
,-50.0,50,83.103592
,-50.0,50,84.713539
,-50.0,50,86.386379
,-50.0,50,86.67155
,-50.0,50,86.949131
,-50.0,50,87.206221
,-50.0,50,87.466632
,-50.0,50,87.736246
,-50.0,50,88.001817
,-50.0,50,88.247949
,-50.0,50,88.502669
,-50.0,50,88.753347
,-50.0,50,89.20732
,-50.0,50,90.84932
,-50.0,50,92.435786
,-50.0,50,94.061809
,-50.0,50,95.66483
,-50.0,50,97.286817
,-50.0,50,98.886904
,0.0,50,100.504119
,-50.0,50,102.111078
,-50.0,50,103.745855
,-50.0,50,105.313273
,-50.0,50,106.96935
,-50.0,50,108.577502
,-50.0,50,110.136528
,-50.0,50,111.781232
,-50.0,50,113.381189
,-50.0,50,114.980711
,-50.0,50,116.605361
,-50.0,50,118.222886
,-50.0,50,119.819639
,-50.0,50,121.429266
,-50.0,50,123.045004
,-50.0,50,124.639032
,-50.0,50,126.276711
,-50.0,50,127.866176
,-50.0,50,129.455877
,-50.0,50,131.068402
,-50.0,50,132.716432
,-50.0,50,134.316004
,-50.0,50,135.919815
,-50.0,50,137.507428
,-50.0,50,139.134081
,-50.0,50,140.738826
,-50.0,50,142.370517
,-50.0,50,143.972382
,-50.0,50,145.606998
,-50.0,50,147.22122
,-50.0,50,148.851457
,-50.0,50,150.44705
,0.0,50,152.018569
,-50.0,50,153.640604
,-50.0,50,155.237402
,-50.0,50,156.873589
,-50.0,50,158.488676
,-50.0,50,160.092852
,-50.0,50,161.698914
,-50.0,50,163.272374
,-50.0,50,164.887364
,-50.0,50,166.533995
,-50.0,50,168.139139
,-50.0,50,169.773898
,-50.0,50,170.032735
,-50.0,50,170.282753
,-50.0,50,170.540873
,-50.0,50,170.785364
,-50.0,50,171.046927
,-50.0,50,171.292091
,-50.0,50,171.558329
,-50.0,50,171.829503
,-50.0,50,172.102771
,-50.0,50,172.498826
,-50.0,50,174.085411
,-50.0,50,175.70489
,-50.0,50,177.334056
,-50.0,50,178.941308
,-50.0,50,180.545367
,-50.0,50,182.172332
,-50.0,50,183.783615
,-50.0,50,185.392334
,-50.0,50,187.011002
,-50.0,50,188.620775
,-50.0,50,190.209285
,-50.0,50,191.839097
,-50.0,50,193.431254
,-50.0,50,195.028803
,-50.0,50,196.675812
,-50.0,50,198.27956
,-50.0,50,199.893111
,-50.0,50,201.528853
,-50.0,50,203.100872
,-50.0,50,204.721185
,-50.0,50,206.362067
,-50.0,50,208.005098
,-50.0,50,209.597887
,0.0,50,211.207289
,-50.0,50,212.830375
,-50.0,50,214.448057
,-50.0,50,216.035956
,-50.0,50,217.634292
,-50.0,50,219.27046
,-50.0,50,220.891404
,-50.0,50,222.547699
,-50.0,50,224.185153
,-50.0,50,225.789135
,-50.0,50,227.358501
,-50.0,50,228.997484
,-50.0,50,230.584486
,-50.0,50,232.229445
,-50.0,50,233.839138
,-50.0,50,235.446919
,-50.0,50,237.047351
,-50.0,50,238.681011
,-50.0,50,240.299193
,-50.0,50,241.904984
,-50.0,50,243.499116
,-50.0,50,245.103955
,-50.0,50,246.764763
,-50.0,50,248.376504
,-50.0,50,249.956814
,-50.0,50,251.591621
,-50.0,50,253.269844
,-50.0,50,253.524667
,-50.0,50,253.794518
,-50.0,50,254.08306
,-50.0,50,254.349249
,0.0,50,254.616671
,0.0,50,254.869789
,-50.0,50,255.133167
,-50.0,50,255.385644
,0.0,50,255.641111
,-50.0,50,255.966834
,-50.0,50,257.567521
,-50.0,50,259.208656
,-50.0,50,260.855113
,-50.0,50,262.497883
,-50.0,50,264.132099
,-50.0,50,265.730757
,-50.0,50,267.33327
,-50.0,50,268.97033
,-50.0,50,270.582525
,-50.0,50,272.208695
,-50.0,50,273.840857
,-50.0,50,275.435353
,-50.0,50,277.061726
,-50.0,50,278.700044
,-50.0,50,280.298695
,-50.0,50,281.949618
,-50.0,50,283.581877
,-50.0,50,285.19294
,-50.0,50,286.838925
,-50.0,50,288.430722
,-50.0,50,290.061608
,-13.0,50,291.692933
,-50.0,50,293.301267
,-50.0,50,294.931863
,-50.0,50,296.567443
,-50.0,50,298.215387
,-50.0,50,299.823327
,-50.0,50,301.495006
,-50.0,50,303.08574
,-50.0,50,304.693433
,-50.0,50,306.332063
,-50.0,50,307.948142
,-50.0,50,309.584505
,-50.0,50,311.18731
,-50.0,50,312.801459
,-50.0,50,314.463094
,-50.0,50,316.097085
,0.0,50,317.723192
,-50.0,50,319.32656
,-50.0,50,320.959204
,-50.0,50,322.608462
,-50.0,50,324.222715
,-50.0,50,325.815696
,-50.0,50,327.468359
,-50.0,50,329.064784
,-50.0,50,330.689768
,-50.0,50,332.349637
,-50.0,50,333.964379
,-50.0,50,335.629061
,-50.0,50,337.231754
,-50.0,50,337.514506
,-50.0,50,337.821092
,-50.0,50,338.096054
,-50.0,50,338.347049
,-50.0,50,338.60714
,-50.0,50,338.857528
,-50.0,50,339.165305
,-50.0,50,339.46873
,-50.0,50,339.732103
,-50.0,50,340.021105
,-50.0,50,341.634038
,-50.0,50,343.285226
,-50.0,50,344.885489
,-50.0,50,346.520994
,-50.0,50,348.171775
,-50.0,50,349.797454
,-50.0,50,351.402877
,-50.0,50,353.027158
,-50.0,50,354.694404
,-50.0,50,356.284302
,-50.0,50,357.954017
,-50.0,50,359.571477
,-50.0,50,361.215732
,-50.0,50,362.813092
,-50.0,50,364.480107
,-50.0,50,366.073274
,-50.0,50,367.692826
,-50.0,50,369.318752
,-50.0,50,370.975937
,-50.0,50,372.605571
,-50.0,50,374.278027
,-50.0,50,375.872918
,-50.0,50,377.479307
,-50.0,50,379.123082
,-50.0,50,380.742191
,-50.0,50,382.35846
,-50.0,50,384.051775
,-50.0,50,385.63063
,-50.0,50,387.263062
,-50.0,50,388.891112
,-50.0,50,390.551856
,-50.0,50,392.164516
,-50.0,50,393.778024
,-50.0,50,395.4416
,-50.0,50,397.08714
,-50.0,50,398.696332
,-50.0,50,400.363937
,-48.0,50,401.995941
,-50.0,50,403.630657
,-50.0,50,405.255606
,-50.0,50,406.863745
,-50.0,50,408.496158
,-50.0,50,410.156037
,-50.0,50,411.808422
,-50.0,50,413.445475
,-50.0,50,415.07403
,-50.0,50,416.752649
,-50.0,50,418.356967
,-50.0,50,419.943677
,-50.0,50,421.628984
,-50.0,50,421.906277
,-50.0,50,422.197708
,-50.0,50,422.453549
,-50.0,50,422.747511
,-50.0,50,422.99575
,-50.0,50,423.27328
,-50.0,50,423.56316
,-50.0,50,423.835848
,-50.0,50,424.110958
,-50.0,50,424.469366
,-50.0,50,426.094608
,-50.0,50,427.667641
,-50.0,50,429.357439
,-50.0,50,430.949065
,-50.0,50,432.595381
,-50.0,50,434.253166
,-50.0,50,435.881763
,-50.0,50,437.563462
,-50.0,50,439.196018
,-50.0,50,440.792149
,-50.0,50,442.442956
,-50.0,50,444.070993
,-50.0,50,445.699585
,-50.0,50,447.35024
,-50.0,50,448.990253
,-50.0,50,450.614324
,-50.0,50,452.244433
,-50.0,50,453.883056
,-50.0,50,455.52444
,-50.0,50,457.176318
,-50.0,50,458.79651
,-50.0,50,460.393952
,-50.0,50,462.085192
,-50.0,50,463.708767
,-50.0,50,465.332286
,-50.0,50,466.978571
,-50.0,50,468.597476
,-50.0,50,470.244203
,-50.0,50,471.836587
,-50.0,50,473.48588
,-50.0,50,475.162524
,-50.0,50,476.773811
,-50.0,50,478.419169
,0.0,50,480.036796
,-50.0,50,481.669433
,-50.0,50,483.333303
,-50.0,50,484.959677
,-50.0,50,486.573723
,-50.0,50,488.218139
,-50.0,50,489.890158
,-50.0,50,491.530399
,-50.0,50,493.133446
,-50.0,50,494.780747
,-50.0,50,496.395925
,-50.0,50,498.065408
,0.0,50,499.65069
,-50.0,50,501.333646
,-50.0,50,502.945879
,-50.0,50,504.549392
,-50.0,50,506.208354
,-50.0,50,506.465096
,-50.0,50,506.716745
,-50.0,50,506.987213
,-50.0,50,507.250808
,-50.0,50,507.503377
,-50.0,50,507.762432
,-50.0,50,508.031748
,-50.0,50,508.276194
,-50.0,50,508.55042
,-50.0,50,509.025361
,0.0,50,510.686936
,-50.0,50,512.333319
,-50.0,50,513.992917
,-50.0,50,515.651032
,-50.0,50,517.279815
,-19.0,50,518.869831
,-50.0,50,520.542172
,-50.0,50,522.191673
,-50.0,50,523.813062
,-50.0,50,525.44028
,-50.0,50,527.115875
,-50.0,50,528.690367
,-50.0,50,530.351761
,-50.0,50,531.997123
,-50.0,50,533.643646
,-50.0,50,535.24865
,-50.0,50,536.933279
,-50.0,50,538.54588
,-50.0,50,540.201881
,-50.0,50,541.830937
,-50.0,50,543.457788
,-50.0,50,545.111497
,-50.0,50,546.733481
,-50.0,50,548.376474
,-32.0,50,550.004827
,-50.0,50,551.621903
,-50.0,50,553.239615
,-50.0,50,554.892152
,-50.0,50,556.532138
,-50.0,50,558.164225
,-50.0,50,559.820408
,-50.0,50,561.439317
,-50.0,50,563.05377
,-50.0,50,564.72465
,-50.0,50,566.350651
,-50.0,50,567.986524
,-50.0,50,569.614606
,-50.0,50,571.267184
,-50.0,50,572.863088
,-43.0,50,574.506014
,-50.0,50,576.161425
,-50.0,50,577.794157
,-50.0,50,579.427954
,-50.0,50,581.071296
,-50.0,50,582.69078
,-50.0,50,584.339213
,-50.0,50,585.925033
,-50.0,50,587.592482
,-8.0,50,589.242574
,-50.0,50,590.905421
,-50.0,50,591.186226
,-50.0,50,591.485376
,-8.0,50,591.755213
,-50.0,50,592.002696
,-50.0,50,592.254985
,-50.0,50,592.542367
,-50.0,50,592.829759
,-50.0,50,593.1225
,-50.0,50,593.367281
,-50.0,50,593.669669
,-50.0,50,595.325985
,-49.0,50,596.967141
,-50.0,50,598.610966
,-50.0,50,600.281306
,-50.0,50,601.905127
,-50.0,50,603.593329
,-50.0,50,605.201576
,-50.0,50,606.849176
,-50.0,50,608.497132
,-50.0,50,610.139835
,-50.0,50,611.759707
,0.0,50,613.462638
,-50.0,50,615.065544
,-50.0,50,616.732479
,-22.0,50,618.334754
,-50.0,50,619.980281
,-50.0,50,621.643494
,-50.0,50,623.240448
,-50.0,50,624.891969
,-50.0,50,626.518504
,-50.0,50,628.17769
,-16.0,50,629.836378
,-50.0,50,631.486822
,-50.0,50,633.124197
,-50.0,50,634.751939
,-50.0,50,636.406832
,-6.0,50,638.010791
,-48.0,50,639.656416
,-50.0,50,641.288477
,-50.0,50,642.984931
,-50.0,50,644.579255
,-50.0,50,646.21779
,-50.0,50,647.880009
,-50.0,50,649.505446
,-40.0,50,651.139159
,-50.0,50,652.798344
,-8.0,50,654.46959
,-50.0,50,656.116417
,-50.0,50,657.707175
,-50.0,50,659.354796
,-50.0,50,660.990612
,-50.0,50,662.643971
,-50.0,50,664.266127
,-50.0,50,665.936148
,-50.0,50,667.569533
,-50.0,50,669.192266
,-50.0,50,670.824614
,-50.0,50,672.461522
,-50.0,50,674.095658
,-50.0,50,675.741587
,-50.0,50,676.020423
,-50.0,50,676.298627
,-49.0,50,676.58467
,-50.0,50,676.834167
,-50.0,50,677.092682
,-50.0,50,677.360059
,-50.0,50,677.629467
,-50.0,50,677.911668
,-50.0,50,678.170995
,-50.0,50,678.61839
,-50.0,50,680.241185
,-50.0,50,681.859884
,-50.0,50,683.529521
,-31.0,50,685.163633
,-50.0,50,686.79509
,-50.0,50,688.445261
,-50.0,50,690.094588
,-50.0,50,691.721574
,-50.0,50,693.374004
,-50.0,50,695.055551
,-50.0,50,696.663164
,-50.0,50,698.342457
,-50.0,50,699.995715
,-50.0,50,701.623251
,-50.0,50,703.246331
,-50.0,50,704.900805
,-50.0,50,706.545046
,-50.0,50,708.179862
,-50.0,50,709.841559
,-50.0,50,711.461491
,-50.0,50,713.117824
,-50.0,50,714.780334
,-50.0,50,716.407447
,-50.0,50,718.052438
,-50.0,50,719.6795
,-50.0,50,721.316157
,-11.0,50,723.036114
,-50.0,50,724.654138
,-50.0,50,726.263233
,-50.0,50,727.932758
,-50.0,50,729.601713
,-17.0,50,731.235163
,-50.0,50,732.866557
,-17.0,50,734.513916
,-50.0,50,736.143562
,-48.0,50,737.843258
,-50.0,50,739.449566
,-50.0,50,741.112946
,-50.0,50,742.713109
,-50.0,50,744.350905
,-50.0,50,745.987299
,-47.0,50,747.629303
,-50.0,50,749.268213
,-39.0,50,750.900222
,-50.0,50,752.536762
,-50.0,50,754.210391
,0.0,50,755.878983
,-50.0,50,757.521608
,-50.0,50,759.146322
,-50.0,50,760.789077
,-49.0,50,761.064882
,-50.0,50,761.339119
,-50.0,50,761.613206
,-50.0,50,761.890938
,-50.0,50,762.143489
,-50.0,50,762.398533
,-50.0,50,762.685585
,-50.0,50,762.92989
,-50.0,50,763.198375
,-49.0,50,763.632756
,-50.0,50,765.293531
,-50.0,50,766.95913
,0.0,50,768.602217
,-44.0,50,770.219759
,-50.0,50,771.889532
,-50.0,50,773.552387
,-50.0,50,775.188732
,0.0,50,776.857991
,-50.0,50,778.494118
,-50.0,50,780.18088
,-7.0,50,781.832916
,-50.0,50,783.415808
,-50.0,50,785.094476
,-50.0,50,786.712861
,0.0,50,788.339817
,-50.0,50,789.994015
,-50.0,50,791.634387
,-50.0,50,793.282005
,-24.0,50,794.962137
,-50.0,50,796.622042
,-48.0,50,798.299654
,-50.0,50,799.916443
,-50.0,50,801.593192
,-50.0,50,803.235007
,-50.0,50,804.843371
,-24.0,50,806.503593
,-50.0,50,808.15139
,-50.0,50,809.795707
,-48.0,50,811.438011
,-50.0,50,813.071173
,-50.0,50,814.744634
,-50.0,50,816.370728
,-50.0,50,818.038794
,-50.0,50,819.66223
,-50.0,50,821.27336
,-50.0,50,822.956369
,-50.0,50,824.561714
,-50.0,50,826.259119
,-50.0,50,827.899068
,-50.0,50,829.558124
,-50.0,50,831.236774
,-50.0,50,832.864722
,-50.0,50,834.451754
,-50.0,50,836.142135
,-50.0,50,837.773847
,-50.0,50,839.430369
,-50.0,50,841.061764
,-50.0,50,842.716582
,-50.0,50,844.337409
,-50.0,50,846.031262
,-50.0,50,846.306328
,-17.0,50,846.620672
,-50.0,50,846.901531
,-43.0,50,847.167382
,-50.0,50,847.414914
,-50.0,50,847.679367
,-50.0,50,847.933069
,-50.0,50,848.175504
,-40.0,50,848.433229
,-50.0,50,848.901387
,-50.0,50,850.552944
,-15.0,50,852.214438
,-50.0,50,853.876469
,-50.0,50,855.530456
,-50.0,50,857.176394
,-50.0,50,858.839927
,-18.0,50,860.461334
,-50.0,50,862.105072
,-50.0,50,863.77635
,-7.0,50,865.404136
,-50.0,50,867.104364
,-50.0,50,868.743003
,-50.0,50,870.391176
,-50.0,50,872.080329
,-24.0,50,873.720713
,-50.0,50,875.339569
,-50.0,50,877.013311
,-50.0,50,878.674272
,-50.0,50,880.3402
,0.0,50,881.96248
,-50.0,50,883.657483
,-50.0,50,885.331394
,-31.0,50,886.956011
,0.0,50,888.573082
,-12.0,50,890.219417
,-50.0,50,891.895549
,-50.0,50,893.508824
,-12.0,50,895.186227
,-50.0,50,896.865155
,-50.0,50,898.480454
,-50.0,50,900.188884
,-50.0,50,901.837229
,-50.0,50,903.548031
,0.0,50,905.168976
,-30.0,50,906.846048
,-50.0,50,908.468985
,-47.0,50,910.094252
,-50.0,50,911.789572
,-20.0,50,913.437005
,-42.0,50,915.129252
,0.0,50,916.774719
,-50.0,50,918.442296
,-50.0,50,920.07137
,-10.0,50,921.757885
,-50.0,50,923.403939
,-50.0,50,925.038852
,-50.0,50,926.695878
,-50.0,50,928.384724
,-50.0,50,930.026729
,-11.0,50,931.698177
,-50.0,50,931.947713
,-50.0,50,932.230496
,-8.0,50,932.529545
,-50.0,50,932.812272
,-50.0,50,933.064731
,-50.0,50,933.318244
,-50.0,50,933.587235
,-50.0,50,933.842714
,-16.0,50,934.15419
,-50.0,50,934.543207
,-50.0,50,936.206221
,-40.0,50,937.858265
,-34.0,50,939.53878
,-50.0,50,941.160023
,-42.0,50,942.80185
,-50.0,50,944.448991
,-50.0,50,946.137884
,-50.0,50,947.776299
,-50.0,50,949.441322
,-1.0,50,951.08339
,-50.0,50,952.75139
,-50.0,50,954.394797
,-50.0,50,956.075564
,-50.0,50,957.726593
,-50.0,50,959.350846
,-50.0,50,961.039389
,-50.0,50,962.733455
,-50.0,50,964.391919
,-50.0,50,966.019207
,-50.0,50,967.673506
,-50.0,50,969.351198
,-10.0,50,970.992639
,-4.0,50,972.623603
,-28.0,50,974.268208
,-3.0,50,975.931995
,-47.0,50,977.641374
,-50.0,50,979.232825
,-50.0,50,980.889898
,-50.0,50,982.558142
,-50.0,50,984.180709
,-50.0,50,985.83935
,-50.0,50,987.488719
,-25.0,50,989.156969
,-50.0,50,990.777064
,-50.0,50,992.435228
,-50.0,50,994.127927
,-11.0,50,995.803862
,-50.0,50,997.443439
,-50.0,50,999.116419
,-50.0,50,1000.755135
,-50.0,50,1002.430423
,-17.0,50,1004.071627
,-50.0,50,1005.733756
,-50.0,50,1007.382673
,-25.0,50,1009.053587
,-45.0,50,1010.710232
,0.0,50,1012.385814
,-19.0,50,1014.021564
,-37.0,50,1015.722744
,-50.0,50,1017.383077
,-50.0,50,1017.659772
,-50.0,50,1017.954014
,-50.0,50,1018.235943
,-29.0,50,1018.531344
,-50.0,50,1018.812871
,-50.0,50,1019.058375
,-50.0,50,1019.336411
,-50.0,50,1019.605922
,-50.0,50,1019.909931
,-50.0,50,1020.209554
,-50.0,50,1021.83522
,-50.0,50,1023.485617
,-49.0,50,1025.19794
,-28.0,50,1026.841505
,-11.0,50,1028.46247
,0.0,50,1030.094651
,-50.0,50,1031.752852
,-50.0,50,1033.374994
,-50.0,50,1035.025867
,-20.0,50,1036.722347
,-50.0,50,1038.366498
,-50.0,50,1040.012694
,-50.0,50,1041.716839
,-18.0,50,1043.346002
,-50.0,50,1044.964215
,-15.0,50,1046.655329
,-50.0,50,1048.285497
,-50.0,50,1049.944443
,-50.0,50,1051.603782
,-49.0,50,1053.219679
,-50.0,50,1054.935792
,-50.0,50,1056.566028
,-15.0,50,1058.253813
,-33.0,50,1059.88087
,-50.0,50,1061.559205
,-50.0,50,1063.221231
,-41.0,50,1064.917605
,-50.0,50,1066.572037
,-50.0,50,1068.199292
,-50.0,50,1069.838144
,-50.0,50,1071.523854
,-50.0,50,1073.189898
,-50.0,50,1074.809443
,-49.0,50,1076.464371
,-49.0,50,1078.151166
,0.0,50,1079.78267
,-50.0,50,1081.454516
,-50.0,50,1083.110905
,-50.0,50,1084.816162
,-50.0,50,1086.410572
,-50.0,50,1088.115883
,-50.0,50,1089.751924
,0.0,50,1091.417881
,-49.0,50,1093.07648
,-50.0,50,1094.750802
,-50.0,50,1096.395862
,-50.0,50,1098.018019
,-50.0,50,1099.706171
,-49.0,50,1101.37884
,-50.0,50,1103.067435
,-50.0,50,1103.352851
,-50.0,50,1103.604742
,-50.0,50,1103.871172
,-50.0,50,1104.128757
,-50.0,50,1104.397082
,-50.0,50,1104.666174
,-50.0,50,1104.949031
,-50.0,50,1105.238698
,-9.0,50,1105.545293
,-50.0,50,1105.838661
,-50.0,50,1107.534233
,-46.0,50,1109.172339
,-50.0,50,1110.78482
,-50.0,50,1112.477364
,-39.0,50,1114.149652
,-50.0,50,1115.789076
,-50.0,50,1117.478081
,-50.0,50,1119.126693
,-50.0,50,1120.80705
,-50.0,50,1122.454951
,-50.0,50,1124.146538
,-50.0,50,1125.784397
,-50.0,50,1127.441633
,-50.0,50,1129.084306
,-50.0,50,1130.737332
,-50.0,50,1132.397229
,-26.0,50,1134.09023
,-50.0,50,1135.717563
,-50.0,50,1137.403765
,-50.0,50,1139.047931
,-50.0,50,1140.716091
,-50.0,50,1142.334731
,-50.0,50,1144.022375
,-50.0,50,1145.692779
,-50.0,50,1147.362789
,-50.0,50,1149.033135
,-50.0,50,1150.707087
,-50.0,50,1152.360852
,-25.0,50,1154.001631
,-50.0,50,1155.668689
,-13.0,50,1157.313466
,-50.0,50,1158.996365
,-50.0,50,1160.613841
,-16.0,50,1162.302799
,-17.0,50,1163.945077
,0.0,50,1165.64536
,-50.0,50,1167.300995
,-50.0,50,1168.941061
,-50.0,50,1170.615624
,-24.0,50,1172.270741
,-50.0,50,1173.906302
,-50.0,50,1175.594176
,-16.0,50,1177.263206
,-23.0,50,1178.938296
,-23.0,50,1180.5923
,-50.0,50,1182.242756
,-38.0,50,1183.953598
,-50.0,50,1185.598048
,-9.0,50,1187.23346
,-50.0,50,1188.856694
,-22.0,50,1189.108752
,-26.0,50,1189.395244
,-11.0,50,1189.679842
,-15.0,50,1189.978181
,-50.0,50,1190.26579
,-19.0,50,1190.535748
,-13.0,50,1190.861519
,-19.0,50,1191.171609
,-16.0,50,1191.408082
,-13.0,50,1191.737163
,-45.0,50,1193.364383
,-50.0,50,1195.02239
,-9.0,50,1196.726225
,-50.0,50,1198.351804
,-50.0,50,1200.016079
,-45.0,50,1201.675191
,-50.0,50,1203.354486
,-50.0,50,1204.98872
,-50.0,50,1206.664965
,-14.0,50,1208.330805
,-10.0,50,1209.978482
,-50.0,50,1211.659094
,-50.0,50,1213.335083
,-50.0,50,1215.011032
,-50.0,50,1216.641812
,-8.0,50,1218.33719
,-50.0,50,1219.943317
,-50.0,50,1221.62974
,-50.0,50,1223.320832
,-37.0,50,1224.969882
,-41.0,50,1226.632324
,-49.0,50,1228.281002
,-23.0,50,1230.005002
,-50.0,50,1231.639117
,-26.0,50,1233.309291
,-50.0,50,1234.956889
,-46.0,50,1236.622327
,-32.0,50,1238.276322
,-50.0,50,1239.903548
,-42.0,50,1241.612215
,-21.0,50,1243.235659
,-50.0,50,1244.921892
,-50.0,50,1246.59717
,-50.0,50,1248.247674
,-50.0,50,1249.930997
,-50.0,50,1251.622607
,-25.0,50,1253.295698
,-38.0,50,1254.948625
,-46.0,50,1256.608482
,-50.0,50,1258.254061
,-50.0,50,1259.984012
,-50.0,50,1261.657345
,-50.0,50,1263.288183
,-15.0,50,1264.949889
,-37.0,50,1266.622791
,-50.0,50,1268.320926
,0.0,50,1269.987242
,-8.0,50,1271.67383
,-13.0,50,1273.307131
,-4.0,50,1275.066834
,-50.0,50,1275.312396
,-7.0,50,1275.594581
,-12.0,50,1275.85662
,-50.0,50,1276.136127
,-10.0,50,1276.389846
,-19.0,50,1276.674189
,-50.0,50,1276.955515
,-15.0,50,1277.237741
,0.0,50,1277.486637
,0.0,50,1277.848306
,-16.0,50,1279.533008
,-50.0,50,1281.177651
,-50.0,50,1282.832579
,-10.0,50,1284.524093
,-45.0,50,1286.177607
,-37.0,50,1287.882671
,-46.0,50,1289.543851
,-50.0,50,1291.245293
,-50.0,50,1292.893131
,-50.0,50,1294.519665
,-50.0,50,1296.225526
,-50.0,50,1297.867448
,-50.0,50,1299.553749
,-13.0,50,1301.212889
,-49.0,50,1302.862963
,-31.0,50,1304.566097
,-50.0,50,1306.197221
,-50.0,50,1307.833505
,-26.0,50,1309.550167
,-9.0,50,1311.194353
,0.0,50,1312.852856
,-50.0,50,1314.524345
,-50.0,50,1316.207946
,-50.0,50,1317.89368
,-50.0,50,1319.549008
,-19.0,50,1321.264568
,-13.0,50,1322.932012
,-50.0,50,1324.58315
,-25.0,50,1326.302075
,-10.0,50,1327.938469
,-47.0,50,1329.595527
,-50.0,50,1331.280803
,-19.0,50,1332.952853
,-50.0,50,1334.574998
,-21.0,50,1336.323099
,-50.0,50,1337.955812
,-24.0,50,1339.616938
,-50.0,50,1341.322227
,-50.0,50,1342.969456
,-50.0,50,1344.659693
,-50.0,50,1346.320872
,-50.0,50,1348.044302
,-50.0,50,1349.695389
,-50.0,50,1351.378789
,-50.0,50,1353.049916
,-50.0,50,1354.729077
,-23.0,50,1356.337106
,-50.0,50,1358.057445
,-10.0,50,1359.688548
,-22.0,50,1361.403606
,-50.0,50,1361.727741
,-11.0,50,1362.01641
,-50.0,50,1362.287947
,-50.0,50,1362.553616
,-50.0,50,1362.82259
,-50.0,50,1363.097398
,-17.0,50,1363.402006
,-14.0,50,1363.720439
,-9.0,50,1363.976599
,0.0,50,1364.31932
,-50.0,50,1365.973078
,-50.0,50,1367.645494
,-24.0,50,1369.350919
,-5.0,50,1371.017099
,-50.0,50,1372.681343
,-50.0,50,1374.364563
,-14.0,50,1375.998919
,-50.0,50,1377.700418
,-48.0,50,1379.367402
,-16.0,50,1380.986583
,-50.0,50,1382.693984
,-40.0,50,1384.390214
,-50.0,50,1386.056108
,-10.0,50,1387.725917
,-50.0,50,1389.375531
,-50.0,50,1391.073478
,-15.0,50,1392.719815
,-50.0,50,1394.389771
,-43.0,50,1396.0828
,0.0,50,1397.754616
,-37.0,50,1399.396038
,-46.0,50,1401.089164
,-28.0,50,1402.758807
,-50.0,50,1404.426596
,-12.0,50,1406.109406
,-50.0,50,1407.812294
,-27.0,50,1409.481241
,-50.0,50,1411.197567
,-50.0,50,1412.800175
,-21.0,50,1414.526809
,-50.0,50,1416.167813
,-50.0,50,1417.84439
,-50.0,50,1419.555475
,-49.0,50,1421.259149
,-50.0,50,1422.897299
,-14.0,50,1424.60517
,-50.0,50,1426.30819
,-50.0,50,1427.920658
,-12.0,50,1429.624967
,-48.0,50,1431.276619
,-32.0,50,1432.960954
,0.0,50,1434.667984
,-50.0,50,1436.346397
,-25.0,50,1438.022047
,-10.0,50,1439.673039
,-50.0,50,1441.371823
,-34.0,50,1443.05298
,-24.0,50,1444.774395
,-44.0,50,1446.466875
,-8.0,50,1448.141664
,-50.0,50,1448.412573
,-50.0,50,1448.69409
,-10.0,50,1448.968188
,-10.0,50,1449.239069
,-50.0,50,1449.533468
,-10.0,50,1449.811538
,-11.0,50,1450.090188
,-11.0,50,1450.361664
,-50.0,50,1450.612368
,-50.0,50,1450.972875
,-50.0,50,1452.636693
,-23.0,50,1454.300328
,-50.0,50,1456.032972
,-29.0,50,1457.665718
,-13.0,50,1459.355334
,-20.0,50,1461.037589
,-50.0,50,1462.73918
,-18.0,50,1464.429485
,-50.0,50,1466.097059
,-50.0,50,1467.782097
,-48.0,50,1469.469317
,-50.0,50,1471.158764
,-50.0,50,1472.850792
,-50.0,50,1474.542514
,-15.0,50,1476.179225
,-50.0,50,1477.83399
,-40.0,50,1479.59166
,-50.0,50,1481.239755
,-50.0,50,1482.907568
,-50.0,50,1484.569919
,-33.0,50,1486.303549
,-50.0,50,1487.969644
,-40.0,50,1489.639048
,-30.0,50,1491.318031
,-50.0,50,1493.001591
,-15.0,50,1494.697427
,0.0,50,1496.384911
,-50.0,50,1498.074449
,-50.0,50,1499.747559
,-50.0,50,1501.433716
,-47.0,50,1503.123178
,-37.0,50,1504.861864
,-50.0,50,1506.532528
,-50.0,50,1508.175117
,-41.0,50,1509.844613
,-50.0,50,1511.548485
,-50.0,50,1513.240344
,-50.0,50,1514.903765
,-50.0,50,1516.596118
,-16.0,50,1518.260384
,-18.0,50,1519.963573
,-50.0,50,1521.658418
,-21.0,50,1523.377529
,-11.0,50,1525.052577
,-50.0,50,1526.742112
,-50.0,50,1528.409171
,-22.0,50,1530.117702
,-37.0,50,1531.766256
,-27.0,50,1533.492379
,-8.0,50,1535.164668
,-24.0,50,1535.45148
,-50.0,50,1535.703983
,-9.0,50,1535.98978
,-29.0,50,1536.270076
,0.0,50,1536.524124
,-4.0,50,1536.786993
,-50.0,50,1537.056557
,-50.0,50,1537.357668
,-5.0,50,1537.644414
,-50.0,50,1538.044483
,-50.0,50,1539.693286
,-50.0,50,1541.370698
,-50.0,50,1543.050205
,-25.0,50,1544.755587
,-50.0,50,1546.417793
,-41.0,50,1548.093858
,-50.0,50,1549.771546
,-21.0,50,1551.449286
,-20.0,50,1553.120445
,-35.0,50,1554.811561
,-16.0,50,1556.502247
,-22.0,50,1558.203087
,-21.0,50,1559.911428
,-17.0,50,1561.562937
,-49.0,50,1563.26351
,-9.0,50,1564.959489
,-12.0,50,1566.63023
,-50.0,50,1568.286947
,-50.0,50,1570.03737
,-42.0,50,1571.722003
,-39.0,50,1573.377678
,-49.0,50,1575.082846
,-50.0,50,1576.730231
,-6.0,50,1578.418194
,-22.0,50,1580.145128
,-50.0,50,1581.830252
,-50.0,50,1583.482475
,-41.0,50,1585.196406
,-13.0,50,1586.877651
,-50.0,50,1588.568662
,-50.0,50,1590.26657
,-43.0,50,1591.941031
,-50.0,50,1593.610578
,-50.0,50,1595.34134
,-50.0,50,1597.00556
,-46.0,50,1598.704958
,-18.0,50,1600.386306
,-19.0,50,1602.034597
,-50.0,50,1603.716235
,-50.0,50,1605.455775
,-26.0,50,1607.120985
,-40.0,50,1608.838545
,-18.0,50,1610.542009
,-26.0,50,1612.177983
,-23.0,50,1613.88948
,-50.0,50,1615.599364
,-41.0,50,1617.299858
,0.0,50,1618.979592
,-13.0,50,1620.662475
,-8.0,50,1622.359638
,-50.0,50,1622.617368
,-6.0,50,1622.872586
,-50.0,50,1623.1432
,-5.0,50,1623.434756
,-50.0,50,1623.702078
,-8.0,50,1624.002337
,-11.0,50,1624.289286
,-10.0,50,1624.555692
,-10.0,50,1624.852613
,-50.0,50,1625.163502
,-14.0,50,1626.885159
,-47.0,50,1628.584569
,-22.0,50,1630.247766
,-4.0,50,1631.950365
,-16.0,50,1633.677481
,-30.0,50,1635.315978
,-50.0,50,1637.018176
,-15.0,50,1638.663558
,-50.0,50,1640.382521
,-15.0,50,1642.082674
,-50.0,50,1643.799314
,-19.0,50,1645.464176
,-50.0,50,1647.159416
,-50.0,50,1648.810519
,0.0,50,1650.522723
,-9.0,50,1652.26579
,-22.0,50,1653.947585
,-50.0,50,1655.599862
,-19.0,50,1657.329282
,-50.0,50,1658.95268
,-45.0,50,1660.705709
,-50.0,50,1662.383202
,-12.0,50,1664.06788
,-50.0,50,1665.751563
,-41.0,50,1667.422834
,-16.0,50,1669.157923
,-39.0,50,1670.865962
,-50.0,50,1672.53378
,-50.0,50,1674.169938
,-50.0,50,1675.930641
,-50.0,50,1677.579002
,-47.0,50,1679.270792
,-15.0,50,1681.002374
,-26.0,50,1682.670424
,0.0,50,1684.355491
,-50.0,50,1686.051266
,-16.0,50,1687.765941
,-4.0,50,1689.459406
,-50.0,50,1691.179302
,-34.0,50,1692.809226
,-26.0,50,1694.526102
,-12.0,50,1696.236849
,-50.0,50,1697.929303
,0.0,50,1699.64051
,-8.0,50,1701.33835
,-43.0,50,1703.046473
,-50.0,50,1704.768607
,-19.0,50,1706.448946
,-22.0,50,1708.107546
,-50.0,50,1709.839111
,0.0,50,1710.090194
,0.0,50,1710.349447
,-50.0,50,1710.626672
,-50.0,50,1710.88055
,-6.0,50,1711.201512
,-11.0,50,1711.453927
,-7.0,50,1711.72297
,-14.0,50,1712.014601
,-7.0,50,1712.284165
,-9.0,50,1712.74282
,-19.0,50,1714.475387
,-20.0,50,1716.174901
,-50.0,50,1717.817439
,-50.0,50,1719.523777
,-50.0,50,1721.20998
,-42.0,50,1722.885823
,-40.0,50,1724.638084
,-45.0,50,1726.311008
,-12.0,50,1728.011089
,-39.0,50,1729.694195
,-49.0,50,1731.358755
,-19.0,50,1733.036526
,-38.0,50,1734.76942
,-50.0,50,1736.489522
,-50.0,50,1738.113121
,-50.0,50,1739.889623
,-50.0,50,1741.549443
,-20.0,50,1743.256604
,-27.0,50,1744.953334
,-36.0,50,1746.626323
,-37.0,50,1748.304299
,-7.0,50,1749.959625
,-32.0,50,1751.644266
,-50.0,50,1753.40765
,-50.0,50,1755.069293
,-12.0,50,1756.753891
,-12.0,50,1758.522696
,-50.0,50,1760.182256
,-50.0,50,1761.903547
,-18.0,50,1763.558702
,-50.0,50,1765.240409
,-50.0,50,1766.962149
,-50.0,50,1768.643453
,-19.0,50,1770.383938
,-45.0,50,1772.055218
,-50.0,50,1773.745208
,-23.0,50,1775.476581
,-14.0,50,1777.138855
,-17.0,50,1778.822496
,-32.0,50,1780.53924
,-50.0,50,1782.262178
,-40.0,50,1783.903363
,-50.0,50,1785.64221
,-50.0,50,1787.351468
,-50.0,50,1789.020043
,-43.0,50,1790.752625
,-46.0,50,1792.427858
,-39.0,50,1794.127406
,-38.0,50,1795.846413
,-50.0,50,1797.53654
,-9.0,50,1797.822768
,-50.0,50,1798.109919
,-50.0,50,1798.394901
,-9.0,50,1798.678979
,-7.0,50,1798.961621
,-7.0,50,1799.271266
,-10.0,50,1799.572392
,-50.0,50,1799.856017
,-50.0,50,1800.105637
,-26.0,50,1800.466373
,-4.0,50,1802.157138
,-50.0,50,1803.869801
,-5.0,50,1805.529394
,-21.0,50,1807.239672
,-7.0,50,1808.874857
,-45.0,50,1810.611415
,-19.0,50,1812.340302
,-17.0,50,1814.092613
,-50.0,50,1815.774846
,-50.0,50,1817.48892
,-8.0,50,1819.222843
,-40.0,50,1820.877677
,-50.0,50,1822.612251
,-14.0,50,1824.293185
,-17.0,50,1826.007143
,-20.0,50,1827.725599
,-35.0,50,1829.438683
,-50.0,50,1831.093249
,-50.0,50,1832.825037
,0.0,50,1834.542691
,-3.0,50,1836.1894
,0.0,50,1837.91374
,-18.0,50,1839.63542
,-25.0,50,1841.33772
,-16.0,50,1843.078632
,-14.0,50,1844.745726
,-9.0,50,1846.475297
,-50.0,50,1848.262775
,-14.0,50,1849.92024
,-50.0,50,1851.630923
,-19.0,50,1853.294227
,-10.0,50,1854.997625
,0.0,50,1856.741863
,-12.0,50,1858.382389
,-39.0,50,1860.146168
,-15.0,50,1861.80484
,-34.0,50,1863.524043
,-50.0,50,1865.259866
,-41.0,50,1866.921315
,-50.0,50,1868.664772
,-45.0,50,1870.382549
,-50.0,50,1872.07433
,-20.0,50,1873.722495
,-24.0,50,1875.442781
,-31.0,50,1877.203348
,-23.0,50,1878.876119
,-33.0,50,1880.584181
,-50.0,50,1882.283543
,-50.0,50,1883.961285
,0.0,50,1885.685214
,-50.0,50,1885.95458
,-9.0,50,1886.228729
,-7.0,50,1886.513603
,-50.0,50,1886.766822
,-7.0,50,1887.069324
,-6.0,50,1887.353631
,-8.0,50,1887.607336
,-6.0,50,1887.89094
,-11.0,50,1888.134389
,-31.0,50,1888.564558
,-21.0,50,1890.241506
,-50.0,50,1891.953381
,-9.0,50,1893.620601
,-50.0,50,1895.302092
,-15.0,50,1897.045479
,-42.0,50,1898.731385
,-19.0,50,1900.437922
,-47.0,50,1902.110687
,-39.0,50,1903.81987
,-50.0,50,1905.508177
,-43.0,50,1907.279183
,-15.0,50,1908.962634
,-15.0,50,1910.671669
,-40.0,50,1912.382304
,-3.0,50,1914.067302
,-50.0,50,1915.813951
,-14.0,50,1917.548663
,-35.0,50,1919.196993
,-16.0,50,1920.944378
,-25.0,50,1922.602636
,-14.0,50,1924.312285
,-50.0,50,1926.019638
,0.0,50,1927.715546
,-50.0,50,1929.419595
,-39.0,50,1931.114984
,-50.0,50,1932.885118
,-50.0,50,1934.574351
,-50.0,50,1936.260478
,-14.0,50,1937.978356
,-28.0,50,1939.680524
,-30.0,50,1941.403695
,-50.0,50,1943.082377
,-19.0,50,1944.798873
,-50.0,50,1946.533899
,-39.0,50,1948.238055
,-26.0,50,1949.932383
,-27.0,50,1951.642923
,-50.0,50,1953.328079
,-28.0,50,1955.015524
,-20.0,50,1956.780037
,-34.0,50,1958.468257
,-50.0,50,1960.165977
,-50.0,50,1961.910226
,0.0,50,1963.572011
,-50.0,50,1965.266966
,-23.0,50,1967.040136
,-50.0,50,1968.74635
,-11.0,50,1970.430811
,-30.0,50,1972.154702
,-15.0,50,1973.889828
,-6.0,50,1974.180427
,-50.0,50,1974.455293
,-5.0,50,1974.709872
,-10.0,50,1975.000497
,-50.0,50,1975.27001
,-13.0,50,1975.552704
,-10.0,50,1975.821359
,-11.0,50,1976.100775
,-50.0,50,1976.337185
,-18.0,50,1976.751575
,-21.0,50,1978.475011
,-38.0,50,1980.146189
,-39.0,50,1981.927489
,-31.0,50,1983.624279
,-22.0,50,1985.299201
,-30.0,50,1986.999599
,-14.0,50,1988.753962
,-47.0,50,1990.432615
,-50.0,50,1992.11388
,-20.0,50,1993.841325
,-50.0,50,1995.560872
,-10.0,50,1997.272151
,-19.0,50,1998.954025
,-50.0,50,2000.68509
,-50.0,50,2002.383707
,-35.0,50,2004.108423
,-30.0,50,2005.800807
,-50.0,50,2007.548822
,-50.0,50,2009.20906
,-25.0,50,2010.903476
,-9.0,50,2012.62248
,-50.0,50,2014.296074
,-19.0,50,2016.010956
,-50.0,50,2017.714801
,-6.0,50,2019.467193
,-36.0,50,2021.154945
,-50.0,50,2022.872073
,-13.0,50,2024.604257
,-42.0,50,2026.32906
,-30.0,50,2028.059594
,-50.0,50,2029.694384
,-10.0,50,2031.448591
,-37.0,50,2033.162318
,-44.0,50,2034.827198
,-42.0,50,2036.525089
,-21.0,50,2038.293906
,-33.0,50,2039.98211
,-15.0,50,2041.672592
,-50.0,50,2043.394347
,-10.0,50,2045.092743
,-12.0,50,2046.843692
,-50.0,50,2048.552211
,-12.0,50,2050.280622
,-21.0,50,2051.980375
,-50.0,50,2053.667072
,-50.0,50,2055.397607
,-25.0,50,2057.131745
,0.0,50,2058.807862
,-50.0,50,2060.603138
,-6.0,50,2062.276704
,-5.0,50,2062.575603
,-11.0,50,2062.833946
,-16.0,50,2063.105245
,-10.0,50,2063.397487
,-29.0,50,2063.688464
,-15.0,50,2063.954783
,-8.0,50,2064.241115
,-14.0,50,2064.522751
,-9.0,50,2064.775268
,-39.0,50,2065.150685
,-14.0,50,2066.855835
,-21.0,50,2068.557485
,-31.0,50,2070.274737
,-50.0,50,2072.001128
,-7.0,50,2073.748738
,-28.0,50,2075.389821
,-50.0,50,2077.159339
,-9.0,50,2078.857012
,-50.0,50,2080.531499
,-50.0,50,2082.201632
,-50.0,50,2083.954116
,-8.0,50,2085.628791
,-50.0,50,2087.344754
,-50.0,50,2089.058416
,-14.0,50,2090.773997
,-17.0,50,2092.496326
,-8.0,50,2094.228566
,-33.0,50,2095.92453
,-30.0,50,2097.610198
,-13.0,50,2099.304933
,-15.0,50,2101.043017
,-11.0,50,2102.76923
,-11.0,50,2104.447783
,-9.0,50,2106.140595
,-16.0,50,2107.88378
,-17.0,50,2109.60814
,-24.0,50,2111.329514
,-50.0,50,2113.058706
,0.0,50,2114.760563
,-50.0,50,2116.479807
,-13.0,50,2118.230109
,-8.0,50,2119.928469
,-30.0,50,2121.663054
,-50.0,50,2123.311111
,-50.0,50,2125.017135
,-15.0,50,2126.790522
,-46.0,50,2128.489523
,-13.0,50,2130.229659
,-15.0,50,2131.930462
,-50.0,50,2133.61907
,-13.0,50,2135.338845
,-8.0,50,2137.034548
,-37.0,50,2138.769588
,-27.0,50,2140.471196
,-50.0,50,2142.148423
,-46.0,50,2143.916231
,-10.0,50,2145.64897
,-19.0,50,2147.309581
,-50.0,50,2149.029365
,-6.0,50,2150.755613
,-9.0,50,2151.013212
,-50.0,50,2151.263439
,-8.0,50,2151.549988
,-20.0,50,2151.85994
,-50.0,50,2152.099049
,-29.0,50,2152.361564
,-4.0,50,2152.639997
,-8.0,50,2152.932742
,-11.0,50,2153.191579
,-48.0,50,2153.730307
,-50.0,50,2155.434869
,-50.0,50,2157.178456
,-15.0,50,2158.832138
,-34.0,50,2160.590049
,-50.0,50,2162.271412
,-50.0,50,2164.048982
,-12.0,50,2165.748087
,-50.0,50,2167.476954
,-30.0,50,2169.195869
,-45.0,50,2170.910571
,-50.0,50,2172.556127
,-13.0,50,2174.353086
,-9.0,50,2176.04337
,-3.0,50,2177.754635
,-5.0,50,2179.462777
,-38.0,50,2181.186435
,-13.0,50,2182.865192
,-12.0,50,2184.649119
,-50.0,50,2186.342048
,-21.0,50,2188.102801
,-41.0,50,2189.803005
,-15.0,50,2191.564409
,-50.0,50,2193.214878
,-35.0,50,2194.965872
,-50.0,50,2196.644307
,-29.0,50,2198.388711
,-9.0,50,2200.152339
,-12.0,50,2201.867613
,-30.0,50,2203.607623
,-23.0,50,2205.300345
,-17.0,50,2207.003315
,-44.0,50,2208.696844
,-50.0,50,2210.401397
,-23.0,50,2212.131802
,-50.0,50,2213.908267
,-22.0,50,2215.634772
,-21.0,50,2217.283349
,-50.0,50,2219.064702
,-37.0,50,2220.717257
,-50.0,50,2222.432242
,-18.0,50,2224.186459
,-12.0,50,2225.899593
,-17.0,50,2227.613947
,-17.0,50,2229.370486
,-50.0,50,2231.037489
,-50.0,50,2232.790279
,-50.0,50,2234.50346
,-37.0,50,2236.259577
,-50.0,50,2237.925916
,-8.0,50,2239.692244
,-9.0,50,2239.983294
,-8.0,50,2240.271105
,-13.0,50,2240.546344
,-10.0,50,2240.815204
,-5.0,50,2241.121147
,-11.0,50,2241.409537
,-10.0,50,2241.706575
,-3.0,50,2241.97269
,-9.0,50,2242.263162
,-46.0,50,2242.571035
,-42.0,50,2244.266071
,-23.0,50,2246.037159
,-30.0,50,2247.733901
,-36.0,50,2249.4426
,-40.0,50,2251.152724
,-50.0,50,2252.898865
,-12.0,50,2254.640736
,-16.0,50,2256.322031
,-45.0,50,2258.085482
,-47.0,50,2259.813062
,-50.0,50,2261.492591
,-8.0,50,2263.26525
,-45.0,50,2264.971699
,-38.0,50,2266.675935
,-29.0,50,2268.38965
,-50.0,50,2270.111418
,-50.0,50,2271.818837
,-16.0,50,2273.616972
,-31.0,50,2275.346109
,-46.0,50,2277.059975
,-16.0,50,2278.767649
,-12.0,50,2280.479416
,-33.0,50,2282.201962
,-11.0,50,2283.939254
,-10.0,50,2285.671841
,-50.0,50,2287.394881
,-19.0,50,2289.100116
,-50.0,50,2290.821408
,-50.0,50,2292.544433
,-50.0,50,2294.268188
,-31.0,50,2296.021538
,-23.0,50,2297.709123
,-37.0,50,2299.480904
,-28.0,50,2301.171363
,-9.0,50,2302.893509
,-50.0,50,2304.594146
,-20.0,50,2306.31914
,-50.0,50,2308.053967
,-37.0,50,2309.829271
,-40.0,50,2311.531987
,-50.0,50,2313.255332
,-15.0,50,2314.97248
,-50.0,50,2316.73544
,-6.0,50,2318.439396
,-37.0,50,2320.156934
,-50.0,50,2321.942009
,-20.0,50,2323.623316
,-26.0,50,2325.404225
,-23.0,50,2327.116916
,-7.0,50,2328.841169
,-7.0,50,2329.120845
,-14.0,50,2329.430117
,-12.0,50,2329.735862
,-8.0,50,2330.042784
,-6.0,50,2330.321536
,-9.0,50,2330.613546
,-50.0,50,2330.872751
,-30.0,50,2331.160679
,-10.0,50,2331.469074
,-21.0,50,2331.780935
,-50.0,50,2333.498707
,-21.0,50,2335.214528
,-17.0,50,2336.919166
,-20.0,50,2338.669162
,-50.0,50,2340.345624
,-26.0,50,2342.119738
,-10.0,50,2343.787848
,-8.0,50,2345.589228
,-18.0,50,2347.315103
,-50.0,50,2349.002334
,-42.0,50,2350.705668
,-8.0,50,2352.429733
,-9.0,50,2354.164193
,-40.0,50,2355.919528
,-33.0,50,2357.606134
,-50.0,50,2359.335109
,-48.0,50,2361.07373
,-17.0,50,2362.768241
,-27.0,50,2364.495327
,-13.0,50,2366.170852
,-20.0,50,2367.960253
,-11.0,50,2369.654457
,-20.0,50,2371.431315
,-50.0,50,2373.117763
,-48.0,50,2374.832646
,-8.0,50,2376.557994
,-37.0,50,2378.311867
,0.0,50,2380.012124
,-25.0,50,2381.727928
,-50.0,50,2383.491218
,-50.0,50,2385.24089
,-13.0,50,2386.913688
,-22.0,50,2388.640736
,-50.0,50,2390.333829
,-45.0,50,2392.071142
,-43.0,50,2393.811932
,-12.0,50,2395.497072
,-50.0,50,2397.220348
,-16.0,50,2399.010821
,-13.0,50,2400.720397
,-12.0,50,2402.42179
,-42.0,50,2404.172532
,-14.0,50,2405.907996
,-20.0,50,2407.615063
,-9.0,50,2409.36779
,-13.0,50,2411.074215
,-50.0,50,2412.750726
,-50.0,50,2414.535716
,-45.0,50,2416.280625
,-8.0,50,2418.09583
,-5.0,50,2418.389694
,-11.0,50,2418.675151
,-13.0,50,2418.966431
,-9.0,50,2419.267934
,-12.0,50,2419.55424
,-9.0,50,2419.80851
,-8.0,50,2420.080737
,-22.0,50,2420.356472
,-11.0,50,2420.640539
,-16.0,50,2420.902193
,-16.0,50,2422.638233
,-28.0,50,2424.380114
,-38.0,50,2426.108288
,-12.0,50,2427.815566
,-22.0,50,2429.546006
,-41.0,50,2431.307851
,-30.0,50,2433.027341
,-37.0,50,2434.735951
,-6.0,50,2436.496542
,-50.0,50,2438.16926
,0.0,50,2439.887233
,-28.0,50,2441.633281
,-5.0,50,2443.348759
,-17.0,50,2445.068028
,-50.0,50,2446.866976
,-50.0,50,2448.581354
,-31.0,50,2450.35208
,-48.0,50,2452.080806
,-10.0,50,2453.792587
,-8.0,50,2455.479324
,-22.0,50,2457.227786
,-16.0,50,2458.916035
,-31.0,50,2460.695583
,-50.0,50,2462.429257
,-45.0,50,2464.158162
,-9.0,50,2465.865483
,-44.0,50,2467.630852
,-19.0,50,2469.351055
,-36.0,50,2471.09317
,-43.0,50,2472.775409
,-13.0,50,2474.546007
,-50.0,50,2476.276905
,-15.0,50,2478.040869
,-18.0,50,2479.700625
,-33.0,50,2481.488983
,-36.0,50,2483.191837
,-50.0,50,2484.928061
,-50.0,50,2486.723318
,-49.0,50,2488.438493
,-21.0,50,2490.162413
,-26.0,50,2491.874085
,-50.0,50,2493.595523
,-50.0,50,2495.315398
,-22.0,50,2497.097391
,-45.0,50,2498.818264
,-17.0,50,2500.514818
,-50.0,50,2502.241978
,-28.0,50,2504.038543
,-36.0,50,2505.704763
,-5.0,50,2507.472644
,-50.0,50,2507.715291
,-10.0,50,2508.010578
,-47.0,50,2508.295335
,-7.0,50,2508.577137
,-6.0,50,2508.866848
,-11.0,50,2509.125144
,-10.0,50,2509.399507
,-13.0,50,2509.682887
,-9.0,50,2509.947311
,-15.0,50,2510.380205
,-50.0,50,2512.095455
,-11.0,50,2513.852135
,-14.0,50,2515.55158
,-8.0,50,2517.294822
,-44.0,50,2519.010741
,-38.0,50,2520.741819
,0.0,50,2522.460757
,-39.0,50,2524.233555
,-10.0,50,2525.931545
,-10.0,50,2527.646783
,-24.0,50,2529.380337
,-43.0,50,2531.104282
,-12.0,50,2532.856653
,-44.0,50,2534.582653
,-40.0,50,2536.352613
,-46.0,50,2538.033823
,-48.0,50,2539.783008
,-26.0,50,2541.554887
,-47.0,50,2543.30925
,-20.0,50,2545.07177
,-24.0,50,2546.809229
,-50.0,50,2548.518495
,-15.0,50,2550.246249
,-50.0,50,2551.976272
,-50.0,50,2553.738573
,-50.0,50,2555.484686
,-32.0,50,2557.222741
,-16.0,50,2558.961952
,-45.0,50,2560.69415
,-50.0,50,2562.434279
,-35.0,50,2564.167249
,-24.0,50,2565.919567
,-32.0,50,2567.66303
,-16.0,50,2569.360007
,-7.0,50,2571.095635
,-16.0,50,2572.887707
,-30.0,50,2574.634253
,-25.0,50,2576.378197
,-15.0,50,2578.097547
,-40.0,50,2579.844143
,-6.0,50,2581.561722
,-14.0,50,2583.31756
,-40.0,50,2585.021619
,-15.0,50,2586.725421
,-25.0,50,2588.488046
,-38.0,50,2590.25641
,-14.0,50,2592.009128
,-28.0,50,2593.70874
,-25.0,50,2595.449179
,-10.0,50,2597.24213
,-18.0,50,2597.538371
,-8.0,50,2597.816254
,-10.0,50,2598.096822
,-6.0,50,2598.376529
,-9.0,50,2598.639525
,-11.0,50,2598.936563
,-10.0,50,2599.211567
,-46.0,50,2599.493833
,-8.0,50,2599.759002
,-30.0,50,2600.058313
,-45.0,50,2601.769082
,-8.0,50,2603.534146
,-23.0,50,2605.282723
,-13.0,50,2607.0045
,0.0,50,2608.68986
,-50.0,50,2610.486566
,-22.0,50,2612.222499
,-33.0,50,2613.93376
,-15.0,50,2615.701541
,-8.0,50,2617.413846
,-34.0,50,2619.207425
,-39.0,50,2620.941849
,-39.0,50,2622.637013
,-14.0,50,2624.40669
,-14.0,50,2626.149606
,-50.0,50,2627.931701
,-16.0,50,2629.714097
,-35.0,50,2631.432781
,-45.0,50,2633.151544
,-17.0,50,2634.890121
,-44.0,50,2636.615036
,-6.0,50,2638.400923
,-50.0,50,2640.050917
,-48.0,50,2641.837695
,-50.0,50,2643.592659
,-34.0,50,2645.377237
,-43.0,50,2647.052773
,-10.0,50,2648.780467
,-18.0,50,2650.535341
,-3.0,50,2652.335518
,-50.0,50,2654.045514
,-28.0,50,2655.80826
,-26.0,50,2657.579196
,-45.0,50,2659.347778
,-17.0,50,2661.098457
,-40.0,50,2662.804699
,-21.0,50,2664.541778
,-27.0,50,2666.287427
,-30.0,50,2668.019378
,-46.0,50,2669.783632
,-50.0,50,2671.515059
,-50.0,50,2673.295283
,-50.0,50,2675.037778
,-44.0,50,2676.786555
,-21.0,50,2678.490256
,-23.0,50,2680.258341
,-37.0,50,2682.011827
,-15.0,50,2683.785021
,-50.0,50,2685.47024
,-16.0,50,2687.33995
,-12.0,50,2687.611417
,-12.0,50,2687.894549
,-7.0,50,2688.197868
,-9.0,50,2688.505146
,-4.0,50,2688.798266
,-7.0,50,2689.103628
,-3.0,50,2689.385983
,-12.0,50,2689.697742
,-5.0,50,2689.988791
,-50.0,50,2690.248223
,-10.0,50,2691.98958
,0.0,50,2693.689406
,-50.0,50,2695.471648
,-35.0,50,2697.224854
,-50.0,50,2698.970587
,-17.0,50,2700.702629
,-39.0,50,2702.507472
,-21.0,50,2704.179404
,-50.0,50,2705.922335
,-34.0,50,2707.712767
,-8.0,50,2709.456775
,-26.0,50,2711.159286
,-50.0,50,2712.935723
,-16.0,50,2714.62559
,-40.0,50,2716.340923
,-8.0,50,2718.117098
,-25.0,50,2719.867372
,-23.0,50,2721.568436
,-13.0,50,2723.374897
,-17.0,50,2725.040074
,-44.0,50,2726.864649
,-24.0,50,2728.588117
,-37.0,50,2730.344328
,-19.0,50,2732.078648
,-38.0,50,2733.79232
,-11.0,50,2735.516172
,-9.0,50,2737.301314
,-50.0,50,2739.037405
,-43.0,50,2740.786238
,-4.0,50,2742.53233
,-26.0,50,2744.279
,-25.0,50,2746.016141
,-22.0,50,2747.809343
,-32.0,50,2749.524866
,-50.0,50,2751.23262
,-44.0,50,2753.034732
,-37.0,50,2754.754005
,-21.0,50,2756.494445
,-47.0,50,2758.249188
,-14.0,50,2759.992995
,-5.0,50,2761.7507
,-35.0,50,2763.496184
,-42.0,50,2765.291073
,-50.0,50,2766.955765
,-10.0,50,2768.731161
,-47.0,50,2770.433695
,-50.0,50,2772.188025
,-6.0,50,2773.954983
,-16.0,50,2775.697022
,-5.0,50,2777.466191
,-12.0,50,2777.750761
,-12.0,50,2778.020257
,-14.0,50,2778.331702
,-13.0,50,2778.609554
,-10.0,50,2778.906924
,-12.0,50,2779.174579
,-50.0,50,2779.422684
,-15.0,50,2779.709642
,-9.0,50,2780.00643
,-50.0,50,2780.390157
,-43.0,50,2782.12793
,-41.0,50,2783.859945
,-50.0,50,2785.666362
,-38.0,50,2787.412271
,-22.0,50,2789.148387
,-37.0,50,2790.909345
,-21.0,50,2792.648424
,-36.0,50,2794.424997
,-40.0,50,2796.182784
,-32.0,50,2797.914959
,-14.0,50,2799.666766
,-41.0,50,2801.384744
,-50.0,50,2803.141309
,-28.0,50,2804.896475
,-4.0,50,2806.620106
,-13.0,50,2808.368345
,-48.0,50,2810.133029
,-14.0,50,2811.844044
,-50.0,50,2813.553762
,-35.0,50,2815.388301
,-10.0,50,2817.07697
,-14.0,50,2818.801413
,-48.0,50,2820.586842
,-13.0,50,2822.343306
,-50.0,50,2824.106056
,-50.0,50,2825.867481
,-18.0,50,2827.637655
,-13.0,50,2829.392502
,-26.0,50,2831.126046
,-18.0,50,2832.888905
,-23.0,50,2834.581025
,-13.0,50,2836.322096
,-13.0,50,2838.037972
,-45.0,50,2839.808074
,-36.0,50,2841.574877
,-48.0,50,2843.303986
,-10.0,50,2845.001948
,-32.0,50,2846.718091
,-11.0,50,2848.494477
,-36.0,50,2850.24822
,-14.0,50,2851.952058
,-36.0,50,2853.753394
,-19.0,50,2855.525365
,-25.0,50,2857.243298
,-48.0,50,2858.972761
,-45.0,50,2860.805289
,-30.0,50,2862.483348
,-21.0,50,2864.282909
,-50.0,50,2866.00487
,-6.0,50,2867.788024
,-4.0,50,2868.088817
,-9.0,50,2868.351349
,-9.0,50,2868.628589
,-11.0,50,2868.91917
,-15.0,50,2869.220496
,-4.0,50,2869.501355
,-12.0,50,2869.805588
,-10.0,50,2870.078825
,-9.0,50,2870.357647
,-22.0,50,2870.738664
,-46.0,50,2872.454365
,-50.0,50,2874.169666
,-23.0,50,2875.922672
,-31.0,50,2877.67011
,-50.0,50,2879.458263
,-27.0,50,2881.233211
,-50.0,50,2882.95134
,-41.0,50,2884.75237
,-37.0,50,2886.527777
,0.0,50,2888.200639
,-6.0,50,2889.972903
,-22.0,50,2891.788221
,-50.0,50,2893.51029
,-16.0,50,2895.283679
,-21.0,50,2896.993552
,-14.0,50,2898.813611
,-43.0,50,2900.505106
,-40.0,50,2902.275315
,-50.0,50,2904.049249
,-13.0,50,2905.770553
,-40.0,50,2907.544806
,-50.0,50,2909.317309
,0.0,50,2911.052242
,-13.0,50,2912.868963
,-14.0,50,2914.597696
,-50.0,50,2916.349051
,-50.0,50,2918.148016
,-40.0,50,2919.867302
,-44.0,50,2921.621327
,-47.0,50,2923.344193
,-18.0,50,2925.152961
,-21.0,50,2926.857262
,-15.0,50,2928.60971
,-50.0,50,2930.404033
,-20.0,50,2932.137015
,-50.0,50,2933.916577
,0.0,50,2935.642202
,-14.0,50,2937.411801
,-13.0,50,2939.187381
,-40.0,50,2940.9075
,-41.0,50,2942.648813
,-43.0,50,2944.389277
,-24.0,50,2946.197531
,-21.0,50,2947.959306
,-25.0,50,2949.690582
,0.0,50,2951.379874
,-13.0,50,2953.154082
,-42.0,50,2954.928012
,-30.0,50,2956.692916
,-4.0,50,2958.452019
,-4.0,50,2958.73612
,-12.0,50,2959.015012
,-13.0,50,2959.293542
,-11.0,50,2959.571207
,-12.0,50,2959.846872
,-9.0,50,2960.141118
,-8.0,50,2960.448281
,-7.0,50,2960.745028
,-5.0,50,2961.031785
,-29.0,50,2961.435571
,-20.0,50,2963.167041
,-44.0,50,2964.879955
,0.0,50,2966.638873
,-37.0,50,2968.433759
,-25.0,50,2970.145529
,-44.0,50,2971.912678
,-48.0,50,2973.639291
,-50.0,50,2975.419517
,-44.0,50,2977.179325
,-36.0,50,2978.937624
,-50.0,50,2980.698882
,-41.0,50,2982.482279
,-42.0,50,2984.171959
,-31.0,50,2986.001283
,-32.0,50,2987.733971
,-50.0,50,2989.494307
,-34.0,50,2991.210807
,-28.0,50,2992.992825
,-50.0,50,2994.809145
,-44.0,50,2996.556584
,-50.0,50,2998.294064
,-21.0,50,2999.982579
,-10.0,50,3001.779243
,-17.0,50,3003.551045
,-27.0,50,3005.276098
,-18.0,50,3007.030609
,-36.0,50,3008.848325
,-47.0,50,3010.563408
,-43.0,50,3012.314577
,-19.0,50,3014.04723
,-29.0,50,3015.850392
,-50.0,50,3017.570846
,-45.0,50,3019.342268
,-21.0,50,3021.117909
,-41.0,50,3022.880224
,-35.0,50,3024.641181
,-5.0,50,3026.374907
,-50.0,50,3028.159315
,0.0,50,3029.922715
,-15.0,50,3031.706044
,-23.0,50,3033.428571
,-43.0,50,3035.200413
,-31.0,50,3036.925435
,-43.0,50,3038.669321
,-50.0,50,3040.461451
,-26.0,50,3042.176596
,-25.0,50,3043.928624
,-23.0,50,3045.769056
,-3.0,50,3047.480859
,-14.0,50,3049.266621
,-5.0,50,3049.593326
,-9.0,50,3049.849761
,-14.0,50,3050.156184
,-16.0,50,3050.441288
,-7.0,50,3050.708692
,-8.0,50,3050.989613
,0.0,50,3051.235873
,-11.0,50,3051.540929
,-11.0,50,3051.847944
,-11.0,50,3052.24476
,-26.0,50,3053.968588
,-31.0,50,3055.792889
,-50.0,50,3057.543315
,-37.0,50,3059.254361
,-26.0,50,3061.021779
,-33.0,50,3062.738653
,-22.0,50,3064.555378
,-50.0,50,3066.319496
,-19.0,50,3068.081629
,-21.0,50,3069.813807
,-50.0,50,3071.648683
,-11.0,50,3073.397141
,-19.0,50,3075.132564
,-18.0,50,3076.940885
,-50.0,50,3078.667659
,-30.0,50,3080.467598
,-33.0,50,3082.249091
,-36.0,50,3083.948809
,-39.0,50,3085.732839
,-31.0,50,3087.456904
,-14.0,50,3089.223047
,-50.0,50,3090.974747
,-38.0,50,3092.769571
,-50.0,50,3094.466394
,-47.0,50,3096.270837
,-18.0,50,3098.0371
,-41.0,50,3099.755516
,-4.0,50,3101.486499
,-28.0,50,3103.340684
,-49.0,50,3105.102159
,-40.0,50,3106.814632
,-43.0,50,3108.560459
,-5.0,50,3110.299585
,-13.0,50,3112.058652
,0.0,50,3113.823867
,-39.0,50,3115.666319
,-12.0,50,3117.459826
,-47.0,50,3119.180885
,-10.0,50,3120.955594
,-8.0,50,3122.701246
,-46.0,50,3124.450206
,-10.0,50,3126.249969
,-50.0,50,3127.989228
,-50.0,50,3129.76465
,-32.0,50,3131.571943
,-50.0,50,3133.321483
,-16.0,50,3135.058611
,-39.0,50,3136.84097
,-6.0,50,3138.575578
,-6.0,50,3140.417449
,-12.0,50,3140.67954
,-8.0,50,3140.976441
,-5.0,50,3141.28537
,-10.0,50,3141.587867
,-14.0,50,3141.885285
,-7.0,50,3142.165804
,-5.0,50,3142.49016
,-11.0,50,3142.835737
,-14.0,50,3143.104035
,-46.0,50,3143.375389
,-15.0,50,3145.123798
,-7.0,50,3146.848518
,-22.0,50,3148.644251
,-32.0,50,3150.349606
,-12.0,50,3152.091966
,-42.0,50,3153.851642
,-6.0,50,3155.653681
,-11.0,50,3157.411304
,-9.0,50,3159.165586
,-23.0,50,3160.898095
,-50.0,50,3162.688781
,-16.0,50,3164.39459
,-40.0,50,3166.165975
,-25.0,50,3167.918576
,-11.0,50,3169.735847
,-11.0,50,3171.474535
,-50.0,50,3173.191642
,-43.0,50,3174.992657
,-8.0,50,3176.746068
,-23.0,50,3178.513993
,-50.0,50,3180.250678
,-19.0,50,3181.977684
,-45.0,50,3183.842483
,-40.0,50,3185.564992
,-10.0,50,3187.30825
,-50.0,50,3189.097023
,-7.0,50,3190.846347
,-50.0,50,3192.649001
,-41.0,50,3194.35497
,-43.0,50,3196.135811
,-19.0,50,3197.9488
,-42.0,50,3199.632519
,-48.0,50,3201.384698
,-38.0,50,3203.147538
,-44.0,50,3204.916501
,-50.0,50,3206.684166
,-21.0,50,3208.505671
,-22.0,50,3210.240151
,-50.0,50,3212.061205
,-42.0,50,3213.800977
,-37.0,50,3215.514049
,-50.0,50,3217.277467
,-20.0,50,3219.05013
,-17.0,50,3220.85773
,-16.0,50,3222.605957
,-19.0,50,3224.372705
,-13.0,50,3226.106102
,-37.0,50,3227.844579
,0.0,50,3229.688604
,-17.0,50,3231.468069
,-8.0,50,3231.749151
,-11.0,50,3232.046649
,-9.0,50,3232.318277
,-5.0,50,3232.632447
,-34.0,50,3232.958573
,-14.0,50,3233.225988
,-8.0,50,3233.51952
,-5.0,50,3233.78126
,-10.0,50,3234.061118
,-50.0,50,3234.359764
,-15.0,50,3236.119932
,-26.0,50,3237.843795
,-50.0,50,3239.586522
,-11.0,50,3241.381656
,-29.0,50,3243.166117
,-48.0,50,3244.884773
,-50.0,50,3246.666682
,-50.0,50,3248.418418
,-27.0,50,3250.156583
,-46.0,50,3251.950518
,-50.0,50,3253.729925
,0.0,50,3255.435948
,-20.0,50,3257.233407
,-50.0,50,3259.022074
,-26.0,50,3260.766226
,-34.0,50,3262.508479
,-44.0,50,3264.289708
,-50.0,50,3266.047645
,0.0,50,3267.777627
,-33.0,50,3269.606174
,-43.0,50,3271.338137
,0.0,50,3273.08893
,-19.0,50,3274.933803
,-37.0,50,3276.680285
,0.0,50,3278.459253
,-50.0,50,3280.268444
,-28.0,50,3281.959355
,-28.0,50,3283.749299
,-50.0,50,3285.580244
,-24.0,50,3287.27138
,-47.0,50,3289.033351
,-46.0,50,3290.823802
,-45.0,50,3292.601084
,-50.0,50,3294.389672
,-25.0,50,3296.110829
,-41.0,50,3297.914253
,-7.0,50,3299.623002
,-44.0,50,3301.36816
,-41.0,50,3303.15011
,-29.0,50,3304.967747
,-50.0,50,3306.700913
,-34.0,50,3308.499307
,-21.0,50,3310.294513
,-13.0,50,3312.073037
,-28.0,50,3313.845842
,-17.0,50,3315.566176
,-50.0,50,3317.354978
,-20.0,50,3319.155866
,-47.0,50,3320.891347
,-14.0,50,3322.651028
,-9.0,50,3322.933039
,-6.0,50,3323.197714
,-5.0,50,3323.459595
,-11.0,50,3323.743623
,-11.0,50,3324.043074
,-7.0,50,3324.326971
,-9.0,50,3324.616684
,-7.0,50,3324.887317
,-11.0,50,3325.180738
,-36.0,50,3325.607987
,-12.0,50,3327.343816
,-21.0,50,3329.108051
,-35.0,50,3330.90403
,-41.0,50,3332.662265
,-31.0,50,3334.451073
,-43.0,50,3336.215759
,-50.0,50,3337.960947
,-15.0,50,3339.721539
,-46.0,50,3341.511396
,-50.0,50,3343.320869
,-50.0,50,3345.086122
,-10.0,50,3346.829202
,-28.0,50,3348.56414
,-10.0,50,3350.395225
,-48.0,50,3352.148808
,-43.0,50,3353.866541
,-22.0,50,3355.67312
,-37.0,50,3357.405074
,0.0,50,3359.192705
,-19.0,50,3361.024095
,-50.0,50,3362.783835
,-50.0,50,3364.558944
,-46.0,50,3366.357073
,-50.0,50,3368.121755
,-28.0,50,3369.938877
,-15.0,50,3371.657764
,-18.0,50,3373.438222
,-17.0,50,3375.223801
,-45.0,50,3376.95857
,-50.0,50,3378.753347
,-44.0,50,3380.457535
,-10.0,50,3382.2583
,-50.0,50,3384.026908
,-50.0,50,3385.787664
,-48.0,50,3387.606071
,-9.0,50,3389.304812
,-27.0,50,3391.099488
,-12.0,50,3392.841812
,-44.0,50,3394.588
,-47.0,50,3396.344361
,-8.0,50,3398.186179
,-46.0,50,3399.874417
,-41.0,50,3401.672199
,-31.0,50,3403.513429
,-40.0,50,3405.282095
,-50.0,50,3407.04962
,-50.0,50,3408.816656
,-50.0,50,3410.596077
,-33.0,50,3412.345688
,-3.0,50,3414.15588
,-7.0,50,3414.433712
,-12.0,50,3414.758155
,-9.0,50,3415.049228
,-7.0,50,3415.332075
,-6.0,50,3415.611517
,-7.0,50,3415.897519
,-12.0,50,3416.188202
,-9.0,50,3416.455255
,-7.0,50,3416.732217
,-41.0,50,3417.061588
,-50.0,50,3418.802263
,-25.0,50,3420.581033
,-39.0,50,3422.346798
,-16.0,50,3424.101449
,-50.0,50,3425.958961
,-50.0,50,3427.694601
,-39.0,50,3429.446846
,-18.0,50,3431.2042
,-22.0,50,3432.971953
,-1.0,50,3434.739396
,-42.0,50,3436.579101
,-24.0,50,3438.36453
,-31.0,50,3440.16019
,-41.0,50,3441.933217
,-22.0,50,3443.724838
,-15.0,50,3445.4697
,-18.0,50,3447.253078
,-50.0,50,3449.035253
,-47.0,50,3450.829924
,-7.0,50,3452.613893
,-17.0,50,3454.397683
,-32.0,50,3456.140627
,-50.0,50,3457.952561
,-47.0,50,3459.710709
,-31.0,50,3461.472946
,-44.0,50,3463.26906
,-50.0,50,3465.048879
,-50.0,50,3466.830402
,-46.0,50,3468.651673
,-46.0,50,3470.379739
,-45.0,50,3472.134207
,-42.0,50,3473.959519
,-50.0,50,3475.712104
,-41.0,50,3477.526531
,-9.0,50,3479.24777
,-48.0,50,3481.07101
,-10.0,50,3482.806295
,-50.0,50,3484.55079
,-44.0,50,3486.389962
,0.0,50,3488.082594
,-48.0,50,3489.924164
,-11.0,50,3491.697268
,-50.0,50,3493.45946
,-15.0,50,3495.195761
,-47.0,50,3497.02809
,-44.0,50,3498.768566
,-50.0,50,3500.514435
,-43.0,50,3502.309258
,-7.0,50,3504.121406
,-15.0,50,3505.95238
,-17.0,50,3506.243859
,-5.0,50,3506.532309
,-12.0,50,3506.815651
,-11.0,50,3507.069825
,-11.0,50,3507.355963
,-9.0,50,3507.618047
,-8.0,50,3507.895764
,-8.0,50,3508.16733
,-9.0,50,3508.476545
