#{"t_start": 1582830116.4462314, "env_id": "FetchPush-v1"}
s,r,l,t
,-50.0,50,6.152396
,-50.0,50,7.986074
,-50.0,50,9.622314
,-50.0,50,11.247292
,-50.0,50,12.884943
,-50.0,50,14.481747
,-50.0,50,16.115972
,-50.0,50,17.745551
,-50.0,50,19.390035
,-50.0,50,20.982151
,-50.0,50,22.634029
,-50.0,50,24.238757
,-24.0,50,25.825956
,-50.0,50,27.446109
,-50.0,50,29.135879
,-50.0,50,30.737453
,-50.0,50,32.339378
,-50.0,50,33.981741
,-50.0,50,35.606227
,0.0,50,37.23991
,-50.0,50,38.860303
,-50.0,50,40.492602
,-50.0,50,42.104688
,-50.0,50,43.743678
,-50.0,50,45.372822
,-50.0,50,46.95933
,-50.0,50,48.616315
,-50.0,50,50.203029
,-50.0,50,51.841563
,-50.0,50,53.457778
,-50.0,50,55.053415
,-50.0,50,56.708942
,-50.0,50,58.329247
,-50.0,50,59.978426
,-50.0,50,61.549445
,-50.0,50,63.225392
,-50.0,50,64.826005
,-50.0,50,66.473783
,-50.0,50,68.083167
,-50.0,50,69.704699
,-50.0,50,71.325183
,-50.0,50,72.967816
,-50.0,50,74.579062
,-50.0,50,76.204401
,-50.0,50,77.818803
,-50.0,50,79.461076
,-50.0,50,81.084277
,-50.0,50,82.704169
,-50.0,50,84.323463
,-50.0,50,85.965251
,-50.0,50,87.643644
,-50.0,50,87.912666
,-50.0,50,88.169086
,0.0,50,88.485264
,-50.0,50,88.75699
,-50.0,50,89.010524
,-50.0,50,89.277519
,-50.0,50,89.552988
,-50.0,50,89.815866
,-50.0,50,90.083704
,-50.0,50,90.552213
,-50.0,50,92.180426
,-50.0,50,93.80529
,-50.0,50,95.462842
,-50.0,50,97.079844
,-50.0,50,98.688202
,-50.0,50,100.298469
,0.0,50,101.935713
,-50.0,50,103.59355
,-50.0,50,105.205276
,-50.0,50,106.814107
,-50.0,50,108.514436
,-50.0,50,110.117853
,-50.0,50,111.739885
,-50.0,50,113.386206
,-50.0,50,114.975822
,-50.0,50,116.612355
,-50.0,50,118.268497
,-50.0,50,119.870511
,0.0,50,121.476132
,-50.0,50,123.141298
,-50.0,50,124.744436
,-50.0,50,126.34158
,-50.0,50,127.988955
,-50.0,50,129.648123
,0.0,50,131.238814
,-50.0,50,132.858108
,-50.0,50,134.505347
,-50.0,50,136.161299
,-50.0,50,137.763896
,-50.0,50,139.421603
,-50.0,50,141.076095
,-50.0,50,142.680639
,-50.0,50,144.33828
,-50.0,50,145.982911
,-50.0,50,147.60294
,0.0,50,149.262937
,-50.0,50,150.853677
,-50.0,50,152.539498
,-50.0,50,154.173742
,-50.0,50,155.824691
,-50.0,50,157.434941
,-50.0,50,159.078497
,-50.0,50,160.712999
,-50.0,50,162.340307
,-50.0,50,164.009994
,-50.0,50,165.643564
,-50.0,50,167.258811
,-50.0,50,168.908133
,-50.0,50,170.535321
,-50.0,50,172.159754
,-50.0,50,172.430238
,0.0,50,172.694055
,-50.0,50,172.97016
,-50.0,50,173.23162
,-50.0,50,173.487423
,-50.0,50,173.739105
,-50.0,50,174.004437
,-50.0,50,174.28143
,-50.0,50,174.585911
,-50.0,50,175.045769
,-50.0,50,176.718937
,-50.0,50,178.339381
,-50.0,50,179.984812
,-50.0,50,181.609483
,-50.0,50,183.211129
,-50.0,50,184.912287
,-50.0,50,186.51647
,-50.0,50,188.160969
,-50.0,50,189.80627
,-50.0,50,191.42173
,-50.0,50,193.064791
,-50.0,50,194.715734
,-50.0,50,196.363087
,-50.0,50,197.997228
,-50.0,50,199.62991
,-50.0,50,201.259123
,-50.0,50,202.922602
,-50.0,50,204.576045
,-50.0,50,206.234752
,-50.0,50,207.849147
,-50.0,50,209.482466
,-50.0,50,211.110226
,-50.0,50,212.796726
,-50.0,50,214.379534
,-50.0,50,216.01611
,-50.0,50,217.688137
,-50.0,50,219.320686
,0.0,50,220.978728
,-50.0,50,222.629925
,-50.0,50,224.217548
,-50.0,50,225.885461
,0.0,50,227.520977
,-50.0,50,229.153485
,-50.0,50,230.792241
,-50.0,50,232.403569
,-50.0,50,234.06742
,-50.0,50,235.682646
,-50.0,50,237.347771
,-50.0,50,238.959298
,-50.0,50,240.646956
,-50.0,50,242.26984
,-50.0,50,243.896585
,-50.0,50,245.518781
,0.0,50,247.173639
,0.0,50,248.797881
,-50.0,50,250.412108
,-50.0,50,252.081352
,-50.0,50,253.732733
,-50.0,50,255.323649
,-50.0,50,256.9987
,-50.0,50,257.292536
,-50.0,50,257.582274
,-50.0,50,257.890954
,-50.0,50,258.185921
,-50.0,50,258.459706
,-50.0,50,258.719281
,-50.0,50,258.987435
,-50.0,50,259.264119
,0.0,50,259.541905
,-50.0,50,259.903398
,-50.0,50,261.505512
,-50.0,50,263.16024
,-50.0,50,264.836377
,0.0,50,266.435071
,-50.0,50,268.070565
,-50.0,50,269.725546
,-50.0,50,271.395082
,0.0,50,273.025581
,-50.0,50,274.657723
,-50.0,50,276.30501
,-50.0,50,277.930419
,-50.0,50,279.54335
,-50.0,50,281.215746
,-50.0,50,282.849822
,-50.0,50,284.478717
,-50.0,50,286.171896
,-50.0,50,287.793373
,-50.0,50,289.442681
,0.0,50,291.087557
,-50.0,50,292.750364
,0.0,50,294.388362
,-50.0,50,296.042684
,-50.0,50,297.686866
,-50.0,50,299.316472
,-50.0,50,300.963547
,0.0,50,302.58031
,-50.0,50,304.229445
,-50.0,50,305.88168
,-50.0,50,307.513103
,-50.0,50,309.176688
,0.0,50,310.787566
,-50.0,50,312.465223
,-50.0,50,314.096168
,-50.0,50,315.743756
,0.0,50,317.362956
,-50.0,50,319.051659
,-50.0,50,320.69452
,-50.0,50,322.330225
,-50.0,50,323.99192
,-50.0,50,325.626908
,0.0,50,327.209157
,0.0,50,328.89264
,-50.0,50,330.528446
,-50.0,50,332.185359
,-50.0,50,333.803003
,-50.0,50,335.43451
,-50.0,50,337.063995
,-50.0,50,338.72583
,-50.0,50,340.341105
,-50.0,50,342.045594
,-50.0,50,342.350515
,-50.0,50,342.617411
,-50.0,50,342.878003
,-50.0,50,343.177052
,-50.0,50,343.45438
,-50.0,50,343.75038
,-50.0,50,344.017882
,0.0,50,344.292098
,-50.0,50,344.58443
,0.0,50,344.913396
,-50.0,50,346.585398
,-50.0,50,348.212537
,-50.0,50,349.880119
,-50.0,50,351.506778
,-50.0,50,353.116416
,0.0,50,354.810693
,-50.0,50,356.460647
,-50.0,50,358.110654
,-50.0,50,359.740925
,-50.0,50,361.410863
,-50.0,50,363.036589
,-50.0,50,364.701845
,-50.0,50,366.340535
,-50.0,50,367.986263
,-50.0,50,369.618545
,-50.0,50,371.283732
,-50.0,50,372.887111
,-50.0,50,374.557006
,-50.0,50,376.181086
,-50.0,50,377.806868
,0.0,50,379.449059
,-50.0,50,381.081426
,-50.0,50,382.749329
,-50.0,50,384.40799
,-50.0,50,386.027013
,-50.0,50,387.684685
,-50.0,50,389.302644
,0.0,50,390.949882
,-50.0,50,392.62196
,-50.0,50,394.262272
,-50.0,50,395.926282
,-50.0,50,397.574019
,-50.0,50,399.222322
,-50.0,50,400.843153
,-50.0,50,402.502622
,-50.0,50,404.128084
,-50.0,50,405.816561
,-50.0,50,407.436061
,-50.0,50,409.057977
,-48.0,50,410.73156
,-50.0,50,412.390471
,-50.0,50,414.036022
,-50.0,50,415.690861
,-50.0,50,417.368595
,-50.0,50,418.979326
,-50.0,50,420.647751
,-50.0,50,422.286702
,-50.0,50,423.957482
,-50.0,50,425.60516
,-50.0,50,427.260689
,-50.0,50,427.556429
,-49.0,50,427.850293
,-50.0,50,428.108643
,-50.0,50,428.365468
,-50.0,50,428.636137
,-50.0,50,428.934324
,-50.0,50,429.210916
,-7.0,50,429.520175
,-50.0,50,429.80061
,-50.0,50,430.219649
,-50.0,50,431.88756
,-50.0,50,433.533628
,-50.0,50,435.182052
,-50.0,50,436.793553
,-36.0,50,438.436994
,-50.0,50,440.107692
,-50.0,50,441.7312
,-50.0,50,443.400523
,-50.0,50,445.065296
,-35.0,50,446.713734
,-50.0,50,448.385031
,-50.0,50,450.044262
,-50.0,50,451.680539
,-50.0,50,453.348465
,-50.0,50,455.004404
,-50.0,50,456.630033
,-50.0,50,458.304291
,-50.0,50,459.938981
,-50.0,50,461.586151
,-50.0,50,463.238412
,-50.0,50,464.875095
,-50.0,50,466.534135
,-50.0,50,468.192725
,-50.0,50,469.857164
,0.0,50,471.488225
,-50.0,50,473.144208
,-50.0,50,474.783877
,-14.0,50,476.448626
,-50.0,50,478.080604
,-50.0,50,479.753263
,-50.0,50,481.447809
,-50.0,50,483.048256
,-50.0,50,484.701522
,-29.0,50,486.378885
,-50.0,50,488.021905
,-50.0,50,489.654313
,-50.0,50,491.327811
,-50.0,50,492.92434
,-50.0,50,494.624305
,-50.0,50,496.238619
,-50.0,50,497.911025
,-50.0,50,499.588343
,-50.0,50,501.195161
,-50.0,50,502.857521
,-50.0,50,504.535533
,-50.0,50,506.207286
,-50.0,50,507.837874
,-50.0,50,509.487439
,-50.0,50,511.100477
,-50.0,50,512.787288
,-50.0,50,513.081226
,-50.0,50,513.387124
,-50.0,50,513.690761
,-50.0,50,513.9927
,-50.0,50,514.285154
,-21.0,50,514.599532
,-50.0,50,514.897813
,-50.0,50,515.159326
,-50.0,50,515.396552
,-50.0,50,515.735508
,-47.0,50,517.41045
,-18.0,50,519.0384
,-50.0,50,520.703925
,0.0,50,522.374318
,0.0,50,524.039388
,-50.0,50,525.671875
,-50.0,50,527.303978
,-50.0,50,528.943593
,-50.0,50,530.6109
,-36.0,50,532.21001
,-50.0,50,533.862365
,-21.0,50,535.514558
,-50.0,50,537.192281
,-50.0,50,538.863947
,-50.0,50,540.49529
,-45.0,50,542.169024
,-50.0,50,543.807108
,-50.0,50,545.480806
,-14.0,50,547.116631
,-50.0,50,548.768557
,-50.0,50,550.423967
,0.0,50,552.062525
,-50.0,50,553.759363
,-50.0,50,555.410397
,-50.0,50,557.083977
,0.0,50,558.741669
,-50.0,50,560.402605
,-50.0,50,562.094599
,-50.0,50,563.733424
,-50.0,50,565.370998
,-12.0,50,567.056345
,-19.0,50,568.691684
,-50.0,50,570.316996
,-50.0,50,571.991343
,-48.0,50,573.640642
,-50.0,50,575.284682
,-50.0,50,576.952286
,-48.0,50,578.61159
,-50.0,50,580.226135
,-35.0,50,581.916752
,-50.0,50,583.567327
,-6.0,50,585.204605
,-13.0,50,586.850467
,-50.0,50,588.554283
,-12.0,50,590.210502
,-50.0,50,591.86123
,-23.0,50,593.523272
,-50.0,50,595.170562
,-48.0,50,596.828565
,-50.0,50,598.511506
,-8.0,50,598.823017
,-7.0,50,599.090934
,-19.0,50,599.352601
,-50.0,50,599.653708
,-17.0,50,599.956173
,0.0,50,600.259881
,-50.0,50,600.523604
,0.0,50,600.806935
,-50.0,50,601.081389
,-50.0,50,601.448553
,-14.0,50,603.09803
,-50.0,50,604.725466
,-20.0,50,606.387218
,-12.0,50,608.008856
,-50.0,50,609.65265
,-50.0,50,611.331432
,-13.0,50,612.991783
,-10.0,50,614.626135
,-50.0,50,616.250801
,-50.0,50,617.9058
,-50.0,50,619.543685
,-18.0,50,621.241307
,-40.0,50,622.883944
,-27.0,50,624.561636
,-50.0,50,626.209343
,0.0,50,627.853586
,0.0,50,629.519601
,-13.0,50,631.13777
,0.0,50,632.808119
,-19.0,50,634.431307
,-50.0,50,636.085529
,-25.0,50,637.730868
,-28.0,50,639.389376
,0.0,50,641.087528
,-48.0,50,642.728925
,-50.0,50,644.417287
,-12.0,50,646.100374
,-1.0,50,647.72741
,-50.0,50,649.384132
,-31.0,50,651.022274
,-24.0,50,652.669199
,-50.0,50,654.352274
,-29.0,50,656.020818
,-15.0,50,657.638163
,-16.0,50,659.290205
,-50.0,50,660.939325
,-11.0,50,662.604348
,0.0,50,664.266624
,-50.0,50,665.912249
,-14.0,50,667.553042
,-50.0,50,669.215269
,-50.0,50,670.912724
,-22.0,50,672.567055
,-49.0,50,674.219188
,-35.0,50,675.872911
,-22.0,50,677.512643
,-47.0,50,679.156367
,-50.0,50,680.834928
,-50.0,50,682.498723
,-19.0,50,684.195283
,-12.0,50,684.471761
,0.0,50,684.741284
,-14.0,50,685.036071
,-20.0,50,685.316062
,0.0,50,685.604262
,-50.0,50,685.873044
,-50.0,50,686.136913
,0.0,50,686.395372
,0.0,50,686.648024
,-48.0,50,687.05915
,-50.0,50,688.726366
,-15.0,50,690.367226
,-50.0,50,692.035764
,-25.0,50,693.674852
,-16.0,50,695.347444
,-19.0,50,696.975821
,-17.0,50,698.646494
,-50.0,50,700.305519
,-10.0,50,701.9618
,-23.0,50,703.639924
,-9.0,50,705.274499
,-50.0,50,706.929135
,-16.0,50,708.599033
,-50.0,50,710.242057
,-17.0,50,711.889199
,-48.0,50,713.552037
,-46.0,50,715.212246
,-42.0,50,716.89095
,-50.0,50,718.595232
,-33.0,50,720.230076
,0.0,50,721.915019
,-50.0,50,723.567802
,-14.0,50,725.266534
,-5.0,50,726.90455
,-48.0,50,728.581919
,-31.0,50,730.254726
,-15.0,50,731.93472
,-50.0,50,733.624366
,-8.0,50,735.260296
,-42.0,50,736.975248
,-16.0,50,738.667594
,-7.0,50,740.310928
,-18.0,50,741.972275
,-50.0,50,743.666099
,-22.0,50,745.290719
,-7.0,50,746.95522
,-28.0,50,748.627455
,-14.0,50,750.304653
,-14.0,50,751.980901
,-34.0,50,753.619638
,0.0,50,755.319864
,-50.0,50,756.954571
,-50.0,50,758.655385
,-13.0,50,760.342813
,-18.0,50,762.007568
,-13.0,50,763.667945
,-50.0,50,765.297938
,-34.0,50,766.988659
,-50.0,50,768.635417
,-50.0,50,770.338408
,-50.0,50,770.631197
,-13.0,50,770.897771
,0.0,50,771.170103
,-25.0,50,771.475583
,-10.0,50,771.732443
,-33.0,50,772.019133
,0.0,50,772.278072
,-15.0,50,772.567032
,-13.0,50,772.82732
,-22.0,50,773.207493
,-23.0,50,774.878572
,-50.0,50,776.546612
,-12.0,50,778.211356
,-22.0,50,779.865541
,-17.0,50,781.510626
,-17.0,50,783.194264
,-16.0,50,784.850015
,-23.0,50,786.533853
,-49.0,50,788.173122
,-50.0,50,789.838468
,-42.0,50,791.47728
,-13.0,50,793.12819
,-47.0,50,794.802203
,-35.0,50,796.481974
,-31.0,50,798.163898
,-21.0,50,799.819007
,-17.0,50,801.490838
,-32.0,50,803.142563
,-50.0,50,804.806631
,-28.0,50,806.511073
,0.0,50,808.122545
,-50.0,50,809.808384
,-14.0,50,811.475412
,0.0,50,813.128926
,-15.0,50,814.798922
,-29.0,50,816.523905
,-26.0,50,818.134468
,-49.0,50,819.852327
,-17.0,50,821.475534
,-37.0,50,823.161369
,0.0,50,824.830813
,-11.0,50,826.484006
,-50.0,50,828.135205
,-15.0,50,829.799246
,-12.0,50,831.472282
,-50.0,50,833.132019
,-43.0,50,834.795892
,-19.0,50,836.443425
,-45.0,50,838.083174
,-15.0,50,839.767978
,-47.0,50,841.405454
,-15.0,50,843.098975
,-37.0,50,844.737178
,-50.0,50,846.414275
,-23.0,50,848.100864
,-45.0,50,849.787606
,-11.0,50,851.41712
,-26.0,50,853.102051
,-46.0,50,854.774358
,-19.0,50,856.463493
,-8.0,50,856.737009
,-9.0,50,857.016483
,-8.0,50,857.30915
,-12.0,50,857.594185
,-39.0,50,857.891889
,-5.0,50,858.164928
,-12.0,50,858.453318
,-15.0,50,858.715418
,-4.0,50,859.004405
,-37.0,50,859.361635
,-50.0,50,860.996936
,-43.0,50,862.684752
,-39.0,50,864.335851
,-18.0,50,866.003594
,-4.0,50,867.655337
,-8.0,50,869.310504
,-12.0,50,870.958721
,-42.0,50,872.650644
,-19.0,50,874.307541
,-12.0,50,875.962522
,-50.0,50,877.617717
,-38.0,50,879.304004
,-30.0,50,880.923654
,0.0,50,882.576479
,-44.0,50,884.275431
,-16.0,50,885.913582
,-11.0,50,887.601432
,-16.0,50,889.272067
,-45.0,50,890.957598
,-29.0,50,892.571871
,-16.0,50,894.268033
,-19.0,50,895.955007
,-50.0,50,897.625327
,-42.0,50,899.259289
,-22.0,50,900.911419
,-13.0,50,902.566607
,0.0,50,904.243055
,-24.0,50,905.939244
,-20.0,50,907.615794
,-18.0,50,909.330887
,-22.0,50,910.990417
,-23.0,50,912.625558
,0.0,50,914.301003
,-27.0,50,916.021806
,-27.0,50,917.722806
,-50.0,50,919.361554
,-36.0,50,921.049154
,-36.0,50,922.718084
,-14.0,50,924.338942
,-12.0,50,926.057614
,-12.0,50,927.715941
,-28.0,50,929.394645
,-17.0,50,931.039905
,-50.0,50,932.734775
,-7.0,50,934.396042
,-29.0,50,936.070372
,-28.0,50,937.726496
,-14.0,50,939.435143
,-50.0,50,941.078442
,-37.0,50,942.800852
,-9.0,50,943.091522
,-8.0,50,943.361177
,-7.0,50,943.634164
,-16.0,50,943.921348
,-12.0,50,944.2132
,-19.0,50,944.484554
,-24.0,50,944.750024
,-11.0,50,945.022853
,-43.0,50,945.290152
,-11.0,50,945.622069
,-10.0,50,947.281515
,-50.0,50,948.954352
,-50.0,50,950.606079
,-23.0,50,952.282876
,-41.0,50,953.914677
,-21.0,50,955.656543
,-18.0,50,957.313018
,-50.0,50,958.964993
,-38.0,50,960.625561
,-8.0,50,962.286134
,-11.0,50,963.99174
,-35.0,50,965.670936
,-47.0,50,967.320052
,0.0,50,968.989476
,-50.0,50,970.662222
,-18.0,50,972.332896
,-11.0,50,974.047184
,-48.0,50,975.710253
,-16.0,50,977.334108
,-47.0,50,979.016977
,-50.0,50,980.711048
,0.0,50,982.38613
,-50.0,50,984.094306
,-16.0,50,985.729571
,-19.0,50,987.403217
,-24.0,50,989.073313
,-16.0,50,990.707586
,-17.0,50,992.418188
,-50.0,50,994.051887
,-8.0,50,995.751676
,-12.0,50,997.421282
,-18.0,50,999.10651
,-17.0,50,1000.795049
,-47.0,50,1002.441438
,-42.0,50,1004.134876
,-34.0,50,1005.78034
,-23.0,50,1007.449135
,-19.0,50,1009.156888
,-25.0,50,1010.834602
,-37.0,50,1012.473631
,-48.0,50,1014.176808
,-20.0,50,1015.814385
,-12.0,50,1017.505907
,-47.0,50,1019.205713
,-20.0,50,1020.844302
,-14.0,50,1022.483004
,-16.0,50,1024.1845
,-10.0,50,1025.853821
,-30.0,50,1027.526544
,-27.0,50,1029.211451
,-50.0,50,1029.488439
,-38.0,50,1029.776608
,-6.0,50,1030.073408
,-49.0,50,1030.352163
,-15.0,50,1030.631803
,-5.0,50,1030.890499
,-10.0,50,1031.164623
,-9.0,50,1031.430195
,-50.0,50,1031.718572
,-15.0,50,1032.106749
,0.0,50,1033.732827
,-16.0,50,1035.437649
,-23.0,50,1037.114474
,0.0,50,1038.76989
,-13.0,50,1040.406371
,-18.0,50,1042.15922
,-16.0,50,1043.837153
,-24.0,50,1045.50073
,-14.0,50,1047.144152
,-15.0,50,1048.823989
,0.0,50,1050.47619
,-29.0,50,1052.155718
,-42.0,50,1053.82128
,-15.0,50,1055.493299
,-12.0,50,1057.169614
,-20.0,50,1058.877148
,-25.0,50,1060.498328
,-14.0,50,1062.191169
,-22.0,50,1063.868983
,0.0,50,1065.530514
,-36.0,50,1067.226628
,-10.0,50,1068.965654
,-16.0,50,1070.597634
,-22.0,50,1072.309626
,-42.0,50,1073.995365
,-18.0,50,1075.622099
,-14.0,50,1077.326299
,-11.0,50,1078.983229
,-32.0,50,1080.671916
,-17.0,50,1082.335255
,-23.0,50,1084.024808
,-21.0,50,1085.688462
,-14.0,50,1087.381671
,-27.0,50,1089.008239
,-7.0,50,1090.715581
,-18.0,50,1092.450145
,-11.0,50,1094.122091
,-26.0,50,1095.807765
,-12.0,50,1097.463147
,-8.0,50,1099.148478
,-29.0,50,1100.804743
,-50.0,50,1102.453079
,-5.0,50,1104.142572
,-8.0,50,1105.829292
,-14.0,50,1107.452053
,-19.0,50,1109.166278
,-30.0,50,1110.819461
,-31.0,50,1112.464367
,-10.0,50,1114.171027
,-13.0,50,1115.852325
,-28.0,50,1116.140559
,-12.0,50,1116.397421
,0.0,50,1116.671972
,-12.0,50,1116.940688
,-9.0,50,1117.214476
,-12.0,50,1117.496734
,-17.0,50,1117.774668
,-50.0,50,1118.079837
,-10.0,50,1118.3621
,-12.0,50,1118.766122
,-49.0,50,1120.419025
,-15.0,50,1122.101193
,-46.0,50,1123.806299
,-17.0,50,1125.461533
,-14.0,50,1127.153942
,-11.0,50,1128.814886
,-47.0,50,1130.468519
,-12.0,50,1132.175896
,-16.0,50,1133.841882
,-43.0,50,1135.519104
,-23.0,50,1137.197509
,-30.0,50,1138.863559
,-10.0,50,1140.556377
,-18.0,50,1142.248662
,0.0,50,1143.885879
,-16.0,50,1145.5743
,-45.0,50,1147.259809
,0.0,50,1148.957185
,0.0,50,1150.624006
,-14.0,50,1152.315978
,-10.0,50,1153.964722
,-12.0,50,1155.693869
,-20.0,50,1157.358704
,-48.0,50,1159.009142
,0.0,50,1160.707496
,-34.0,50,1162.414409
,-34.0,50,1164.059084
,-18.0,50,1165.727004
,-13.0,50,1167.421172
,-18.0,50,1169.06022
,-24.0,50,1170.798573
,-19.0,50,1172.407476
,-11.0,50,1174.128882
,-23.0,50,1175.865886
,0.0,50,1177.51364
,-11.0,50,1179.185518
,-18.0,50,1180.873132
,-22.0,50,1182.563463
,-13.0,50,1184.248295
,-25.0,50,1185.874685
,-22.0,50,1187.617821
,-22.0,50,1189.283137
,-16.0,50,1190.95738
,-7.0,50,1192.636239
,-15.0,50,1194.301778
,-17.0,50,1195.993787
,-22.0,50,1197.666296
,-10.0,50,1199.387981
,-26.0,50,1201.025521
,-7.0,50,1202.780154
,-7.0,50,1203.04288
,-14.0,50,1203.299684
,-9.0,50,1203.570024
,-12.0,50,1203.834959
,-8.0,50,1204.11214
,-12.0,50,1204.389012
,-7.0,50,1204.669794
,-24.0,50,1204.972025
,-14.0,50,1205.248486
,-21.0,50,1205.594256
,-14.0,50,1207.285806
,-25.0,50,1208.966308
,-18.0,50,1210.652637
,-32.0,50,1212.357882
,-24.0,50,1214.029812
,-14.0,50,1215.723026
,-17.0,50,1217.367475
,-12.0,50,1219.082763
,0.0,50,1220.772391
,-26.0,50,1222.412091
,-8.0,50,1224.142988
,-19.0,50,1225.813909
,-24.0,50,1227.510726
,-17.0,50,1229.19402
,-37.0,50,1230.883882
,-21.0,50,1232.519021
,-19.0,50,1234.214069
,-19.0,50,1235.894856
,-50.0,50,1237.577499
,-33.0,50,1239.215499
,-22.0,50,1240.92329
,-11.0,50,1242.608906
,-36.0,50,1244.268073
,-33.0,50,1245.955545
,0.0,50,1247.666002
,-21.0,50,1249.370902
,-23.0,50,1251.009538
,0.0,50,1252.684871
,-28.0,50,1254.361084
,-19.0,50,1256.044487
,-12.0,50,1257.700083
,-35.0,50,1259.414738
,-36.0,50,1261.069328
,-28.0,50,1262.752192
,-13.0,50,1264.410223
,-12.0,50,1266.091671
,-17.0,50,1267.783832
,-30.0,50,1269.478876
,-34.0,50,1271.118773
,-6.0,50,1272.826696
,-14.0,50,1274.585119
,-28.0,50,1276.225245
,-18.0,50,1277.971069
,-14.0,50,1279.599618
,-12.0,50,1281.288285
,-36.0,50,1283.005336
,-13.0,50,1284.700028
,-22.0,50,1286.403275
,-20.0,50,1288.074931
,-9.0,50,1289.78009
,-7.0,50,1290.097019
,-11.0,50,1290.362183
,-2.0,50,1290.632071
,-12.0,50,1290.897596
,-10.0,50,1291.145195
,-7.0,50,1291.422434
,-8.0,50,1291.673403
,-38.0,50,1291.9633
,-11.0,50,1292.253966
,-13.0,50,1292.711723
,-11.0,50,1294.397163
,-16.0,50,1296.06713
,-9.0,50,1297.750294
,-18.0,50,1299.399962
,-13.0,50,1301.072971
,-24.0,50,1302.788334
,-31.0,50,1304.456284
,-5.0,50,1306.134126
,-24.0,50,1307.80624
,-19.0,50,1309.468031
,-34.0,50,1311.205842
,-32.0,50,1312.892966
,-40.0,50,1314.598773
,-18.0,50,1316.30609
,-10.0,50,1317.937787
,-8.0,50,1319.66473
,-14.0,50,1321.402544
,-7.0,50,1323.055154
,-17.0,50,1324.755246
,-48.0,50,1326.446979
,-18.0,50,1328.176507
,-38.0,50,1329.824713
,-22.0,50,1331.524569
,-19.0,50,1333.201941
,-50.0,50,1334.89266
,-22.0,50,1336.587291
,-10.0,50,1338.229719
,0.0,50,1339.939657
,-5.0,50,1341.636665
,-29.0,50,1343.304647
,-11.0,50,1345.002127
,0.0,50,1346.685023
,-21.0,50,1348.369862
,-5.0,50,1350.034398
,-19.0,50,1351.700313
,-16.0,50,1353.448546
,-23.0,50,1355.072831
,-16.0,50,1356.802692
,-21.0,50,1358.505536
,-11.0,50,1360.191813
,-15.0,50,1361.850642
,-26.0,50,1363.565945
,-24.0,50,1365.240184
,-39.0,50,1366.927928
,-24.0,50,1368.651105
,-9.0,50,1370.349095
,-11.0,50,1372.040981
,-20.0,50,1373.744259
,-12.0,50,1375.442114
,0.0,50,1377.087762
,-8.0,50,1377.37481
,-12.0,50,1377.634475
,0.0,50,1377.895393
,-6.0,50,1378.178857
,-12.0,50,1378.431925
,-10.0,50,1378.706042
,-11.0,50,1379.005222
,0.0,50,1379.260626
,-5.0,50,1379.556337
,-37.0,50,1380.001999
,-9.0,50,1381.669752
,-15.0,50,1383.370872
,-21.0,50,1385.080143
,-16.0,50,1386.798202
,-17.0,50,1388.457901
,-23.0,50,1390.195301
,-6.0,50,1391.870465
,-25.0,50,1393.555773
,-29.0,50,1395.279614
,-20.0,50,1396.984475
,-26.0,50,1398.68026
,-20.0,50,1400.329262
,-34.0,50,1402.034907
,-8.0,50,1403.770949
,0.0,50,1405.433999
,0.0,50,1407.10695
,-11.0,50,1408.802773
,-18.0,50,1410.509145
,-10.0,50,1412.179017
,-24.0,50,1413.842507
,-12.0,50,1415.550976
,-12.0,50,1417.264335
,-42.0,50,1418.949327
,-25.0,50,1420.643756
,-6.0,50,1422.3592
,-47.0,50,1424.038729
,-9.0,50,1425.757415
,-23.0,50,1427.45412
,-15.0,50,1429.159789
,-16.0,50,1430.833483
,-26.0,50,1432.533876
,-16.0,50,1434.187691
,-9.0,50,1435.911004
,-12.0,50,1437.620565
,-47.0,50,1439.296018
,-23.0,50,1441.008457
,-8.0,50,1442.684232
,-22.0,50,1444.384001
,-24.0,50,1446.107056
,-18.0,50,1447.779272
,-20.0,50,1449.460695
,0.0,50,1451.201004
,-41.0,50,1452.848678
,-16.0,50,1454.531464
,-12.0,50,1456.253477
,-16.0,50,1457.960901
,-27.0,50,1459.645485
,-4.0,50,1461.356482
,-27.0,50,1463.063978
,-9.0,50,1464.749578
,-6.0,50,1465.035018
,-10.0,50,1465.311163
,-12.0,50,1465.591362
,-7.0,50,1465.848119
,-4.0,50,1466.13872
,-9.0,50,1466.42242
,-19.0,50,1466.684549
,-9.0,50,1466.936891
,-16.0,50,1467.212967
,-25.0,50,1467.635236
,-21.0,50,1469.323949
,-23.0,50,1471.04453
,-35.0,50,1472.736105
,-20.0,50,1474.407231
,-20.0,50,1476.105951
,-30.0,50,1477.80437
,-16.0,50,1479.490454
,-12.0,50,1481.21335
,-20.0,50,1482.905221
,-20.0,50,1484.606884
,-13.0,50,1486.293666
,-21.0,50,1487.952317
,-12.0,50,1489.686761
,-44.0,50,1491.371775
,-21.0,50,1493.064068
,-14.0,50,1494.801749
,-49.0,50,1496.447466
,-13.0,50,1498.192518
,-14.0,50,1499.841734
,-16.0,50,1501.550248
,-21.0,50,1503.237242
,-14.0,50,1504.92324
,0.0,50,1506.662232
,-13.0,50,1508.324993
,-12.0,50,1510.01484
,-12.0,50,1511.759585
,-9.0,50,1513.453544
,-16.0,50,1515.167867
,-42.0,50,1516.849618
,-15.0,50,1518.58697
,-21.0,50,1520.281992
,-22.0,50,1521.936618
,-20.0,50,1523.643516
,-42.0,50,1525.33045
,-8.0,50,1527.061791
,-13.0,50,1528.713644
,-13.0,50,1530.46127
,-46.0,50,1532.16218
,-16.0,50,1533.836599
,-5.0,50,1535.554773
,-9.0,50,1537.255234
,-22.0,50,1538.981766
,-14.0,50,1540.669249
,-19.0,50,1542.363756
,-34.0,50,1544.052563
,-19.0,50,1545.760265
,-17.0,50,1547.498923
,-18.0,50,1549.167355
,-17.0,50,1550.843667
,-12.0,50,1552.588336
,-8.0,50,1552.880305
,0.0,50,1553.169433
,-10.0,50,1553.442656
,-15.0,50,1553.707847
,-6.0,50,1553.961539
,-17.0,50,1554.261913
,-5.0,50,1554.539689
,-8.0,50,1554.79515
,-6.0,50,1555.056391
,-17.0,50,1555.446437
,-6.0,50,1557.179755
,-16.0,50,1558.850477
,-11.0,50,1560.529377
,-17.0,50,1562.242171
,-20.0,50,1563.949007
,-10.0,50,1565.65273
,-12.0,50,1567.337983
,-11.0,50,1569.045908
,-50.0,50,1570.732409
,-13.0,50,1572.489943
,-28.0,50,1574.142744
,-22.0,50,1575.855309
,-10.0,50,1577.609362
,-24.0,50,1579.290201
,-14.0,50,1580.951584
,-17.0,50,1582.703865
,-19.0,50,1584.38683
,-30.0,50,1586.10488
,-14.0,50,1587.779675
,-15.0,50,1589.477326
,-15.0,50,1591.169497
,-43.0,50,1592.901442
,-25.0,50,1594.586059
,-23.0,50,1596.23331
,-28.0,50,1597.938736
,-24.0,50,1599.669055
,-44.0,50,1601.347929
,-25.0,50,1603.100889
,-10.0,50,1604.761751
,-26.0,50,1606.435005
,-18.0,50,1608.16274
,-30.0,50,1609.872735
,-6.0,50,1611.604267
,-11.0,50,1613.279658
,-18.0,50,1615.038189
,-9.0,50,1616.686749
,-12.0,50,1618.447067
,-19.0,50,1620.185193
,-11.0,50,1621.872524
,-9.0,50,1623.519152
,-17.0,50,1625.23602
,-24.0,50,1626.959706
,-22.0,50,1628.665257
,-11.0,50,1630.363909
,-36.0,50,1632.05694
,-19.0,50,1633.76551
,-13.0,50,1635.51581
,-37.0,50,1637.2202
,-10.0,50,1638.905677
,-11.0,50,1640.605168
,-8.0,50,1640.924092
,-13.0,50,1641.192903
,-9.0,50,1641.462374
,-7.0,50,1641.73954
,-9.0,50,1642.013036
,-10.0,50,1642.304193
,-13.0,50,1642.582741
,-9.0,50,1642.878187
,-9.0,50,1643.152191
,-13.0,50,1643.506728
,-22.0,50,1645.211868
,-28.0,50,1646.875088
,-12.0,50,1648.584609
,-15.0,50,1650.307485
,-18.0,50,1651.9728
,-16.0,50,1653.690015
,-27.0,50,1655.426079
,-16.0,50,1657.079584
,-45.0,50,1658.786732
,-14.0,50,1660.479643
,-12.0,50,1662.181428
,-7.0,50,1663.880078
,-20.0,50,1665.605169
,-22.0,50,1667.34926
,-22.0,50,1669.038558
,-35.0,50,1670.738039
,-21.0,50,1672.437692
,-28.0,50,1674.148498
,-24.0,50,1675.822338
,-19.0,50,1677.53902
,-5.0,50,1679.243215
,-19.0,50,1680.934623
,-12.0,50,1682.657298
,-29.0,50,1684.379974
,-23.0,50,1686.066202
,-18.0,50,1687.786167
,-17.0,50,1689.476472
,-19.0,50,1691.209014
,-43.0,50,1692.922142
,-20.0,50,1694.598388
,0.0,50,1696.287681
,-31.0,50,1698.057571
,-12.0,50,1699.727333
,-12.0,50,1701.467056
,-26.0,50,1703.138173
,-11.0,50,1704.83098
,-20.0,50,1706.559275
,-31.0,50,1708.297335
,-14.0,50,1709.977492
,-10.0,50,1711.645902
,-28.0,50,1713.393802
,-2.0,50,1715.13157
,-26.0,50,1716.7874
,-16.0,50,1718.482034
,-35.0,50,1720.196132
,-12.0,50,1721.918549
,-14.0,50,1723.610885
,-8.0,50,1725.364506
,0.0,50,1727.0417
,-4.0,50,1728.763001
,-9.0,50,1729.02033
,0.0,50,1729.316019
,-17.0,50,1729.628409
,-10.0,50,1729.898648
,-5.0,50,1730.174841
,-10.0,50,1730.443651
,-14.0,50,1730.706187
,-7.0,50,1730.99176
,-2.0,50,1731.287671
,-16.0,50,1731.63118
,-16.0,50,1733.348138
,-15.0,50,1735.029686
,-11.0,50,1736.746509
,-12.0,50,1738.443341
,-20.0,50,1740.153542
,-24.0,50,1741.848671
,-18.0,50,1743.554216
,-13.0,50,1745.326656
,-13.0,50,1747.015535
,-3.0,50,1748.69583
,-19.0,50,1750.433241
,-17.0,50,1752.112367
,-50.0,50,1753.877297
,-11.0,50,1755.607919
,-14.0,50,1757.303287
,-19.0,50,1759.036144
,-13.0,50,1760.716495
,-20.0,50,1762.443368
,-11.0,50,1764.169146
,-28.0,50,1765.862283
,-15.0,50,1767.56309
,-33.0,50,1769.291532
,-20.0,50,1770.990298
,-14.0,50,1772.761884
,-4.0,50,1774.441717
,-27.0,50,1776.11227
,-16.0,50,1777.805043
,-28.0,50,1779.558729
,-17.0,50,1781.206719
,-13.0,50,1782.950866
,-10.0,50,1784.693767
,-13.0,50,1786.355427
,-21.0,50,1788.05811
,-12.0,50,1789.790648
,-33.0,50,1791.494483
,-24.0,50,1793.206743
,0.0,50,1794.918279
,-37.0,50,1796.630934
,-12.0,50,1798.351466
,-29.0,50,1800.101528
,-18.0,50,1801.826382
,-21.0,50,1803.556821
,-24.0,50,1805.250464
,-14.0,50,1806.95163
,-15.0,50,1808.648676
,-22.0,50,1810.393813
,-27.0,50,1812.044079
,-16.0,50,1813.805283
,-15.0,50,1815.469992
,-7.0,50,1817.218859
,-24.0,50,1817.468102
,0.0,50,1817.738296
,-14.0,50,1818.025529
,-23.0,50,1818.317673
,-11.0,50,1818.583797
,-11.0,50,1818.877082
,-8.0,50,1819.190928
,-7.0,50,1819.475628
,-13.0,50,1819.753103
,-15.0,50,1820.101368
,-25.0,50,1821.853161
,-16.0,50,1823.532905
,-38.0,50,1825.293976
,-13.0,50,1826.968876
,-29.0,50,1828.682855
,-20.0,50,1830.372708
,-13.0,50,1832.119989
,-19.0,50,1833.774083
,-18.0,50,1835.489154
,-7.0,50,1837.244618
,-10.0,50,1838.940942
,-35.0,50,1840.663238
,-16.0,50,1842.367895
,-18.0,50,1844.062361
,-12.0,50,1845.790435
,-14.0,50,1847.532668
,-24.0,50,1849.222493
,-14.0,50,1850.939651
,-5.0,50,1852.632142
,-13.0,50,1854.326453
,-20.0,50,1856.056651
,-36.0,50,1857.757025
,-13.0,50,1859.474807
,-16.0,50,1861.141072
,-22.0,50,1862.862931
,0.0,50,1864.607897
,-40.0,50,1866.357073
,-27.0,50,1868.043392
,-22.0,50,1869.762824
,-16.0,50,1871.501214
,-14.0,50,1873.20936
,-34.0,50,1874.885696
,-50.0,50,1876.686554
,-13.0,50,1878.397148
,-19.0,50,1880.088364
,-17.0,50,1881.797378
,-12.0,50,1883.523319
,-32.0,50,1885.254583
,-23.0,50,1886.919429
,-11.0,50,1888.694505
,-11.0,50,1890.409314
,-19.0,50,1892.088575
,-10.0,50,1893.824784
,-34.0,50,1895.524624
,0.0,50,1897.212288
,-15.0,50,1898.91834
,-10.0,50,1900.639735
,-22.0,50,1902.391322
,-28.0,50,1904.043328
,-10.0,50,1905.799422
,-7.0,50,1906.070617
,-11.0,50,1906.37042
,-9.0,50,1906.643916
,-5.0,50,1906.915031
,-9.0,50,1907.168461
,-13.0,50,1907.453534
,-6.0,50,1907.738059
,-5.0,50,1908.023297
,-6.0,50,1908.303463
,-19.0,50,1908.653005
,-21.0,50,1910.37427
,-25.0,50,1912.059754
,-37.0,50,1913.74679
,-18.0,50,1915.506284
,-18.0,50,1917.241427
,-19.0,50,1918.961814
,-31.0,50,1920.711051
,-16.0,50,1922.428574
,-47.0,50,1924.195757
,-22.0,50,1925.905184
,-9.0,50,1927.58642
,-26.0,50,1929.288069
,-17.0,50,1930.998411
,-8.0,50,1932.73184
,-35.0,50,1934.403853
,-30.0,50,1936.191319
,-7.0,50,1937.889158
,-20.0,50,1939.608379
,-10.0,50,1941.267832
,-22.0,50,1942.966977
,-24.0,50,1944.69796
,-41.0,50,1946.429527
,-12.0,50,1948.185719
,-44.0,50,1949.868216
,-18.0,50,1951.560184
,-32.0,50,1953.315746
,-22.0,50,1955.01077
,-19.0,50,1956.736013
,-10.0,50,1958.450199
,-18.0,50,1960.205042
,-20.0,50,1961.93358
,-29.0,50,1963.620899
,-23.0,50,1965.339474
,-26.0,50,1967.019028
,-7.0,50,1968.795278
,0.0,50,1970.51186
,-23.0,50,1972.213123
,-18.0,50,1973.897174
,-23.0,50,1975.610705
,-15.0,50,1977.338569
,-24.0,50,1979.058211
,-19.0,50,1980.720695
,-15.0,50,1982.516823
,-27.0,50,1984.193596
,-16.0,50,1985.959913
,-12.0,50,1987.665888
,-20.0,50,1989.383721
,-25.0,50,1991.143113
,-17.0,50,1992.843137
,-9.0,50,1994.524225
,-8.0,50,1994.781708
,-9.0,50,1995.048726
,-5.0,50,1995.352247
,-8.0,50,1995.615535
,-8.0,50,1995.89315
,-10.0,50,1996.178897
,-8.0,50,1996.479353
,-8.0,50,1996.758492
,-3.0,50,1997.012693
,-13.0,50,1997.423662
,-18.0,50,1999.138879
,-1.0,50,2000.797211
,-14.0,50,2002.535556
,-25.0,50,2004.303387
,-16.0,50,2006.00415
,-12.0,50,2007.69784
,-21.0,50,2009.443484
,-14.0,50,2011.138551
,-28.0,50,2012.887481
,-16.0,50,2014.564284
,-21.0,50,2016.288172
,-17.0,50,2018.047954
,-46.0,50,2019.738414
,-25.0,50,2021.43914
,-15.0,50,2023.229798
,-19.0,50,2024.914264
,-13.0,50,2026.636976
,0.0,50,2028.365608
,-25.0,50,2030.05411
,-17.0,50,2031.767915
,-23.0,50,2033.509756
,0.0,50,2035.198117
,-22.0,50,2036.968962
,-6.0,50,2038.685448
,-21.0,50,2040.378516
,-50.0,50,2042.092479
,-13.0,50,2043.824564
,0.0,50,2045.526339
,-5.0,50,2047.30153
,-11.0,50,2049.030113
,-18.0,50,2050.700079
,-23.0,50,2052.437275
,-16.0,50,2054.186158
,-18.0,50,2055.893183
,-19.0,50,2057.601242
,-14.0,50,2059.282993
,-25.0,50,2061.043536
,-15.0,50,2062.793766
,-7.0,50,2064.454008
,-18.0,50,2066.197323
,-21.0,50,2067.8948
,-16.0,50,2069.687275
,-11.0,50,2071.386381
,-18.0,50,2073.085422
,-34.0,50,2074.848017
,-10.0,50,2076.559733
,-9.0,50,2078.320815
,-36.0,50,2080.032386
,-4.0,50,2081.78202
,-6.0,50,2083.535881
,-11.0,50,2083.800174
,-11.0,50,2084.134503
,-6.0,50,2084.421793
,-8.0,50,2084.690535
,-13.0,50,2084.983675
,-10.0,50,2085.247069
,-10.0,50,2085.508857
,0.0,50,2085.77355
,-8.0,50,2086.047565
,-18.0,50,2086.373044
,-16.0,50,2088.091542
,-14.0,50,2089.800223
,0.0,50,2091.547433
,-16.0,50,2093.259779
,0.0,50,2094.932556
,-8.0,50,2096.709323
,-19.0,50,2098.412617
,-19.0,50,2100.131301
,-16.0,50,2101.806816
,-12.0,50,2103.555575
,-3.0,50,2105.340038
,-16.0,50,2107.006356
,0.0,50,2108.73108
,-11.0,50,2110.468855
,-11.0,50,2112.200294
,-32.0,50,2113.943861
,-5.0,50,2115.656929
,-12.0,50,2117.400088
,-44.0,50,2119.089431
,-15.0,50,2120.788409
,-19.0,50,2122.53316
,-16.0,50,2124.255294
,-17.0,50,2125.991326
,-19.0,50,2127.704318
,-33.0,50,2129.469822
,-42.0,50,2131.174327
,-21.0,50,2132.921581
,-20.0,50,2134.653157
,-17.0,50,2136.339336
,-14.0,50,2138.032547
,-22.0,50,2139.79841
,-16.0,50,2141.548363
,-50.0,50,2143.2659
,-13.0,50,2144.979505
,-15.0,50,2146.683265
,-23.0,50,2148.420949
,-11.0,50,2150.210726
,-24.0,50,2151.940035
,-16.0,50,2153.65827
,-14.0,50,2155.388509
,-44.0,50,2157.14451
,-41.0,50,2158.930051
,-15.0,50,2160.642625
,-11.0,50,2162.322573
,-24.0,50,2164.089584
,-9.0,50,2165.784468
,-21.0,50,2167.513244
,-20.0,50,2169.238619
,-11.0,50,2170.95004
,-11.0,50,2172.749122
,-5.0,50,2173.054369
,-6.0,50,2173.337802
,-17.0,50,2173.619527
,0.0,50,2173.905569
,-4.0,50,2174.207107
,-11.0,50,2174.483693
,-10.0,50,2174.783551
,-12.0,50,2175.051444
,-11.0,50,2175.327622
,-15.0,50,2175.647869
,-24.0,50,2177.39764
,-16.0,50,2179.096886
,-31.0,50,2180.845511
,-36.0,50,2182.546431
,-8.0,50,2184.297352
,-14.0,50,2186.035705
,-25.0,50,2187.813715
,-14.0,50,2189.517785
,-18.0,50,2191.226147
,-49.0,50,2192.961955
,-22.0,50,2194.645199
,-17.0,50,2196.430403
,-11.0,50,2198.144852
,-20.0,50,2199.889807
,-41.0,50,2201.570232
,-15.0,50,2203.375237
,-15.0,50,2205.039406
,-13.0,50,2206.789445
,-25.0,50,2208.503202
,-24.0,50,2210.273978
,-21.0,50,2211.942707
,-13.0,50,2213.684032
,-19.0,50,2215.509916
,-12.0,50,2217.203958
,-24.0,50,2218.923083
,-19.0,50,2220.634664
,-36.0,50,2222.384002
,-17.0,50,2224.170967
,-15.0,50,2225.893801
,-18.0,50,2227.574813
,-16.0,50,2229.31753
,-8.0,50,2231.01673
,-17.0,50,2232.774945
,-27.0,50,2234.541363
,-35.0,50,2236.287855
,-22.0,50,2238.021008
,-20.0,50,2239.690882
,-50.0,50,2241.468879
,-13.0,50,2243.209469
,-21.0,50,2244.947145
,-11.0,50,2246.665505
,-18.0,50,2248.389067
,-14.0,50,2250.144366
,-24.0,50,2251.866336
,-18.0,50,2253.600606
,-25.0,50,2255.332278
,-34.0,50,2257.09618
,-18.0,50,2258.786274
,-7.0,50,2260.560066
,-7.0,50,2262.297178
,-9.0,50,2262.57459
,-10.0,50,2262.836707
,-8.0,50,2263.094578
,-7.0,50,2263.369807
,0.0,50,2263.67546
,-7.0,50,2263.983583
,-8.0,50,2264.255106
,-10.0,50,2264.524903
,-10.0,50,2264.795651
,-11.0,50,2265.167391
,-15.0,50,2266.934013
,-18.0,50,2268.699375
,-13.0,50,2270.427776
,-19.0,50,2272.130646
,-14.0,50,2273.907492
,-18.0,50,2275.618926
,-30.0,50,2277.305586
,-29.0,50,2279.048407
,-14.0,50,2280.784983
,-10.0,50,2282.492218
,-33.0,50,2284.212326
,-18.0,50,2286.028028
,-15.0,50,2287.698525
,-28.0,50,2289.425771
,-29.0,50,2291.225841
,-14.0,50,2292.965611
,-7.0,50,2294.683183
,-23.0,50,2296.385247
,-8.0,50,2298.191815
,-5.0,50,2299.896331
,-14.0,50,2301.657672
,-10.0,50,2303.410406
,-17.0,50,2305.162388
,-12.0,50,2306.901122
,-9.0,50,2308.566872
,-32.0,50,2310.352633
,-27.0,50,2312.087905
,-19.0,50,2313.815702
,-20.0,50,2315.642395
,-9.0,50,2317.335371
,-24.0,50,2319.106354
,-9.0,50,2320.849051
,-11.0,50,2322.601532
,-8.0,50,2324.275202
,-12.0,50,2326.033165
,-9.0,50,2327.752599
,-25.0,50,2329.565606
,-17.0,50,2331.275445
,0.0,50,2332.969601
,-17.0,50,2334.752691
,-16.0,50,2336.472555
,0.0,50,2338.209348
,-18.0,50,2339.924989
,0.0,50,2341.692167
,-20.0,50,2343.367704
,-41.0,50,2345.110192
,-24.0,50,2346.87025
,-50.0,50,2348.590691
,-14.0,50,2350.343151
,-8.0,50,2352.095468
,-18.0,50,2352.37764
,-9.0,50,2352.643618
,-4.0,50,2352.951347
,-10.0,50,2353.238853
,-13.0,50,2353.527879
,-14.0,50,2353.809559
,-17.0,50,2354.089179
,-10.0,50,2354.353261
,-9.0,50,2354.613357
,-12.0,50,2354.937142
,-10.0,50,2356.71813
,-10.0,50,2358.411668
,0.0,50,2360.147022
,-10.0,50,2361.958373
,0.0,50,2363.681412
,-16.0,50,2365.372286
,-10.0,50,2367.181507
,-15.0,50,2368.848714
,-28.0,50,2370.613008
,-30.0,50,2372.350782
,0.0,50,2374.050326
,-27.0,50,2375.774286
,-7.0,50,2377.495558
,-41.0,50,2379.226263
,-14.0,50,2380.964694
,-3.0,50,2382.691437
,-17.0,50,2384.399998
,-6.0,50,2386.154915
,0.0,50,2387.894053
,-30.0,50,2389.660263
,-50.0,50,2391.353865
,-27.0,50,2393.147157
,-10.0,50,2394.897844
,0.0,50,2396.606402
,-9.0,50,2398.345466
,-14.0,50,2400.133264
,-6.0,50,2401.850518
,-14.0,50,2403.565416
,-22.0,50,2405.277101
,-22.0,50,2407.03086
,-15.0,50,2408.810421
,-10.0,50,2410.580114
,-15.0,50,2412.279504
,-37.0,50,2414.063041
,-28.0,50,2415.752182
,-26.0,50,2417.540213
,-44.0,50,2419.278774
,-17.0,50,2420.974394
,-26.0,50,2422.727199
,-46.0,50,2424.49036
,-27.0,50,2426.222619
,-40.0,50,2427.925287
,-14.0,50,2429.683234
,-25.0,50,2431.440313
,-10.0,50,2433.141957
,-50.0,50,2434.941036
,-19.0,50,2436.662911
,-8.0,50,2438.457392
,-18.0,50,2440.125336
,-12.0,50,2441.885082
,-13.0,50,2442.186351
,0.0,50,2442.45269
,-6.0,50,2442.720008
,-11.0,50,2443.00499
,-12.0,50,2443.270416
,-8.0,50,2443.566223
,-11.0,50,2443.847569
,-50.0,50,2444.105544
,-11.0,50,2444.418467
,-9.0,50,2444.789834
,-19.0,50,2446.48555
,-13.0,50,2448.217283
,-29.0,50,2449.926812
,-25.0,50,2451.707708
,-11.0,50,2453.467147
,-15.0,50,2455.178855
,-10.0,50,2456.912072
,-39.0,50,2458.651654
,-10.0,50,2460.378523
,-12.0,50,2462.095851
,-18.0,50,2463.859076
,-23.0,50,2465.605019
,-50.0,50,2467.390002
,-21.0,50,2469.12963
,-20.0,50,2470.85861
,-4.0,50,2472.589728
,-15.0,50,2474.371135
,-20.0,50,2476.127336
,0.0,50,2477.853127
,-24.0,50,2479.616065
,-13.0,50,2481.353618
,-23.0,50,2483.098291
,-26.0,50,2484.871264
,0.0,50,2486.562334
,-8.0,50,2488.34831
,-35.0,50,2490.071418
,-18.0,50,2491.774246
,-4.0,50,2493.557722
,-5.0,50,2495.284346
,-3.0,50,2497.019408
,-12.0,50,2498.784823
,-19.0,50,2500.564201
,-46.0,50,2502.294089
,-22.0,50,2503.992628
,-17.0,50,2505.770314
,-9.0,50,2507.550127
,-18.0,50,2509.244407
,-12.0,50,2510.976148
,-41.0,50,2512.735598
,-14.0,50,2514.483695
,-24.0,50,2516.18153
,-19.0,50,2517.957451
,-14.0,50,2519.726631
,-16.0,50,2521.44594
,-8.0,50,2523.21205
,-15.0,50,2524.899477
,-14.0,50,2526.698176
,-13.0,50,2528.465703
,0.0,50,2530.211559
,-7.0,50,2531.964121
,-2.0,50,2532.249638
,-11.0,50,2532.534255
,-14.0,50,2532.801731
,-12.0,50,2533.084108
,-22.0,50,2533.381484
,-10.0,50,2533.664244
,-11.0,50,2533.929726
,-48.0,50,2534.190311
,-2.0,50,2534.476277
,-19.0,50,2534.82993
,-14.0,50,2536.547945
,0.0,50,2538.271976
,-27.0,50,2540.037571
,-34.0,50,2541.772565
,-19.0,50,2543.58905
,-13.0,50,2545.275846
,-38.0,50,2547.009532
,-43.0,50,2548.787791
,-8.0,50,2550.573815
,-16.0,50,2552.248868
,0.0,50,2554.0364
,-5.0,50,2555.754044
,-16.0,50,2557.497415
,0.0,50,2559.207923
,-23.0,50,2560.949913
,-19.0,50,2562.748135
,-32.0,50,2564.451042
,-11.0,50,2566.205715
,-15.0,50,2567.942283
,-13.0,50,2569.711417
,-9.0,50,2571.440275
,-12.0,50,2573.192995
,-17.0,50,2574.978889
,-22.0,50,2576.70692
,-16.0,50,2578.44003
,-13.0,50,2580.213108
,-15.0,50,2582.001641
,-36.0,50,2583.713611
,-14.0,50,2585.440866
,-7.0,50,2587.208697
,-20.0,50,2588.906965
,-7.0,50,2590.679219
,-21.0,50,2592.430549
,-15.0,50,2594.209805
,-25.0,50,2595.908733
,-18.0,50,2597.702643
,-34.0,50,2599.430796
,-20.0,50,2601.177992
,-10.0,50,2602.94483
,-12.0,50,2604.700436
,-30.0,50,2606.446925
,-10.0,50,2608.180179
,-33.0,50,2609.90307
,-17.0,50,2611.647499
,-29.0,50,2613.412437
,-29.0,50,2615.2176
,-16.0,50,2616.896747
,-23.0,50,2618.702693
,-13.0,50,2620.429236
,-13.0,50,2622.174345
,-11.0,50,2622.448241
,-6.0,50,2622.724463
,-6.0,50,2622.991096
,-9.0,50,2623.290569
,-13.0,50,2623.557715
,-12.0,50,2623.827614
,-14.0,50,2624.093596
,0.0,50,2624.390131
,-10.0,50,2624.682357
,-12.0,50,2625.071992
,-23.0,50,2626.775232
,-23.0,50,2628.522381
,-27.0,50,2630.305426
,-8.0,50,2632.008651
,-5.0,50,2633.802072
,-15.0,50,2635.565856
,-22.0,50,2637.341887
,-16.0,50,2639.013961
,-38.0,50,2640.795199
,-6.0,50,2642.585824
,-20.0,50,2644.320418
,-17.0,50,2646.098625
,-17.0,50,2647.827878
,-22.0,50,2649.61086
,0.0,50,2651.317319
,-18.0,50,2653.103972
,-26.0,50,2654.88237
,-17.0,50,2656.614341
,-7.0,50,2658.33108
,-15.0,50,2660.103416
,-18.0,50,2661.877247
,-9.0,50,2663.598192
,-27.0,50,2665.389009
,-12.0,50,2667.150838
,-16.0,50,2668.91334
,-11.0,50,2670.635694
,-21.0,50,2672.413107
,-30.0,50,2674.222995
,-15.0,50,2675.973799
,-17.0,50,2677.713964
,-22.0,50,2679.45385
,-15.0,50,2681.223706
,-12.0,50,2683.008924
,-20.0,50,2684.700523
,-10.0,50,2686.431994
,-19.0,50,2688.186864
,-11.0,50,2689.922981
,-50.0,50,2691.673374
,-9.0,50,2693.470999
,-18.0,50,2695.224649
,-10.0,50,2696.907648
,0.0,50,2698.708236
,-23.0,50,2700.466308
,0.0,50,2702.216567
,-38.0,50,2703.928143
,-17.0,50,2705.702549
,-40.0,50,2707.407428
,-17.0,50,2709.203847
,-25.0,50,2710.977502
,-12.0,50,2712.74165
,-11.0,50,2713.000126
,-3.0,50,2713.259047
,-11.0,50,2713.533369
,-11.0,50,2713.828569
,-11.0,50,2714.125414
,-7.0,50,2714.403235
,-10.0,50,2714.705976
,-12.0,50,2714.988179
,-6.0,50,2715.26526
,-34.0,50,2715.701501
,-9.0,50,2717.440973
,-26.0,50,2719.157727
,-29.0,50,2720.974617
,-9.0,50,2722.756446
,-19.0,50,2724.497967
,-26.0,50,2726.21766
,-33.0,50,2727.974306
,-20.0,50,2729.750607
,-10.0,50,2731.500991
,-12.0,50,2733.19182
,-11.0,50,2734.970041
,-16.0,50,2736.71894
,-12.0,50,2738.539976
,0.0,50,2740.272707
,-15.0,50,2742.029627
,-15.0,50,2743.769299
,-12.0,50,2745.53019
,0.0,50,2747.242478
,-18.0,50,2749.047252
,-17.0,50,2750.777683
,-15.0,50,2752.539274
,-4.0,50,2754.324029
,-21.0,50,2756.081497
,-10.0,50,2757.834601
,-10.0,50,2759.555138
,-20.0,50,2761.347173
,-20.0,50,2763.071688
,-13.0,50,2764.823218
,-19.0,50,2766.608581
,0.0,50,2768.388268
,-33.0,50,2770.142829
,-16.0,50,2771.865848
,-19.0,50,2773.598755
,-12.0,50,2775.443976
,-22.0,50,2777.227013
,-16.0,50,2778.971948
,-13.0,50,2780.727256
,-20.0,50,2782.440516
,-9.0,50,2784.194044
,-11.0,50,2785.98122
,-14.0,50,2787.732038
,-12.0,50,2789.457252
,-25.0,50,2791.227276
,-15.0,50,2792.998614
,-19.0,50,2794.778302
,-9.0,50,2796.465155
,-25.0,50,2798.251692
,-5.0,50,2800.018699
,-22.0,50,2801.800297
,-6.0,50,2803.529406
,-7.0,50,2803.787988
,-4.0,50,2804.039909
,-3.0,50,2804.298908
,-8.0,50,2804.558834
,-9.0,50,2804.853046
,-10.0,50,2805.154865
,-10.0,50,2805.443902
,-7.0,50,2805.737862
,-8.0,50,2806.024169
,-27.0,50,2806.35272
,-19.0,50,2808.069839
,0.0,50,2809.882512
,-43.0,50,2811.681814
,-32.0,50,2813.371993
,-12.0,50,2815.210118
,0.0,50,2816.878999
,-28.0,50,2818.667746
,-25.0,50,2820.40628
,-28.0,50,2822.184177
,-34.0,50,2823.981302
,-22.0,50,2825.704844
,-18.0,50,2827.450021
,-14.0,50,2829.207347
,0.0,50,2831.005963
,-13.0,50,2832.783004
,-12.0,50,2834.565439
,-15.0,50,2836.340702
,-28.0,50,2838.092998
,-11.0,50,2839.844267
,0.0,50,2841.592806
,0.0,50,2843.355244
,-22.0,50,2845.102853
,-5.0,50,2846.883755
,-14.0,50,2848.603966
,0.0,50,2850.393624
,-23.0,50,2852.166809
,-25.0,50,2853.844541
,-27.0,50,2855.627038
,-20.0,50,2857.370248
,-23.0,50,2859.202835
,-20.0,50,2860.957372
,-14.0,50,2862.72734
,-10.0,50,2864.55796
,-26.0,50,2866.287573
,-13.0,50,2868.052421
,-16.0,50,2869.843497
,-9.0,50,2871.549403
,0.0,50,2873.343983
,-25.0,50,2875.140086
,-26.0,50,2876.867566
,-15.0,50,2878.663416
,-38.0,50,2880.433124
,-8.0,50,2882.156152
,-12.0,50,2883.909858
,-25.0,50,2885.74676
,-19.0,50,2887.46361
,-11.0,50,2889.228852
,-18.0,50,2891.056735
,-5.0,50,2892.853239
,-15.0,50,2894.616834
,-10.0,50,2894.900651
,-9.0,50,2895.158904
,0.0,50,2895.45553
,0.0,50,2895.703879
,-9.0,50,2895.994348
,-11.0,50,2896.273494
,-10.0,50,2896.545566
,-5.0,50,2896.808597
,-22.0,50,2897.071201
,-8.0,50,2897.387906
,-25.0,50,2899.190281
,-44.0,50,2900.911982
,-11.0,50,2902.739555
,-17.0,50,2904.487236
,-17.0,50,2906.20307
,-9.0,50,2908.03095
,-16.0,50,2909.746998
,0.0,50,2911.523368
,-10.0,50,2913.295465
,-6.0,50,2915.072482
,-17.0,50,2916.828575
,-9.0,50,2918.585557
,-7.0,50,2920.343392
,-19.0,50,2922.094791
,-18.0,50,2923.931434
,-19.0,50,2925.668254
,-27.0,50,2927.42434
,-38.0,50,2929.219178
,-15.0,50,2930.962336
,-20.0,50,2932.751662
,-49.0,50,2934.509513
,-15.0,50,2936.300957
,-9.0,50,2938.063705
,-15.0,50,2939.829625
,-6.0,50,2941.567159
,-10.0,50,2943.334845
,-13.0,50,2945.129959
,-25.0,50,2946.918357
,-24.0,50,2948.702502
,-11.0,50,2950.498603
,0.0,50,2952.245795
,-11.0,50,2954.015961
,-22.0,50,2955.779909
,-12.0,50,2957.601593
,-19.0,50,2959.361189
,-15.0,50,2961.11256
,-9.0,50,2962.872492
,-9.0,50,2964.659054
,-6.0,50,2966.426049
,-15.0,50,2968.207487
,-11.0,50,2969.937361
,-33.0,50,2971.730266
,0.0,50,2973.459531
,-16.0,50,2975.281086
,-19.0,50,2977.023225
,0.0,50,2978.848249
,-17.0,50,2980.589738
,-12.0,50,2982.404932
,-13.0,50,2984.160009
,-26.0,50,2985.981625
,-14.0,50,2986.266867
,0.0,50,2986.51094
,-13.0,50,2986.79685
,-47.0,50,2987.073279
,-9.0,50,2987.365894
,-3.0,50,2987.673353
,-5.0,50,2987.949912
,-5.0,50,2988.232978
,-13.0,50,2988.493979
,-16.0,50,2988.846364
,-12.0,50,2990.644063
,-12.0,50,2992.380555
,-15.0,50,2994.23052
,-22.0,50,2995.979806
,-7.0,50,2997.703835
,-24.0,50,2999.498634
,-16.0,50,3001.22706
,-32.0,50,3003.013851
,-6.0,50,3004.77364
,-7.0,50,3006.602102
,-13.0,50,3008.387611
,-19.0,50,3010.139247
,-12.0,50,3011.930631
,-18.0,50,3013.738113
,-13.0,50,3015.465458
,-12.0,50,3017.26295
,-15.0,50,3019.00037
,-33.0,50,3020.761582
,-20.0,50,3022.51947
,-13.0,50,3024.316749
,-7.0,50,3026.092386
,-14.0,50,3027.876267
,-19.0,50,3029.679954
,-16.0,50,3031.447511
,-16.0,50,3033.208174
,-12.0,50,3035.011557
,-13.0,50,3036.773197
,-23.0,50,3038.53504
,-26.0,50,3040.311312
,-50.0,50,3042.135374
,-20.0,50,3043.849248
,-10.0,50,3045.59191
,-31.0,50,3047.366338
,-28.0,50,3049.191839
,-11.0,50,3050.877498
,-10.0,50,3052.715225
,-13.0,50,3054.446357
,-19.0,50,3056.253382
,-25.0,50,3058.035815
,-38.0,50,3059.741372
,-16.0,50,3061.54436
,-20.0,50,3063.293275
,-25.0,50,3065.074923
,-14.0,50,3066.803405
,-8.0,50,3068.594055
,-10.0,50,3070.411578
,0.0,50,3072.166421
,-7.0,50,3073.962893
,-24.0,50,3075.741159
,-11.0,50,3077.539274
,-9.0,50,3077.823022
,-9.0,50,3078.137561
,-5.0,50,3078.423038
,-9.0,50,3078.733266
,0.0,50,3079.002677
,-10.0,50,3079.312132
,-8.0,50,3079.58974
,-19.0,50,3079.894424
,-10.0,50,3080.154805
,-18.0,50,3080.399017
,-21.0,50,3082.210597
,-18.0,50,3083.948635
,-10.0,50,3085.765612
,-13.0,50,3087.503206
,-6.0,50,3089.28292
,-12.0,50,3091.079985
,-15.0,50,3092.819947
,-24.0,50,3094.613239
,-27.0,50,3096.328986
,-12.0,50,3098.144879
,-12.0,50,3099.893944
,-39.0,50,3101.624748
,-9.0,50,3103.43582
,-19.0,50,3105.250197
,-11.0,50,3106.985865
,-25.0,50,3108.734177
,-33.0,50,3110.533569
,-9.0,50,3112.281663
,0.0,50,3114.031559
,-13.0,50,3115.788123
,-26.0,50,3117.568017
,-22.0,50,3119.353256
,-20.0,50,3121.071196
,-12.0,50,3122.886312
,-13.0,50,3124.688476
,-17.0,50,3126.499479
,-37.0,50,3128.323456
,-20.0,50,3130.091338
,-14.0,50,3131.875079
,-48.0,50,3133.647759
,-11.0,50,3135.413059
,0.0,50,3137.192702
,-16.0,50,3138.985843
,-4.0,50,3140.769788
,-17.0,50,3142.539879
,-11.0,50,3144.254289
,-9.0,50,3146.033033
,-12.0,50,3147.861661
,-23.0,50,3149.595454
,-13.0,50,3151.345376
,-10.0,50,3153.142071
,-38.0,50,3154.99592
,-24.0,50,3156.764126
,-30.0,50,3158.512928
,-31.0,50,3160.278763
,-7.0,50,3162.039871
,-28.0,50,3163.864753
,-18.0,50,3165.647001
,-5.0,50,3167.452365
,-10.0,50,3169.233407
,-8.0,50,3169.536705
,0.0,50,3169.814368
,-6.0,50,3170.092904
,-10.0,50,3170.359782
,-10.0,50,3170.627936
,-19.0,50,3170.909547
,-11.0,50,3171.217423
,-10.0,50,3171.478549
,-3.0,50,3171.742176
,-23.0,50,3172.064594
,-15.0,50,3173.814974
,-14.0,50,3175.614347
,-34.0,50,3177.381367
,-11.0,50,3179.180248
,-9.0,50,3180.910311
,-14.0,50,3182.712129
,-17.0,50,3184.476332
,-15.0,50,3186.322985
,-13.0,50,3188.053268
,-15.0,50,3189.844975
,-32.0,50,3191.597985
,-21.0,50,3193.390994
,-15.0,50,3195.227312
,-5.0,50,3196.976163
,-9.0,50,3198.717994
,-24.0,50,3200.554062
,-24.0,50,3202.2975
,-20.0,50,3204.080539
,-11.0,50,3205.926844
,-15.0,50,3207.695406
,0.0,50,3209.440683
,-27.0,50,3211.230523
,-19.0,50,3213.010344
,-8.0,50,3214.756083
,-27.0,50,3216.558289
,-17.0,50,3218.34317
,-20.0,50,3220.19316
,-13.0,50,3221.948447
,-42.0,50,3223.770409
,-22.0,50,3225.522497
,-25.0,50,3227.296919
,-27.0,50,3229.11472
,-20.0,50,3230.888917
,-16.0,50,3232.633052
,-16.0,50,3234.409858
,-10.0,50,3236.235822
,-7.0,50,3238.01204
,-22.0,50,3239.757672
,-13.0,50,3241.52529
,-15.0,50,3243.286536
,-12.0,50,3245.079733
,-17.0,50,3246.902913
,-11.0,50,3248.667077
,-23.0,50,3250.456574
,-26.0,50,3252.241469
,-28.0,50,3254.08627
,-4.0,50,3255.793282
,-10.0,50,3257.642404
,-8.0,50,3259.369564
,-5.0,50,3261.211419
,-8.0,50,3261.496484
,0.0,50,3261.752218
,-10.0,50,3262.039482
,-8.0,50,3262.311289
,-20.0,50,3262.584541
,-12.0,50,3262.889913
,-8.0,50,3263.158047
,-10.0,50,3263.447664
,-5.0,50,3263.712221
,-7.0,50,3264.098288
,-14.0,50,3265.861502
,-33.0,50,3267.665714
,-15.0,50,3269.431532
,-9.0,50,3271.218842
,-10.0,50,3273.051597
,-24.0,50,3274.802844
,-11.0,50,3276.592058
,-16.0,50,3278.39885
,-16.0,50,3280.167431
,-13.0,50,3281.967264
,-22.0,50,3283.775251
,-34.0,50,3285.565866
,-13.0,50,3287.299693
,-26.0,50,3289.079426
,-21.0,50,3290.897638
,-23.0,50,3292.73237
,-8.0,50,3294.478621
,-11.0,50,3296.292624
,0.0,50,3298.083776
,-46.0,50,3299.805096
,-21.0,50,3301.62699
,-28.0,50,3303.437108
,-17.0,50,3305.179037
,-8.0,50,3306.95893
,-12.0,50,3308.759144
,-16.0,50,3310.548306
,-14.0,50,3312.328065
,-41.0,50,3314.125329
,-25.0,50,3315.91968
,-28.0,50,3317.706697
,0.0,50,3319.494963
,-6.0,50,3321.280423
,-15.0,50,3323.049132
,-40.0,50,3324.841394
,-16.0,50,3326.636256
,-7.0,50,3328.416852
,-28.0,50,3330.185209
,0.0,50,3331.984212
,0.0,50,3333.709174
,-13.0,50,3335.470669
,-9.0,50,3337.341187
,-8.0,50,3339.113205
,-9.0,50,3340.882218
,-19.0,50,3342.73469
,-13.0,50,3344.493876
,-17.0,50,3346.25729
,-10.0,50,3348.040937
,-13.0,50,3349.805133
,-16.0,50,3351.579355
,-8.0,50,3353.381326
,0.0,50,3353.694366
,-10.0,50,3353.975886
,-11.0,50,3354.287857
,-4.0,50,3354.595828
,-20.0,50,3354.864095
,-8.0,50,3355.145297
,-9.0,50,3355.403731
,-10.0,50,3355.706205
,-9.0,50,3355.979772
,-12.0,50,3356.277443
,-9.0,50,3358.049796
,-23.0,50,3359.853459
,-15.0,50,3361.624917
,-18.0,50,3363.425084
,-13.0,50,3365.152178
,-18.0,50,3366.993573
,-17.0,50,3368.793633
,-23.0,50,3370.584235
,-26.0,50,3372.336699
,-25.0,50,3374.105381
,-31.0,50,3375.968948
,-16.0,50,3377.735081
,-11.0,50,3379.545508
,-35.0,50,3381.3022
,-12.0,50,3383.143117
,-24.0,50,3384.91537
,-23.0,50,3386.692495
,-14.0,50,3388.509433
,-28.0,50,3390.299057
,-6.0,50,3392.066054
,-13.0,50,3393.853622
,-29.0,50,3395.65023
,-13.0,50,3397.422359
,-16.0,50,3399.226878
,-42.0,50,3400.997526
,-29.0,50,3402.745233
,-30.0,50,3404.550635
,-9.0,50,3406.370028
,0.0,50,3408.185661
,-11.0,50,3410.023047
,-14.0,50,3411.762934
,-28.0,50,3413.533006
,-23.0,50,3415.351283
,-22.0,50,3417.143652
,-17.0,50,3418.893894
,-37.0,50,3420.755056
,-23.0,50,3422.524686
,0.0,50,3424.275999
,-14.0,50,3426.050113
,-32.0,50,3427.860808
,-7.0,50,3429.718611
,-13.0,50,3431.446939
,-4.0,50,3433.289673
,-19.0,50,3435.112983
,-23.0,50,3436.840075
,-12.0,50,3438.646811
,-12.0,50,3440.510307
,-33.0,50,3442.286696
,-25.0,50,3444.041454
,-7.0,50,3445.850264
,-12.0,50,3446.13561
,-13.0,50,3446.415606
,-10.0,50,3446.693253
,-9.0,50,3447.020065
,-7.0,50,3447.326212
,-45.0,50,3447.609407
,-8.0,50,3447.912874
,-15.0,50,3448.176502
,-7.0,50,3448.439871
,-8.0,50,3448.744487
,-20.0,50,3450.505232
,-33.0,50,3452.315598
,-29.0,50,3454.12393
,-26.0,50,3455.913108
,-14.0,50,3457.693668
,-3.0,50,3459.474557
,-11.0,50,3461.223112
,-11.0,50,3463.056001
,-18.0,50,3464.855519
,-19.0,50,3466.665448
,-17.0,50,3468.43936
,-20.0,50,3470.20763
,-22.0,50,3472.031872
,-25.0,50,3473.737155
,-20.0,50,3475.609501
,-39.0,50,3477.388455
,-16.0,50,3479.166672
,-9.0,50,3481.006155
,-26.0,50,3482.778887
,-32.0,50,3484.542065
,-14.0,50,3486.393493
,-7.0,50,3488.155963
,-14.0,50,3489.954144
,-11.0,50,3491.757578
,-26.0,50,3493.522722
,-25.0,50,3495.319225
,-6.0,50,3497.072605
,-16.0,50,3498.868034
,-20.0,50,3500.686254
,-13.0,50,3502.454577
,-23.0,50,3504.258853
,-9.0,50,3506.105532
,-21.0,50,3507.897257
,0.0,50,3509.650555
,-14.0,50,3511.44906
,-27.0,50,3513.265954
,-8.0,50,3514.99872
,-12.0,50,3516.787872
,-18.0,50,3518.671402
,-10.0,50,3520.402977
,-28.0,50,3522.233491
,-9.0,50,3524.053517
,-14.0,50,3525.856
,-18.0,50,3527.645974
,-9.0,50,3529.431626
,-29.0,50,3531.24906
,-14.0,50,3533.000532
,-22.0,50,3534.812235
,-15.0,50,3536.592177
,-13.0,50,3538.419968
,-5.0,50,3538.697706
,-14.0,50,3538.967638
,-10.0,50,3539.239241
,-8.0,50,3539.50526
,-5.0,50,3539.775036
,-6.0,50,3540.040814
,-13.0,50,3540.318279
,-8.0,50,3540.598761
,-10.0,50,3540.874882
