#{"t_start": 1583227541.7607076, "env_id": "FetchPickAndPlace-v1"}
s,r,l,t
,0.0,50,5.002646
,-50.0,50,6.910677
,-50.0,50,8.506983
,-50.0,50,10.122598
,-50.0,50,11.709434
,-50.0,50,13.324101
,-50.0,50,14.958241
,-50.0,50,16.540181
,-50.0,50,18.142332
,-50.0,50,19.723173
,-50.0,50,21.34722
,-50.0,50,22.945176
,-50.0,50,24.536269
,-50.0,50,26.11965
,-50.0,50,27.727601
,-50.0,50,29.289699
,-50.0,50,30.905912
,-50.0,50,32.527281
,-50.0,50,34.111548
,-50.0,50,35.697501
,-50.0,50,37.293199
,-50.0,50,38.907219
,-50.0,50,40.504901
,-50.0,50,42.099304
,-50.0,50,43.714737
,-50.0,50,45.293173
,-50.0,50,46.898798
,-50.0,50,48.513627
,-50.0,50,50.137337
,-50.0,50,51.730851
,-50.0,50,53.289438
,-50.0,50,54.912507
,-50.0,50,56.522742
,-50.0,50,58.120024
,-50.0,50,59.691927
,-50.0,50,61.310037
,-50.0,50,62.892149
,-50.0,50,64.489995
,-50.0,50,66.12019
,-50.0,50,67.713299
,-50.0,50,69.288832
,-50.0,50,70.918415
,-50.0,50,72.510078
,-50.0,50,74.1079
,-50.0,50,75.712029
,-50.0,50,77.297556
,-50.0,50,78.886903
,-50.0,50,80.513487
,-50.0,50,82.119584
,-50.0,50,83.706261
,-50.0,50,85.367158
,-50.0,50,85.634172
,-50.0,50,85.896128
,-50.0,50,86.154851
,-50.0,50,86.418537
,-50.0,50,86.696671
,0.0,50,86.962374
,-50.0,50,87.213583
,0.0,50,87.478378
,-50.0,50,87.734094
,-50.0,50,88.073601
,-50.0,50,89.724059
,-50.0,50,91.322653
,-50.0,50,92.952293
,-50.0,50,94.5515
,-50.0,50,96.140293
,-50.0,50,97.754062
,-50.0,50,99.356519
,-50.0,50,100.935425
,-50.0,50,102.562552
,-50.0,50,104.185401
,-50.0,50,105.817975
,-50.0,50,107.440372
,-50.0,50,109.054947
,-50.0,50,110.646253
,-50.0,50,112.253362
,-50.0,50,113.847221
,-50.0,50,115.473117
,-50.0,50,117.105453
,-50.0,50,118.711249
,-50.0,50,120.305292
,-50.0,50,121.916236
,-50.0,50,123.525687
,-50.0,50,125.142511
,-50.0,50,126.753346
,-50.0,50,128.400776
,-50.0,50,130.034456
,-50.0,50,131.634489
,-50.0,50,133.237161
,-50.0,50,134.869996
,-50.0,50,136.500591
,-50.0,50,138.121517
,-50.0,50,139.701894
,-50.0,50,141.335456
,-50.0,50,142.96742
,-50.0,50,144.566182
,-50.0,50,146.189385
,-50.0,50,147.791661
,-50.0,50,149.418242
,-50.0,50,151.029446
,-50.0,50,152.661374
,-50.0,50,154.260524
,-50.0,50,155.867749
,-50.0,50,157.511347
,-50.0,50,159.082896
,-50.0,50,160.72046
,0.0,50,162.343857
,-50.0,50,163.951008
,-50.0,50,165.593832
,-50.0,50,167.220019
,0.0,50,168.82699
,-50.0,50,169.106129
,-50.0,50,169.374975
,-50.0,50,169.657899
,-50.0,50,169.926167
,-50.0,50,170.194563
,-50.0,50,170.459031
,-50.0,50,170.713434
,-50.0,50,170.96765
,-50.0,50,171.225407
,-50.0,50,171.488869
,-50.0,50,173.10581
,-50.0,50,174.73319
,-50.0,50,176.357011
,-50.0,50,177.97176
,-50.0,50,179.58077
,-50.0,50,181.190205
,-50.0,50,182.845359
,-50.0,50,184.451502
,-50.0,50,186.073747
,-50.0,50,187.669397
,-50.0,50,189.288044
,-50.0,50,190.926666
,-50.0,50,192.547738
,-50.0,50,194.183445
,-50.0,50,195.797037
,-50.0,50,197.422352
,-50.0,50,199.01529
,-50.0,50,200.671537
,-50.0,50,202.261693
,-50.0,50,203.876276
,-50.0,50,205.51876
,-50.0,50,207.148994
,-50.0,50,208.797713
,-50.0,50,210.402248
,-50.0,50,212.012786
,-50.0,50,213.661642
,-50.0,50,215.248656
,-50.0,50,216.880198
,-50.0,50,218.496848
,-50.0,50,220.108752
,-50.0,50,221.749975
,-50.0,50,223.350539
,-50.0,50,224.993264
,-50.0,50,226.595405
,-50.0,50,228.213361
,-50.0,50,229.842257
,-50.0,50,231.439358
,-50.0,50,233.103998
,-50.0,50,234.685344
,-50.0,50,236.3162
,-50.0,50,237.930426
,-50.0,50,239.542949
,-50.0,50,241.172457
,-50.0,50,242.808608
,-50.0,50,244.426808
,-50.0,50,246.049453
,-50.0,50,247.656322
,-50.0,50,249.23757
,-50.0,50,250.878269
,-50.0,50,252.533601
,-50.0,50,252.794245
,-50.0,50,253.075922
,-50.0,50,253.347227
,-50.0,50,253.606905
,-50.0,50,253.868221
,-50.0,50,254.108866
,-50.0,50,254.367291
,-50.0,50,254.630528
,-50.0,50,254.918132
,-50.0,50,255.227013
,-10.0,50,256.837401
,-50.0,50,258.4603
,-50.0,50,260.0698
,-50.0,50,261.706482
,-50.0,50,263.336855
,-50.0,50,264.943216
,-50.0,50,266.539251
,-50.0,50,268.178283
,-50.0,50,269.775268
,-50.0,50,271.419929
,-50.0,50,273.014942
,-50.0,50,274.643181
,-50.0,50,276.331807
,-50.0,50,277.929044
,-50.0,50,279.565154
,-50.0,50,281.182842
,-50.0,50,282.840307
,-50.0,50,284.443099
,-50.0,50,286.067507
,-50.0,50,287.704455
,-50.0,50,289.339252
,-50.0,50,290.939661
,-50.0,50,292.560272
,-50.0,50,294.169331
,-50.0,50,295.799936
,-50.0,50,297.438034
,-50.0,50,299.056161
,-50.0,50,300.654418
,-50.0,50,302.330442
,-50.0,50,303.924401
,-50.0,50,305.581253
,-50.0,50,307.23223
,-50.0,50,308.855235
,-50.0,50,310.450769
,-50.0,50,312.101635
,-50.0,50,313.702273
,-50.0,50,315.367731
,0.0,50,316.993974
,-50.0,50,318.6435
,-50.0,50,320.267612
,-50.0,50,321.897401
,-50.0,50,323.520589
,-50.0,50,325.17052
,0.0,50,326.778396
,-50.0,50,328.420934
,-50.0,50,330.087468
,-50.0,50,331.687841
,-50.0,50,333.338391
,-50.0,50,334.97894
,-50.0,50,336.609988
,-50.0,50,336.882763
,-50.0,50,337.154151
,-50.0,50,337.420401
,-50.0,50,337.673113
,-50.0,50,337.958607
,-50.0,50,338.199795
,-50.0,50,338.478159
,-50.0,50,338.777104
,-50.0,50,339.024042
,-50.0,50,339.389826
,-50.0,50,341.005448
,-50.0,50,342.650269
,-50.0,50,344.253073
,-50.0,50,345.87802
,-24.0,50,347.531518
,-50.0,50,349.171792
,-50.0,50,350.845117
,-50.0,50,352.433913
,-50.0,50,354.076327
,-12.0,50,355.717131
,-50.0,50,357.351202
,-50.0,50,358.973935
,-50.0,50,360.609953
,-50.0,50,362.215276
,-50.0,50,363.851583
,-50.0,50,365.478168
,-50.0,50,367.122319
,-50.0,50,368.737677
,-50.0,50,370.366261
,-50.0,50,372.016507
,-50.0,50,373.679007
,-50.0,50,375.306166
,-50.0,50,376.937406
,-50.0,50,378.566832
,-50.0,50,380.229612
,-50.0,50,381.829907
,-50.0,50,383.474614
,-50.0,50,385.146893
,-50.0,50,386.751508
,-50.0,50,388.378166
,-50.0,50,390.048291
,-50.0,50,391.631157
,-50.0,50,393.331342
,-50.0,50,394.93459
,-50.0,50,396.566622
,-50.0,50,398.230739
,-50.0,50,399.872151
,-50.0,50,401.486732
,-50.0,50,403.129818
,-50.0,50,404.753626
,-50.0,50,406.388139
,-50.0,50,408.04511
,-50.0,50,409.651864
,-50.0,50,411.280813
,-50.0,50,412.960334
,-50.0,50,414.575033
,-50.0,50,416.207181
,-50.0,50,417.831131
,-50.0,50,419.47663
,-50.0,50,421.100876
,-50.0,50,421.387779
,-50.0,50,421.645074
,-50.0,50,421.912493
,-50.0,50,422.211824
,-50.0,50,422.484264
,-14.0,50,422.746042
,-50.0,50,423.018572
,-50.0,50,423.318269
,-50.0,50,423.574238
,-50.0,50,423.884752
,-50.0,50,425.510985
,-50.0,50,427.156595
,-50.0,50,428.80419
,-50.0,50,430.437676
,-50.0,50,432.075737
,-21.0,50,433.718367
,-50.0,50,435.322087
,-50.0,50,436.978724
,-50.0,50,438.636677
,-50.0,50,440.258495
,-50.0,50,441.931851
,-50.0,50,443.534656
,-50.0,50,445.189134
,-50.0,50,446.856015
,-50.0,50,448.501288
,-50.0,50,450.15762
,-50.0,50,451.75016
,-50.0,50,453.422287
,-50.0,50,455.032734
,-50.0,50,456.738151
,-45.0,50,458.344998
,-50.0,50,459.987856
,-50.0,50,461.618588
,-50.0,50,463.239431
,-50.0,50,464.880867
,-50.0,50,466.554181
,-50.0,50,468.17722
,-50.0,50,469.802042
,-50.0,50,471.483107
,-50.0,50,473.149959
,-50.0,50,474.796757
,-50.0,50,476.409622
,-26.0,50,478.061572
,-50.0,50,479.697578
,-50.0,50,481.3042
,-50.0,50,482.950904
,-50.0,50,484.578488
,-50.0,50,486.261326
,-50.0,50,487.873885
,-50.0,50,489.544158
,-50.0,50,491.200134
,-50.0,50,492.825333
,-49.0,50,494.489859
,-50.0,50,496.112124
,-50.0,50,497.728436
,-50.0,50,499.387918
,-50.0,50,501.020309
,-50.0,50,502.690835
,-50.0,50,504.326559
,-50.0,50,506.055557
,-50.0,50,506.33126
,0.0,50,506.593024
,-50.0,50,506.845745
,0.0,50,507.088593
,-50.0,50,507.35205
,-50.0,50,507.653982
,-9.0,50,507.945827
,-50.0,50,508.220217
,-50.0,50,508.475169
,-50.0,50,508.818907
,-50.0,50,510.470419
,-50.0,50,512.137947
,-50.0,50,513.74276
,-50.0,50,515.385191
,-50.0,50,517.059471
,-50.0,50,518.711592
,-50.0,50,520.345452
,-50.0,50,522.00189
,-50.0,50,523.651295
,-50.0,50,525.262136
,-50.0,50,526.941804
,-50.0,50,528.562652
,-50.0,50,530.217999
,-50.0,50,531.878163
,-50.0,50,533.503628
,-50.0,50,535.156406
,-50.0,50,536.781757
,-14.0,50,538.412178
,-50.0,50,540.068037
,-50.0,50,541.720878
,-50.0,50,543.350116
,-50.0,50,545.012935
,-50.0,50,546.625002
,-50.0,50,548.28367
,-50.0,50,549.917633
,-50.0,50,551.551931
,-50.0,50,553.232116
,-50.0,50,554.846208
,-50.0,50,556.543516
,-50.0,50,558.139789
,-50.0,50,559.821312
,-10.0,50,561.470655
,-37.0,50,563.11609
,-50.0,50,564.731261
,-50.0,50,566.361757
,-50.0,50,568.048671
,-50.0,50,569.714059
,-19.0,50,571.35621
,-50.0,50,573.009909
,-46.0,50,574.661218
,-50.0,50,576.290724
,0.0,50,577.963096
,-50.0,50,579.636335
,-5.0,50,581.257984
,-50.0,50,582.889602
,-50.0,50,584.544631
,-50.0,50,586.204889
,-44.0,50,587.833528
,-50.0,50,589.515573
,-50.0,50,591.177823
,-50.0,50,591.43559
,-50.0,50,591.686832
,-50.0,50,591.928411
,-50.0,50,592.186778
,-50.0,50,592.440121
,-50.0,50,592.731633
,-50.0,50,593.01291
,-50.0,50,593.284452
,-15.0,50,593.557091
,-50.0,50,593.936029
,-50.0,50,595.579655
,-50.0,50,597.217422
,-50.0,50,598.849697
,-50.0,50,600.526715
,-50.0,50,602.172837
,-50.0,50,603.798885
,-50.0,50,605.405296
,-50.0,50,607.057963
,-50.0,50,608.719088
,-50.0,50,610.326265
,-50.0,50,612.062825
,-50.0,50,613.703788
,-22.0,50,615.354122
,-50.0,50,617.02862
,-29.0,50,618.636033
,-50.0,50,620.300683
,-50.0,50,621.946867
,0.0,50,623.625167
,-50.0,50,625.244048
,-50.0,50,626.892853
,-47.0,50,628.55784
,-11.0,50,630.216539
,-39.0,50,631.891136
,-50.0,50,633.517326
,-50.0,50,635.194832
,-23.0,50,636.849098
,-50.0,50,638.471284
,-50.0,50,640.128424
,-20.0,50,641.790918
,-50.0,50,643.474187
,-50.0,50,645.137083
,-50.0,50,646.776581
,-50.0,50,648.433158
,-50.0,50,650.079683
,-14.0,50,651.754392
,-50.0,50,653.398808
,-50.0,50,655.05781
,-50.0,50,656.705048
,-47.0,50,658.382879
,-50.0,50,660.034657
,-50.0,50,661.659749
,-26.0,50,663.340238
,-50.0,50,664.991002
,-50.0,50,666.616543
,-50.0,50,668.298247
,-47.0,50,669.908326
,-50.0,50,671.598098
,-50.0,50,673.235122
,-11.0,50,674.889857
,0.0,50,676.555328
,-50.0,50,676.805859
,-50.0,50,677.100958
,-50.0,50,677.354614
,-50.0,50,677.621068
,-50.0,50,677.878026
,-14.0,50,678.15235
,-50.0,50,678.417507
,-50.0,50,678.72927
,-50.0,50,679.003421
,-50.0,50,679.410241
,-36.0,50,681.109687
,-50.0,50,682.738703
,-50.0,50,684.394959
,-48.0,50,686.048503
,-50.0,50,687.706417
,-48.0,50,689.367933
,-50.0,50,691.02881
,-50.0,50,692.666682
,-50.0,50,694.312079
,-50.0,50,695.938429
,-18.0,50,697.645122
,-50.0,50,699.26773
,-50.0,50,700.938307
,-45.0,50,702.58903
,0.0,50,704.185484
,-16.0,50,705.872502
,-27.0,50,707.489893
,-50.0,50,709.188372
,0.0,50,710.831766
,-50.0,50,712.5037
,-48.0,50,714.145583
,-50.0,50,715.773721
,-50.0,50,717.441837
,-50.0,50,719.100098
,-50.0,50,720.716282
,-50.0,50,722.384082
,-50.0,50,724.032694
,-41.0,50,725.707312
,-50.0,50,727.347832
,-50.0,50,728.999126
,-50.0,50,730.664364
,-50.0,50,732.31831
,-50.0,50,733.951658
,-50.0,50,735.608817
,-45.0,50,737.26899
,-50.0,50,738.924419
,-50.0,50,740.543652
,-50.0,50,742.215355
,-50.0,50,743.888232
,-50.0,50,745.552192
,0.0,50,747.179047
,-50.0,50,748.814479
,-50.0,50,750.48755
,0.0,50,752.135939
,-50.0,50,753.807171
,-23.0,50,755.462636
,-50.0,50,757.112304
,-47.0,50,758.772484
,-50.0,50,760.436946
,-50.0,50,762.132585
,-50.0,50,762.387656
,-13.0,50,762.649925
,-9.0,50,762.919917
,-10.0,50,763.191508
,-50.0,50,763.472975
,-23.0,50,763.783943
,-50.0,50,764.078985
,-12.0,50,764.349904
,-50.0,50,764.594004
,-50.0,50,764.88382
,-8.0,50,766.550611
,-50.0,50,768.194591
,-16.0,50,769.831807
,-50.0,50,771.476727
,-50.0,50,773.124158
,-49.0,50,774.807338
,-21.0,50,776.438907
,-33.0,50,778.083287
,-50.0,50,779.764089
,-38.0,50,781.439183
,-40.0,50,783.0719
,-10.0,50,784.73973
,-50.0,50,786.439937
,-43.0,50,788.066383
,-50.0,50,789.710945
,-50.0,50,791.349585
,-29.0,50,793.00513
,-50.0,50,794.697995
,-50.0,50,796.341076
,-50.0,50,798.010245
,-50.0,50,799.640573
,-50.0,50,801.311679
,-50.0,50,802.947956
,-50.0,50,804.571769
,0.0,50,806.235926
,-50.0,50,807.902367
,-11.0,50,809.532537
,-50.0,50,811.206794
,-50.0,50,812.893286
,-27.0,50,814.551488
,-50.0,50,816.206692
,-50.0,50,817.885264
,-50.0,50,819.511536
,-50.0,50,821.174097
,-50.0,50,822.835105
,0.0,50,824.467748
,-50.0,50,826.109057
,-50.0,50,827.772171
,-22.0,50,829.453532
,-50.0,50,831.136353
,-48.0,50,832.786326
,-50.0,50,834.428856
,-17.0,50,836.106056
,-50.0,50,837.708153
,-50.0,50,839.395119
,-50.0,50,841.045794
,-50.0,50,842.737309
,-50.0,50,844.394034
,0.0,50,846.024649
,-29.0,50,847.695425
,-16.0,50,847.981059
,-50.0,50,848.270841
,-50.0,50,848.511598
,-49.0,50,848.775164
,-15.0,50,849.083956
,-47.0,50,849.375462
,-50.0,50,849.628293
,-50.0,50,849.901365
,-50.0,50,850.162306
,-50.0,50,850.527738
,-50.0,50,852.211632
,-50.0,50,853.829574
,-50.0,50,855.508905
,-32.0,50,857.157519
,-50.0,50,858.824211
,-50.0,50,860.492198
,-50.0,50,862.189368
,-46.0,50,863.848044
,-50.0,50,865.515095
,-50.0,50,867.1159
,-50.0,50,868.800372
,-16.0,50,870.475347
,-47.0,50,872.115858
,-47.0,50,873.791639
,-50.0,50,875.45924
,-50.0,50,877.107606
,-50.0,50,878.75892
,-50.0,50,880.424654
,-21.0,50,882.089882
,-50.0,50,883.71705
,-50.0,50,885.365197
,-39.0,50,887.035176
,-15.0,50,888.707666
,-17.0,50,890.35872
,-47.0,50,892.02594
,-50.0,50,893.643632
,-50.0,50,895.30054
,-50.0,50,896.942219
,-29.0,50,898.618356
,-50.0,50,900.282774
,-50.0,50,901.962101
,-48.0,50,903.641955
,-50.0,50,905.283635
,-36.0,50,906.980078
,-50.0,50,908.621537
,-16.0,50,910.311422
,-50.0,50,911.962418
,-11.0,50,913.632344
,-5.0,50,915.260165
,-26.0,50,916.950776
,-50.0,50,918.587406
,-50.0,50,920.234141
,-14.0,50,921.900352
,-14.0,50,923.6184
,-9.0,50,925.28522
,-20.0,50,926.919132
,-50.0,50,928.565157
,-50.0,50,930.242834
,-50.0,50,931.884363
,-5.0,50,933.574496
,-21.0,50,933.887042
,-12.0,50,934.165884
,-50.0,50,934.44667
,-5.0,50,934.696169
,-50.0,50,934.974172
,-50.0,50,935.268978
,-50.0,50,935.543015
,-50.0,50,935.81568
,-18.0,50,936.089707
,-32.0,50,936.463721
,-20.0,50,938.091386
,-21.0,50,939.815227
,0.0,50,941.448013
,-50.0,50,943.128294
,-17.0,50,944.775817
,-50.0,50,946.442967
,-50.0,50,948.076721
,-49.0,50,949.752918
,-50.0,50,951.419036
,-42.0,50,953.054189
,-21.0,50,954.737556
,-50.0,50,956.418681
,-31.0,50,958.068266
,-50.0,50,959.703164
,-50.0,50,961.389504
,-34.0,50,963.047607
,-50.0,50,964.717602
,-50.0,50,966.375895
,-40.0,50,968.028308
,-50.0,50,969.657063
,-50.0,50,971.320622
,-50.0,50,973.011275
,-50.0,50,974.636132
,-50.0,50,976.330361
,-35.0,50,978.005802
,-14.0,50,979.694269
,-6.0,50,981.351946
,-50.0,50,983.007828
,-25.0,50,984.698087
,-33.0,50,986.35818
,-6.0,50,988.006806
,-50.0,50,989.63443
,-50.0,50,991.37092
,-48.0,50,993.00461
,-32.0,50,994.671798
,-50.0,50,996.356718
,-12.0,50,998.036742
,-10.0,50,999.660247
,-39.0,50,1001.358865
,-50.0,50,1002.995877
,-43.0,50,1004.693202
,-50.0,50,1006.341281
,-27.0,50,1008.004564
,-12.0,50,1009.686708
,-7.0,50,1011.325347
,-50.0,50,1012.978092
,-31.0,50,1014.674835
,-15.0,50,1016.364887
,-19.0,50,1018.00918
,-50.0,50,1019.69775
,-7.0,50,1019.975639
,-50.0,50,1020.239997
,-48.0,50,1020.526516
,-50.0,50,1020.801199
,-34.0,50,1021.082252
,-9.0,50,1021.36601
,-50.0,50,1021.61454
,0.0,50,1021.869305
,-16.0,50,1022.160973
,-50.0,50,1022.607463
,-50.0,50,1024.238061
,-50.0,50,1025.909461
,-30.0,50,1027.609348
,-50.0,50,1029.251177
,-13.0,50,1030.932424
,-7.0,50,1032.585875
,-22.0,50,1034.247308
,-50.0,50,1035.882157
,-50.0,50,1037.559001
,-8.0,50,1039.184831
,-5.0,50,1040.858102
,-50.0,50,1042.574723
,-50.0,50,1044.242262
,-18.0,50,1045.882532
,-11.0,50,1047.542504
,-50.0,50,1049.202661
,-50.0,50,1050.918173
,-31.0,50,1052.59177
,-50.0,50,1054.202297
,-38.0,50,1055.906919
,-31.0,50,1057.567784
,-50.0,50,1059.24387
,-50.0,50,1060.883661
,-50.0,50,1062.601804
,-50.0,50,1064.23838
,-19.0,50,1065.939904
,-50.0,50,1067.582014
,-50.0,50,1069.249342
,-16.0,50,1070.977314
,-50.0,50,1072.612675
,-19.0,50,1074.232601
,-10.0,50,1075.925754
,-30.0,50,1077.636755
,-23.0,50,1079.308633
,-50.0,50,1080.991198
,-19.0,50,1082.671518
,-34.0,50,1084.337309
,-50.0,50,1086.035013
,-15.0,50,1087.688568
,-50.0,50,1089.370172
,-23.0,50,1091.028784
,-14.0,50,1092.691354
,-50.0,50,1094.389291
,-50.0,50,1096.074958
,-8.0,50,1097.726347
,-50.0,50,1099.379231
,-8.0,50,1101.074143
,-50.0,50,1102.749102
,-13.0,50,1104.41525
,-3.0,50,1106.109241
,-10.0,50,1106.427156
,-50.0,50,1106.704941
,-10.0,50,1106.973035
,-50.0,50,1107.223842
,-50.0,50,1107.499351
,-13.0,50,1107.785804
,-50.0,50,1108.050434
,-11.0,50,1108.370152
,-50.0,50,1108.632832
,-18.0,50,1109.023519
,-29.0,50,1110.697585
,-23.0,50,1112.364128
,-50.0,50,1114.037383
,-22.0,50,1115.693454
,-37.0,50,1117.349685
,-14.0,50,1119.032192
,-50.0,50,1120.721325
,-50.0,50,1122.363865
,-50.0,50,1124.031896
,-50.0,50,1125.678356
,-50.0,50,1127.379536
,-50.0,50,1129.026856
,-34.0,50,1130.746526
,-50.0,50,1132.399548
,-50.0,50,1134.034625
,-50.0,50,1135.748839
,-42.0,50,1137.376327
,-50.0,50,1139.073659
,-49.0,50,1140.815184
,-14.0,50,1142.444526
,-50.0,50,1144.145899
,-18.0,50,1145.827169
,-50.0,50,1147.47321
,-47.0,50,1149.151267
,-36.0,50,1150.862565
,-50.0,50,1152.495132
,-35.0,50,1154.209695
,-50.0,50,1155.873382
,-18.0,50,1157.5586
,-33.0,50,1159.252549
,-23.0,50,1160.901474
,-19.0,50,1162.60122
,0.0,50,1164.239756
,-47.0,50,1165.947355
,-35.0,50,1167.617322
,-50.0,50,1169.236221
,-28.0,50,1170.94493
,-24.0,50,1172.622103
,-50.0,50,1174.290704
,-50.0,50,1175.941087
,-11.0,50,1177.634599
,-48.0,50,1179.28753
,-50.0,50,1181.020291
,-11.0,50,1182.701823
,-50.0,50,1184.321294
,-50.0,50,1186.068893
,-50.0,50,1187.700694
,-31.0,50,1189.375596
,-50.0,50,1191.063467
,-6.0,50,1192.802737
,-7.0,50,1193.09745
,-14.0,50,1193.373613
,-6.0,50,1193.639082
,-40.0,50,1193.93187
,-50.0,50,1194.239024
,-19.0,50,1194.553007
,-50.0,50,1194.817484
,-8.0,50,1195.113149
,-50.0,50,1195.38856
,-33.0,50,1195.672954
,-41.0,50,1197.30673
,-7.0,50,1198.930549
,-19.0,50,1200.614273
,-26.0,50,1202.330885
,-50.0,50,1203.991189
,-32.0,50,1205.665279
,-23.0,50,1207.350955
,-20.0,50,1209.002232
,-39.0,50,1210.712004
,-42.0,50,1212.330826
,-43.0,50,1214.044684
,-15.0,50,1215.743065
,-43.0,50,1217.411326
,-41.0,50,1219.080682
,-19.0,50,1220.76591
,-50.0,50,1222.477654
,-21.0,50,1224.133375
,-35.0,50,1225.839217
,-16.0,50,1227.485711
,-23.0,50,1229.174995
,-47.0,50,1230.828078
,-50.0,50,1232.510764
,-47.0,50,1234.20231
,-50.0,50,1235.875314
,-18.0,50,1237.589497
,-18.0,50,1239.24279
,-28.0,50,1240.933749
,-10.0,50,1242.566595
,-50.0,50,1244.260311
,-20.0,50,1245.934155
,-25.0,50,1247.65953
,-36.0,50,1249.361994
,-50.0,50,1251.055355
,-22.0,50,1252.751687
,0.0,50,1254.432069
,-12.0,50,1256.122233
,-9.0,50,1257.760942
,-17.0,50,1259.454682
,-25.0,50,1261.132678
,-22.0,50,1262.757078
,-21.0,50,1264.456102
,-25.0,50,1266.161029
,-50.0,50,1267.826269
,-40.0,50,1269.507505
,-42.0,50,1271.145824
,-28.0,50,1272.890581
,-40.0,50,1274.512659
,0.0,50,1276.181995
,-29.0,50,1277.897288
,-50.0,50,1279.604039
,-7.0,50,1279.905529
,-50.0,50,1280.221924
,-9.0,50,1280.516116
,-16.0,50,1280.799652
,-8.0,50,1281.064197
,-13.0,50,1281.351073
,-11.0,50,1281.63358
,-5.0,50,1281.890751
,-4.0,50,1282.189726
,-9.0,50,1282.595761
,-50.0,50,1284.250837
,-9.0,50,1285.931638
,-15.0,50,1287.596074
,-25.0,50,1289.2943
,-32.0,50,1290.922988
,-36.0,50,1292.605396
,-14.0,50,1294.314441
,-33.0,50,1295.996531
,-50.0,50,1297.663376
,-17.0,50,1299.299527
,-50.0,50,1300.995291
,0.0,50,1302.705235
,-50.0,50,1304.3581
,-39.0,50,1306.062475
,-50.0,50,1307.729024
,-10.0,50,1309.423918
,-39.0,50,1311.110455
,-14.0,50,1312.795832
,-45.0,50,1314.51607
,-9.0,50,1316.207665
,-50.0,50,1317.869597
,-44.0,50,1319.569536
,-25.0,50,1321.259041
,0.0,50,1322.930405
,-37.0,50,1324.663368
,-16.0,50,1326.333788
,-33.0,50,1328.027789
,-50.0,50,1329.678552
,-22.0,50,1331.391595
,-50.0,50,1333.088027
,-34.0,50,1334.758692
,-5.0,50,1336.436445
,-7.0,50,1338.163671
,-50.0,50,1339.800523
,-50.0,50,1341.513108
,-42.0,50,1343.187595
,-18.0,50,1344.86436
,-14.0,50,1346.568897
,-50.0,50,1348.28506
,-21.0,50,1349.932251
,-24.0,50,1351.623588
,-50.0,50,1353.331823
,-30.0,50,1355.043996
,-13.0,50,1356.705769
,-30.0,50,1358.382293
,-17.0,50,1360.047709
,-31.0,50,1361.742943
,-7.0,50,1363.425375
,-8.0,50,1365.079635
,-8.0,50,1366.805925
,-5.0,50,1367.109105
,-4.0,50,1367.410809
,-8.0,50,1367.724079
,-8.0,50,1368.022138
,-10.0,50,1368.306607
,-11.0,50,1368.618805
,-10.0,50,1368.899907
,-8.0,50,1369.187316
,-8.0,50,1369.469739
,-50.0,50,1369.86809
,-39.0,50,1371.526389
,-17.0,50,1373.23143
,-11.0,50,1374.920509
,-50.0,50,1376.607677
,-34.0,50,1378.320096
,-7.0,50,1379.989338
,-7.0,50,1381.668524
,-32.0,50,1383.39145
,-12.0,50,1385.067056
,-39.0,50,1386.755232
,-12.0,50,1388.430416
,-18.0,50,1390.154904
,-14.0,50,1391.841508
,-50.0,50,1393.483219
,-37.0,50,1395.172891
,-18.0,50,1396.907394
,-19.0,50,1398.603159
,-29.0,50,1400.347712
,-12.0,50,1401.994683
,-20.0,50,1403.698098
,-50.0,50,1405.407882
,-28.0,50,1407.061917
,-27.0,50,1408.839869
,-9.0,50,1410.501467
,-48.0,50,1412.160219
,-45.0,50,1413.888535
,-44.0,50,1415.589241
,-50.0,50,1417.271549
,-50.0,50,1419.009221
,-50.0,50,1420.643425
,-11.0,50,1422.385188
,-50.0,50,1424.027042
,-18.0,50,1425.728139
,-48.0,50,1427.437734
,-50.0,50,1429.146142
,-26.0,50,1430.825951
,-14.0,50,1432.495288
,-16.0,50,1434.195202
,-50.0,50,1435.932743
,0.0,50,1437.584628
,-37.0,50,1439.299693
,-16.0,50,1440.982078
,-10.0,50,1442.704904
,-17.0,50,1444.397686
,-28.0,50,1446.12409
,-25.0,50,1447.7918
,-15.0,50,1449.451644
,-15.0,50,1451.158099
,-50.0,50,1452.916495
,-6.0,50,1454.616856
,-9.0,50,1454.897464
,-6.0,50,1455.19427
,-8.0,50,1455.47082
,-15.0,50,1455.752113
,-6.0,50,1456.046762
,-12.0,50,1456.325288
,-6.0,50,1456.622986
,-18.0,50,1456.92055
,-9.0,50,1457.187857
,-50.0,50,1457.599815
,-13.0,50,1459.284563
,-17.0,50,1460.919855
,0.0,50,1462.644497
,0.0,50,1464.326817
,-11.0,50,1466.03695
,-50.0,50,1467.691403
,-13.0,50,1469.441681
,-41.0,50,1471.149492
,-5.0,50,1472.838372
,-22.0,50,1474.474734
,-50.0,50,1476.224893
,-49.0,50,1477.894326
,-15.0,50,1479.613667
,-14.0,50,1481.315291
,-47.0,50,1483.002145
,-14.0,50,1484.700092
,-34.0,50,1486.400444
,-40.0,50,1488.079844
,0.0,50,1489.759809
,-9.0,50,1491.477504
,-23.0,50,1493.172525
,-31.0,50,1494.886797
,-41.0,50,1496.574291
,0.0,50,1498.241229
,-50.0,50,1499.973755
,-21.0,50,1501.642801
,-15.0,50,1503.345286
,-10.0,50,1505.031041
,-19.0,50,1506.749564
,-46.0,50,1508.44662
,-38.0,50,1510.171825
,-31.0,50,1511.844021
,-50.0,50,1513.551953
,-50.0,50,1515.221232
,-13.0,50,1516.904865
,-46.0,50,1518.585065
,-24.0,50,1520.324752
,-36.0,50,1522.039501
,-10.0,50,1523.754158
,-11.0,50,1525.436253
,-50.0,50,1527.147795
,-50.0,50,1528.785164
,-50.0,50,1530.508946
,-10.0,50,1532.23179
,-50.0,50,1533.952121
,-50.0,50,1535.650007
,-11.0,50,1537.31755
,-42.0,50,1539.039603
,-17.0,50,1540.694476
,-10.0,50,1542.448965
,0.0,50,1542.744624
,-5.0,50,1543.04172
,0.0,50,1543.308162
,-13.0,50,1543.600216
,-47.0,50,1543.931706
,-7.0,50,1544.226819
,-8.0,50,1544.531508
,-10.0,50,1544.829683
,-9.0,50,1545.110741
,-12.0,50,1545.351385
,-34.0,50,1547.051884
,-12.0,50,1548.753851
,-18.0,50,1550.437669
,-47.0,50,1552.183163
,-46.0,50,1553.890064
,-33.0,50,1555.576795
,-50.0,50,1557.240127
,-18.0,50,1558.928701
,-28.0,50,1560.606022
,0.0,50,1562.261069
,-20.0,50,1563.991473
,-50.0,50,1565.705947
,-28.0,50,1567.403436
,-8.0,50,1569.084674
,0.0,50,1570.754089
,-46.0,50,1572.513317
,-13.0,50,1574.196999
,-13.0,50,1575.881421
,-37.0,50,1577.610074
,-19.0,50,1579.323195
,-35.0,50,1580.990425
,-50.0,50,1582.670938
,-9.0,50,1584.371046
,-8.0,50,1586.116663
,-24.0,50,1587.823099
,-20.0,50,1589.509059
,-20.0,50,1591.202841
,-49.0,50,1592.906041
,-24.0,50,1594.622341
,-11.0,50,1596.283262
,-25.0,50,1597.993756
,-36.0,50,1599.675686
,-49.0,50,1601.380401
,-15.0,50,1603.078899
,-17.0,50,1604.754102
,-27.0,50,1606.531059
,-22.0,50,1608.187262
,-43.0,50,1609.882606
,-28.0,50,1611.625076
,-4.0,50,1613.310493
,-42.0,50,1615.048874
,-32.0,50,1616.780344
,-50.0,50,1618.434692
,-29.0,50,1620.183492
,-50.0,50,1621.884726
,-37.0,50,1623.613477
,-41.0,50,1625.30897
,-34.0,50,1627.014387
,-27.0,50,1628.68578
,-10.0,50,1630.451109
,-8.0,50,1630.739327
,-16.0,50,1631.019134
,-13.0,50,1631.29829
,-9.0,50,1631.564855
,-11.0,50,1631.830002
,-5.0,50,1632.120133
,-11.0,50,1632.388441
,-11.0,50,1632.66684
,-16.0,50,1632.995394
,-50.0,50,1633.358969
,-50.0,50,1635.046906
,-18.0,50,1636.760328
,0.0,50,1638.414665
,-44.0,50,1640.140689
,-20.0,50,1641.877921
,-25.0,50,1643.607865
,-19.0,50,1645.269418
,-50.0,50,1646.985173
,-44.0,50,1648.707139
,-7.0,50,1650.400588
,-15.0,50,1652.101605
,-48.0,50,1653.803888
,-36.0,50,1655.537566
,0.0,50,1657.213056
,-30.0,50,1658.902655
,-27.0,50,1660.575874
,-11.0,50,1662.338095
,-30.0,50,1664.014928
,-13.0,50,1665.74558
,-22.0,50,1667.407892
,-37.0,50,1669.126823
,-24.0,50,1670.866024
,-48.0,50,1672.553571
,-50.0,50,1674.262533
,-32.0,50,1676.017507
,-50.0,50,1677.678657
,-22.0,50,1679.357283
,-38.0,50,1681.074227
,-48.0,50,1682.831291
,-36.0,50,1684.453826
,-48.0,50,1686.259902
,-44.0,50,1687.943139
,-8.0,50,1689.642497
,-16.0,50,1691.369543
,-13.0,50,1693.054563
,-32.0,50,1694.790031
,-31.0,50,1696.457176
,-50.0,50,1698.157217
,-32.0,50,1699.889406
,-41.0,50,1701.557331
,-46.0,50,1703.289584
,-15.0,50,1705.035305
,-35.0,50,1706.744231
,-50.0,50,1708.440521
,-12.0,50,1710.103309
,-18.0,50,1711.886577
,-15.0,50,1713.548599
,-50.0,50,1715.277927
,-50.0,50,1716.955494
,-6.0,50,1718.656463
,-11.0,50,1718.90664
,-13.0,50,1719.187555
,-8.0,50,1719.444716
,-10.0,50,1719.722339
,-7.0,50,1720.013947
,-5.0,50,1720.299637
,-9.0,50,1720.589096
,-12.0,50,1720.903825
,-48.0,50,1721.20508
,-11.0,50,1721.615767
,-43.0,50,1723.344527
,-50.0,50,1725.059384
,-41.0,50,1726.752986
,-50.0,50,1728.460476
,-50.0,50,1730.18107
,-37.0,50,1731.897361
,-32.0,50,1733.57892
,-50.0,50,1735.259221
,-39.0,50,1736.948494
,-41.0,50,1738.63423
,-18.0,50,1740.378582
,-42.0,50,1742.114781
,-21.0,50,1743.83084
,-26.0,50,1745.537669
,-12.0,50,1747.267151
,-42.0,50,1748.956708
,0.0,50,1750.616611
,-12.0,50,1752.317903
,-15.0,50,1754.028527
,-16.0,50,1755.741387
,-19.0,50,1757.436267
,-45.0,50,1759.139039
,-50.0,50,1760.858738
,-50.0,50,1762.537655
,-14.0,50,1764.288807
,-48.0,50,1765.938509
,-50.0,50,1767.678704
,-40.0,50,1769.39492
,-47.0,50,1771.090137
,-30.0,50,1772.760137
,-6.0,50,1774.476112
,-34.0,50,1776.183773
,-15.0,50,1777.926241
,0.0,50,1779.601328
,-45.0,50,1781.328964
,-12.0,50,1783.040398
,-41.0,50,1784.775746
,-50.0,50,1786.512976
,-17.0,50,1788.223011
,-43.0,50,1789.880173
,-8.0,50,1791.621345
,-50.0,50,1793.364633
,-31.0,50,1795.033129
,-46.0,50,1796.790456
,-41.0,50,1798.468409
,-29.0,50,1800.187315
,-50.0,50,1801.888003
,-49.0,50,1803.597102
,-46.0,50,1805.327044
,-11.0,50,1807.065622
,-9.0,50,1807.327089
,0.0,50,1807.571954
,-10.0,50,1807.834811
,-12.0,50,1808.112939
,-12.0,50,1808.395006
,-41.0,50,1808.728422
,-8.0,50,1809.001708
,-13.0,50,1809.273452
,-47.0,50,1809.572889
,-12.0,50,1809.967384
,-50.0,50,1811.646796
,-45.0,50,1813.34718
,-27.0,50,1815.121795
,-50.0,50,1816.820668
,-11.0,50,1818.489245
,-50.0,50,1820.187213
,-3.0,50,1821.900594
,-50.0,50,1823.655392
,-50.0,50,1825.358812
,-22.0,50,1827.091721
,-48.0,50,1828.746865
,-30.0,50,1830.472899
,-50.0,50,1832.188402
,-28.0,50,1833.938292
,-36.0,50,1835.588566
,-22.0,50,1837.350328
,-21.0,50,1839.023252
,-23.0,50,1840.745462
,-50.0,50,1842.449662
,-40.0,50,1844.155761
,-42.0,50,1845.881147
,-49.0,50,1847.625896
,-45.0,50,1849.304527
,-19.0,50,1851.035438
,-24.0,50,1852.737372
,-34.0,50,1854.501276
,-32.0,50,1856.191417
,-47.0,50,1857.906316
,-8.0,50,1859.604311
,-22.0,50,1861.302484
,-12.0,50,1863.05584
,-47.0,50,1864.779139
,-18.0,50,1866.482835
,-44.0,50,1868.249102
,-6.0,50,1869.918548
,-14.0,50,1871.649269
,-15.0,50,1873.349389
,-44.0,50,1875.040906
,0.0,50,1876.786293
,-12.0,50,1878.487804
,-50.0,50,1880.197693
,-50.0,50,1881.8853
,-24.0,50,1883.625071
,-41.0,50,1885.316013
,-40.0,50,1887.046746
,-43.0,50,1888.749519
,-21.0,50,1890.475997
,-7.0,50,1892.153981
,-50.0,50,1893.899561
,-11.0,50,1895.601188
,-11.0,50,1895.886782
,-5.0,50,1896.155701
,-12.0,50,1896.436077
,-10.0,50,1896.708951
,-7.0,50,1896.991798
,-3.0,50,1897.266278
,-8.0,50,1897.559791
,-40.0,50,1897.846951
,-12.0,50,1898.115195
,-12.0,50,1898.556018
,-50.0,50,1900.25923
,-45.0,50,1901.947759
,-9.0,50,1903.683332
,-22.0,50,1905.390034
,-39.0,50,1907.06533
,-42.0,50,1908.793211
,-18.0,50,1910.553379
,-12.0,50,1912.24269
,-38.0,50,1913.971687
,-43.0,50,1915.641414
,-34.0,50,1917.374576
,-20.0,50,1919.109751
,-21.0,50,1920.839456
,-43.0,50,1922.528109
,-26.0,50,1924.222305
,-30.0,50,1925.929891
,-16.0,50,1927.661785
,-15.0,50,1929.382895
,-8.0,50,1931.078306
,-47.0,50,1932.813201
,0.0,50,1934.542196
,-19.0,50,1936.279695
,-35.0,50,1937.947104
,-26.0,50,1939.708503
,-50.0,50,1941.379779
,-50.0,50,1943.149134
,-49.0,50,1944.818503
,-25.0,50,1946.587087
,-10.0,50,1948.270507
,-10.0,50,1949.980289
,-50.0,50,1951.724278
,-18.0,50,1953.469566
,-17.0,50,1955.17439
,-37.0,50,1956.904041
,-16.0,50,1958.620206
,-10.0,50,1960.305865
,-50.0,50,1962.016613
,-47.0,50,1963.78484
,-11.0,50,1965.438084
,-46.0,50,1967.217522
,-40.0,50,1968.907571
,-14.0,50,1970.656873
,-29.0,50,1972.354563
,-43.0,50,1974.05188
,-50.0,50,1975.781556
,-44.0,50,1977.5118
,-28.0,50,1979.266558
,-35.0,50,1980.946685
,0.0,50,1982.699512
,-11.0,50,1984.418506
,-4.0,50,1984.701643
,0.0,50,1984.959397
,-11.0,50,1985.236508
,-11.0,50,1985.499117
,-9.0,50,1985.762688
,-4.0,50,1986.030016
,-6.0,50,1986.310124
,-11.0,50,1986.585643
,-6.0,50,1986.842734
,-49.0,50,1987.341518
,-40.0,50,1989.061918
,-50.0,50,1990.819129
,-30.0,50,1992.547311
,-30.0,50,1994.303331
,-50.0,50,1996.029415
,-40.0,50,1997.756639
,-15.0,50,1999.465699
,-18.0,50,2001.117555
,-13.0,50,2002.889573
,-12.0,50,2004.620652
,-43.0,50,2006.323784
,-21.0,50,2008.06515
,-38.0,50,2009.820606
,-50.0,50,2011.525933
,-10.0,50,2013.210585
,-20.0,50,2014.967222
,-21.0,50,2016.662331
,-24.0,50,2018.376952
,-42.0,50,2020.048456
,-44.0,50,2021.822308
,-50.0,50,2023.518396
,-24.0,50,2025.220603
,-48.0,50,2026.925035
,-45.0,50,2028.661158
,-14.0,50,2030.361133
,-43.0,50,2032.083836
,-50.0,50,2033.825338
,-29.0,50,2035.542039
,0.0,50,2037.267097
,-22.0,50,2039.01138
,-47.0,50,2040.693566
,-15.0,50,2042.40537
,-44.0,50,2044.158125
,-32.0,50,2045.821614
,-18.0,50,2047.582965
,0.0,50,2049.279003
,-41.0,50,2051.011725
,-11.0,50,2052.726097
,-23.0,50,2054.444235
,-9.0,50,2056.165007
,-50.0,50,2057.909772
,-46.0,50,2059.619664
,-18.0,50,2061.327482
,-29.0,50,2063.050072
,-50.0,50,2064.75071
,-23.0,50,2066.488522
,-19.0,50,2068.226646
,-23.0,50,2069.941432
,-22.0,50,2071.691303
,-6.0,50,2073.420608
,-10.0,50,2073.737999
,-48.0,50,2074.059745
,-16.0,50,2074.3652
,-13.0,50,2074.685529
,-8.0,50,2074.99576
,-9.0,50,2075.263032
,-8.0,50,2075.537788
,-9.0,50,2075.816815
,-12.0,50,2076.052972
,-50.0,50,2076.378761
,-45.0,50,2078.074201
,-50.0,50,2079.856947
,-5.0,50,2081.583498
,-35.0,50,2083.262266
,-41.0,50,2084.990925
,-13.0,50,2086.760222
,-50.0,50,2088.437966
,-44.0,50,2090.170196
,-22.0,50,2091.924785
,-14.0,50,2093.619789
,-50.0,50,2095.371779
,-50.0,50,2097.082916
,-15.0,50,2098.801991
,-4.0,50,2100.533287
,-44.0,50,2102.253276
,-50.0,50,2104.01022
,-28.0,50,2105.711048
,-25.0,50,2107.442702
,-15.0,50,2109.196829
,-50.0,50,2110.906628
,-15.0,50,2112.606053
,-24.0,50,2114.323986
,-50.0,50,2116.089378
,-50.0,50,2117.758634
,-18.0,50,2119.495414
,-40.0,50,2121.301573
,-50.0,50,2122.977496
,-50.0,50,2124.680533
,-15.0,50,2126.404789
,-47.0,50,2128.184938
,-34.0,50,2129.903437
,-17.0,50,2131.622872
,-29.0,50,2133.319931
,-3.0,50,2135.059631
,-36.0,50,2136.817249
,-46.0,50,2138.527617
,-41.0,50,2140.238252
,-32.0,50,2141.979905
,-50.0,50,2143.689282
,-12.0,50,2145.383811
,-42.0,50,2147.181949
,-5.0,50,2148.911004
,-11.0,50,2150.621264
,-39.0,50,2152.361897
,-47.0,50,2154.108366
,-50.0,50,2155.802357
,-13.0,50,2157.510097
,-29.0,50,2159.23911
,-50.0,50,2161.007075
,-15.0,50,2162.746028
,-5.0,50,2163.041491
,-46.0,50,2163.333542
,-50.0,50,2163.640966
,-7.0,50,2163.906692
,-9.0,50,2164.187996
,-14.0,50,2164.484338
,-47.0,50,2164.806589
,-11.0,50,2165.075543
,-10.0,50,2165.347218
,-22.0,50,2165.709006
,-17.0,50,2167.367175
,-36.0,50,2169.093133
,-29.0,50,2170.831824
,-31.0,50,2172.597687
,-9.0,50,2174.317483
,-19.0,50,2176.068494
,-27.0,50,2177.788167
,-39.0,50,2179.504556
,-45.0,50,2181.238021
,-32.0,50,2183.023168
,-39.0,50,2184.701817
,-25.0,50,2186.426439
,-13.0,50,2188.172406
,-50.0,50,2189.933248
,-32.0,50,2191.665349
,-36.0,50,2193.388461
,-45.0,50,2195.132823
,-35.0,50,2196.852958
,-46.0,50,2198.555868
,-13.0,50,2200.271324
,-11.0,50,2202.050587
,-18.0,50,2203.774518
,-26.0,50,2205.441253
,-48.0,50,2207.17364
,-50.0,50,2208.962277
,-30.0,50,2210.649827
,-41.0,50,2212.432235
,-9.0,50,2214.14247
,-23.0,50,2215.870589
,-25.0,50,2217.636387
,-46.0,50,2219.363195
,0.0,50,2221.071692
,-32.0,50,2222.809999
,-43.0,50,2224.524377
,-50.0,50,2226.245335
,-29.0,50,2227.96323
,-50.0,50,2229.68886
,0.0,50,2231.352096
,-47.0,50,2233.113577
,-23.0,50,2234.792008
,-17.0,50,2236.537991
,-50.0,50,2238.281446
,-20.0,50,2240.009753
,-11.0,50,2241.793453
,-26.0,50,2243.535413
,-18.0,50,2245.256277
,-19.0,50,2246.934211
,-50.0,50,2248.663535
,-30.0,50,2250.466095
,-5.0,50,2252.187243
,-8.0,50,2252.455773
,-12.0,50,2252.74218
,-8.0,50,2253.048325
,-8.0,50,2253.328259
,-7.0,50,2253.607508
,-11.0,50,2253.871339
,-9.0,50,2254.159649
,-10.0,50,2254.445885
,-10.0,50,2254.711058
,-17.0,50,2255.112987
,-50.0,50,2256.81921
,-30.0,50,2258.574337
,-50.0,50,2260.255641
,-36.0,50,2262.037914
,-50.0,50,2263.796481
,-50.0,50,2265.53988
,-12.0,50,2267.219191
,-20.0,50,2268.951433
,-6.0,50,2270.681249
,-50.0,50,2272.427746
,-39.0,50,2274.163429
,-41.0,50,2275.896739
,-20.0,50,2277.65151
,0.0,50,2279.32367
,-36.0,50,2281.08892
,-27.0,50,2282.797303
,-44.0,50,2284.524682
,-30.0,50,2286.244079
,-14.0,50,2287.997233
,-28.0,50,2289.773356
,-47.0,50,2291.46175
,-33.0,50,2293.170979
,-17.0,50,2294.911062
,-38.0,50,2296.643697
,-50.0,50,2298.397729
,-50.0,50,2300.145865
,-12.0,50,2301.865036
,-50.0,50,2303.599121
,-15.0,50,2305.371597
,-17.0,50,2307.05169
,-21.0,50,2308.860736
,-12.0,50,2310.539713
,-17.0,50,2312.295765
,-1.0,50,2314.042965
,-13.0,50,2315.721888
,-45.0,50,2317.457921
,-7.0,50,2319.293239
,-8.0,50,2321.007182
,-16.0,50,2322.739112
,-47.0,50,2324.481739
,-50.0,50,2326.197211
,0.0,50,2327.92121
,-14.0,50,2329.644092
,-47.0,50,2331.386573
,-16.0,50,2333.130657
,-32.0,50,2334.879555
,-36.0,50,2336.638618
,-8.0,50,2338.370294
,-12.0,50,2340.07258
,-11.0,50,2341.813236
,-9.0,50,2342.088921
,-42.0,50,2342.379708
,-9.0,50,2342.644618
,-11.0,50,2342.950155
,-13.0,50,2343.222738
,0.0,50,2343.468232
,-17.0,50,2343.750234
,0.0,50,2343.997843
,-7.0,50,2344.267313
,-46.0,50,2344.77159
,-12.0,50,2346.559613
,-18.0,50,2348.26537
,-45.0,50,2350.079915
,-48.0,50,2351.784276
,-50.0,50,2353.504865
,-50.0,50,2355.178311
,-50.0,50,2356.97055
,-3.0,50,2358.686604
,-44.0,50,2360.414744
,-10.0,50,2362.175094
,-8.0,50,2363.888021
,-44.0,50,2365.609241
,-50.0,50,2367.42334
,-24.0,50,2369.121265
,-23.0,50,2370.897715
,-33.0,50,2372.622695
,-19.0,50,2374.343314
,-39.0,50,2376.073797
,-7.0,50,2377.836286
,-50.0,50,2379.560093
,-13.0,50,2381.370887
,-13.0,50,2383.053019
,-43.0,50,2384.836371
,-46.0,50,2386.530612
,-9.0,50,2388.310963
,-50.0,50,2390.002846
,-13.0,50,2391.775218
,-44.0,50,2393.464636
,-19.0,50,2395.250878
,-47.0,50,2396.966455
,-11.0,50,2398.785244
,-29.0,50,2400.504264
,-21.0,50,2402.249389
,-20.0,50,2403.960846
,-7.0,50,2405.705937
,-32.0,50,2407.472742
,-13.0,50,2409.196178
,-14.0,50,2410.868729
,-10.0,50,2412.609478
,-50.0,50,2414.373967
,-12.0,50,2416.091331
,-50.0,50,2417.835447
,-4.0,50,2419.587554
,-47.0,50,2421.338726
,-13.0,50,2423.016636
,-17.0,50,2424.762951
,-17.0,50,2426.48852
,-46.0,50,2428.250312
,-42.0,50,2429.987173
,-14.0,50,2431.753148
,-10.0,50,2432.04835
,-11.0,50,2432.333627
,-10.0,50,2432.627232
,0.0,50,2432.926164
,-39.0,50,2433.217837
,-7.0,50,2433.50081
,-12.0,50,2433.754935
,-9.0,50,2434.031222
,-13.0,50,2434.307227
,-19.0,50,2434.688542
,-50.0,50,2436.366699
,-41.0,50,2438.132138
,-22.0,50,2439.870139
,-16.0,50,2441.622284
,-50.0,50,2443.351131
,-42.0,50,2445.172304
,-50.0,50,2446.875086
,-14.0,50,2448.621925
,-46.0,50,2450.357142
,-40.0,50,2452.078918
,-50.0,50,2453.808387
,-34.0,50,2455.551443
,-30.0,50,2457.30059
,-30.0,50,2459.010377
,-8.0,50,2460.772038
,-24.0,50,2462.544964
,-29.0,50,2464.255756
,-41.0,50,2465.981105
,-43.0,50,2467.704757
,-50.0,50,2469.456836
,-50.0,50,2471.214541
,-14.0,50,2472.913642
,-18.0,50,2474.690824
,-45.0,50,2476.459896
,-50.0,50,2478.13632
,-38.0,50,2479.924078
,-12.0,50,2481.68729
,-27.0,50,2483.38775
,-50.0,50,2485.115653
,-16.0,50,2486.812837
,-11.0,50,2488.55932
,-35.0,50,2490.284745
,-40.0,50,2492.030625
,-50.0,50,2493.724649
,-12.0,50,2495.519403
,-50.0,50,2497.243043
,-41.0,50,2499.004785
,0.0,50,2500.713313
,-50.0,50,2502.501154
,-50.0,50,2504.209222
,-45.0,50,2505.990866
,-35.0,50,2507.687854
,-18.0,50,2509.449434
,-17.0,50,2511.244615
,-40.0,50,2512.981694
,-8.0,50,2514.664953
,-14.0,50,2516.461549
,-46.0,50,2518.146093
,-33.0,50,2519.925937
,-10.0,50,2521.658509
,-45.0,50,2521.962026
,-9.0,50,2522.257915
,-17.0,50,2522.560441
,-8.0,50,2522.828097
,-11.0,50,2523.138521
,-6.0,50,2523.392701
,-4.0,50,2523.667866
,-16.0,50,2524.007428
,-9.0,50,2524.234322
,-21.0,50,2524.521348
,-9.0,50,2526.260978
,-17.0,50,2528.017526
,0.0,50,2529.777473
,-23.0,50,2531.551014
,-37.0,50,2533.293515
,-38.0,50,2534.997102
,-9.0,50,2536.725152
,-50.0,50,2538.458991
,-50.0,50,2540.224527
,-50.0,50,2542.029865
,-47.0,50,2543.778876
,-41.0,50,2545.501394
,-14.0,50,2547.222605
,-50.0,50,2548.975449
,-29.0,50,2550.724792
,-25.0,50,2552.48858
,-28.0,50,2554.211647
,-22.0,50,2555.927891
,-28.0,50,2557.657695
,-41.0,50,2559.378423
,-15.0,50,2561.173713
,-39.0,50,2562.863845
,-28.0,50,2564.614747
,-50.0,50,2566.381902
,-45.0,50,2568.092845
,-50.0,50,2569.863885
,-50.0,50,2571.587209
,-50.0,50,2573.323548
,-50.0,50,2575.026121
,-24.0,50,2576.802267
,-18.0,50,2578.505449
,-50.0,50,2580.246278
,-20.0,50,2582.0426
,-50.0,50,2583.781391
,-50.0,50,2585.464665
,-14.0,50,2587.249622
,-50.0,50,2589.007699
,-45.0,50,2590.732862
,-12.0,50,2592.501976
,-41.0,50,2594.225264
,-17.0,50,2595.973099
,-12.0,50,2597.742702
,-49.0,50,2599.487482
,-50.0,50,2601.249481
,-50.0,50,2602.939166
,-42.0,50,2604.694338
,-12.0,50,2606.458242
,-50.0,50,2608.175409
,-50.0,50,2609.965298
,-15.0,50,2611.752891
,-7.0,50,2612.023679
,-10.0,50,2612.291675
,-27.0,50,2612.565486
,-6.0,50,2612.843862
,-5.0,50,2613.112293
,-12.0,50,2613.424522
,-10.0,50,2613.697148
,-8.0,50,2613.990303
,-17.0,50,2614.250314
,-9.0,50,2614.617306
,-16.0,50,2616.329106
,-37.0,50,2618.074274
,-9.0,50,2619.85846
,-50.0,50,2621.588831
,-43.0,50,2623.337247
,-36.0,50,2625.113024
,0.0,50,2626.894297
,-21.0,50,2628.631838
,-50.0,50,2630.360317
,-8.0,50,2632.104494
,-16.0,50,2633.816648
,-18.0,50,2635.560881
,-47.0,50,2637.317288
,-50.0,50,2639.048878
,-50.0,50,2640.781881
,-11.0,50,2642.570736
,-9.0,50,2644.264481
,-50.0,50,2646.05961
,-9.0,50,2647.754977
,-11.0,50,2649.497588
,-42.0,50,2651.270956
,-39.0,50,2653.006469
,-23.0,50,2654.785773
,-39.0,50,2656.520628
,-50.0,50,2658.256095
,-13.0,50,2659.998793
,-40.0,50,2661.729134
,-22.0,50,2663.498007
,-41.0,50,2665.230599
,-32.0,50,2666.996626
,-50.0,50,2668.709011
,-16.0,50,2670.451403
,-42.0,50,2672.273201
,-50.0,50,2673.941887
,-11.0,50,2675.736281
,-12.0,50,2677.456873
,-6.0,50,2679.256095
,-5.0,50,2681.011627
,-19.0,50,2682.703061
,-47.0,50,2684.496686
,-16.0,50,2686.199133
,-14.0,50,2688.018345
,-26.0,50,2689.719294
,-8.0,50,2691.499327
,-49.0,50,2693.269948
,0.0,50,2694.968399
,-16.0,50,2696.758722
,-50.0,50,2698.486281
,-15.0,50,2700.262167
,-12.0,50,2701.983404
,-4.0,50,2702.250133
,-5.0,50,2702.516264
,-42.0,50,2702.817796
,-41.0,50,2703.178521
,-11.0,50,2703.48392
,-8.0,50,2703.775256
,-6.0,50,2704.038409
,-43.0,50,2704.333132
,-12.0,50,2704.600704
,-28.0,50,2704.925411
,-35.0,50,2706.672936
,-13.0,50,2708.397696
,-18.0,50,2710.182472
,-50.0,50,2711.962747
,-36.0,50,2713.642792
,-25.0,50,2715.413632
,-50.0,50,2717.165505
,-11.0,50,2718.941872
,-36.0,50,2720.721399
,-28.0,50,2722.517469
,-50.0,50,2724.28114
,-18.0,50,2726.011116
,-35.0,50,2727.744781
,-40.0,50,2729.470819
,-21.0,50,2731.262535
,-26.0,50,2733.006648
,-12.0,50,2734.736114
,-50.0,50,2736.460491
,-50.0,50,2738.185481
,-15.0,50,2739.940538
,0.0,50,2741.686455
,-30.0,50,2743.446857
,-7.0,50,2745.204956
,-43.0,50,2746.928973
,-50.0,50,2748.720826
,-22.0,50,2750.486193
,-50.0,50,2752.251735
,-20.0,50,2754.072922
,-13.0,50,2755.805277
,-7.0,50,2757.502676
,-5.0,50,2759.298862
,-11.0,50,2761.046493
,-13.0,50,2762.849878
,-10.0,50,2764.545297
,-15.0,50,2766.304523
,-50.0,50,2768.058396
,-50.0,50,2769.806258
,-50.0,50,2771.584498
,-50.0,50,2773.339461
,-47.0,50,2775.13217
,-21.0,50,2776.878642
,-28.0,50,2778.66825
,-10.0,50,2780.432259
,-21.0,50,2782.180564
,-5.0,50,2783.912764
,-19.0,50,2785.642601
,-23.0,50,2787.447032
,-23.0,50,2789.203816
,-10.0,50,2791.0116
,-9.0,50,2792.742725
,-10.0,50,2792.998885
,-12.0,50,2793.288948
,-9.0,50,2793.593379
,-40.0,50,2793.88802
,-9.0,50,2794.149745
,-11.0,50,2794.418937
,-15.0,50,2794.685248
,-8.0,50,2794.9546
,-6.0,50,2795.21725
,-50.0,50,2795.64978
,-50.0,50,2797.404922
,-47.0,50,2799.190958
,-19.0,50,2800.931481
,-26.0,50,2802.687014
,-7.0,50,2804.409694
,0.0,50,2806.167285
,0.0,50,2807.953174
,0.0,50,2809.712719
,-20.0,50,2811.490878
,-50.0,50,2813.221951
,-50.0,50,2814.93402
,-32.0,50,2816.668727
,-24.0,50,2818.431523
,-12.0,50,2820.212606
,-50.0,50,2822.015929
,0.0,50,2823.742705
,-49.0,50,2825.500579
,-18.0,50,2827.271068
,-50.0,50,2828.931212
,-46.0,50,2830.743605
,-45.0,50,2832.500128
,-31.0,50,2834.279499
,-49.0,50,2835.982028
,-50.0,50,2837.744718
,-37.0,50,2839.521363
,-50.0,50,2841.348958
,-18.0,50,2843.046965
,-21.0,50,2844.84614
,-29.0,50,2846.577531
,-45.0,50,2848.292573
,-50.0,50,2850.096303
,-7.0,50,2851.881276
,-50.0,50,2853.609342
,-40.0,50,2855.395357
,-50.0,50,2857.162075
,-12.0,50,2858.932606
,0.0,50,2860.679818
,-50.0,50,2862.4715
,-50.0,50,2864.181473
,-10.0,50,2865.967391
,-50.0,50,2867.719897
,-9.0,50,2869.450283
,-10.0,50,2871.231429
,-24.0,50,2872.97708
,-46.0,50,2874.723453
,-17.0,50,2876.512833
,-50.0,50,2878.245249
,-48.0,50,2879.970999
,0.0,50,2881.752307
,-13.0,50,2883.538965
,-10.0,50,2883.79875
,-10.0,50,2884.096208
,-3.0,50,2884.372008
,-9.0,50,2884.670392
,-14.0,50,2884.948463
,-9.0,50,2885.245049
,-12.0,50,2885.542327
,-13.0,50,2885.828565
,-6.0,50,2886.109464
,-50.0,50,2886.401235
,-39.0,50,2888.158405
,-41.0,50,2889.863222
,-50.0,50,2891.677708
,-9.0,50,2893.470856
,-46.0,50,2895.178496
,-50.0,50,2896.93948
,-13.0,50,2898.723557
,-50.0,50,2900.486329
,-40.0,50,2902.226783
,-46.0,50,2904.046066
,-8.0,50,2905.798197
,-31.0,50,2907.489884
,-50.0,50,2909.294809
,-50.0,50,2911.032537
,-50.0,50,2912.795848
,-49.0,50,2914.531189
,-10.0,50,2916.2844
,-50.0,50,2918.062066
,-50.0,50,2919.816684
,-50.0,50,2921.571461
,-9.0,50,2923.302494
,-50.0,50,2925.138378
,-50.0,50,2926.908911
,-50.0,50,2928.611133
,-29.0,50,2930.373008
,-15.0,50,2932.141543
,-16.0,50,2933.873388
,-10.0,50,2935.669034
,-12.0,50,2937.350751
,-50.0,50,2939.165928
,-50.0,50,2940.894036
,-18.0,50,2942.648339
,-19.0,50,2944.411254
,-50.0,50,2946.163898
,-50.0,50,2947.992162
,-41.0,50,2949.754174
,0.0,50,2951.505036
,-6.0,50,2953.254695
,-17.0,50,2955.02257
,-23.0,50,2956.764087
,-39.0,50,2958.572936
,-26.0,50,2960.32286
,-46.0,50,2962.083609
,-13.0,50,2963.832949
,-14.0,50,2965.669807
,-20.0,50,2967.41169
,-50.0,50,2969.198183
,-50.0,50,2970.905523
,-44.0,50,2972.694166
,-14.0,50,2974.475877
,-15.0,50,2974.754027
,-10.0,50,2975.031411
,-7.0,50,2975.292185
,-8.0,50,2975.584473
,-10.0,50,2975.866964
,-8.0,50,2976.134325
,-8.0,50,2976.401427
,-14.0,50,2976.667313
,-4.0,50,2976.929563
,-50.0,50,2977.416632
,-21.0,50,2979.123683
,-50.0,50,2980.873633
,-11.0,50,2982.694238
,-34.0,50,2984.448012
,-44.0,50,2986.19993
,-46.0,50,2987.918827
,-50.0,50,2989.72543
,-37.0,50,2991.474273
,-44.0,50,2993.245121
,-21.0,50,2994.99899
,-13.0,50,2996.758649
,-17.0,50,2998.513482
,-50.0,50,3000.2832
,-29.0,50,3002.058301
,-16.0,50,3003.772321
,-21.0,50,3005.575249
,-6.0,50,3007.290752
,-45.0,50,3009.078869
,-50.0,50,3010.861517
,-41.0,50,3012.65459
,-20.0,50,3014.43771
,-50.0,50,3016.140218
,-26.0,50,3017.941535
,-50.0,50,3019.665157
,-50.0,50,3021.434888
,-13.0,50,3023.205905
,-12.0,50,3024.984837
,-37.0,50,3026.77533
,-7.0,50,3028.588929
,-50.0,50,3030.300452
,-27.0,50,3032.072967
,-12.0,50,3033.834074
,-27.0,50,3035.668651
,-40.0,50,3037.382089
,-50.0,50,3039.230878
,-27.0,50,3040.943204
,-18.0,50,3042.718084
,-50.0,50,3044.501711
,-13.0,50,3046.221867
,-12.0,50,3048.021561
,-50.0,50,3049.759779
,-50.0,50,3051.541397
,-24.0,50,3053.301091
,0.0,50,3055.098905
,-10.0,50,3056.849491
,-50.0,50,3058.681897
,-30.0,50,3060.398127
,-50.0,50,3062.198945
,-50.0,50,3063.933253
,-9.0,50,3065.708083
,-7.0,50,3065.969295
,-7.0,50,3066.224654
,-9.0,50,3066.48687
,-7.0,50,3066.776773
,-16.0,50,3067.111013
,-10.0,50,3067.418426
,-8.0,50,3067.664949
,-9.0,50,3067.956363
,-9.0,50,3068.272925
,-50.0,50,3068.652195
,-9.0,50,3070.33939
,-50.0,50,3072.136995
,-49.0,50,3073.920469
,-47.0,50,3075.69432
,-40.0,50,3077.463219
,-50.0,50,3079.196177
,-21.0,50,3081.015747
,-50.0,50,3082.755273
,-50.0,50,3084.552085
,-50.0,50,3086.293927
,-15.0,50,3088.074005
,-9.0,50,3089.901821
,-39.0,50,3091.654699
,-18.0,50,3093.435566
,-45.0,50,3095.211173
,-40.0,50,3096.99214
,-7.0,50,3098.705278
,-42.0,50,3100.518374
,-50.0,50,3102.284174
,-47.0,50,3104.051242
,-50.0,50,3105.833011
,-42.0,50,3107.594902
,-32.0,50,3109.390088
,-22.0,50,3111.08996
,-12.0,50,3112.912563
,-47.0,50,3114.67085
,-45.0,50,3116.427418
,-50.0,50,3118.214839
,-41.0,50,3119.964881
,-17.0,50,3121.742698
,-40.0,50,3123.543277
,-40.0,50,3125.300686
,-50.0,50,3127.118525
,-43.0,50,3128.855864
,-50.0,50,3130.62833
,-12.0,50,3132.393255
,-50.0,50,3134.165898
,-15.0,50,3135.998582
,-44.0,50,3137.715512
,-17.0,50,3139.527402
,-50.0,50,3141.29474
,-50.0,50,3143.053958
,-50.0,50,3144.86694
,-8.0,50,3146.634792
,-14.0,50,3148.382943
,-13.0,50,3150.179462
,-47.0,50,3151.94692
,-14.0,50,3153.701939
,-47.0,50,3155.492808
,-8.0,50,3157.242614
,0.0,50,3157.515602
,-6.0,50,3157.802805
,-11.0,50,3158.100864
,-4.0,50,3158.397997
,-11.0,50,3158.699933
,-10.0,50,3158.997217
,-7.0,50,3159.254175
,-8.0,50,3159.525172
,-10.0,50,3159.812918
,-50.0,50,3160.204938
,-26.0,50,3161.940152
,-18.0,50,3163.714708
,-28.0,50,3165.487227
,-45.0,50,3167.287766
,-37.0,50,3169.053774
,-45.0,50,3170.826894
,-19.0,50,3172.557796
,-23.0,50,3174.382539
,-17.0,50,3176.181922
,-18.0,50,3177.89538
,-12.0,50,3179.676385
,-47.0,50,3181.419396
,-17.0,50,3183.197438
,-24.0,50,3184.983323
,-50.0,50,3186.729745
,-12.0,50,3188.543106
,-21.0,50,3190.295413
,-31.0,50,3192.072683
,-11.0,50,3193.787276
,-37.0,50,3195.573115
,-17.0,50,3197.344596
,-47.0,50,3199.166589
,0.0,50,3200.902688
,-50.0,50,3202.718488
,-5.0,50,3204.50417
,-13.0,50,3206.250964
,-50.0,50,3208.084933
,-15.0,50,3209.87306
,-41.0,50,3211.596826
,-50.0,50,3213.419371
,-34.0,50,3215.211448
,-15.0,50,3216.998841
,-15.0,50,3218.752549
,-48.0,50,3220.488856
,-23.0,50,3222.286591
,-50.0,50,3224.059173
,-50.0,50,3225.836136
,-50.0,50,3227.606941
,-50.0,50,3229.386625
,-11.0,50,3231.198985
,-38.0,50,3232.98091
,-45.0,50,3234.704038
,-47.0,50,3236.479463
,-14.0,50,3238.263142
,-39.0,50,3240.059471
,-33.0,50,3241.901794
,-16.0,50,3243.644266
,-50.0,50,3245.462517
,-50.0,50,3247.194706
,-7.0,50,3249.049161
,-13.0,50,3249.331302
,-12.0,50,3249.60288
,-10.0,50,3249.897562
,-14.0,50,3250.1919
,-8.0,50,3250.510644
,-9.0,50,3250.788266
,-10.0,50,3251.068804
,-4.0,50,3251.329341
,-17.0,50,3251.592382
,-39.0,50,3251.964928
,-13.0,50,3253.703859
,-17.0,50,3255.506237
,-45.0,50,3257.26283
,-12.0,50,3259.098548
,-34.0,50,3260.876089
,-50.0,50,3262.636374
,-27.0,50,3264.393238
,-24.0,50,3266.209026
,-32.0,50,3267.948804
,-49.0,50,3269.740636
,-45.0,50,3271.509752
,-40.0,50,3273.334378
,-35.0,50,3275.075549
,-14.0,50,3276.845703
,-50.0,50,3278.670261
,-50.0,50,3280.429943
,-8.0,50,3282.205469
,-50.0,50,3284.011455
,-50.0,50,3285.764792
,-5.0,50,3287.550729
,-21.0,50,3289.385808
,-18.0,50,3291.095841
,-50.0,50,3292.949876
,-35.0,50,3294.675721
,-31.0,50,3296.527249
,-10.0,50,3298.314125
,-26.0,50,3300.071453
,-36.0,50,3301.84046
,-22.0,50,3303.61306
,-50.0,50,3305.406494
,-50.0,50,3307.143914
,-11.0,50,3308.992713
,-50.0,50,3310.726461
,-41.0,50,3312.537911
,-13.0,50,3314.345912
,-50.0,50,3316.106595
,-17.0,50,3317.826305
,-45.0,50,3319.695823
,-9.0,50,3321.397678
,-37.0,50,3323.262627
,-50.0,50,3325.075043
,-43.0,50,3326.838555
,-15.0,50,3328.604716
,-45.0,50,3330.384056
,-31.0,50,3332.139304
,-50.0,50,3333.979403
,-50.0,50,3335.756866
,-38.0,50,3337.558383
,-22.0,50,3339.330178
,-39.0,50,3341.163438
,-7.0,50,3341.437979
,-8.0,50,3341.701837
,-10.0,50,3341.981142
,-10.0,50,3342.283362
,-11.0,50,3342.561813
,0.0,50,3342.812295
,-4.0,50,3343.095861
,-14.0,50,3343.402095
,-4.0,50,3343.656705
,-50.0,50,3343.999738
,-33.0,50,3345.733252
,-23.0,50,3347.55522
,-50.0,50,3349.348157
,-50.0,50,3351.117176
,-15.0,50,3352.937057
,-39.0,50,3354.701547
,-19.0,50,3356.513824
,-44.0,50,3358.276024
,-50.0,50,3360.081996
,-30.0,50,3361.863276
,-11.0,50,3363.678437
,-50.0,50,3365.450513
,-14.0,50,3367.245385
,-39.0,50,3369.056046
,-39.0,50,3370.801164
,-50.0,50,3372.5999
,-40.0,50,3374.371852
,-10.0,50,3376.140856
,-18.0,50,3377.947502
,-50.0,50,3379.744257
,-20.0,50,3381.520077
,-50.0,50,3383.290895
,-45.0,50,3385.120416
,-47.0,50,3386.869677
,-50.0,50,3388.630691
,-11.0,50,3390.413323
,-15.0,50,3392.240792
,-50.0,50,3393.998204
,-50.0,50,3395.754756
,-50.0,50,3397.561949
,-35.0,50,3399.32712
,-50.0,50,3401.145047
,-50.0,50,3402.945432
,-29.0,50,3404.702291
,-47.0,50,3406.492135
,-36.0,50,3408.273245
,-33.0,50,3410.1065
,-24.0,50,3411.839654
,-16.0,50,3413.628968
,-23.0,50,3415.425233
,-50.0,50,3417.225875
,-21.0,50,3419.014085
,-46.0,50,3420.874974
,-14.0,50,3422.598681
,-12.0,50,3424.419405
,-9.0,50,3426.195643
,-50.0,50,3428.018632
,-12.0,50,3429.749424
,-28.0,50,3431.526464
,-6.0,50,3433.320943
,-7.0,50,3433.631624
,-12.0,50,3433.915526
,-13.0,50,3434.223417
,-14.0,50,3434.501298
,-11.0,50,3434.78842
,-8.0,50,3435.05657
,-11.0,50,3435.328029
,-46.0,50,3435.621052
,-8.0,50,3435.883727
,-46.0,50,3436.258109
,-16.0,50,3437.983517
,-8.0,50,3439.805116
,-46.0,50,3441.640898
,-35.0,50,3443.406562
,-24.0,50,3445.189601
,-47.0,50,3447.001841
,-50.0,50,3448.818434
,-10.0,50,3450.571314
,-30.0,50,3452.430865
,-28.0,50,3454.214401
,-19.0,50,3456.002288
,-12.0,50,3457.775949
,-50.0,50,3459.558861
,-41.0,50,3461.314081
,-20.0,50,3463.104374
,-30.0,50,3464.929403
,-50.0,50,3466.754954
,-45.0,50,3468.480635
,-44.0,50,3470.37521
,-25.0,50,3472.116079
,-17.0,50,3473.904085
,-50.0,50,3475.694674
,-43.0,50,3477.488017
,-50.0,50,3479.229807
,-1.0,50,3481.070485
,-50.0,50,3482.883548
,0.0,50,3484.632104
,-50.0,50,3486.503267
,-50.0,50,3488.271932
,-12.0,50,3490.127061
,-44.0,50,3491.905587
,-50.0,50,3493.686739
,-15.0,50,3495.462437
,-20.0,50,3497.307083
,-50.0,50,3499.065421
,-50.0,50,3500.883513
,-47.0,50,3502.650397
,-24.0,50,3504.47039
,-40.0,50,3506.257101
,-5.0,50,3508.087858
,-7.0,50,3509.863147
,-36.0,50,3511.660033
,-4.0,50,3513.458841
,-50.0,50,3515.217626
,-9.0,50,3517.062494
,-20.0,50,3518.820761
,-50.0,50,3520.578369
,-50.0,50,3522.444932
,-37.0,50,3524.226525
,0.0,50,3525.989845
,-7.0,50,3526.274687
,-6.0,50,3526.540878
,-50.0,50,3526.823308
,-7.0,50,3527.114443
,-10.0,50,3527.401403
,-11.0,50,3527.710905
,-5.0,50,3528.014865
,-6.0,50,3528.282605
,-7.0,50,3528.551782
