#{"t_start": 1583257885.8605566, "env_id": "FetchPickAndPlace-v1"}
s,r,l,t
,-50.0,50,6.027178
,-50.0,50,7.944933
,-50.0,50,9.592307
,-50.0,50,11.217736
,-50.0,50,12.817409
,-50.0,50,14.424641
,-50.0,50,16.038083
,-50.0,50,17.650264
,-50.0,50,19.254995
,-50.0,50,20.835386
,-50.0,50,22.446642
,-50.0,50,24.040462
,-50.0,50,25.632191
,-50.0,50,27.287539
,-50.0,50,28.903212
,-50.0,50,30.536611
,-50.0,50,32.141319
,-50.0,50,33.704068
,-50.0,50,35.328543
,-50.0,50,36.942764
,-50.0,50,38.565396
,-50.0,50,40.16724
,-50.0,50,41.773924
,-50.0,50,43.389279
,-50.0,50,45.012171
,-50.0,50,46.577734
,-50.0,50,48.213467
,-50.0,50,49.807652
,-50.0,50,51.451447
,-50.0,50,53.033953
,-50.0,50,54.639322
,-50.0,50,56.240681
,-50.0,50,57.892734
,-50.0,50,59.467216
,0.0,50,61.078345
,-50.0,50,62.703249
,0.0,50,64.305429
,-50.0,50,65.929656
,-50.0,50,67.536833
,0.0,50,69.116434
,-50.0,50,70.721546
,-50.0,50,72.336695
,-50.0,50,73.94172
,-50.0,50,75.517727
,-50.0,50,77.132756
,-50.0,50,78.740252
,-50.0,50,80.328237
,-50.0,50,81.940988
,-50.0,50,83.551091
,-50.0,50,85.141059
,-50.0,50,86.787596
,-50.0,50,87.040109
,-50.0,50,87.32636
,-50.0,50,87.598903
,-50.0,50,87.882278
,-50.0,50,88.125565
,-50.0,50,88.400563
,0.0,50,88.670138
,-50.0,50,88.948183
,-50.0,50,89.202924
,-50.0,50,89.595969
,-50.0,50,91.218836
,-50.0,50,92.84529
,-50.0,50,94.46799
,-50.0,50,96.060292
,-50.0,50,97.701007
,-50.0,50,99.302529
,-50.0,50,100.942011
,-50.0,50,102.552746
,-50.0,50,104.129039
,-50.0,50,105.789961
,-50.0,50,107.389615
,-50.0,50,109.010192
,-50.0,50,110.624295
,-50.0,50,112.215606
,-50.0,50,113.836924
,-50.0,50,115.430777
,-50.0,50,117.038099
,-50.0,50,118.686078
,-50.0,50,120.268586
,-50.0,50,121.886214
,-50.0,50,123.479868
,-50.0,50,125.091047
,-50.0,50,126.689198
,-50.0,50,128.28507
,-50.0,50,129.902362
,-50.0,50,131.507745
,-50.0,50,133.117833
,-50.0,50,134.755341
,-50.0,50,136.390307
,-50.0,50,137.992188
,-50.0,50,139.599156
,-50.0,50,141.219273
,-50.0,50,142.830962
,-50.0,50,144.442708
,-50.0,50,146.037843
,-50.0,50,147.657556
,-50.0,50,149.289016
,-50.0,50,150.906032
,-50.0,50,152.494193
,-50.0,50,154.117105
,-50.0,50,155.72177
,-50.0,50,157.30775
,-50.0,50,158.941197
,-50.0,50,160.530139
,-50.0,50,162.161435
,-50.0,50,163.737733
,-50.0,50,165.375683
,-50.0,50,166.975842
,-50.0,50,168.583368
,-50.0,50,170.230795
,-50.0,50,170.497659
,-50.0,50,170.739352
,-50.0,50,171.003982
,-50.0,50,171.262857
,-50.0,50,171.514393
,-50.0,50,171.772991
,-50.0,50,172.043285
,-50.0,50,172.309719
,-50.0,50,172.585664
,-50.0,50,172.898449
,-50.0,50,174.565037
,-50.0,50,176.176899
,-50.0,50,177.779524
,-50.0,50,179.383551
,-50.0,50,180.986878
,-50.0,50,182.57344
,-50.0,50,184.218854
,-50.0,50,185.830862
,-50.0,50,187.440344
,-50.0,50,189.059289
,-50.0,50,190.643095
,-50.0,50,192.24566
,-50.0,50,193.871938
,-50.0,50,195.49416
,-50.0,50,197.095263
,-50.0,50,198.706465
,-50.0,50,200.296479
,-50.0,50,201.911101
,-50.0,50,203.520515
,-50.0,50,205.128821
,-50.0,50,206.771665
,-50.0,50,208.383747
,-50.0,50,210.014531
,-50.0,50,211.618963
,-50.0,50,213.230079
,-50.0,50,214.859878
,-50.0,50,216.474535
,-50.0,50,218.061521
,-50.0,50,219.686156
,-50.0,50,221.310316
,-50.0,50,222.912049
,-50.0,50,224.533419
,-50.0,50,226.101611
,-50.0,50,227.691221
,-50.0,50,229.311252
,-50.0,50,230.968588
,-50.0,50,232.546802
,-50.0,50,234.179036
,-50.0,50,235.778273
,-50.0,50,237.400944
,-50.0,50,238.968891
,-50.0,50,240.629731
,-50.0,50,242.232746
,-50.0,50,243.849283
,-50.0,50,245.448886
,-50.0,50,247.068726
,-50.0,50,248.693808
,-50.0,50,250.314984
,-50.0,50,251.924966
,-50.0,50,253.560011
,-50.0,50,253.852845
,-50.0,50,254.120821
,-50.0,50,254.39407
,-50.0,50,254.642237
,-50.0,50,254.902858
,0.0,50,255.156243
,-50.0,50,255.4382
,-50.0,50,255.705548
,-50.0,50,255.952939
,-50.0,50,256.250259
,-50.0,50,257.912049
,-50.0,50,259.486693
,-50.0,50,261.1138
,-50.0,50,262.744587
,-50.0,50,264.355818
,-50.0,50,265.957089
,-50.0,50,267.59284
,-50.0,50,269.226539
,-50.0,50,270.850925
,-50.0,50,272.410466
,-50.0,50,274.058943
,-50.0,50,275.684793
,-50.0,50,277.315187
,-50.0,50,278.885205
,-50.0,50,280.538623
,0.0,50,282.17697
,-50.0,50,283.781275
,-50.0,50,285.377793
,-50.0,50,287.022266
,-50.0,50,288.621255
,-50.0,50,290.24653
,-50.0,50,291.885867
,-50.0,50,293.490252
,-50.0,50,295.109718
,-50.0,50,296.694776
,-50.0,50,298.345102
,-50.0,50,299.936368
,-50.0,50,301.544321
,-50.0,50,303.181457
,-50.0,50,304.797633
,0.0,50,306.422678
,-50.0,50,308.007787
,-50.0,50,309.652853
,-50.0,50,311.253256
,-50.0,50,312.898967
,-50.0,50,314.488055
,-50.0,50,316.113431
,-50.0,50,317.712694
,-50.0,50,319.360045
,-50.0,50,320.999611
,-50.0,50,322.602262
,-50.0,50,324.238996
,-50.0,50,325.839355
,-50.0,50,327.461054
,-50.0,50,329.100729
,-50.0,50,330.677966
,-50.0,50,332.365772
,-50.0,50,333.979757
,-50.0,50,335.587858
,-50.0,50,337.196899
,-50.0,50,337.458498
,-50.0,50,337.721606
,-50.0,50,337.971473
,-50.0,50,338.232961
,-50.0,50,338.510816
,-50.0,50,338.7644
,-50.0,50,339.024039
,-50.0,50,339.278448
,-50.0,50,339.549
,-50.0,50,339.90447
,-50.0,50,341.524813
,-50.0,50,343.136376
,-50.0,50,344.749352
,-50.0,50,346.384799
,-50.0,50,348.004806
,-50.0,50,349.640165
,0.0,50,351.242351
,-50.0,50,352.893817
,-50.0,50,354.477542
,-50.0,50,356.128002
,-50.0,50,357.746778
,-50.0,50,359.381864
,-50.0,50,361.010933
,-50.0,50,362.650817
,-50.0,50,364.240936
,-50.0,50,365.892614
,-50.0,50,367.510937
,-50.0,50,369.13623
,-50.0,50,370.757709
,-50.0,50,372.35225
,-50.0,50,373.970573
,-50.0,50,375.583996
,-50.0,50,377.230743
,-50.0,50,378.836842
,-50.0,50,380.444925
,0.0,50,382.077762
,-50.0,50,383.691343
,-50.0,50,385.306746
,-50.0,50,386.91725
,-50.0,50,388.547592
,-50.0,50,390.147998
,-50.0,50,391.784729
,-50.0,50,393.387981
,-50.0,50,395.003005
,-50.0,50,396.592551
,-50.0,50,398.253709
,-50.0,50,399.869609
,-50.0,50,401.471494
,-50.0,50,403.114382
,-50.0,50,404.695601
,-50.0,50,406.347411
,-50.0,50,407.98434
,-50.0,50,409.593018
,-50.0,50,411.209943
,-50.0,50,412.828964
,-50.0,50,414.478112
,-50.0,50,416.08262
,-50.0,50,417.689854
,-50.0,50,419.35369
,-50.0,50,420.959903
,-50.0,50,421.219326
,-50.0,50,421.487142
,-50.0,50,421.755305
,-50.0,50,422.03704
,-50.0,50,422.316158
,-50.0,50,422.581031
,-50.0,50,422.842528
,-50.0,50,423.118078
,0.0,50,423.366845
,-50.0,50,423.720332
,-50.0,50,425.352515
,-50.0,50,426.950111
,-50.0,50,428.578908
,-50.0,50,430.185429
,-50.0,50,431.820742
,-50.0,50,433.450032
,-50.0,50,435.131793
,-50.0,50,436.739951
,-50.0,50,438.329146
,-50.0,50,439.964764
,-50.0,50,441.616229
,-50.0,50,443.241611
,-50.0,50,444.880299
,-50.0,50,446.505058
,-50.0,50,448.123976
,-50.0,50,449.750134
,-50.0,50,451.355534
,-50.0,50,453.002665
,-50.0,50,454.610604
,0.0,50,456.24385
,-50.0,50,457.835015
,-50.0,50,459.469701
,-50.0,50,461.141335
,-50.0,50,462.737717
,-50.0,50,464.372817
,-50.0,50,465.964477
,-50.0,50,467.617705
,-50.0,50,469.214708
,-50.0,50,470.866272
,-50.0,50,472.478313
,-50.0,50,474.107289
,-50.0,50,475.72032
,-50.0,50,477.365803
,-50.0,50,479.033605
,-50.0,50,480.655429
,-50.0,50,482.281134
,-50.0,50,483.935392
,-50.0,50,485.567275
,-50.0,50,487.215396
,-50.0,50,488.831791
,-50.0,50,490.500469
,-50.0,50,492.101741
,-50.0,50,493.738501
,0.0,50,495.324323
,-50.0,50,496.997228
,-50.0,50,498.633476
,-50.0,50,500.253099
,-50.0,50,501.85965
,-50.0,50,503.456496
,-50.0,50,505.124597
,-50.0,50,505.375556
,-50.0,50,505.680662
,-50.0,50,505.939311
,-50.0,50,506.212278
,0.0,50,506.461604
,-50.0,50,506.727932
,-50.0,50,506.985869
,-50.0,50,507.266828
,-50.0,50,507.515832
,-50.0,50,507.892593
,-50.0,50,509.51527
,-50.0,50,511.132507
,-50.0,50,512.743403
,-50.0,50,514.376203
,-50.0,50,516.02747
,-50.0,50,517.675379
,0.0,50,519.295679
,-50.0,50,520.88018
,-50.0,50,522.534475
,-50.0,50,524.161335
,-50.0,50,525.750521
,-50.0,50,527.425107
,-50.0,50,529.094356
,-50.0,50,530.72357
,-50.0,50,532.346866
,-50.0,50,533.964548
,-50.0,50,535.598447
,-50.0,50,537.240549
,-50.0,50,538.858208
,-50.0,50,540.484577
,-50.0,50,542.122894
,-50.0,50,543.789352
,-50.0,50,545.407457
,-50.0,50,547.058061
,-50.0,50,548.696167
,-50.0,50,550.286484
,-50.0,50,551.965183
,-50.0,50,553.583348
,0.0,50,555.242803
,-50.0,50,556.868901
,-50.0,50,558.545207
,-50.0,50,560.13552
,-50.0,50,561.780813
,-50.0,50,563.435306
,-50.0,50,565.082749
,-50.0,50,566.716866
,-50.0,50,568.347398
,-50.0,50,569.996565
,-50.0,50,571.62897
,-50.0,50,573.236509
,0.0,50,574.906239
,0.0,50,576.571748
,-50.0,50,578.194365
,-50.0,50,579.811057
,-50.0,50,581.444353
,-50.0,50,583.116682
,-50.0,50,584.715909
,-50.0,50,586.417583
,-50.0,50,588.014633
,-50.0,50,589.665337
,-50.0,50,589.949054
,-50.0,50,590.222806
,-50.0,50,590.472106
,-50.0,50,590.772333
,-50.0,50,591.071205
,-50.0,50,591.311448
,-50.0,50,591.625855
,-50.0,50,591.873072
,-50.0,50,592.149067
,-50.0,50,592.559656
,-50.0,50,594.169369
,-50.0,50,595.783607
,-8.0,50,597.488881
,-50.0,50,599.088806
,-50.0,50,600.711507
,-50.0,50,602.335629
,-50.0,50,603.973421
,-50.0,50,605.647516
,-50.0,50,607.260407
,-50.0,50,608.884912
,-50.0,50,610.530483
,-50.0,50,612.187835
,-50.0,50,613.808093
,-50.0,50,615.476741
,0.0,50,617.075226
,-50.0,50,618.72606
,-50.0,50,620.353288
,-50.0,50,622.005443
,-4.0,50,623.643728
,-28.0,50,625.28639
,-50.0,50,626.93543
,0.0,50,628.521555
,-50.0,50,630.219543
,-50.0,50,631.869062
,-50.0,50,633.501317
,-50.0,50,635.142165
,-50.0,50,636.829729
,-50.0,50,638.448528
,-50.0,50,640.077965
,-50.0,50,641.708007
,-50.0,50,643.334228
,-50.0,50,645.010813
,-50.0,50,646.673068
,-50.0,50,648.348428
,-9.0,50,649.938495
,-50.0,50,651.612483
,-50.0,50,653.288921
,-50.0,50,654.977019
,0.0,50,656.558217
,-50.0,50,658.219393
,-50.0,50,659.842561
,-50.0,50,661.482295
,-50.0,50,663.095429
,-27.0,50,664.765983
,-50.0,50,666.407799
,-50.0,50,668.011373
,-36.0,50,669.671983
,-50.0,50,671.295833
,-50.0,50,673.078138
,-50.0,50,674.701063
,-50.0,50,674.964427
,-50.0,50,675.223409
,-50.0,50,675.511311
,-50.0,50,675.781869
,-50.0,50,676.021366
,-50.0,50,676.274163
,-50.0,50,676.547854
,-50.0,50,676.818341
,-44.0,50,677.084882
,-50.0,50,677.562614
,-50.0,50,679.190871
,-50.0,50,680.81841
,-50.0,50,682.466214
,-50.0,50,684.112489
,-50.0,50,685.745643
,-50.0,50,687.388309
,-9.0,50,689.065802
,-12.0,50,690.701037
,-50.0,50,692.341818
,-9.0,50,693.942744
,0.0,50,695.596615
,-50.0,50,697.275321
,-50.0,50,698.913022
,-50.0,50,700.588532
,-50.0,50,702.238894
,-50.0,50,703.892003
,-50.0,50,705.521326
,-26.0,50,707.134072
,-49.0,50,708.800713
,-50.0,50,710.436793
,-50.0,50,712.07438
,-50.0,50,713.724983
,-50.0,50,715.334909
,-50.0,50,717.002492
,-50.0,50,718.593729
,-50.0,50,720.262172
,-50.0,50,721.920537
,-50.0,50,723.525069
,-36.0,50,725.225677
,-50.0,50,726.840626
,-50.0,50,728.476318
,-50.0,50,730.124914
,-35.0,50,731.76509
,-15.0,50,733.401473
,-50.0,50,735.024829
,-7.0,50,736.688844
,-50.0,50,738.339556
,-50.0,50,740.018026
,-50.0,50,741.626123
,-50.0,50,743.294337
,-45.0,50,744.929794
,-50.0,50,746.5872
,-50.0,50,748.220865
,-50.0,50,749.869676
,-50.0,50,751.488611
,-50.0,50,753.176246
,-50.0,50,754.787033
,-50.0,50,756.422188
,-50.0,50,758.075341
,-50.0,50,759.720404
,-50.0,50,759.98054
,-50.0,50,760.254979
,-50.0,50,760.530149
,-50.0,50,760.803681
,-50.0,50,761.063479
,-50.0,50,761.337799
,-50.0,50,761.609836
,-50.0,50,761.855201
,-50.0,50,762.147374
,-50.0,50,762.555383
,-50.0,50,764.205546
,-50.0,50,765.808921
,-50.0,50,767.477065
,-50.0,50,769.166326
,-50.0,50,770.781168
,-30.0,50,772.413244
,-50.0,50,774.069933
,-50.0,50,775.699028
,-33.0,50,777.335731
,-50.0,50,779.029515
,-50.0,50,780.658547
,-50.0,50,782.302695
,-44.0,50,783.943446
,-50.0,50,785.584498
,-50.0,50,787.212681
,-42.0,50,788.844881
,-50.0,50,790.49857
,-22.0,50,792.187208
,-50.0,50,793.782645
,-50.0,50,795.442207
,-50.0,50,797.099005
,-50.0,50,798.717626
,-50.0,50,800.329793
,-50.0,50,801.996582
,-50.0,50,803.618443
,-50.0,50,805.272192
,-47.0,50,806.894548
,-50.0,50,808.611573
,-50.0,50,810.193638
,-33.0,50,811.881674
,-50.0,50,813.521205
,-12.0,50,815.177874
,-50.0,50,816.809806
,-50.0,50,818.499695
,-50.0,50,820.104853
,-29.0,50,821.779988
,-50.0,50,823.380776
,-39.0,50,825.073036
,-50.0,50,826.695057
,-26.0,50,828.350272
,-50.0,50,829.984608
,-50.0,50,831.673371
,-50.0,50,833.267601
,-50.0,50,834.925236
,0.0,50,836.585912
,-50.0,50,838.218956
,-48.0,50,839.897174
,-50.0,50,841.500604
,-33.0,50,843.153201
,-50.0,50,844.80775
,-50.0,50,845.065997
,-50.0,50,845.308915
,-42.0,50,845.59226
,0.0,50,845.841384
,-50.0,50,846.094922
,-50.0,50,846.362592
,-13.0,50,846.641897
,-9.0,50,846.945668
,-50.0,50,847.21115
,-50.0,50,847.638651
,-50.0,50,849.262898
,-50.0,50,850.934311
,-50.0,50,852.585476
,-50.0,50,854.249802
,-50.0,50,855.860799
,-39.0,50,857.496138
,-34.0,50,859.231568
,-45.0,50,860.883644
,-50.0,50,862.498387
,-11.0,50,864.153042
,-50.0,50,865.761305
,-50.0,50,867.484977
,-50.0,50,869.11871
,-50.0,50,870.775761
,-50.0,50,872.438971
,-50.0,50,874.069621
,-50.0,50,875.682354
,-19.0,50,877.360471
,-50.0,50,879.005207
,-36.0,50,880.654229
,-50.0,50,882.326502
,-50.0,50,883.943175
,-19.0,50,885.588793
,-50.0,50,887.207734
,-50.0,50,888.848626
,-50.0,50,890.495242
,-49.0,50,892.167982
,-50.0,50,893.798301
,-50.0,50,895.465346
,-50.0,50,897.129184
,-42.0,50,898.774878
,-50.0,50,900.413829
,-36.0,50,902.085814
,-21.0,50,903.73573
,-50.0,50,905.346446
,-19.0,50,907.040168
,-50.0,50,908.642218
,-50.0,50,910.307614
,-14.0,50,911.953233
,-50.0,50,913.591479
,-50.0,50,915.255573
,-50.0,50,916.915601
,-50.0,50,918.56275
,-50.0,50,920.220949
,-50.0,50,921.868331
,-9.0,50,923.514298
,-21.0,50,925.166008
,-50.0,50,926.808761
,-21.0,50,928.452286
,-50.0,50,930.115041
,0.0,50,930.377398
,-25.0,50,930.64731
,-50.0,50,930.963162
,-26.0,50,931.265446
,-50.0,50,931.537406
,-5.0,50,931.838529
,-50.0,50,932.091157
,-22.0,50,932.36852
,-50.0,50,932.624042
,-13.0,50,932.921161
,-50.0,50,934.564378
,-50.0,50,936.185871
,-50.0,50,937.855736
,-45.0,50,939.512141
,0.0,50,941.146072
,-50.0,50,942.805871
,-50.0,50,944.4886
,-50.0,50,946.129215
,-50.0,50,947.779908
,-50.0,50,949.396155
,-50.0,50,951.066479
,-50.0,50,952.728796
,-50.0,50,954.374532
,-50.0,50,956.060421
,-50.0,50,957.682383
,-50.0,50,959.366544
,-50.0,50,960.970421
,-43.0,50,962.635821
,-50.0,50,964.273283
,-50.0,50,965.92134
,-23.0,50,967.612557
,-50.0,50,969.25431
,-50.0,50,970.885002
,-45.0,50,972.546447
,-50.0,50,974.215231
,-50.0,50,975.888766
,-50.0,50,977.500483
,-50.0,50,979.158913
,-50.0,50,980.808739
,-48.0,50,982.470947
,-39.0,50,984.082318
,-50.0,50,985.760293
,-9.0,50,987.41132
,-50.0,50,989.081404
,-50.0,50,990.739158
,-50.0,50,992.414856
,-23.0,50,994.084699
,-18.0,50,995.70948
,-50.0,50,997.38076
,-50.0,50,999.029977
,-50.0,50,1000.67915
,-50.0,50,1002.342754
,-50.0,50,1003.980253
,-17.0,50,1005.670024
,-50.0,50,1007.275552
,-50.0,50,1008.985139
,-49.0,50,1010.607122
,-50.0,50,1012.25739
,-19.0,50,1013.933884
,-45.0,50,1015.636872
,-14.0,50,1015.906643
,-50.0,50,1016.16579
,-7.0,50,1016.426717
,-50.0,50,1016.667863
,-50.0,50,1016.950053
,-50.0,50,1017.241133
,-50.0,50,1017.500761
,-8.0,50,1017.772369
,-50.0,50,1018.042372
,-50.0,50,1018.388327
,-50.0,50,1020.008332
,-32.0,50,1021.692144
,-35.0,50,1023.359001
,-50.0,50,1025.011512
,-50.0,50,1026.66496
,-11.0,50,1028.276166
,-50.0,50,1029.932774
,-50.0,50,1031.579847
,-50.0,50,1033.245647
,-50.0,50,1034.923201
,-50.0,50,1036.529133
,-50.0,50,1038.189333
,-50.0,50,1039.864806
,-50.0,50,1041.502806
,-50.0,50,1043.219934
,-50.0,50,1044.859694
,-15.0,50,1046.489795
,-50.0,50,1048.145631
,-50.0,50,1049.784174
,-50.0,50,1051.473634
,-31.0,50,1053.10083
,-24.0,50,1054.756764
,-50.0,50,1056.407407
,-50.0,50,1058.065225
,-50.0,50,1059.729732
,-50.0,50,1061.408608
,-33.0,50,1063.083506
,-50.0,50,1064.714777
,-50.0,50,1066.396323
,-17.0,50,1068.080958
,-31.0,50,1069.760537
,-50.0,50,1071.386973
,-12.0,50,1073.047282
,-17.0,50,1074.698268
,-50.0,50,1076.346129
,-50.0,50,1077.972961
,-50.0,50,1079.639008
,-25.0,50,1081.310674
,-50.0,50,1082.921307
,-49.0,50,1084.588784
,-7.0,50,1086.262204
,-50.0,50,1087.914351
,-22.0,50,1089.58236
,-22.0,50,1091.242859
,-50.0,50,1092.885669
,-50.0,50,1094.552472
,-50.0,50,1096.226933
,-50.0,50,1097.882593
,-8.0,50,1099.560961
,-50.0,50,1101.228398
,-50.0,50,1101.515478
,-16.0,50,1101.808438
,-50.0,50,1102.070649
,-50.0,50,1102.33642
,-50.0,50,1102.613291
,-50.0,50,1102.875485
,-50.0,50,1103.165318
,-50.0,50,1103.443172
,-50.0,50,1103.699247
,-31.0,50,1103.967385
,-31.0,50,1105.654903
,-50.0,50,1107.292079
,-50.0,50,1108.940748
,-50.0,50,1110.590432
,-50.0,50,1112.287232
,-50.0,50,1113.962579
,-50.0,50,1115.643949
,-50.0,50,1117.31472
,-50.0,50,1118.935559
,-50.0,50,1120.576179
,-50.0,50,1122.277196
,-7.0,50,1123.937248
,-33.0,50,1125.612666
,-50.0,50,1127.271544
,-50.0,50,1128.945947
,-50.0,50,1130.602789
,-12.0,50,1132.270168
,-50.0,50,1133.910408
,-13.0,50,1135.545925
,-50.0,50,1137.196557
,-6.0,50,1138.877268
,-50.0,50,1140.526446
,-50.0,50,1142.186236
,-50.0,50,1143.845993
,-8.0,50,1145.519602
,-39.0,50,1147.182141
,-50.0,50,1148.805527
,-24.0,50,1150.460505
,-50.0,50,1152.16534
,-50.0,50,1153.810568
,-22.0,50,1155.47631
,-50.0,50,1157.124469
,-47.0,50,1158.805222
,-50.0,50,1160.461765
,-50.0,50,1162.152987
,-50.0,50,1163.795042
,-50.0,50,1165.445664
,-18.0,50,1167.139031
,-12.0,50,1168.771631
,-50.0,50,1170.42177
,-32.0,50,1172.124748
,0.0,50,1173.767843
,-50.0,50,1175.435371
,-22.0,50,1177.133618
,-36.0,50,1178.78988
,-30.0,50,1180.449327
,-43.0,50,1182.116261
,-37.0,50,1183.754819
,-50.0,50,1185.423798
,-50.0,50,1187.06778
,-8.0,50,1187.334918
,-50.0,50,1187.616716
,-50.0,50,1187.892183
,-7.0,50,1188.156351
,-36.0,50,1188.467603
,-50.0,50,1188.729267
,-4.0,50,1188.997364
,-50.0,50,1189.287264
,-50.0,50,1189.538816
,-50.0,50,1189.896769
,-50.0,50,1191.580143
,-50.0,50,1193.226131
,-50.0,50,1194.895049
,-17.0,50,1196.523531
,-50.0,50,1198.191023
,-50.0,50,1199.825123
,-50.0,50,1201.510917
,-50.0,50,1203.179173
,-48.0,50,1204.80576
,-32.0,50,1206.513503
,-50.0,50,1208.164161
,-46.0,50,1209.820417
,0.0,50,1211.46125
,-50.0,50,1213.121123
,-50.0,50,1214.759318
,-19.0,50,1216.418875
,-45.0,50,1218.110687
,-23.0,50,1219.775023
,-17.0,50,1221.470503
,-50.0,50,1223.125659
,-4.0,50,1224.762924
,-50.0,50,1226.43419
,-50.0,50,1228.131289
,-13.0,50,1229.754475
,-50.0,50,1231.417543
,-50.0,50,1233.103024
,-50.0,50,1234.720434
,-50.0,50,1236.421878
,-18.0,50,1238.070363
,-50.0,50,1239.748511
,-22.0,50,1241.438757
,-16.0,50,1243.080808
,-13.0,50,1244.733332
,-14.0,50,1246.443807
,-50.0,50,1248.069315
,-50.0,50,1249.708148
,-50.0,50,1251.442344
,-50.0,50,1253.089769
,-44.0,50,1254.790724
,-46.0,50,1256.452204
,-50.0,50,1258.151386
,-8.0,50,1259.854906
,-50.0,50,1261.503498
,-50.0,50,1263.150802
,-50.0,50,1264.819179
,-50.0,50,1266.46727
,-50.0,50,1268.152898
,-17.0,50,1269.822948
,-48.0,50,1271.50716
,-16.0,50,1273.179229
,-7.0,50,1273.430545
,-8.0,50,1273.706416
,-6.0,50,1274.000598
,-50.0,50,1274.267543
,-48.0,50,1274.547256
,-6.0,50,1274.799537
,-50.0,50,1275.059906
,-6.0,50,1275.38219
,-12.0,50,1275.692854
,-50.0,50,1275.980455
,-50.0,50,1277.660627
,-1.0,50,1279.31689
,-40.0,50,1280.961547
,-26.0,50,1282.631623
,-50.0,50,1284.266306
,-50.0,50,1285.965652
,-6.0,50,1287.63674
,-8.0,50,1289.31575
,-32.0,50,1290.988441
,-50.0,50,1292.615861
,-50.0,50,1294.272808
,-50.0,50,1295.981001
,-50.0,50,1297.626617
,-50.0,50,1299.270258
,-50.0,50,1300.961042
,-50.0,50,1302.638418
,-15.0,50,1304.306412
,-50.0,50,1305.988758
,-11.0,50,1307.631709
,-50.0,50,1309.310609
,-50.0,50,1310.997063
,-50.0,50,1312.662879
,-50.0,50,1314.353098
,-50.0,50,1316.015794
,-50.0,50,1317.733215
,-48.0,50,1319.424307
,-19.0,50,1321.069272
,-50.0,50,1322.738968
,-50.0,50,1324.404605
,-50.0,50,1326.085515
,-30.0,50,1327.784468
,-50.0,50,1329.430853
,-22.0,50,1331.073224
,-50.0,50,1332.776813
,-19.0,50,1334.424565
,-50.0,50,1336.111056
,-50.0,50,1337.794019
,-50.0,50,1339.543628
,-50.0,50,1341.183613
,-16.0,50,1342.888496
,-49.0,50,1344.560182
,-21.0,50,1346.220344
,-50.0,50,1347.890206
,-11.0,50,1349.56075
,0.0,50,1351.225272
,-21.0,50,1352.90747
,-12.0,50,1354.570228
,-50.0,50,1356.254416
,-50.0,50,1357.913567
,-50.0,50,1359.618645
,-11.0,50,1359.892662
,-50.0,50,1360.149574
,-50.0,50,1360.403194
,-17.0,50,1360.713175
,-16.0,50,1361.010501
,-14.0,50,1361.258737
,-10.0,50,1361.519161
,-12.0,50,1361.776042
,-8.0,50,1362.083435
,0.0,50,1362.54987
,-50.0,50,1364.170841
,-50.0,50,1365.861067
,0.0,50,1367.571351
,-50.0,50,1369.222066
,-50.0,50,1370.925767
,-50.0,50,1372.582844
,-26.0,50,1374.27918
,-50.0,50,1375.914586
,-50.0,50,1377.620159
,-50.0,50,1379.315461
,-35.0,50,1380.97609
,-50.0,50,1382.669728
,-7.0,50,1384.34151
,-18.0,50,1386.041941
,-50.0,50,1387.696826
,-20.0,50,1389.366355
,-14.0,50,1391.073953
,-14.0,50,1392.727676
,-48.0,50,1394.393747
,-20.0,50,1396.07145
,-50.0,50,1397.735301
,-50.0,50,1399.419657
,-50.0,50,1401.111779
,-8.0,50,1402.772751
,-48.0,50,1404.448717
,-49.0,50,1406.129674
,-50.0,50,1407.803157
,-50.0,50,1409.482458
,-41.0,50,1411.144158
,-50.0,50,1412.812747
,-50.0,50,1414.500328
,-50.0,50,1416.153615
,-50.0,50,1417.84098
,-50.0,50,1419.545238
,-50.0,50,1421.243764
,-21.0,50,1422.905134
,-17.0,50,1424.539173
,-50.0,50,1426.254367
,-50.0,50,1427.9521
,-47.0,50,1429.653494
,-50.0,50,1431.306304
,-15.0,50,1433.010428
,-50.0,50,1434.679998
,-50.0,50,1436.379049
,-8.0,50,1438.065867
,-43.0,50,1439.769426
,-20.0,50,1441.417034
,-50.0,50,1443.11695
,-22.0,50,1444.78971
,-50.0,50,1446.461963
,-7.0,50,1446.719962
,-7.0,50,1446.99202
,-8.0,50,1447.283431
,-13.0,50,1447.546003
,-50.0,50,1447.803198
,-12.0,50,1448.070725
,-4.0,50,1448.331149
,-50.0,50,1448.585731
,-11.0,50,1448.861055
,-50.0,50,1449.379181
,-50.0,50,1451.063249
,-20.0,50,1452.725739
,-50.0,50,1454.425223
,-50.0,50,1456.077247
,-50.0,50,1457.796783
,-50.0,50,1459.479698
,0.0,50,1461.118105
,-30.0,50,1462.849266
,-50.0,50,1464.482803
,-50.0,50,1466.187298
,-25.0,50,1467.877056
,-42.0,50,1469.549072
,0.0,50,1471.257599
,0.0,50,1472.944064
,-39.0,50,1474.598171
,-23.0,50,1476.290109
,-50.0,50,1477.978898
,-15.0,50,1479.70286
,-50.0,50,1481.364632
,-20.0,50,1483.059198
,-19.0,50,1484.735515
,-18.0,50,1486.379483
,-50.0,50,1488.091314
,0.0,50,1489.790747
,-50.0,50,1491.455257
,-37.0,50,1493.16798
,-25.0,50,1494.837029
,-45.0,50,1496.574445
,-50.0,50,1498.204121
,-24.0,50,1499.92486
,0.0,50,1501.567684
,-47.0,50,1503.294747
,-50.0,50,1504.988353
,-50.0,50,1506.726583
,-38.0,50,1508.37472
,-35.0,50,1510.04886
,-46.0,50,1511.729183
,-9.0,50,1513.387707
,-15.0,50,1515.071768
,-50.0,50,1516.735309
,-50.0,50,1518.457582
,-50.0,50,1520.146833
,-19.0,50,1521.841374
,-50.0,50,1523.500527
,-5.0,50,1525.204886
,-34.0,50,1526.927049
,-50.0,50,1528.584921
,-29.0,50,1530.267644
,-49.0,50,1531.969212
,-50.0,50,1533.669583
,0.0,50,1533.931353
,-13.0,50,1534.225588
,-4.0,50,1534.530385
,-50.0,50,1534.772686
,-50.0,50,1535.032446
,-9.0,50,1535.306239
,-7.0,50,1535.596138
,-10.0,50,1535.899331
,-44.0,50,1536.184209
,-50.0,50,1536.595278
,-15.0,50,1538.291053
,-50.0,50,1539.961943
,-50.0,50,1541.653605
,-12.0,50,1543.363742
,-18.0,50,1545.067774
,-12.0,50,1546.752254
,-50.0,50,1548.443669
,-50.0,50,1550.144845
,-10.0,50,1551.84078
,-50.0,50,1553.538461
,-50.0,50,1555.218044
,-9.0,50,1556.950828
,-30.0,50,1558.609903
,-26.0,50,1560.327918
,-32.0,50,1562.018503
,-10.0,50,1563.67817
,-50.0,50,1565.313306
,-40.0,50,1567.098886
,-7.0,50,1568.763535
,-22.0,50,1570.477251
,-33.0,50,1572.109606
,-31.0,50,1573.859907
,-18.0,50,1575.518329
,-50.0,50,1577.227271
,-29.0,50,1578.905148
,-50.0,50,1580.560369
,-19.0,50,1582.28512
,-16.0,50,1583.965159
,-13.0,50,1585.655704
,-27.0,50,1587.303367
,-48.0,50,1589.0035
,-32.0,50,1590.65053
,-9.0,50,1592.388125
,-15.0,50,1594.03667
,-34.0,50,1595.778661
,-7.0,50,1597.467575
,-50.0,50,1599.146709
,-50.0,50,1600.860264
,-18.0,50,1602.56269
,-15.0,50,1604.260861
,-32.0,50,1605.931342
,-39.0,50,1607.651428
,-49.0,50,1609.314272
,-50.0,50,1610.978193
,-19.0,50,1612.658933
,-21.0,50,1614.35409
,-36.0,50,1616.035855
,-7.0,50,1617.747332
,-17.0,50,1619.41698
,-41.0,50,1621.167233
,-4.0,50,1621.49625
,-6.0,50,1621.77664
,-11.0,50,1622.047926
,-8.0,50,1622.339659
,-10.0,50,1622.622786
,-50.0,50,1622.884428
,-9.0,50,1623.172173
,-6.0,50,1623.476845
,-10.0,50,1623.776216
,-16.0,50,1624.090241
,-15.0,50,1625.749767
,-12.0,50,1627.432599
,-50.0,50,1629.101911
,-48.0,50,1630.822546
,-50.0,50,1632.519685
,0.0,50,1634.181922
,-20.0,50,1635.845299
,-44.0,50,1637.552647
,-12.0,50,1639.251258
,-24.0,50,1640.95109
,-40.0,50,1642.657086
,-43.0,50,1644.39348
,-50.0,50,1646.059412
,-35.0,50,1647.745378
,-50.0,50,1649.431041
,-8.0,50,1651.062477
,-13.0,50,1652.75952
,-9.0,50,1654.513384
,-50.0,50,1656.220463
,-46.0,50,1657.855203
,-50.0,50,1659.604903
,-28.0,50,1661.280776
,-26.0,50,1663.011173
,-50.0,50,1664.698659
,-10.0,50,1666.392051
,-5.0,50,1668.069879
,-50.0,50,1669.742154
,-50.0,50,1671.497108
,-50.0,50,1673.185796
,0.0,50,1674.853111
,-50.0,50,1676.599697
,-24.0,50,1678.275846
,-50.0,50,1679.920088
,-15.0,50,1681.640203
,-45.0,50,1683.380666
,-30.0,50,1685.063886
,-35.0,50,1686.757798
,-9.0,50,1688.41147
,-18.0,50,1690.111349
,-15.0,50,1691.815788
,-50.0,50,1693.462338
,-47.0,50,1695.171705
,-33.0,50,1696.840545
,-49.0,50,1698.591653
,-32.0,50,1700.238124
,-9.0,50,1701.936635
,-25.0,50,1703.659494
,-50.0,50,1705.324958
,-50.0,50,1707.046387
,-6.0,50,1708.793026
,-50.0,50,1709.053954
,-6.0,50,1709.369088
,-6.0,50,1709.65007
,-10.0,50,1709.953711
,-11.0,50,1710.265678
,-10.0,50,1710.576452
,-13.0,50,1710.859566
,-9.0,50,1711.144204
,-21.0,50,1711.417766
,-50.0,50,1711.784253
,-50.0,50,1713.457834
,-50.0,50,1715.168082
,-39.0,50,1716.913115
,0.0,50,1718.612443
,-12.0,50,1720.323913
,-50.0,50,1721.975463
,-15.0,50,1723.687838
,-15.0,50,1725.406013
,-50.0,50,1727.097363
,-50.0,50,1728.753792
,-18.0,50,1730.450243
,-47.0,50,1732.148426
,-50.0,50,1733.875288
,-35.0,50,1735.518581
,-50.0,50,1737.239283
,-18.0,50,1738.875568
,0.0,50,1740.596102
,-21.0,50,1742.315668
,-37.0,50,1744.012877
,-50.0,50,1745.715568
,-37.0,50,1747.407279
,0.0,50,1749.11095
,-50.0,50,1750.785607
,-15.0,50,1752.497777
,-43.0,50,1754.211059
,-33.0,50,1755.931597
,-8.0,50,1757.616248
,-8.0,50,1759.324992
,-21.0,50,1761.028573
,-48.0,50,1762.700752
,-21.0,50,1764.382781
,-8.0,50,1766.126936
,-40.0,50,1767.769056
,-6.0,50,1769.487251
,-46.0,50,1771.171453
,-34.0,50,1772.889104
,-33.0,50,1774.590045
,-29.0,50,1776.281004
,-50.0,50,1777.99341
,-15.0,50,1779.665748
,-34.0,50,1781.34863
,-50.0,50,1783.053849
,-50.0,50,1784.765099
,-15.0,50,1786.430421
,-46.0,50,1788.163457
,-30.0,50,1789.857698
,-24.0,50,1791.559229
,-24.0,50,1793.243125
,-34.0,50,1794.928346
,-11.0,50,1796.683761
,-34.0,50,1796.965436
,-10.0,50,1797.238904
,-5.0,50,1797.538009
,-8.0,50,1797.809215
,-9.0,50,1798.08867
,-8.0,50,1798.392491
,-7.0,50,1798.677084
,0.0,50,1798.933451
,-16.0,50,1799.228528
,-34.0,50,1799.681136
,-14.0,50,1801.402577
,-45.0,50,1803.085034
,-35.0,50,1804.750373
,-14.0,50,1806.475811
,-50.0,50,1808.148102
,-19.0,50,1809.833969
,-6.0,50,1811.555016
,-30.0,50,1813.298094
,-12.0,50,1814.975852
,-38.0,50,1816.692252
,-29.0,50,1818.362339
,-48.0,50,1820.037915
,-27.0,50,1821.748623
,-30.0,50,1823.487995
,-30.0,50,1825.183818
,-46.0,50,1826.889726
,-50.0,50,1828.603634
,-13.0,50,1830.318948
,-50.0,50,1831.987002
,-15.0,50,1833.668747
,-25.0,50,1835.357515
,-50.0,50,1837.116947
,-50.0,50,1838.781173
,-50.0,50,1840.551652
,-32.0,50,1842.235313
,-18.0,50,1843.943763
,-32.0,50,1845.616137
,-39.0,50,1847.329165
,-47.0,50,1849.021672
,-27.0,50,1850.729878
,-36.0,50,1852.457423
,-40.0,50,1854.1463
,-50.0,50,1855.855965
,-15.0,50,1857.557863
,-7.0,50,1859.256182
,-11.0,50,1860.95345
,-12.0,50,1862.647006
,-50.0,50,1864.36709
,-43.0,50,1866.082354
,-48.0,50,1867.789278
,-31.0,50,1869.456578
,-14.0,50,1871.208272
,-9.0,50,1872.852515
,-50.0,50,1874.608854
,-32.0,50,1876.291223
,-43.0,50,1877.958181
,-23.0,50,1879.682488
,-50.0,50,1881.425163
,-50.0,50,1883.118501
,-13.0,50,1884.876383
,-7.0,50,1885.169626
,-7.0,50,1885.479219
,-50.0,50,1885.773054
,-11.0,50,1886.057849
,-4.0,50,1886.363466
,-5.0,50,1886.652029
,-12.0,50,1886.948288
,-10.0,50,1887.227212
,-9.0,50,1887.547522
,-18.0,50,1887.862595
,-33.0,50,1889.567571
,-32.0,50,1891.2392
,-50.0,50,1892.909984
,-6.0,50,1894.616016
,0.0,50,1896.331871
,-17.0,50,1898.062564
,-19.0,50,1899.745229
,-16.0,50,1901.528538
,-13.0,50,1903.16944
,-32.0,50,1904.905862
,-43.0,50,1906.626736
,-39.0,50,1908.310015
,-25.0,50,1910.026859
,-50.0,50,1911.727954
,-19.0,50,1913.414366
,0.0,50,1915.113939
,-50.0,50,1916.821651
,-34.0,50,1918.522755
,-40.0,50,1920.203655
,-5.0,50,1921.89412
,-31.0,50,1923.589443
,-9.0,50,1925.307617
,-24.0,50,1926.991647
,-47.0,50,1928.679362
,0.0,50,1930.357402
,-50.0,50,1932.136556
,-32.0,50,1933.832128
,-50.0,50,1935.527024
,-22.0,50,1937.223387
,-47.0,50,1938.886877
,-46.0,50,1940.595359
,-22.0,50,1942.280408
,-50.0,50,1944.036477
,0.0,50,1945.703022
,-27.0,50,1947.420471
,-27.0,50,1949.143662
,-50.0,50,1950.867733
,-44.0,50,1952.559464
,-16.0,50,1954.294213
,-7.0,50,1956.017421
,-12.0,50,1957.669593
,-45.0,50,1959.409284
,-42.0,50,1961.093807
,-50.0,50,1962.827555
,-11.0,50,1964.504937
,-7.0,50,1966.23078
,-26.0,50,1967.893065
,-13.0,50,1969.623769
,-50.0,50,1971.33144
,-11.0,50,1973.043716
,-8.0,50,1973.317152
,-12.0,50,1973.612996
,-9.0,50,1973.893891
,-13.0,50,1974.170764
,-6.0,50,1974.474586
,-9.0,50,1974.772031
,-14.0,50,1975.089383
,-11.0,50,1975.388508
,-8.0,50,1975.64679
,-25.0,50,1975.952089
,-48.0,50,1977.658852
,-50.0,50,1979.376676
,-10.0,50,1981.042214
,-26.0,50,1982.796774
,-50.0,50,1984.52441
,-50.0,50,1986.241914
,0.0,50,1987.929625
,-40.0,50,1989.682601
,-47.0,50,1991.364805
,-15.0,50,1993.084173
,-27.0,50,1994.792511
,-31.0,50,1996.497641
,-15.0,50,1998.209848
,-19.0,50,1999.906904
,-50.0,50,2001.646703
,-50.0,50,2003.378979
,-50.0,50,2005.102673
,-18.0,50,2006.788248
,-18.0,50,2008.470144
,-50.0,50,2010.170974
,-5.0,50,2011.909164
,-44.0,50,2013.664125
,-20.0,50,2015.361299
,-10.0,50,2017.073563
,-21.0,50,2018.812888
,-12.0,50,2020.478729
,-19.0,50,2022.244457
,-50.0,50,2023.974082
,-24.0,50,2025.64831
,-9.0,50,2027.366909
,-12.0,50,2029.114123
,-7.0,50,2030.780285
,-35.0,50,2032.524135
,-48.0,50,2034.231963
,-19.0,50,2035.937311
,-47.0,50,2037.675832
,-15.0,50,2039.314575
,-20.0,50,2041.107203
,-27.0,50,2042.831228
,-8.0,50,2044.559746
,-46.0,50,2046.231431
,-12.0,50,2047.940919
,-17.0,50,2049.659602
,-24.0,50,2051.379782
,-37.0,50,2053.151207
,-11.0,50,2054.845159
,-41.0,50,2056.549136
,-49.0,50,2058.275377
,-44.0,50,2060.010182
,-4.0,50,2061.735291
,-11.0,50,2062.01616
,-12.0,50,2062.301832
,-16.0,50,2062.607147
,-43.0,50,2062.923604
,-9.0,50,2063.218145
,-15.0,50,2063.504839
,-10.0,50,2063.801972
,-6.0,50,2064.089747
,-43.0,50,2064.391756
,-25.0,50,2064.691815
,-40.0,50,2066.409976
,-30.0,50,2068.106872
,0.0,50,2069.832504
,-50.0,50,2071.537137
,-14.0,50,2073.258308
,-34.0,50,2074.972962
,-50.0,50,2076.649122
,-50.0,50,2078.35969
,-35.0,50,2080.091706
,-40.0,50,2081.817209
,-49.0,50,2083.564268
,-30.0,50,2085.250702
,-31.0,50,2086.963529
,-50.0,50,2088.686871
,-23.0,50,2090.363095
,-10.0,50,2092.099969
,-11.0,50,2093.808775
,-16.0,50,2095.531961
,-50.0,50,2097.233159
,-30.0,50,2098.916756
,-48.0,50,2100.695941
,-27.0,50,2102.397273
,-9.0,50,2104.094735
,-12.0,50,2105.824407
,-45.0,50,2107.561488
,-50.0,50,2109.228775
,-9.0,50,2111.009535
,-24.0,50,2112.712651
,-27.0,50,2114.450685
,-44.0,50,2116.183768
,-16.0,50,2117.913205
,-41.0,50,2119.599528
,-27.0,50,2121.325901
,-33.0,50,2123.076731
,-50.0,50,2124.794458
,-33.0,50,2126.525941
,-10.0,50,2128.173272
,-47.0,50,2129.954524
,-36.0,50,2131.63486
,-49.0,50,2133.349891
,-40.0,50,2135.087276
,-50.0,50,2136.845053
,-27.0,50,2138.567432
,-45.0,50,2140.213295
,0.0,50,2141.891174
,-15.0,50,2143.613637
,-43.0,50,2145.367892
,-9.0,50,2147.069736
,-47.0,50,2148.846418
,-10.0,50,2150.581254
,-7.0,50,2150.896117
,-7.0,50,2151.211522
,-6.0,50,2151.485244
,-9.0,50,2151.772745
,-8.0,50,2152.07231
,-5.0,50,2152.355836
,-13.0,50,2152.670036
,-4.0,50,2152.931302
,-19.0,50,2153.215892
,-8.0,50,2153.484502
,-50.0,50,2155.176719
,-50.0,50,2156.897202
,0.0,50,2158.628304
,-45.0,50,2160.317679
,-17.0,50,2162.078856
,-8.0,50,2163.767381
,-28.0,50,2165.509855
,-11.0,50,2167.235165
,-50.0,50,2168.905797
,-50.0,50,2170.645868
,-50.0,50,2172.384089
,-35.0,50,2174.082276
,-50.0,50,2175.816197
,-6.0,50,2177.499663
,-21.0,50,2179.201884
,-50.0,50,2180.906341
,-9.0,50,2182.670985
,-49.0,50,2184.376579
,-35.0,50,2186.080863
,-41.0,50,2187.8037
,-39.0,50,2189.591927
,-38.0,50,2191.269711
,-47.0,50,2192.98836
,-18.0,50,2194.716878
,-16.0,50,2196.401226
,0.0,50,2198.154957
,-28.0,50,2199.865278
,-27.0,50,2201.615535
,-14.0,50,2203.280451
,-50.0,50,2205.009786
,-28.0,50,2206.73561
,-29.0,50,2208.446984
,-46.0,50,2210.11765
,-50.0,50,2211.86391
,-47.0,50,2213.531303
,-6.0,50,2215.20684
,-50.0,50,2216.958678
,-19.0,50,2218.706115
,-45.0,50,2220.383179
,-22.0,50,2222.118203
,-20.0,50,2223.845745
,-45.0,50,2225.562056
,-44.0,50,2227.268547
,-50.0,50,2229.028395
,-12.0,50,2230.743342
,-46.0,50,2232.458842
,-36.0,50,2234.204408
,-3.0,50,2235.866502
,-42.0,50,2237.646945
,-16.0,50,2239.393156
,-45.0,50,2239.721473
,-9.0,50,2239.994054
,-5.0,50,2240.294573
,0.0,50,2240.547121
,-10.0,50,2240.808175
,-12.0,50,2241.100582
,-10.0,50,2241.407899
,-11.0,50,2241.677896
,-4.0,50,2241.962269
,-23.0,50,2242.343401
,-50.0,50,2244.040128
,-30.0,50,2245.750384
,-50.0,50,2247.43035
,-50.0,50,2249.144737
,-15.0,50,2250.880401
,-17.0,50,2252.599881
,-23.0,50,2254.332036
,-11.0,50,2256.070509
,-50.0,50,2257.817246
,0.0,50,2259.491157
,-21.0,50,2261.236892
,-32.0,50,2262.968973
,0.0,50,2264.667283
,-27.0,50,2266.436076
,-14.0,50,2268.129594
,-35.0,50,2269.886415
,-21.0,50,2271.576036
,-35.0,50,2273.285348
,-14.0,50,2275.052828
,-40.0,50,2276.707151
,-48.0,50,2278.466489
,-40.0,50,2280.214122
,-26.0,50,2281.904803
,-27.0,50,2283.631848
,-25.0,50,2285.3219
,-8.0,50,2287.037462
,-19.0,50,2288.774137
,-40.0,50,2290.483151
,-49.0,50,2292.173351
,-22.0,50,2293.861917
,-20.0,50,2295.653612
,-10.0,50,2297.322191
,-43.0,50,2299.052627
,-50.0,50,2300.790067
,-10.0,50,2302.542305
,-29.0,50,2304.218219
,-43.0,50,2305.967391
,-21.0,50,2307.724235
,-45.0,50,2309.422578
,-46.0,50,2311.166341
,-15.0,50,2312.921911
,-25.0,50,2314.638996
,-21.0,50,2316.344271
,-50.0,50,2318.074281
,-46.0,50,2319.782663
,-18.0,50,2321.474693
,-36.0,50,2323.219401
,-50.0,50,2324.934171
,-41.0,50,2326.657177
,-8.0,50,2328.42623
,-3.0,50,2328.707907
,-10.0,50,2328.995729
,0.0,50,2329.240387
,-16.0,50,2329.560509
,-6.0,50,2329.865895
,-6.0,50,2330.154008
,-6.0,50,2330.437728
,-4.0,50,2330.71201
,-11.0,50,2330.984721
,-46.0,50,2331.335553
,-41.0,50,2333.073699
,-11.0,50,2334.784579
,-7.0,50,2336.485704
,-28.0,50,2338.159536
,-9.0,50,2339.948478
,-20.0,50,2341.718036
,-23.0,50,2343.421095
,-7.0,50,2345.132297
,-36.0,50,2346.816212
,-11.0,50,2348.583284
,-49.0,50,2350.316965
,0.0,50,2352.002801
,-50.0,50,2353.761794
,-9.0,50,2355.48918
,-50.0,50,2357.222851
,-6.0,50,2358.923542
,-50.0,50,2360.655165
,-11.0,50,2362.422976
,-16.0,50,2364.138147
,-15.0,50,2365.800026
,-34.0,50,2367.524437
,-35.0,50,2369.227621
,-23.0,50,2370.974128
,-5.0,50,2372.694242
,-15.0,50,2374.428945
,-21.0,50,2376.136002
,-48.0,50,2377.894531
,-40.0,50,2379.613762
,-12.0,50,2381.365773
,-8.0,50,2383.11069
,-28.0,50,2384.82046
,-29.0,50,2386.553205
,-14.0,50,2388.228273
,-13.0,50,2390.013375
,-26.0,50,2391.757394
,-22.0,50,2393.462656
,-14.0,50,2395.180748
,-10.0,50,2396.852124
,-17.0,50,2398.630003
,-30.0,50,2400.31245
,-10.0,50,2402.046495
,-8.0,50,2403.762335
,-40.0,50,2405.480422
,-50.0,50,2407.235733
,-46.0,50,2408.944073
,-26.0,50,2410.675607
,-35.0,50,2412.457441
,-6.0,50,2414.17272
,-37.0,50,2415.91943
,-40.0,50,2417.657502
,-15.0,50,2417.969203
,-13.0,50,2418.254753
,-7.0,50,2418.538101
,-17.0,50,2418.857297
,-12.0,50,2419.167672
,-17.0,50,2419.430459
,-12.0,50,2419.732745
,-9.0,50,2419.99614
,-4.0,50,2420.272207
,-50.0,50,2420.575995
,-48.0,50,2422.292005
,-27.0,50,2424.066051
,-50.0,50,2425.795317
,-23.0,50,2427.463716
,-30.0,50,2429.18471
,-34.0,50,2430.943593
,-35.0,50,2432.696658
,-17.0,50,2434.402998
,-23.0,50,2436.134624
,-8.0,50,2437.804099
,-16.0,50,2439.557221
,-15.0,50,2441.270724
,-14.0,50,2443.046473
,-36.0,50,2444.753941
,-7.0,50,2446.467011
,-17.0,50,2448.209625
,-23.0,50,2449.945827
,-50.0,50,2451.662287
,-20.0,50,2453.428076
,-50.0,50,2455.133893
,-28.0,50,2456.878803
,-48.0,50,2458.62749
,-32.0,50,2460.351352
,-38.0,50,2462.110324
,-40.0,50,2463.806498
,0.0,50,2465.576923
,-50.0,50,2467.311685
,-41.0,50,2469.045779
,-44.0,50,2470.768547
,-21.0,50,2472.473312
,-14.0,50,2474.189926
,-50.0,50,2475.89962
,-15.0,50,2477.657586
,-45.0,50,2479.386047
,-26.0,50,2481.137486
,-18.0,50,2482.848139
,-13.0,50,2484.575967
,-29.0,50,2486.280285
,-19.0,50,2487.993956
,-50.0,50,2489.70966
,-50.0,50,2491.482994
,-49.0,50,2493.199759
,-23.0,50,2494.927566
,-30.0,50,2496.682686
,-40.0,50,2498.440793
,-50.0,50,2500.191816
,-9.0,50,2501.930513
,-50.0,50,2503.631851
,-42.0,50,2505.361738
,-10.0,50,2507.160575
,-13.0,50,2507.433462
,-14.0,50,2507.716679
,-11.0,50,2507.997853
,-6.0,50,2508.283056
,-8.0,50,2508.553545
,-6.0,50,2508.839057
,-18.0,50,2509.112815
,-8.0,50,2509.375454
,0.0,50,2509.624357
,-50.0,50,2510.065468
,-14.0,50,2511.728261
,-28.0,50,2513.466208
,-6.0,50,2515.216728
,-27.0,50,2516.960142
,-30.0,50,2518.735614
,-44.0,50,2520.470582
,-8.0,50,2522.173056
,-21.0,50,2523.955584
,-32.0,50,2525.748024
,-13.0,50,2527.459904
,-42.0,50,2529.148544
,-50.0,50,2530.884166
,-12.0,50,2532.606908
,-13.0,50,2534.360197
,-38.0,50,2536.057279
,-33.0,50,2537.81297
,-42.0,50,2539.544724
,-49.0,50,2541.290786
,-5.0,50,2543.022771
,-50.0,50,2544.725114
,-47.0,50,2546.45725
,-11.0,50,2548.189618
,-20.0,50,2549.89307
,-50.0,50,2551.620488
,-50.0,50,2553.33464
,-34.0,50,2555.047447
,-50.0,50,2556.81275
,-19.0,50,2558.488854
,-19.0,50,2560.283737
,-8.0,50,2561.980541
,-17.0,50,2563.772113
,-20.0,50,2565.476327
,-50.0,50,2567.180276
,-10.0,50,2568.913715
,-47.0,50,2570.672023
,-50.0,50,2572.384505
,-16.0,50,2574.120774
,-40.0,50,2575.835516
,-14.0,50,2577.591891
,-12.0,50,2579.32604
,-33.0,50,2581.058337
,-7.0,50,2582.741996
,0.0,50,2584.523807
,-24.0,50,2586.207145
,-45.0,50,2588.009398
,-50.0,50,2589.71871
,-23.0,50,2591.446063
,-16.0,50,2593.176438
,-12.0,50,2594.900167
,-6.0,50,2596.689483
,-10.0,50,2596.959829
,-10.0,50,2597.255865
,-10.0,50,2597.569748
,-10.0,50,2597.865533
,-10.0,50,2598.147529
,-5.0,50,2598.432943
,-7.0,50,2598.735964
,-10.0,50,2599.040595
,-23.0,50,2599.344561
,-18.0,50,2599.67392
,-12.0,50,2601.342097
,-39.0,50,2603.080593
,-35.0,50,2604.896149
,-30.0,50,2606.581382
,-50.0,50,2608.320812
,-11.0,50,2610.103528
,-11.0,50,2611.858886
,-24.0,50,2613.565491
,-16.0,50,2615.312493
,-39.0,50,2617.026669
,-20.0,50,2618.766337
,-27.0,50,2620.508275
,-14.0,50,2622.260106
,-22.0,50,2623.960139
,-50.0,50,2625.766754
,-48.0,50,2627.492537
,-40.0,50,2629.169879
,-47.0,50,2630.93753
,-21.0,50,2632.7115
,-12.0,50,2634.402109
,-50.0,50,2636.202098
,-33.0,50,2637.902671
,-9.0,50,2639.682262
,-46.0,50,2641.415446
,-41.0,50,2643.217525
,-50.0,50,2644.965505
,-37.0,50,2646.671657
,-44.0,50,2648.410543
,-50.0,50,2650.144652
,-50.0,50,2651.946445
,-25.0,50,2653.66916
,-18.0,50,2655.406531
,-47.0,50,2657.132878
,-15.0,50,2658.900809
,-21.0,50,2660.649693
,-38.0,50,2662.398712
,0.0,50,2664.129583
,-5.0,50,2665.872862
,-26.0,50,2667.542765
,-43.0,50,2669.30311
,-22.0,50,2671.097204
,-6.0,50,2672.776619
,-50.0,50,2674.510822
,-21.0,50,2676.232072
,-18.0,50,2677.967643
,-41.0,50,2679.718113
,-50.0,50,2681.479202
,-44.0,50,2683.249866
,-26.0,50,2684.985425
,-15.0,50,2686.740806
,-11.0,50,2686.993053
,0.0,50,2687.245687
,-10.0,50,2687.548694
,-5.0,50,2687.819133
,-6.0,50,2688.125796
,-7.0,50,2688.402678
,-10.0,50,2688.689518
,-7.0,50,2688.972034
,-10.0,50,2689.239938
,-50.0,50,2689.777135
,-29.0,50,2691.483949
,-10.0,50,2693.265339
,-11.0,50,2694.973366
,-8.0,50,2696.758556
,-50.0,50,2698.47346
,-22.0,50,2700.184858
,-50.0,50,2701.91716
,-35.0,50,2703.681015
,-50.0,50,2705.396288
,-31.0,50,2707.149752
,0.0,50,2708.921705
,-13.0,50,2710.632335
,-18.0,50,2712.438372
,-19.0,50,2714.197436
,-50.0,50,2715.892802
,-50.0,50,2717.662636
,-50.0,50,2719.426904
,-18.0,50,2721.144887
,-25.0,50,2722.902373
,-18.0,50,2724.61583
,-46.0,50,2726.370709
,-10.0,50,2728.128952
,-9.0,50,2729.867613
,-16.0,50,2731.584472
,-11.0,50,2733.379007
,-10.0,50,2735.141652
,-50.0,50,2736.845986
,-18.0,50,2738.592507
,-28.0,50,2740.351306
,-13.0,50,2742.100923
,-6.0,50,2743.810821
,-14.0,50,2745.606524
,-36.0,50,2747.345957
,-48.0,50,2749.076054
,-25.0,50,2750.799487
,-47.0,50,2752.553949
,-48.0,50,2754.253481
,-42.0,50,2755.967552
,-39.0,50,2757.733819
,-33.0,50,2759.48333
,-44.0,50,2761.263964
,-50.0,50,2762.967288
,-50.0,50,2764.690831
,-21.0,50,2766.420728
,-15.0,50,2768.218159
,-32.0,50,2769.926509
,-11.0,50,2771.663254
,-48.0,50,2773.410104
,-45.0,50,2775.191843
,-40.0,50,2776.915404
,-45.0,50,2777.213171
,-3.0,50,2777.495395
,-12.0,50,2777.74935
,-7.0,50,2778.038244
,-8.0,50,2778.31417
,-15.0,50,2778.648264
,0.0,50,2778.901194
,-5.0,50,2779.200628
,-10.0,50,2779.5061
,-49.0,50,2779.89017
,-42.0,50,2781.626498
,-7.0,50,2783.363947
,-37.0,50,2785.078673
,-50.0,50,2786.835706
,-19.0,50,2788.589931
,-44.0,50,2790.286951
,-43.0,50,2792.065995
,-42.0,50,2793.797865
,-50.0,50,2795.533838
,-44.0,50,2797.293013
,-50.0,50,2799.025809
,-21.0,50,2800.771285
,-45.0,50,2802.541622
,-42.0,50,2804.255891
,-47.0,50,2806.011384
,-32.0,50,2807.739316
,-50.0,50,2809.472793
,-19.0,50,2811.238626
,-38.0,50,2812.981946
,-30.0,50,2814.702824
,-46.0,50,2816.457446
,-10.0,50,2818.249161
,-32.0,50,2819.956984
,-50.0,50,2821.681306
,-50.0,50,2823.449438
,-37.0,50,2825.176519
,-43.0,50,2826.946649
,-49.0,50,2828.704719
,-46.0,50,2830.388941
,-25.0,50,2832.127371
,-46.0,50,2833.874627
,-11.0,50,2835.629641
,-50.0,50,2837.33953
,-50.0,50,2839.069527
,-50.0,50,2840.779314
,-44.0,50,2842.529252
,-17.0,50,2844.302511
,-25.0,50,2846.043631
,-27.0,50,2847.784805
,-50.0,50,2849.552424
,-49.0,50,2851.231127
,-11.0,50,2853.029122
,0.0,50,2854.773442
,-16.0,50,2856.542172
,-11.0,50,2858.260579
,-41.0,50,2859.992064
,-35.0,50,2861.760344
,-34.0,50,2863.485535
,-24.0,50,2865.241965
,-5.0,50,2867.029295
,-5.0,50,2867.334531
,-14.0,50,2867.625689
,-7.0,50,2867.918255
,-45.0,50,2868.203256
,-11.0,50,2868.499467
,-13.0,50,2868.782723
,-8.0,50,2869.088241
,-14.0,50,2869.370879
,-7.0,50,2869.668362
,-36.0,50,2870.015206
,-47.0,50,2871.747826
,-50.0,50,2873.493981
,-45.0,50,2875.24507
,-25.0,50,2877.010627
,-17.0,50,2878.722944
,-47.0,50,2880.48434
,-10.0,50,2882.217493
,-24.0,50,2883.989995
,0.0,50,2885.710493
,-44.0,50,2887.523581
,-9.0,50,2889.265518
,-9.0,50,2891.007987
,-17.0,50,2892.771251
,-19.0,50,2894.545193
,-32.0,50,2896.320648
,-44.0,50,2898.06644
,-23.0,50,2899.815287
,-47.0,50,2901.567
,-34.0,50,2903.373809
,-31.0,50,2905.125664
,-45.0,50,2906.847628
,-44.0,50,2908.634338
,-21.0,50,2910.399863
,-15.0,50,2912.120701
,-37.0,50,2913.880547
,-18.0,50,2915.641945
,-17.0,50,2917.381385
,-42.0,50,2919.17307
,-50.0,50,2920.912916
,-50.0,50,2922.692472
,-14.0,50,2924.392949
,-20.0,50,2926.17497
,-31.0,50,2927.958315
,-45.0,50,2929.733161
,-30.0,50,2931.432991
,-22.0,50,2933.225644
,-37.0,50,2934.924694
,-50.0,50,2936.725248
,-20.0,50,2938.51151
,-19.0,50,2940.236863
,-10.0,50,2942.004912
,-35.0,50,2943.75469
,-43.0,50,2945.533401
,-40.0,50,2947.280189
,-13.0,50,2948.989196
,-21.0,50,2950.791166
,-50.0,50,2952.487713
,-16.0,50,2954.323988
,-13.0,50,2956.017895
,-8.0,50,2957.796958
,-11.0,50,2958.073854
,-11.0,50,2958.344055
,-12.0,50,2958.622678
,0.0,50,2958.890348
,-6.0,50,2959.166903
,0.0,50,2959.452739
,-5.0,50,2959.75059
,-13.0,50,2960.023031
,-8.0,50,2960.30676
,-41.0,50,2960.79628
,0.0,50,2962.569835
,-50.0,50,2964.297097
,-12.0,50,2966.026428
,-47.0,50,2967.84745
,-50.0,50,2969.540023
,-41.0,50,2971.335782
,-50.0,50,2973.101513
,-49.0,50,2974.82793
,-18.0,50,2976.588898
,-20.0,50,2978.328017
,-16.0,50,2980.187727
,-38.0,50,2981.900431
,-31.0,50,2983.630804
,-30.0,50,2985.406956
,-50.0,50,2987.1234
,-32.0,50,2988.906533
,-50.0,50,2990.635261
,-13.0,50,2992.364758
,-9.0,50,2994.220937
,-17.0,50,2995.908192
,-50.0,50,2997.704357
,0.0,50,2999.47375
,-10.0,50,3001.20532
,-8.0,50,3002.958508
,-2.0,50,3004.705551
,-50.0,50,3006.466116
,-50.0,50,3008.197627
,-47.0,50,3009.930007
,-50.0,50,3011.70961
,-43.0,50,3013.466566
,-27.0,50,3015.160509
,-50.0,50,3016.959231
,-26.0,50,3018.658536
,-50.0,50,3020.478091
,-44.0,50,3022.17784
,-50.0,50,3023.941801
,-48.0,50,3025.748545
,-20.0,50,3027.527018
,-14.0,50,3029.296577
,-40.0,50,3031.005214
,-19.0,50,3032.766432
,-39.0,50,3034.54092
,-7.0,50,3036.257195
,-40.0,50,3037.999593
,-13.0,50,3039.753438
,-35.0,50,3041.53613
,-39.0,50,3043.276575
,-50.0,50,3045.016443
,-36.0,50,3046.744312
,-3.0,50,3048.5378
,0.0,50,3048.802079
,-9.0,50,3049.078524
,-9.0,50,3049.346789
,-12.0,50,3049.656243
,-8.0,50,3049.935601
,0.0,50,3050.188597
,-10.0,50,3050.481774
,-10.0,50,3050.802961
,-13.0,50,3051.091685
,-50.0,50,3051.578629
,-14.0,50,3053.303537
,-11.0,50,3055.036084
,-25.0,50,3056.786962
,-49.0,50,3058.546057
,-38.0,50,3060.308182
,-12.0,50,3062.097713
,-33.0,50,3063.836978
,-8.0,50,3065.591685
,-17.0,50,3067.321271
,-39.0,50,3069.119914
,-37.0,50,3070.871287
,-50.0,50,3072.61973
,-18.0,50,3074.388496
,-22.0,50,3076.110641
,-47.0,50,3077.891573
,-45.0,50,3079.626163
,-50.0,50,3081.467801
,-40.0,50,3083.193354
,-28.0,50,3084.928024
,-23.0,50,3086.666805
,-36.0,50,3088.440382
,-50.0,50,3090.195512
,-25.0,50,3091.947361
,-48.0,50,3093.708851
,-13.0,50,3095.447763
,-20.0,50,3097.292181
,-50.0,50,3098.981946
,-50.0,50,3100.752717
,-33.0,50,3102.554873
,-7.0,50,3104.293268
,-41.0,50,3106.069008
,-50.0,50,3107.755173
,-50.0,50,3109.555741
,-41.0,50,3111.338156
,-9.0,50,3113.050916
,-9.0,50,3114.842763
,-44.0,50,3116.615974
,-50.0,50,3118.410269
,-50.0,50,3120.131168
,-23.0,50,3121.892888
,-39.0,50,3123.689084
,-41.0,50,3125.430116
,-39.0,50,3127.124365
,-43.0,50,3128.946279
,-3.0,50,3130.642329
,-16.0,50,3132.411468
,-50.0,50,3134.175735
,-50.0,50,3135.967049
,-50.0,50,3137.682537
,-7.0,50,3139.524535
,-7.0,50,3139.843136
,-10.0,50,3140.126862
,-9.0,50,3140.408887
,-6.0,50,3140.668551
,-13.0,50,3140.980546
,-3.0,50,3141.269424
,-44.0,50,3141.573654
,-8.0,50,3141.871838
,-9.0,50,3142.096028
,-42.0,50,3142.367991
,-48.0,50,3144.158809
,0.0,50,3145.844868
,-38.0,50,3147.636343
,-32.0,50,3149.421259
,-6.0,50,3151.157403
,-4.0,50,3152.973593
,-48.0,50,3154.723174
,-25.0,50,3156.482366
,-50.0,50,3158.262797
,-34.0,50,3159.995483
,-34.0,50,3161.734803
,-24.0,50,3163.491736
,-45.0,50,3165.254075
,-5.0,50,3167.037111
,-17.0,50,3168.78434
,-48.0,50,3170.585785
,-30.0,50,3172.311225
,-34.0,50,3174.057786
,-27.0,50,3175.830643
,-6.0,50,3177.580309
,-22.0,50,3179.397187
,-50.0,50,3181.11188
,-48.0,50,3182.892309
,0.0,50,3184.626043
,-10.0,50,3186.394587
,-12.0,50,3188.16488
,-17.0,50,3189.91224
,-25.0,50,3191.757895
,-50.0,50,3193.459178
,-37.0,50,3195.188697
,-32.0,50,3196.973622
,-50.0,50,3198.729257
,-50.0,50,3200.45003
,-50.0,50,3202.187889
,-16.0,50,3203.945472
,-17.0,50,3205.715098
,-16.0,50,3207.476596
,-32.0,50,3209.26651
,-44.0,50,3211.022999
,-50.0,50,3212.812414
,-45.0,50,3214.621266
,-38.0,50,3216.379559
,-47.0,50,3218.120473
,-12.0,50,3219.857913
,-20.0,50,3221.642181
,-47.0,50,3223.406507
,-13.0,50,3225.11938
,-21.0,50,3226.93771
,-20.0,50,3228.722971
,-5.0,50,3230.464562
,-5.0,50,3230.737216
,-9.0,50,3231.031225
,-6.0,50,3231.306445
,-8.0,50,3231.577313
,-12.0,50,3231.917784
,-44.0,50,3232.2408
,-8.0,50,3232.553307
,-7.0,50,3232.829188
,-13.0,50,3233.078182
,-9.0,50,3233.431565
,-7.0,50,3235.126828
,-19.0,50,3236.919114
,-19.0,50,3238.657124
,-41.0,50,3240.402926
,-50.0,50,3242.22984
,-50.0,50,3243.959733
,-50.0,50,3245.720748
,-35.0,50,3247.493912
,-48.0,50,3249.282259
,-28.0,50,3251.037439
,-9.0,50,3252.809939
,-8.0,50,3254.650033
,-15.0,50,3256.386595
,-17.0,50,3258.120944
,-9.0,50,3259.874431
,-50.0,50,3261.612755
,-37.0,50,3263.383381
,-43.0,50,3265.186434
,-25.0,50,3266.937009
,-9.0,50,3268.646796
,-28.0,50,3270.412758
,-37.0,50,3272.159134
,0.0,50,3273.924653
,-13.0,50,3275.711029
,-50.0,50,3277.488662
,-43.0,50,3279.190152
,-33.0,50,3280.961848
,-50.0,50,3282.761576
,-41.0,50,3284.552279
,-43.0,50,3286.283742
,-50.0,50,3288.083248
,-44.0,50,3289.818123
,-8.0,50,3291.570527
,-49.0,50,3293.37462
,-50.0,50,3295.151955
,-50.0,50,3296.897839
,-50.0,50,3298.67022
,-42.0,50,3300.476906
,-24.0,50,3302.191717
,-17.0,50,3304.00909
,-46.0,50,3305.772095
,-50.0,50,3307.5
,-19.0,50,3309.333613
,-50.0,50,3311.144379
,-50.0,50,3312.936734
,-9.0,50,3314.684315
,-25.0,50,3316.439044
,-50.0,50,3318.205949
,-50.0,50,3320.0238
,-12.0,50,3321.766452
,-6.0,50,3322.068006
,-11.0,50,3322.353146
,-10.0,50,3322.649109
,-12.0,50,3322.938496
,-8.0,50,3323.205727
,-10.0,50,3323.493317
,-8.0,50,3323.757717
,-11.0,50,3324.033556
,-5.0,50,3324.347307
,-37.0,50,3324.717
,-7.0,50,3326.500541
,-10.0,50,3328.25583
,-50.0,50,3330.06712
,-12.0,50,3331.778115
,-50.0,50,3333.534318
,-50.0,50,3335.328954
,-10.0,50,3337.074325
,-35.0,50,3338.950834
,-48.0,50,3340.647605
,-50.0,50,3342.392945
,-13.0,50,3344.175094
,-50.0,50,3345.970271
,-8.0,50,3347.735742
,-46.0,50,3349.503919
,-24.0,50,3351.325566
,-14.0,50,3353.066279
,-14.0,50,3354.848239
,-37.0,50,3356.577333
,-8.0,50,3358.345387
,-9.0,50,3360.180962
,-48.0,50,3361.942224
,-50.0,50,3363.701259
,-40.0,50,3365.514485
,-50.0,50,3367.287815
,-50.0,50,3369.016492
,-48.0,50,3370.817196
,-21.0,50,3372.590041
,-35.0,50,3374.353028
,-42.0,50,3376.172843
,-28.0,50,3377.975672
,-45.0,50,3379.715557
,-15.0,50,3381.510304
,-31.0,50,3383.293962
,-16.0,50,3385.05626
,-50.0,50,3386.804178
,-50.0,50,3388.55931
,-34.0,50,3390.305984
,-41.0,50,3392.126722
,0.0,50,3393.852125
,-15.0,50,3395.629351
,-37.0,50,3397.44259
,-24.0,50,3399.171268
,-24.0,50,3400.949545
,-46.0,50,3402.67555
,-25.0,50,3404.48472
,-33.0,50,3406.242215
,-20.0,50,3408.025892
,-22.0,50,3409.805742
,-34.0,50,3411.628882
,0.0,50,3413.410306
,-9.0,50,3413.685041
,-6.0,50,3413.947852
,-7.0,50,3414.249512
,-10.0,50,3414.531058
,0.0,50,3414.800403
,-5.0,50,3415.108249
,-4.0,50,3415.403909
,-44.0,50,3415.733431
,-9.0,50,3416.017102
,-36.0,50,3416.313832
,-17.0,50,3418.079392
,-19.0,50,3419.869725
,-15.0,50,3421.61167
,-50.0,50,3423.390799
,-16.0,50,3425.192567
,-50.0,50,3426.951117
,-10.0,50,3428.713886
,-18.0,50,3430.49462
,-48.0,50,3432.326402
,-31.0,50,3434.093504
,-40.0,50,3435.822052
,-27.0,50,3437.61156
,-9.0,50,3439.444843
,-38.0,50,3441.184556
,-13.0,50,3442.970828
,-50.0,50,3444.760951
,-50.0,50,3446.532517
,-50.0,50,3448.311991
,-25.0,50,3450.11875
,-43.0,50,3451.899624
,-11.0,50,3453.618475
,-14.0,50,3455.454148
,-50.0,50,3457.17535
,-15.0,50,3458.977495
,-22.0,50,3460.788066
,-15.0,50,3462.561757
,-44.0,50,3464.310341
,-28.0,50,3466.12628
,-12.0,50,3467.874704
,-14.0,50,3469.66791
,-10.0,50,3471.455944
,-18.0,50,3473.225341
,-28.0,50,3475.045743
,-20.0,50,3476.763792
,-28.0,50,3478.538411
,-45.0,50,3480.301003
,-50.0,50,3482.101845
,-34.0,50,3483.867613
,-48.0,50,3485.651117
,-50.0,50,3487.454616
,-14.0,50,3489.265134
,-39.0,50,3490.986142
,-15.0,50,3492.747728
,-7.0,50,3494.505308
,-30.0,50,3496.272474
,-35.0,50,3498.048932
,-42.0,50,3499.804607
,-50.0,50,3501.642732
,-46.0,50,3503.397446
,-9.0,50,3505.158454
,-7.0,50,3505.439276
,-17.0,50,3505.734358
,-8.0,50,3506.00459
,-6.0,50,3506.327482
,-7.0,50,3506.588603
,-13.0,50,3506.876135
,-6.0,50,3507.180346
,-3.0,50,3507.460388
,-8.0,50,3507.734698
